time,open,high,low,close,volume,symbol
2010-01-04,66.0,66.5,65.91999816894531,66.22000122070312,1575000,BRK-B
2010-01-05,66.38999938964844,66.58999633789062,66.1500015258789,66.54000091552734,1310000,BRK-B
2010-01-06,66.5,66.5,66.19999694824219,66.19999694824219,1760000,BRK-B
2010-01-07,66.19999694824219,66.51000213623047,66.13999938964844,66.45999908447266,1505000,BRK-B
2010-01-08,66.4800033569336,66.4800033569336,66.30000305175781,66.44000244140625,1500000,BRK-B
2010-01-11,66.63999938964844,66.87000274658203,66.16000366210938,66.5,2620000,BRK-B
2010-01-12,66.22000122070312,66.54000091552734,66.0,66.0,1740000,BRK-B
2010-01-13,66.22000122070312,66.45999908447266,65.98999786376953,66.0,1535000,BRK-B
2010-01-14,66.19999694824219,66.19999694824219,65.8499984741211,65.95999908447266,1325000,BRK-B
2010-01-15,66.30000305175781,66.30000305175781,64.72000122070312,64.94000244140625,2570000,BRK-B
2010-01-19,65.5199966430664,66.76000213623047,65.25,66.63999938964844,5535000,BRK-B
2010-01-20,67.5199966430664,70.05000305175781,66.80000305175781,69.5199966430664,12475000,BRK-B
2010-01-21,71.12999725341797,73.43000030517578,70.51000213623047,72.72000122070312,14497200,BRK-B
2010-01-22,72.9000015258789,73.2699966430664,69.36000061035156,70.0999984741211,8783200,BRK-B
2010-01-25,71.4800033569336,71.7699966430664,68.22000122070312,68.83999633789062,6568600,BRK-B
2010-01-26,69.33000183105469,69.68000030517578,67.87000274658203,68.0,5233900,BRK-B
2010-01-27,73.27999877929688,73.27999877929688,69.91000366210938,71.36000061035156,19886200,BRK-B
2010-01-28,71.94000244140625,73.98999786376953,71.79000091552734,73.75,14114100,BRK-B
2010-01-29,74.55000305175781,77.79000091552734,74.41999816894531,76.43000030517578,17297400,BRK-B
2010-02-01,77.79000091552734,78.0,74.62000274658203,75.41000366210938,13131500,BRK-B
2010-02-02,75.69999694824219,76.16999816894531,74.91000366210938,75.51000213623047,7978500,BRK-B
2010-02-03,75.43000030517578,75.51000213623047,74.1500015258789,74.36000061035156,7204000,BRK-B
2010-02-04,73.80000305175781,73.80000305175781,72.05000305175781,72.61000061035156,11190200,BRK-B
2010-02-05,72.25,73.69000244140625,71.61000061035156,73.56999969482422,11737900,BRK-B
2010-02-08,73.98999786376953,74.5,72.93000030517578,74.2300033569336,11992500,BRK-B
2010-02-09,74.72000122070312,74.72000122070312,73.9000015258789,74.52999877929688,13563700,BRK-B
2010-02-10,74.54000091552734,74.58999633789062,74.25,74.41999816894531,13792400,BRK-B
2010-02-11,74.5,76.80000305175781,74.1500015258789,76.69000244140625,23040200,BRK-B
2010-02-12,77.1500015258789,77.86000061035156,74.56999969482422,76.9000015258789,316134200,BRK-B
2010-02-16,75.87999725341797,76.16000366210938,75.6500015258789,76.05000305175781,25006300,BRK-B
2010-02-17,76.33999633789062,76.41000366210938,75.44000244140625,76.25,11576500,BRK-B
2010-02-18,76.19000244140625,76.69999694824219,75.86000061035156,76.63999938964844,9288300,BRK-B
2010-02-19,76.62000274658203,79.3499984741211,76.5,78.73999786376953,24692700,BRK-B
2010-02-22,79.27999877929688,80.08999633789062,78.31999969482422,79.55999755859375,16954300,BRK-B
2010-02-23,79.30000305175781,80.05999755859375,78.9800033569336,79.1500015258789,14902000,BRK-B
2010-02-24,79.54000091552734,80.0,78.80999755859375,79.68000030517578,12045300,BRK-B
2010-02-25,79.0199966430664,79.4000015258789,78.62999725341797,79.4000015258789,10176000,BRK-B
2010-02-26,79.66999816894531,80.18000030517578,79.0999984741211,80.12999725341797,10651200,BRK-B
2010-03-01,79.98999786376953,81.94000244140625,79.13999938964844,81.91000366210938,16667500,BRK-B
2010-03-02,82.29000091552734,82.7300033569336,80.75,80.7699966430664,15162600,BRK-B
2010-03-03,81.36000061035156,83.1500015258789,80.75,82.94999694824219,11875100,BRK-B
2010-03-04,83.0999984741211,83.33000183105469,82.41999816894531,82.68000030517578,8268300,BRK-B
2010-03-05,83.20999908447266,83.4000015258789,82.81999969482422,83.36000061035156,8266900,BRK-B
2010-03-08,83.56999969482422,83.56999969482422,82.6500015258789,82.79000091552734,7878900,BRK-B
2010-03-09,82.6500015258789,82.72000122070312,82.0199966430664,82.47000122070312,6188600,BRK-B
2010-03-10,82.54000091552734,82.83999633789062,81.6500015258789,82.06999969482422,5880700,BRK-B
2010-03-11,81.73999786376953,82.38999938964844,81.41000366210938,82.36000061035156,5527200,BRK-B
2010-03-12,82.62999725341797,82.8499984741211,81.69000244140625,82.23999786376953,4731100,BRK-B
2010-03-15,82.22000122070312,82.5,81.81999969482422,82.16999816894531,4740400,BRK-B
2010-03-16,82.27999877929688,82.51000213623047,81.73999786376953,82.30000305175781,4542100,BRK-B
2010-03-17,82.48999786376953,82.63999938964844,82.01000213623047,82.5,4365200,BRK-B
2010-03-18,82.5,82.55000305175781,82.0,82.3499984741211,3732600,BRK-B
2010-03-19,82.05999755859375,82.9800033569336,81.80000305175781,82.05999755859375,9720100,BRK-B
2010-03-22,81.55000305175781,82.37999725341797,81.19999694824219,82.37000274658203,4107700,BRK-B
2010-03-23,82.44999694824219,82.44999694824219,81.69999694824219,82.33000183105469,5008000,BRK-B
2010-03-24,81.95999908447266,82.0,81.0,81.44000244140625,5773000,BRK-B
2010-03-25,81.66999816894531,82.27999877929688,81.36000061035156,81.69999694824219,5460900,BRK-B
2010-03-26,81.68000030517578,82.1500015258789,80.94999694824219,81.30000305175781,4816000,BRK-B
2010-03-29,81.54000091552734,81.95999908447266,81.54000091552734,81.75,3579300,BRK-B
2010-03-30,81.54000091552734,81.81999969482422,81.43000030517578,81.5999984741211,3618900,BRK-B
2010-03-31,81.19999694824219,81.48999786376953,80.80999755859375,81.2699966430664,4307500,BRK-B
2010-04-01,81.5999984741211,81.94999694824219,81.02999877929688,81.6500015258789,3213500,BRK-B
2010-04-05,81.91999816894531,81.94999694824219,81.0,81.16000366210938,3601600,BRK-B
2010-04-06,81.0,81.0199966430664,80.5199966430664,80.91000366210938,3238300,BRK-B
2010-04-07,80.80999755859375,80.83999633789062,79.51000213623047,79.94999694824219,5196900,BRK-B
2010-04-08,79.44999694824219,79.73999786376953,79.11000061035156,79.68000030517578,3972300,BRK-B
2010-04-09,79.81999969482422,80.55000305175781,79.51000213623047,80.48999786376953,3130900,BRK-B
2010-04-12,80.80000305175781,81.08999633789062,80.12999725341797,80.4800033569336,2341600,BRK-B
2010-04-13,80.20999908447266,80.69000244140625,79.69999694824219,80.44999694824219,3071800,BRK-B
2010-04-14,80.55999755859375,81.05000305175781,80.2699966430664,80.88999938964844,3267400,BRK-B
2010-04-15,80.77999877929688,80.80000305175781,79.80000305175781,80.06999969482422,3912500,BRK-B
2010-04-16,79.8499984741211,80.2300033569336,75.5199966430664,78.72000122070312,12106000,BRK-B
2010-04-19,78.16999816894531,79.58999633789062,77.58000183105469,79.4800033569336,5146500,BRK-B
2010-04-20,79.87000274658203,80.12000274658203,79.31999969482422,80.01000213623047,3447100,BRK-B
2010-04-21,80.19999694824219,80.19999694824219,78.11000061035156,78.87000274658203,3983400,BRK-B
2010-04-22,78.25,78.8499984741211,77.3499984741211,78.68000030517578,4402000,BRK-B
2010-04-23,78.55999755859375,79.08999633789062,77.94999694824219,78.94999694824219,3868800,BRK-B
2010-04-26,78.98999786376953,79.66999816894531,78.94999694824219,79.23999786376953,4657400,BRK-B
2010-04-27,78.31999969482422,78.66999816894531,76.56999969482422,76.69000244140625,6036900,BRK-B
2010-04-28,77.0,77.68000030517578,76.9000015258789,77.16999816894531,4355700,BRK-B
2010-04-29,77.70999908447266,78.13999938964844,77.63999938964844,78.08999633789062,4334900,BRK-B
2010-04-30,77.9000015258789,78.45999908447266,77.0,77.0,4841900,BRK-B
2010-05-03,77.69999694824219,78.62000274658203,77.45999908447266,78.44000244140625,4280300,BRK-B
2010-05-04,78.05000305175781,78.05000305175781,76.29000091552734,76.61000061035156,4662400,BRK-B
2010-05-05,75.80000305175781,76.9800033569336,75.51000213623047,76.69999694824219,4785100,BRK-B
2010-05-06,76.41000366210938,77.25,71.5,74.58999633789062,10384300,BRK-B
2010-05-07,74.25,75.8499984741211,72.7300033569336,74.41000366210938,9018300,BRK-B
2010-05-10,77.06999969482422,78.30000305175781,76.62999725341797,78.2300033569336,7535300,BRK-B
2010-05-11,77.43000030517578,78.80000305175781,76.86000061035156,77.61000061035156,4919200,BRK-B
2010-05-12,77.69000244140625,78.55000305175781,77.20999908447266,78.0,3611600,BRK-B
2010-05-13,77.88999938964844,78.0999984741211,77.16999816894531,77.2699966430664,3429100,BRK-B
2010-05-14,77.1500015258789,77.20999908447266,75.30999755859375,76.2300033569336,5366600,BRK-B
2010-05-17,76.05999755859375,76.52999877929688,75.0199966430664,76.30999755859375,3707100,BRK-B
2010-05-18,76.36000061035156,77.36000061035156,75.25,75.47000122070312,4386500,BRK-B
2010-05-19,75.05000305175781,76.30000305175781,74.26000213623047,75.83000183105469,4675600,BRK-B
2010-05-20,74.4000015258789,74.61000061035156,72.25,72.27999877929688,7728800,BRK-B
2010-05-21,71.13999938964844,73.25,70.0,73.01000213623047,10920900,BRK-B
2010-05-24,72.30999755859375,72.52999877929688,70.69999694824219,70.77999877929688,5304400,BRK-B
2010-05-25,69.88999938964844,70.87000274658203,68.4800033569336,70.7300033569336,8409000,BRK-B
2010-05-26,71.4800033569336,71.4800033569336,70.16000366210938,70.31999969482422,5414900,BRK-B
2010-05-27,71.08999633789062,73.41999816894531,71.08999633789062,73.3499984741211,6530400,BRK-B
2010-05-28,72.4000015258789,72.73999786376953,70.55000305175781,70.55000305175781,7820800,BRK-B
2010-06-01,70.05000305175781,71.94000244140625,69.94999694824219,70.26000213623047,5382500,BRK-B
2010-06-02,70.51000213623047,72.33000183105469,70.16999816894531,72.25,4913800,BRK-B
2010-06-03,72.4000015258789,72.6500015258789,71.30000305175781,72.33999633789062,4122900,BRK-B
2010-06-04,70.91000366210938,71.25,69.77999877929688,70.19000244140625,7387000,BRK-B
2010-06-07,70.29000091552734,70.9800033569336,69.80000305175781,70.04000091552734,5457600,BRK-B
2010-06-08,70.19999694824219,72.86000061035156,69.61000061035156,72.63999938964844,6710600,BRK-B
2010-06-09,72.87000274658203,73.56999969482422,71.36000061035156,71.80999755859375,5909800,BRK-B
2010-06-10,72.30999755859375,74.19999694824219,72.30000305175781,74.0999984741211,6174000,BRK-B
2010-06-11,73.5999984741211,74.7300033569336,73.25,74.41000366210938,4812900,BRK-B
2010-06-14,74.87000274658203,75.7699966430664,74.58999633789062,74.91999816894531,5646100,BRK-B
2010-06-15,75.33000183105469,77.31999969482422,74.80000305175781,77.25,7254300,BRK-B
2010-06-16,76.86000061035156,77.54000091552734,76.48999786376953,77.51000213623047,4848700,BRK-B
2010-06-17,77.72000122070312,79.30000305175781,77.55999755859375,79.2300033569336,9075300,BRK-B
2010-06-18,79.44999694824219,79.9800033569336,79.16000366210938,79.93000030517578,13211800,BRK-B
2010-06-21,80.0999984741211,80.44999694824219,79.1500015258789,79.80999755859375,8377700,BRK-B
2010-06-22,79.54000091552734,80.31999969482422,79.11000061035156,79.52999877929688,9059300,BRK-B
2010-06-23,79.44999694824219,79.88999938964844,77.80999755859375,79.13999938964844,7180800,BRK-B
2010-06-24,78.87000274658203,79.75,78.0,78.86000061035156,10153600,BRK-B
2010-06-25,79.3499984741211,81.9000015258789,79.25,81.9000015258789,109267000,BRK-B
2010-06-28,81.26000213623047,81.36000061035156,80.88999938964844,81.0199966430664,17628400,BRK-B
2010-06-29,80.30000305175781,81.41999816894531,79.55000305175781,80.02999877929688,19427200,BRK-B
2010-06-30,79.80000305175781,80.77999877929688,79.37999725341797,79.69000244140625,10967500,BRK-B
2010-07-01,79.55999755859375,79.66999816894531,77.93000030517578,78.80999755859375,11930900,BRK-B
2010-07-02,79.05000305175781,79.47000122070312,76.66999816894531,77.23999786376953,9319900,BRK-B
2010-07-06,77.5999984741211,78.9000015258789,76.72000122070312,77.56999969482422,8676000,BRK-B
2010-07-07,77.76000213623047,79.98999786376953,77.16000366210938,79.91999816894531,9977300,BRK-B
2010-07-08,79.61000061035156,79.91999816894531,78.7300033569336,79.41000366210938,8430600,BRK-B
2010-07-09,79.2699966430664,79.8499984741211,78.88999938964844,79.75,5558700,BRK-B
2010-07-12,79.56999969482422,79.80000305175781,78.66000366210938,79.47000122070312,5076900,BRK-B
2010-07-13,79.75,80.2300033569336,79.0999984741211,79.86000061035156,9216600,BRK-B
2010-07-14,79.91999816894531,79.91999816894531,79.05000305175781,79.3499984741211,6486000,BRK-B
2010-07-15,79.48999786376953,79.98999786376953,78.47000122070312,79.70999908447266,6454400,BRK-B
2010-07-16,79.30000305175781,79.43000030517578,77.0,77.0999984741211,9286400,BRK-B
2010-07-19,77.37000274658203,77.8499984741211,76.44000244140625,77.30999755859375,4895600,BRK-B
2010-07-20,76.4000015258789,78.5,76.30000305175781,78.23999786376953,5254200,BRK-B
2010-07-21,78.5199966430664,78.69999694824219,76.20999908447266,76.62999725341797,5781900,BRK-B
2010-07-22,77.4800033569336,78.45999908447266,77.25,78.3499984741211,6352900,BRK-B
2010-07-23,78.20999908447266,78.93000030517578,77.81999969482422,78.70999908447266,5414300,BRK-B
2010-07-26,78.73999786376953,79.43000030517578,78.27999877929688,78.72000122070312,6045700,BRK-B
2010-07-27,78.9000015258789,78.9800033569336,78.30000305175781,78.51000213623047,4993800,BRK-B
2010-07-28,78.31999969482422,78.73999786376953,77.55000305175781,77.81999969482422,3447100,BRK-B
2010-07-29,78.47000122070312,78.79000091552734,77.25,78.04000091552734,5098200,BRK-B
2010-07-30,77.29000091552734,78.44000244140625,77.29000091552734,78.12000274658203,4680600,BRK-B
2010-08-02,78.77999877929688,79.9800033569336,78.55999755859375,79.91999816894531,6292400,BRK-B
2010-08-03,79.83999633789062,80.08000183105469,79.56999969482422,79.83000183105469,4860100,BRK-B
2010-08-04,79.98999786376953,80.8499984741211,79.80000305175781,80.76000213623047,5380700,BRK-B
2010-08-05,80.19999694824219,80.87000274658203,79.88999938964844,80.83000183105469,3805400,BRK-B
2010-08-06,80.19000244140625,80.73999786376953,78.80999755859375,80.47000122070312,5508700,BRK-B
2010-08-09,80.83000183105469,80.9000015258789,79.83999633789062,80.69999694824219,3697100,BRK-B
2010-08-10,79.95999908447266,80.44000244140625,79.08000183105469,79.7300033569336,3296300,BRK-B
2010-08-11,78.91999816894531,79.0,77.41000366210938,77.5,6150200,BRK-B
2010-08-12,77.0,77.48999786376953,76.63999938964844,77.0199966430664,4136200,BRK-B
2010-08-13,76.91999816894531,77.55999755859375,76.73999786376953,76.77999877929688,3248400,BRK-B
2010-08-16,76.5,77.25,76.04000091552734,76.83999633789062,2949400,BRK-B
2010-08-17,77.47000122070312,78.19000244140625,77.0,77.52999877929688,4116300,BRK-B
2010-08-18,77.69999694824219,79.4800033569336,77.44000244140625,78.79000091552734,6553500,BRK-B
2010-08-19,78.52999877929688,78.6500015258789,77.36000061035156,77.54000091552734,5691300,BRK-B
2010-08-20,76.8499984741211,78.1500015258789,76.8499984741211,77.7300033569336,5400500,BRK-B
2010-08-23,77.87999725341797,78.05000305175781,77.20999908447266,77.2300033569336,2999000,BRK-B
2010-08-24,76.4000015258789,77.51000213623047,76.31999969482422,76.58000183105469,5319000,BRK-B
2010-08-25,76.23999786376953,77.04000091552734,75.62000274658203,76.80000305175781,5902400,BRK-B
2010-08-26,77.11000061035156,77.20999908447266,76.0,76.37000274658203,4489300,BRK-B
2010-08-27,76.86000061035156,78.77999877929688,76.66999816894531,78.77999877929688,7285800,BRK-B
2010-08-30,78.22000122070312,79.0,77.87000274658203,77.9000015258789,6012900,BRK-B
2010-08-31,77.80999755859375,79.02999877929688,77.4800033569336,78.77999877929688,16303700,BRK-B
2010-09-01,79.30000305175781,80.9800033569336,78.98999786376953,80.91000366210938,11057000,BRK-B
2010-09-02,80.76000213623047,81.36000061035156,80.22000122070312,81.19000244140625,7215600,BRK-B
2010-09-03,81.37000274658203,81.6500015258789,80.44000244140625,81.61000061035156,6615400,BRK-B
2010-09-07,80.88999938964844,81.5199966430664,80.70999908447266,80.79000091552734,5113100,BRK-B
2010-09-08,81.13999938964844,81.75,81.08999633789062,81.69000244140625,4799300,BRK-B
2010-09-09,81.9800033569336,82.43000030517578,81.6500015258789,82.30999755859375,5223600,BRK-B
2010-09-10,82.16999816894531,82.72000122070312,82.05999755859375,82.72000122070312,3964000,BRK-B
2010-09-13,82.9800033569336,83.37000274658203,82.73999786376953,83.33999633789062,6474400,BRK-B
2010-09-14,83.26000213623047,83.58000183105469,82.9000015258789,83.05000305175781,5468500,BRK-B
2010-09-15,82.9800033569336,83.54000091552734,82.33999633789062,83.4800033569336,4437200,BRK-B
2010-09-16,83.41999816894531,83.54000091552734,82.93000030517578,83.54000091552734,4365700,BRK-B
2010-09-17,83.8499984741211,84.1500015258789,82.72000122070312,82.72000122070312,18493800,BRK-B
2010-09-20,82.83999633789062,83.69999694824219,82.81999969482422,83.51000213623047,6108800,BRK-B
2010-09-21,83.48999786376953,83.83000183105469,82.81999969482422,83.08999633789062,5318500,BRK-B
2010-09-22,83.18000030517578,83.4800033569336,82.36000061035156,82.41999816894531,4491200,BRK-B
2010-09-23,82.05999755859375,82.76000213623047,80.9800033569336,81.23999786376953,4570400,BRK-B
2010-09-24,82.08999633789062,85.86000061035156,82.0,83.31999969482422,16046900,BRK-B
2010-09-27,83.5999984741211,83.87000274658203,82.80000305175781,82.87000274658203,5761600,BRK-B
2010-09-28,82.8499984741211,83.38999938964844,82.11000061035156,83.06999969482422,4616500,BRK-B
2010-09-29,82.66000366210938,83.33000183105469,82.19999694824219,82.44000244140625,4469500,BRK-B
2010-09-30,82.83000183105469,83.7699966430664,82.51000213623047,82.68000030517578,4908500,BRK-B
2010-10-01,83.30000305175781,83.4800033569336,82.33000183105469,82.70999908447266,4519800,BRK-B
2010-10-04,82.41000366210938,82.8499984741211,81.4800033569336,82.11000061035156,3858400,BRK-B
2010-10-05,82.58999633789062,83.7300033569336,81.75,83.43000030517578,7290300,BRK-B
2010-10-06,83.26000213623047,83.54000091552734,82.81999969482422,83.54000091552734,3359400,BRK-B
2010-10-07,83.83000183105469,83.8499984741211,82.58000183105469,83.16999816894531,3371200,BRK-B
2010-10-08,83.41000366210938,83.41999816894531,82.62999725341797,83.16000366210938,3493900,BRK-B
2010-10-11,83.05000305175781,83.30000305175781,82.58000183105469,82.94999694824219,1957700,BRK-B
2010-10-12,82.63999938964844,83.3499984741211,82.30000305175781,83.30000305175781,3500300,BRK-B
2010-10-13,83.5199966430664,83.87000274658203,83.20999908447266,83.66000366210938,5060000,BRK-B
2010-10-14,83.79000091552734,84.44999694824219,83.19000244140625,83.61000061035156,5265000,BRK-B
2010-10-15,84.11000061035156,84.25,82.97000122070312,83.37000274658203,5856100,BRK-B
2010-10-18,83.22000122070312,84.0,83.11000061035156,83.5,3830200,BRK-B
2010-10-19,82.91000366210938,83.43000030517578,82.01000213623047,82.36000061035156,4953400,BRK-B
2010-10-20,82.55000305175781,83.23999786376953,82.25,82.91999816894531,4309200,BRK-B
2010-10-21,82.83000183105469,83.4800033569336,82.5,83.01000213623047,4053600,BRK-B
2010-10-22,83.06999969482422,83.43000030517578,82.58000183105469,83.33999633789062,2683400,BRK-B
2010-10-25,83.5199966430664,84.0,83.27999877929688,83.33000183105469,3548600,BRK-B
2010-10-26,83.0,83.11000061035156,81.25,82.22000122070312,5239300,BRK-B
2010-10-27,81.66999816894531,81.72000122070312,80.12999725341797,80.55000305175781,5959600,BRK-B
2010-10-28,81.08000183105469,81.0999984741211,80.06999969482422,80.0999984741211,4381200,BRK-B
2010-10-29,80.04000091552734,80.18000030517578,78.72000122070312,79.55999755859375,6112400,BRK-B
2010-11-01,79.76000213623047,81.30999755859375,79.58000183105469,79.9000015258789,4332700,BRK-B
2010-11-02,80.31999969482422,80.61000061035156,80.0,80.41999816894531,3800900,BRK-B
2010-11-03,80.79000091552734,81.5,80.23999786376953,81.2699966430664,4396400,BRK-B
2010-11-04,82.1500015258789,83.08999633789062,81.69000244140625,82.95999908447266,7622800,BRK-B
2010-11-05,82.63999938964844,83.80000305175781,82.45999908447266,83.72000122070312,6006200,BRK-B
2010-11-08,83.05000305175781,83.2699966430664,81.88999938964844,82.31999969482422,4947300,BRK-B
2010-11-09,82.2699966430664,82.41000366210938,80.5999984741211,80.8499984741211,5320300,BRK-B
2010-11-10,80.63999938964844,82.16999816894531,80.63999938964844,81.93000030517578,5661100,BRK-B
2010-11-11,81.30000305175781,81.5999984741211,80.9000015258789,81.12999725341797,2957100,BRK-B
2010-11-12,80.94999694824219,80.95999908447266,80.16000366210938,80.25,3351400,BRK-B
2010-11-15,80.4800033569336,80.98999786376953,80.06999969482422,80.19000244140625,3626300,BRK-B
2010-11-16,80.05999755859375,80.30000305175781,79.66999816894531,79.91000366210938,5640100,BRK-B
2010-11-17,80.12999725341797,80.33000183105469,79.5199966430664,79.52999877929688,3753400,BRK-B
2010-11-18,80.19999694824219,80.97000122070312,80.02999877929688,80.86000061035156,3925800,BRK-B
2010-11-19,80.5199966430664,81.02999877929688,80.30000305175781,80.7699966430664,4219300,BRK-B
2010-11-22,80.11000061035156,80.55000305175781,79.69999694824219,80.0,3565100,BRK-B
2010-11-23,79.48999786376953,79.9000015258789,79.0199966430664,79.08999633789062,4320000,BRK-B
2010-11-24,79.9800033569336,80.3499984741211,79.43000030517578,80.30000305175781,3291400,BRK-B
2010-11-26,79.41000366210938,79.86000061035156,79.4000015258789,79.76000213623047,1849800,BRK-B
2010-11-29,79.04000091552734,79.88999938964844,78.81999969482422,79.51000213623047,4088400,BRK-B
2010-11-30,79.05999755859375,80.58000183105469,79.05000305175781,79.68000030517578,6824700,BRK-B
2010-12-01,80.72000122070312,81.91999816894531,80.25,80.68000030517578,6657800,BRK-B
2010-12-02,80.94000244140625,81.41999816894531,80.76000213623047,81.41999816894531,4908200,BRK-B
2010-12-03,80.80000305175781,81.16999816894531,80.19999694824219,80.9000015258789,4083100,BRK-B
2010-12-06,80.7300033569336,81.38999938964844,80.20999908447266,80.37999725341797,2399100,BRK-B
2010-12-07,80.83999633789062,81.1500015258789,79.79000091552734,79.87000274658203,4981800,BRK-B
2010-12-08,79.7699966430664,80.54000091552734,79.5,80.54000091552734,3889800,BRK-B
2010-12-09,80.66000366210938,80.75,79.8499984741211,80.48999786376953,3846400,BRK-B
2010-12-10,80.47000122070312,80.72000122070312,79.83999633789062,80.68000030517578,3627000,BRK-B
2010-12-13,80.66000366210938,80.87999725341797,80.16000366210938,80.33999633789062,4012200,BRK-B
2010-12-14,80.33000183105469,80.66000366210938,79.91000366210938,80.23999786376953,3182100,BRK-B
2010-12-15,79.95999908447266,80.16999816894531,79.4800033569336,79.55000305175781,4341500,BRK-B
2010-12-16,79.61000061035156,79.93000030517578,79.19999694824219,79.87999725341797,3950700,BRK-B
2010-12-17,79.7300033569336,80.05000305175781,79.31999969482422,79.94999694824219,6823900,BRK-B
2010-12-20,79.94999694824219,80.02999877929688,79.30000305175781,79.56999969482422,3205700,BRK-B
2010-12-21,79.69999694824219,80.58000183105469,79.58999633789062,80.48999786376953,4024100,BRK-B
2010-12-22,80.41000366210938,80.73999786376953,79.80000305175781,80.13999938964844,3737600,BRK-B
2010-12-23,80.11000061035156,80.11000061035156,79.66999816894531,79.86000061035156,2607700,BRK-B
2010-12-27,79.80999755859375,80.18000030517578,79.58000183105469,80.16000366210938,2218800,BRK-B
2010-12-28,80.13999938964844,80.22000122070312,79.87000274658203,79.98999786376953,1792500,BRK-B
2010-12-29,79.93000030517578,80.05999755859375,79.75,79.88999938964844,1816100,BRK-B
2010-12-30,80.05000305175781,80.05000305175781,79.29000091552734,79.4000015258789,2508600,BRK-B
2010-12-31,79.2699966430664,80.11000061035156,79.19999694824219,80.11000061035156,2935300,BRK-B
2011-01-03,80.5,80.83999633789062,80.22000122070312,80.41000366210938,5573500,BRK-B
2011-01-04,80.33000183105469,80.38999938964844,79.72000122070312,80.16999816894531,4020400,BRK-B
2011-01-05,79.98999786376953,80.91000366210938,79.80000305175781,80.91000366210938,4107800,BRK-B
2011-01-06,80.93000030517578,80.9800033569336,80.37000274658203,80.37000274658203,3938000,BRK-B
2011-01-07,80.61000061035156,80.69999694824219,79.5,79.73999786376953,3809600,BRK-B
2011-01-10,79.5199966430664,79.97000122070312,79.13999938964844,79.6500015258789,3521800,BRK-B
2011-01-11,79.69000244140625,80.0199966430664,79.20999908447266,79.4000015258789,3481400,BRK-B
2011-01-12,79.91999816894531,80.73999786376953,79.70999908447266,80.73999786376953,5436500,BRK-B
2011-01-13,80.7300033569336,80.88999938964844,80.29000091552734,80.76000213623047,3303800,BRK-B
2011-01-14,80.62999725341797,81.66999816894531,80.58000183105469,81.6500015258789,4786900,BRK-B
2011-01-18,81.5199966430664,82.0999984741211,81.5,81.81999969482422,4249400,BRK-B
2011-01-19,81.80999755859375,81.81999969482422,80.5,80.91999816894531,3932000,BRK-B
2011-01-20,80.81999969482422,81.37000274658203,80.5,80.7300033569336,3674500,BRK-B
2011-01-21,81.18000030517578,81.18000030517578,80.22000122070312,80.44999694824219,4444300,BRK-B
2011-01-24,81.3499984741211,83.38999938964844,81.29000091552734,82.94000244140625,7143500,BRK-B
2011-01-25,82.83999633789062,83.2699966430664,82.16999816894531,83.25,3863600,BRK-B
2011-01-26,83.33000183105469,83.4800033569336,82.91000366210938,83.06999969482422,3325200,BRK-B
2011-01-27,82.73999786376953,83.23999786376953,82.6500015258789,83.02999877929688,2817800,BRK-B
2011-01-28,83.2300033569336,83.3499984741211,81.47000122070312,81.55999755859375,5263400,BRK-B
2011-01-31,81.93000030517578,82.30999755859375,81.5199966430664,81.75,3434700,BRK-B
2011-02-01,82.05999755859375,83.5,82.05999755859375,83.3499984741211,4630900,BRK-B
2011-02-02,83.01000213623047,83.87999725341797,82.4000015258789,82.44999694824219,3616200,BRK-B
2011-02-03,82.30000305175781,83.38999938964844,82.20999908447266,83.0199966430664,2788300,BRK-B
2011-02-04,82.9000015258789,83.19000244140625,82.4800033569336,83.16999816894531,2582200,BRK-B
2011-02-07,83.27999877929688,84.11000061035156,83.27999877929688,84.0999984741211,3891200,BRK-B
2011-02-08,84.01000213623047,84.6500015258789,83.70999908447266,84.2699966430664,3593600,BRK-B
2011-02-09,83.88999938964844,84.18000030517578,83.3499984741211,83.88999938964844,4091100,BRK-B
2011-02-10,83.75,84.4800033569336,83.4000015258789,84.44999694824219,3216900,BRK-B
2011-02-11,84.2699966430664,84.95999908447266,83.66999816894531,84.91000366210938,3937200,BRK-B
2011-02-14,84.94000244140625,85.5,84.83999633789062,85.30000305175781,3177500,BRK-B
2011-02-15,85.19000244140625,85.48999786376953,84.5199966430664,84.9800033569336,3357300,BRK-B
2011-02-16,85.18000030517578,85.36000061035156,84.61000061035156,84.95999908447266,2714900,BRK-B
2011-02-17,84.77999877929688,85.30000305175781,84.5999984741211,84.93000030517578,2135300,BRK-B
2011-02-18,85.06999969482422,85.18000030517578,84.70999908447266,85.05000305175781,4107400,BRK-B
2011-02-22,84.16000366210938,84.68000030517578,83.01000213623047,83.16999816894531,5621700,BRK-B
2011-02-23,83.30000305175781,83.5999984741211,82.0999984741211,82.86000061035156,4098700,BRK-B
2011-02-24,82.83999633789062,83.88999938964844,82.47000122070312,83.36000061035156,3995300,BRK-B
2011-02-25,83.6500015258789,85.25,83.41000366210938,84.87000274658203,4621300,BRK-B
2011-02-28,86.45999908447266,87.6500015258789,85.55000305175781,87.27999877929688,7671900,BRK-B
2011-03-01,87.54000091552734,87.61000061035156,85.12999725341797,85.25,6301000,BRK-B
2011-03-02,85.0,85.7699966430664,84.62000274658203,85.0199966430664,3635800,BRK-B
2011-03-03,85.80000305175781,86.91000366210938,85.52999877929688,86.69999694824219,4719000,BRK-B
2011-03-04,86.44999694824219,86.66000366210938,85.01000213623047,85.5,4698100,BRK-B
2011-03-07,85.77999877929688,86.26000213623047,85.0,85.04000091552734,3665200,BRK-B
2011-03-08,85.37999725341797,86.47000122070312,85.25,86.3499984741211,4050900,BRK-B
2011-03-09,86.0,86.26000213623047,85.43000030517578,86.0199966430664,2544200,BRK-B
2011-03-10,85.30000305175781,85.55000305175781,84.9800033569336,84.9800033569336,4649300,BRK-B
2011-03-11,84.19999694824219,85.5199966430664,84.0,85.30000305175781,4220500,BRK-B
2011-03-14,84.69000244140625,84.83000183105469,83.80000305175781,84.20999908447266,4798400,BRK-B
2011-03-15,82.19999694824219,83.2699966430664,81.66000366210938,82.5199966430664,6729000,BRK-B
2011-03-16,82.55000305175781,82.69999694824219,80.91000366210938,80.94999694824219,7922600,BRK-B
2011-03-17,82.20999908447266,83.05000305175781,81.61000061035156,82.7300033569336,5419100,BRK-B
2011-03-18,83.87999725341797,84.33000183105469,82.91999816894531,83.4800033569336,7245100,BRK-B
2011-03-21,84.05999755859375,85.19999694824219,83.75,85.16999816894531,4709300,BRK-B
2011-03-22,85.27999877929688,85.51000213623047,84.9000015258789,84.9800033569336,3090200,BRK-B
2011-03-23,84.80000305175781,85.16000366210938,83.8499984741211,84.73999786376953,3334600,BRK-B
2011-03-24,85.0199966430664,85.3499984741211,84.7300033569336,85.16000366210938,2646900,BRK-B
2011-03-25,85.43000030517578,85.43000030517578,84.81999969482422,85.23999786376953,2364900,BRK-B
2011-03-28,85.12999725341797,85.36000061035156,84.33999633789062,84.37000274658203,2377200,BRK-B
2011-03-29,84.20999908447266,84.70999908447266,83.75,84.70999908447266,2687100,BRK-B
2011-03-30,84.81999969482422,85.51000213623047,84.70999908447266,85.45999908447266,3635400,BRK-B
2011-03-31,83.94000244140625,84.44000244140625,83.41000366210938,83.62999725341797,10527600,BRK-B
2011-04-01,84.08999633789062,84.08999633789062,83.2699966430664,83.68000030517578,5098600,BRK-B
2011-04-04,83.9800033569336,83.9800033569336,82.62999725341797,83.0999984741211,5216400,BRK-B
2011-04-05,82.9800033569336,82.9800033569336,81.8499984741211,82.04000091552734,4844300,BRK-B
2011-04-06,82.19999694824219,82.3499984741211,81.62000274658203,81.98999786376953,5397200,BRK-B
2011-04-07,81.81999969482422,82.22000122070312,81.51000213623047,81.93000030517578,3667300,BRK-B
2011-04-08,82.1500015258789,82.16000366210938,81.58999633789062,81.80000305175781,3279200,BRK-B
2011-04-11,81.95999908447266,82.41000366210938,81.80000305175781,82.26000213623047,3704800,BRK-B
2011-04-12,81.80000305175781,82.2300033569336,81.5,81.68000030517578,3134700,BRK-B
2011-04-13,81.87999725341797,81.93000030517578,80.76000213623047,80.76000213623047,4410400,BRK-B
2011-04-14,80.55000305175781,81.0199966430664,80.38999938964844,80.73999786376953,3739400,BRK-B
2011-04-15,81.13999938964844,81.48999786376953,80.75,80.88999938964844,4564000,BRK-B
2011-04-18,80.12000274658203,80.51000213623047,79.77999877929688,80.30000305175781,4474700,BRK-B
2011-04-19,80.27999877929688,80.75,80.0,80.5,3026600,BRK-B
2011-04-20,81.30000305175781,81.9000015258789,81.11000061035156,81.72000122070312,4559700,BRK-B
2011-04-21,82.05000305175781,82.4000015258789,81.69000244140625,82.36000061035156,3193100,BRK-B
2011-04-25,82.26000213623047,82.5,81.91999816894531,82.37999725341797,2341300,BRK-B
2011-04-26,82.44999694824219,83.19999694824219,82.36000061035156,82.91999816894531,3600000,BRK-B
2011-04-27,82.93000030517578,83.05999755859375,82.31999969482422,82.98999786376953,3460900,BRK-B
2011-04-28,82.94999694824219,83.30000305175781,82.62000274658203,83.2699966430664,3450600,BRK-B
2011-04-29,83.19999694824219,83.72000122070312,83.05000305175781,83.30000305175781,2970800,BRK-B
2011-05-02,82.38999938964844,82.44000244140625,81.5199966430664,81.91999816894531,4940600,BRK-B
2011-05-03,81.66000366210938,82.33000183105469,81.41999816894531,82.31999969482422,3299500,BRK-B
2011-05-04,82.38999938964844,82.5,81.26000213623047,81.58000183105469,3235100,BRK-B
2011-05-05,81.19000244140625,81.38999938964844,79.5,79.66000366210938,5386400,BRK-B
2011-05-06,80.5999984741211,81.51000213623047,80.12999725341797,80.20999908447266,4056600,BRK-B
2011-05-09,80.12000274658203,81.44000244140625,80.12000274658203,80.7300033569336,2884200,BRK-B
2011-05-10,80.95999908447266,81.3499984741211,80.5999984741211,81.2300033569336,2865100,BRK-B
2011-05-11,80.94999694824219,81.13999938964844,79.94000244140625,80.0999984741211,3806400,BRK-B
2011-05-12,80.0,81.0999984741211,79.75,80.69999694824219,3652100,BRK-B
2011-05-13,80.6500015258789,81.0999984741211,79.54000091552734,79.6500015258789,4151600,BRK-B
2011-05-16,79.54000091552734,80.25,79.11000061035156,79.4800033569336,3876300,BRK-B
2011-05-17,79.20999908447266,79.44000244140625,78.56999969482422,78.93000030517578,4778400,BRK-B
2011-05-18,79.12999725341797,79.69000244140625,78.9000015258789,79.62000274658203,3029100,BRK-B
2011-05-19,79.75,79.97000122070312,78.91000366210938,79.27999877929688,2491500,BRK-B
2011-05-20,79.20999908447266,79.5999984741211,78.63999938964844,78.72000122070312,3512500,BRK-B
2011-05-23,78.1500015258789,78.33000183105469,77.62000274658203,77.88999938964844,4092000,BRK-B
2011-05-24,78.0,78.2300033569336,77.5999984741211,77.66999816894531,2975900,BRK-B
2011-05-25,77.51000213623047,78.54000091552734,77.2300033569336,78.16000366210938,3532300,BRK-B
2011-05-26,78.12000274658203,78.72000122070312,77.5,78.30999755859375,3084100,BRK-B
2011-05-27,78.38999938964844,78.55000305175781,77.6500015258789,78.04000091552734,3114900,BRK-B
2011-05-31,78.43000030517578,79.06999969482422,78.29000091552734,79.06999969482422,5339300,BRK-B
2011-06-01,78.76000213623047,78.88999938964844,77.01000213623047,77.08000183105469,5667000,BRK-B
2011-06-02,77.19999694824219,77.94000244140625,77.01000213623047,77.16000366210938,3773300,BRK-B
2011-06-03,76.48999786376953,76.97000122070312,76.11000061035156,76.25,4477600,BRK-B
2011-06-06,75.83000183105469,76.1500015258789,75.22000122070312,75.33999633789062,4727400,BRK-B
2011-06-07,75.69999694824219,75.91999816894531,74.83000183105469,74.86000061035156,4508900,BRK-B
2011-06-08,74.72000122070312,75.06999969482422,74.27999877929688,74.33000183105469,4883000,BRK-B
2011-06-09,74.4000015258789,75.41999816894531,74.33999633789062,75.01000213623047,3843900,BRK-B
2011-06-10,74.87000274658203,74.87000274658203,73.72000122070312,74.05999755859375,6460200,BRK-B
2011-06-13,74.08000183105469,74.51000213623047,73.70999908447266,74.29000091552734,4435100,BRK-B
2011-06-14,74.80000305175781,75.80000305175781,74.6500015258789,75.11000061035156,5591600,BRK-B
2011-06-15,74.76000213623047,74.7699966430664,73.2300033569336,73.83000183105469,7366900,BRK-B
2011-06-16,73.70999908447266,75.13999938964844,73.70999908447266,75.01000213623047,5966000,BRK-B
2011-06-17,75.6500015258789,75.87999725341797,75.16000366210938,75.51000213623047,9041100,BRK-B
2011-06-20,75.4800033569336,76.4800033569336,75.44000244140625,76.0999984741211,4221700,BRK-B
2011-06-21,76.41000366210938,76.80999755859375,76.1500015258789,76.48999786376953,5146900,BRK-B
2011-06-22,76.41000366210938,76.48999786376953,75.94999694824219,75.97000122070312,3685200,BRK-B
2011-06-23,75.25,75.73999786376953,74.4800033569336,75.61000061035156,5506600,BRK-B
2011-06-24,75.55999755859375,75.77999877929688,74.6500015258789,75.62000274658203,5390300,BRK-B
2011-06-27,75.69999694824219,76.37999725341797,75.3499984741211,75.62999725341797,3820100,BRK-B
2011-06-28,76.02999877929688,76.41999816894531,75.83000183105469,76.41999816894531,3687000,BRK-B
2011-06-29,76.55000305175781,77.05999755859375,76.2699966430664,77.02999877929688,4058900,BRK-B
2011-06-30,77.33000183105469,77.5,76.55999755859375,77.38999938964844,4113700,BRK-B
2011-07-01,77.23999786376953,78.19000244140625,76.69999694824219,78.08999633789062,4526100,BRK-B
2011-07-05,77.87000274658203,77.9800033569336,76.9800033569336,77.30999755859375,3768200,BRK-B
2011-07-06,77.2699966430664,77.2699966430664,76.18000030517578,76.5199966430664,4501400,BRK-B
2011-07-07,77.12999725341797,77.95999908447266,76.86000061035156,77.7699966430664,4167500,BRK-B
2011-07-08,76.91999816894531,76.9800033569336,76.37000274658203,76.9000015258789,3618700,BRK-B
2011-07-11,76.0,76.33999633789062,75.01000213623047,75.2699966430664,4780200,BRK-B
2011-07-12,75.06999969482422,76.75,75.0,75.77999877929688,4566300,BRK-B
2011-07-13,76.11000061035156,76.97000122070312,76.0999984741211,76.31999969482422,4039600,BRK-B
2011-07-14,76.5,76.69000244140625,75.87999725341797,76.0999984741211,4693200,BRK-B
2011-07-15,76.41000366210938,76.41000366210938,74.94999694824219,75.36000061035156,6131200,BRK-B
2011-07-18,75.12000274658203,75.36000061035156,74.7300033569336,75.11000061035156,4753800,BRK-B
2011-07-19,75.29000091552734,76.29000091552734,75.16999816894531,76.29000091552734,4702100,BRK-B
2011-07-20,76.44000244140625,76.5,75.81999969482422,76.13999938964844,3505700,BRK-B
2011-07-21,76.4000015258789,77.5999984741211,76.33999633789062,77.33999633789062,6298900,BRK-B
2011-07-22,77.26000213623047,77.45999908447266,76.61000061035156,77.05000305175781,3095900,BRK-B
2011-07-25,75.91000366210938,76.31999969482422,75.69000244140625,75.91000366210938,4706500,BRK-B
2011-07-26,75.79000091552734,76.0,75.43000030517578,75.51000213623047,4555800,BRK-B
2011-07-27,75.01000213623047,75.3499984741211,74.66000366210938,74.69000244140625,6823500,BRK-B
2011-07-28,74.72000122070312,75.47000122070312,74.5199966430664,74.8499984741211,4613000,BRK-B
2011-07-29,74.2699966430664,74.98999786376953,74.12999725341797,74.16999816894531,6691800,BRK-B
2011-08-01,75.69999694824219,75.69999694824219,74.22000122070312,74.93000030517578,7541000,BRK-B
2011-08-02,74.41000366210938,74.73999786376953,73.37000274658203,73.37000274658203,7147900,BRK-B
2011-08-03,73.48999786376953,74.12999725341797,72.8499984741211,74.01000213623047,7860100,BRK-B
2011-08-04,73.38999938964844,73.45999908447266,70.81999969482422,70.98999786376953,12469700,BRK-B
2011-08-05,71.75,72.83000183105469,70.05000305175781,71.25,12309000,BRK-B
2011-08-08,70.0,71.2300033569336,66.51000213623047,66.6500015258789,21398700,BRK-B
2011-08-09,68.5,73.02999877929688,67.08000183105469,72.93000030517578,18489200,BRK-B
2011-08-10,71.45999908447266,71.47000122070312,67.41000366210938,67.5999984741211,16639700,BRK-B
2011-08-11,68.37000274658203,73.0999984741211,68.19000244140625,71.73999786376953,14238800,BRK-B
2011-08-12,72.52999877929688,73.23999786376953,71.06999969482422,71.5199966430664,7685400,BRK-B
2011-08-15,72.26000213623047,72.62999725341797,71.5199966430664,72.54000091552734,5741100,BRK-B
2011-08-16,72.05000305175781,72.25,70.76000213623047,71.77999877929688,6681400,BRK-B
2011-08-17,72.62000274658203,73.2699966430664,71.81999969482422,72.37999725341797,4978900,BRK-B
2011-08-18,70.44000244140625,70.56999969482422,68.3499984741211,69.55999755859375,10463500,BRK-B
2011-08-19,68.7699966430664,70.54000091552734,68.16999816894531,68.33000183105469,9167800,BRK-B
2011-08-22,69.29000091552734,69.87000274658203,67.69999694824219,67.80000305175781,6346500,BRK-B
2011-08-23,67.70999908447266,69.66000366210938,67.5999984741211,69.58999633789062,6677000,BRK-B
2011-08-24,69.29000091552734,70.83000183105469,69.0199966430664,70.75,6662600,BRK-B
2011-08-25,71.27999877929688,71.87999725341797,68.5999984741211,68.98999786376953,8650300,BRK-B
2011-08-26,68.66999816894531,70.73999786376953,67.94000244140625,69.83999633789062,6625900,BRK-B
2011-08-29,70.98999786376953,72.83000183105469,70.7699966430664,72.5999984741211,6854900,BRK-B
2011-08-30,72.16000366210938,73.04000091552734,71.80999755859375,72.26000213623047,5762100,BRK-B
2011-08-31,72.83999633789062,73.58999633789062,72.05000305175781,73.0,7571600,BRK-B
2011-09-01,73.20999908447266,73.20999908447266,71.3499984741211,71.37000274658203,6193100,BRK-B
2011-09-02,69.9000015258789,70.7300033569336,69.20999908447266,69.37000274658203,6519100,BRK-B
2011-09-06,67.55999755859375,68.80000305175781,67.55999755859375,68.37000274658203,8121100,BRK-B
2011-09-07,69.62000274658203,70.86000061035156,69.05000305175781,70.69999694824219,6219000,BRK-B
2011-09-08,70.12999725341797,70.55999755859375,69.4000015258789,69.41000366210938,5231400,BRK-B
2011-09-09,68.79000091552734,69.0999984741211,67.55000305175781,67.7699966430664,7413200,BRK-B
2011-09-12,67.12999725341797,69.25,67.01000213623047,69.23999786376953,6858900,BRK-B
2011-09-13,69.05999755859375,69.52999877929688,68.12000274658203,68.8499984741211,5414400,BRK-B
2011-09-14,69.30999755859375,69.94999694824219,67.91999816894531,69.41000366210938,6263900,BRK-B
2011-09-15,69.98999786376953,70.88999938964844,69.44999694824219,70.83000183105469,6455900,BRK-B
2011-09-16,71.20999908447266,71.87000274658203,70.55000305175781,71.55000305175781,13375700,BRK-B
2011-09-19,70.05000305175781,70.20999908447266,69.30000305175781,69.66000366210938,5165300,BRK-B
2011-09-20,70.01000213623047,70.7699966430664,69.68000030517578,69.72000122070312,4667400,BRK-B
2011-09-21,69.80999755859375,70.0,67.11000061035156,67.22000122070312,8347100,BRK-B
2011-09-22,66.66999816894531,67.0,65.3499984741211,66.0,16309200,BRK-B
2011-09-23,65.91999816894531,66.66000366210938,65.61000061035156,66.37000274658203,8074000,BRK-B
2011-09-26,68.9000015258789,72.48999786376953,68.9000015258789,72.08999633789062,14909700,BRK-B
2011-09-27,73.08000183105469,74.29000091552734,71.5999984741211,72.06999969482422,12372100,BRK-B
2011-09-28,72.23999786376953,72.5,70.55000305175781,70.77999877929688,7879600,BRK-B
2011-09-29,72.30999755859375,72.73999786376953,70.9800033569336,72.70999908447266,8928800,BRK-B
2011-09-30,71.44999694824219,72.41999816894531,71.0199966430664,71.04000091552734,9407500,BRK-B
2011-10-03,71.05999755859375,72.23999786376953,70.0,70.05999755859375,10781600,BRK-B
2011-10-04,69.06999969482422,73.55000305175781,69.06999969482422,73.16999816894531,13400000,BRK-B
2011-10-05,73.1500015258789,73.44999694824219,71.52999877929688,73.2300033569336,8652900,BRK-B
2011-10-06,73.01000213623047,73.76000213623047,72.12000274658203,73.62999725341797,7232400,BRK-B
2011-10-07,73.62000274658203,73.73999786376953,71.63999938964844,71.69999694824219,8022800,BRK-B
2011-10-10,73.12999725341797,74.41000366210938,72.77999877929688,74.11000061035156,6998400,BRK-B
2011-10-11,73.68000030517578,74.2699966430664,72.88999938964844,73.41000366210938,5223800,BRK-B
2011-10-12,74.01000213623047,75.33000183105469,73.33000183105469,74.70999908447266,8186900,BRK-B
2011-10-13,74.33999633789062,74.62000274658203,73.38999938964844,74.05000305175781,5616800,BRK-B
2011-10-14,74.80999755859375,74.88999938964844,73.75,74.75,5023900,BRK-B
2011-10-17,73.94999694824219,74.31999969482422,72.55000305175781,72.88999938964844,5838400,BRK-B
2011-10-18,72.97000122070312,75.5,72.86000061035156,75.06999969482422,8160800,BRK-B
2011-10-19,74.76000213623047,75.75,73.87999725341797,74.11000061035156,5615100,BRK-B
2011-10-20,74.38999938964844,76.0,74.2300033569336,75.87000274658203,6256100,BRK-B
2011-10-21,76.30000305175781,77.5,75.91999816894531,77.44999694824219,8061300,BRK-B
2011-10-24,77.4000015258789,77.72000122070312,76.54000091552734,77.23999786376953,5440200,BRK-B
2011-10-25,76.79000091552734,76.87000274658203,75.30999755859375,75.73999786376953,6160700,BRK-B
2011-10-26,76.7699966430664,78.47000122070312,75.88999938964844,78.0199966430664,8236200,BRK-B
2011-10-27,79.68000030517578,80.58000183105469,79.01000213623047,80.48999786376953,12262700,BRK-B
2011-10-28,79.73999786376953,80.01000213623047,79.04000091552734,79.95999908447266,6529600,BRK-B
2011-10-31,78.52999877929688,79.72000122070312,77.80000305175781,77.86000061035156,6541700,BRK-B
2011-11-01,76.12000274658203,76.8499984741211,75.33999633789062,75.5199966430664,9441500,BRK-B
2011-11-02,76.62000274658203,77.79000091552734,76.13999938964844,77.48999786376953,5980900,BRK-B
2011-11-03,78.16000366210938,79.0,76.7699966430664,78.81999969482422,6364400,BRK-B
2011-11-04,78.1500015258789,78.19000244140625,76.86000061035156,77.23999786376953,5579900,BRK-B
2011-11-07,77.4800033569336,77.48999786376953,76.02999877929688,77.0999984741211,4353600,BRK-B
2011-11-08,77.5,78.4000015258789,76.62000274658203,78.16000366210938,5377500,BRK-B
2011-11-09,76.8499984741211,77.06999969482422,75.2300033569336,75.4000015258789,8536400,BRK-B
2011-11-10,76.47000122070312,76.51000213623047,75.29000091552734,75.98999786376953,4401600,BRK-B
2011-11-11,76.88999938964844,77.12999725341797,76.27999877929688,76.97000122070312,4848800,BRK-B
2011-11-14,76.51000213623047,76.88999938964844,75.51000213623047,75.86000061035156,4372400,BRK-B
2011-11-15,75.45999908447266,76.58000183105469,75.2300033569336,75.93000030517578,4198200,BRK-B
2011-11-16,75.5,76.0,74.51000213623047,74.66999816894531,6357100,BRK-B
2011-11-17,74.72000122070312,75.66999816894531,73.9000015258789,74.30000305175781,6268500,BRK-B
2011-11-18,74.9000015258789,75.62000274658203,74.56999969482422,75.37000274658203,5780500,BRK-B
2011-11-21,74.0999984741211,74.97000122070312,73.9000015258789,74.31999969482422,5980900,BRK-B
2011-11-22,74.1500015258789,75.29000091552734,74.0999984741211,74.36000061035156,4368500,BRK-B
2011-11-23,73.77999877929688,73.91000366210938,72.72000122070312,72.75,6463400,BRK-B
2011-11-25,72.7699966430664,73.52999877929688,72.5999984741211,72.88999938964844,2770900,BRK-B
2011-11-28,74.4000015258789,75.72000122070312,74.1500015258789,75.4800033569336,6463500,BRK-B
2011-11-29,75.87000274658203,75.87000274658203,75.01000213623047,75.12999725341797,4009200,BRK-B
2011-11-30,76.66000366210938,79.01000213623047,76.19999694824219,78.76000213623047,10929600,BRK-B
2011-12-01,78.20999908447266,78.4000015258789,77.37999725341797,77.80999755859375,4769800,BRK-B
2011-12-02,78.52999877929688,78.9000015258789,77.31999969482422,77.44000244140625,5031900,BRK-B
2011-12-05,78.25,78.83999633789062,77.2300033569336,78.11000061035156,5457600,BRK-B
2011-12-06,78.08000183105469,78.79000091552734,77.25,78.1500015258789,4222300,BRK-B
2011-12-07,77.81999969482422,78.9000015258789,76.95999908447266,78.72000122070312,5414100,BRK-B
2011-12-08,77.81999969482422,77.98999786376953,76.66000366210938,76.94000244140625,5839800,BRK-B
2011-12-09,77.51000213623047,78.0,77.19000244140625,77.61000061035156,5560200,BRK-B
2011-12-12,76.94000244140625,77.01000213623047,75.66999816894531,76.2699966430664,5586000,BRK-B
2011-12-13,76.55999755859375,76.9000015258789,75.0199966430664,75.86000061035156,6738100,BRK-B
2011-12-14,75.37999725341797,76.0999984741211,74.86000061035156,75.5199966430664,6807800,BRK-B
2011-12-15,76.23999786376953,76.44000244140625,74.83999633789062,74.9000015258789,5346600,BRK-B
2011-12-16,75.5,75.69999694824219,74.5999984741211,75.12999725341797,9269300,BRK-B
2011-12-19,75.05999755859375,75.31999969482422,73.7300033569336,74.04000091552734,5278000,BRK-B
2011-12-20,74.9800033569336,76.44000244140625,74.69000244140625,76.0999984741211,7374700,BRK-B
2011-12-21,76.33999633789062,76.33999633789062,75.5,76.22000122070312,4887400,BRK-B
2011-12-22,76.19999694824219,76.9000015258789,75.81999969482422,76.88999938964844,4067800,BRK-B
2011-12-23,76.94999694824219,77.80000305175781,76.70999908447266,77.73999786376953,2937100,BRK-B
2011-12-27,77.4800033569336,78.05000305175781,77.01000213623047,77.2300033569336,2829800,BRK-B
2011-12-28,77.30000305175781,77.41000366210938,76.30000305175781,76.5199966430664,3485300,BRK-B
2011-12-29,76.88999938964844,77.0,76.29000091552734,76.9000015258789,3128500,BRK-B
2011-12-30,76.8499984741211,76.8499984741211,76.30000305175781,76.30000305175781,2397100,BRK-B
2012-01-03,77.37999725341797,78.29000091552734,77.30999755859375,77.68000030517578,5343500,BRK-B
2012-01-04,77.55000305175781,77.55000305175781,76.5999984741211,76.80000305175781,4264400,BRK-B
2012-01-05,76.41000366210938,77.12000274658203,75.86000061035156,76.93000030517578,4235400,BRK-B
2012-01-06,76.80999755859375,77.11000061035156,76.12999725341797,76.38999938964844,3751400,BRK-B
2012-01-09,76.48999786376953,76.7699966430664,75.94000244140625,76.29000091552734,2978200,BRK-B
2012-01-10,77.0,77.5,76.72000122070312,77.41999816894531,4815000,BRK-B
2012-01-11,77.22000122070312,78.05000305175781,76.91000366210938,78.0,3819700,BRK-B
2012-01-12,78.33000183105469,78.5,77.62999725341797,78.5,3749300,BRK-B
2012-01-13,77.83999633789062,77.94999694824219,77.0,77.7699966430664,4772300,BRK-B
2012-01-17,78.56999969482422,78.62000274658203,77.5999984741211,77.97000122070312,4344500,BRK-B
2012-01-18,77.88999938964844,78.91999816894531,77.83000183105469,78.91999816894531,4396600,BRK-B
2012-01-19,78.9800033569336,79.58999633789062,78.58999633789062,79.58999633789062,4609200,BRK-B
2012-01-20,79.62999725341797,79.91999816894531,79.33999633789062,79.91000366210938,5359300,BRK-B
2012-01-23,79.5999984741211,79.70999908447266,78.80999755859375,79.1500015258789,3264800,BRK-B
2012-01-24,78.47000122070312,78.77999877929688,78.13999938964844,78.4800033569336,2754000,BRK-B
2012-01-25,78.22000122070312,79.95999908447266,77.95999908447266,79.8499984741211,4573800,BRK-B
2012-01-26,79.94000244140625,80.08000183105469,79.04000091552734,79.66000366210938,5180000,BRK-B
2012-01-27,79.33000183105469,79.7300033569336,78.87000274658203,79.41999816894531,3590700,BRK-B
2012-01-30,78.2699966430664,78.80000305175781,78.0999984741211,78.69000244140625,3638800,BRK-B
2012-01-31,79.18000030517578,79.26000213623047,78.25,78.37000274658203,4262700,BRK-B
2012-02-01,78.79000091552734,79.6500015258789,78.58000183105469,78.66000366210938,4893300,BRK-B
2012-02-02,78.87999725341797,79.04000091552734,78.44999694824219,78.7300033569336,3011200,BRK-B
2012-02-03,79.55999755859375,80.05000305175781,79.27999877929688,80.0,7008900,BRK-B
2012-02-06,79.5,79.93000030517578,79.44000244140625,79.8499984741211,3208700,BRK-B
2012-02-07,79.37999725341797,80.0,79.18000030517578,79.87999725341797,2259100,BRK-B
2012-02-08,79.81999969482422,79.88999938964844,79.47000122070312,79.66000366210938,3306300,BRK-B
2012-02-09,79.66000366210938,79.77999877929688,78.94999694824219,79.19999694824219,3696700,BRK-B
2012-02-10,78.8499984741211,79.27999877929688,78.5,78.79000091552734,4789300,BRK-B
2012-02-13,79.16000366210938,79.61000061035156,79.01000213623047,79.44000244140625,3182800,BRK-B
2012-02-14,79.27999877929688,79.30000305175781,78.23999786376953,78.91999816894531,4215100,BRK-B
2012-02-15,79.04000091552734,79.33999633789062,77.88999938964844,78.06999969482422,4922100,BRK-B
2012-02-16,78.02999877929688,78.9800033569336,77.9800033569336,78.91000366210938,4429500,BRK-B
2012-02-17,79.27999877929688,79.6500015258789,78.87999725341797,79.41999816894531,5603200,BRK-B
2012-02-21,79.44000244140625,79.87999725341797,79.30999755859375,79.62999725341797,3322500,BRK-B
2012-02-22,79.5,79.58999633789062,78.80000305175781,78.93000030517578,3295500,BRK-B
2012-02-23,78.72000122070312,79.41000366210938,78.72000122070312,79.37000274658203,3624100,BRK-B
2012-02-24,79.62999725341797,80.0999984741211,79.5199966430664,80.04000091552734,5552800,BRK-B
2012-02-27,79.44999694824219,80.4800033569336,78.69999694824219,80.25,6411700,BRK-B
2012-02-28,80.48999786376953,80.48999786376953,79.19999694824219,79.44000244140625,4653600,BRK-B
2012-02-29,79.56999969482422,79.66999816894531,78.41000366210938,78.44999694824219,7259200,BRK-B
2012-03-01,78.63999938964844,78.91999816894531,78.44000244140625,78.77999877929688,3893400,BRK-B
2012-03-02,78.5999984741211,78.75,78.18000030517578,78.29000091552734,3727600,BRK-B
2012-03-05,78.48999786376953,79.30000305175781,78.27999877929688,79.16999816894531,4810100,BRK-B
2012-03-06,78.68000030517578,79.04000091552734,78.30999755859375,78.47000122070312,5516300,BRK-B
2012-03-07,78.52999877929688,78.83999633789062,78.26000213623047,78.81999969482422,4060400,BRK-B
2012-03-08,79.0199966430664,79.1500015258789,78.43000030517578,78.87000274658203,3829400,BRK-B
2012-03-09,79.02999877929688,79.5,78.83000183105469,79.41000366210938,3625600,BRK-B
2012-03-12,79.43000030517578,79.66000366210938,79.30000305175781,79.54000091552734,3004000,BRK-B
2012-03-13,79.72000122070312,80.8499984741211,79.66000366210938,80.76000213623047,7088200,BRK-B
2012-03-14,80.69000244140625,80.88999938964844,80.38999938964844,80.70999908447266,4494000,BRK-B
2012-03-15,80.55000305175781,81.37000274658203,80.33000183105469,81.33999633789062,4947100,BRK-B
2012-03-16,81.2300033569336,81.48999786376953,80.94999694824219,81.06999969482422,7095500,BRK-B
2012-03-19,81.11000061035156,81.62000274658203,81.02999877929688,81.4800033569336,3742200,BRK-B
2012-03-20,81.25,81.5999984741211,81.06999969482422,81.44999694824219,2864100,BRK-B
2012-03-21,81.44999694824219,81.45999908447266,80.7300033569336,81.20999908447266,3558000,BRK-B
2012-03-22,80.80999755859375,81.08999633789062,80.55999755859375,80.93000030517578,3296000,BRK-B
2012-03-23,81.06999969482422,81.5999984741211,80.7699966430664,81.37999725341797,3364500,BRK-B
2012-03-26,81.87999725341797,82.33999633789062,81.69999694824219,82.33999633789062,4139700,BRK-B
2012-03-27,82.47000122070312,82.47000122070312,81.69999694824219,81.76000213623047,3259000,BRK-B
2012-03-28,81.8499984741211,81.88999938964844,80.94999694824219,81.77999877929688,3983600,BRK-B
2012-03-29,81.2699966430664,81.66000366210938,80.75,81.3499984741211,3599100,BRK-B
2012-03-30,81.62000274658203,81.80999755859375,80.88999938964844,81.1500015258789,4054700,BRK-B
2012-04-02,81.1500015258789,82.02999877929688,81.0,81.83999633789062,3844700,BRK-B
2012-04-03,81.5,81.83999633789062,80.7699966430664,81.54000091552734,4495700,BRK-B
2012-04-04,81.0,81.45999908447266,80.79000091552734,81.05000305175781,3245600,BRK-B
2012-04-05,80.80999755859375,81.27999877929688,80.6500015258789,80.91000366210938,2826000,BRK-B
2012-04-09,80.18000030517578,80.26000213623047,79.5999984741211,79.76000213623047,3710600,BRK-B
2012-04-10,79.5999984741211,79.80000305175781,78.68000030517578,78.69999694824219,5062200,BRK-B
2012-04-11,79.5999984741211,79.5999984741211,78.83999633789062,79.05000305175781,3530900,BRK-B
2012-04-12,78.91000366210938,80.19999694824219,78.73999786376953,80.05999755859375,3655300,BRK-B
2012-04-13,79.91000366210938,80.0,78.69999694824219,78.81999969482422,4428600,BRK-B
2012-04-16,79.4800033569336,79.94000244140625,79.08000183105469,79.66999816894531,3773800,BRK-B
2012-04-17,80.27999877929688,80.98999786376953,79.87000274658203,80.76000213623047,4627900,BRK-B
2012-04-18,79.9000015258789,80.2300033569336,79.6500015258789,79.73999786376953,5471100,BRK-B
2012-04-19,79.7699966430664,80.02999877929688,78.75,79.27999877929688,4467800,BRK-B
2012-04-20,79.2699966430664,79.55999755859375,78.86000061035156,78.9000015258789,5653200,BRK-B
2012-04-23,78.41999816894531,79.18000030517578,78.20999908447266,78.80000305175781,5233700,BRK-B
2012-04-24,78.98999786376953,79.8499984741211,78.83000183105469,79.79000091552734,3968900,BRK-B
2012-04-25,79.86000061035156,80.06999969482422,79.6500015258789,79.94000244140625,4128200,BRK-B
2012-04-26,79.87000274658203,80.58000183105469,79.73999786376953,80.4000015258789,3622700,BRK-B
2012-04-27,80.44000244140625,80.69999694824219,80.12000274658203,80.55999755859375,3743900,BRK-B
2012-04-30,80.51000213623047,80.72000122070312,80.20999908447266,80.44999694824219,2776900,BRK-B
2012-05-01,80.47000122070312,81.4800033569336,80.4000015258789,81.45999908447266,3584000,BRK-B
2012-05-02,81.12000274658203,81.25,80.68000030517578,81.12999725341797,2797700,BRK-B
2012-05-03,81.25,81.54000091552734,81.04000091552734,81.26000213623047,3575200,BRK-B
2012-05-04,80.80999755859375,81.25,80.52999877929688,80.94000244140625,4502700,BRK-B
2012-05-07,81.26000213623047,82.58999633789062,80.94999694824219,82.47000122070312,6757000,BRK-B
2012-05-08,82.30000305175781,82.45999908447266,81.5199966430664,82.22000122070312,5704100,BRK-B
2012-05-09,81.5,82.0,81.43000030517578,81.43000030517578,4865600,BRK-B
2012-05-10,81.98999786376953,82.4000015258789,81.61000061035156,81.77999877929688,4085000,BRK-B
2012-05-11,81.25,82.27999877929688,81.0,81.5999984741211,4197400,BRK-B
2012-05-14,81.01000213623047,81.16999816894531,80.47000122070312,80.52999877929688,4076300,BRK-B
2012-05-15,80.36000061035156,80.91000366210938,80.1500015258789,80.20999908447266,3804600,BRK-B
2012-05-16,80.41999816894531,81.08999633789062,80.26000213623047,80.58999633789062,6713700,BRK-B
2012-05-17,80.70999908447266,80.93000030517578,79.87000274658203,79.87000274658203,6093200,BRK-B
2012-05-18,80.23999786376953,80.23999786376953,78.63999938964844,78.91000366210938,6357100,BRK-B
2012-05-21,79.01000213623047,79.87000274658203,78.66000366210938,79.80000305175781,4185600,BRK-B
2012-05-22,80.01000213623047,80.80000305175781,79.25,79.6500015258789,3252300,BRK-B
2012-05-23,79.30000305175781,79.87000274658203,78.66999816894531,79.75,3483000,BRK-B
2012-05-24,79.79000091552734,79.98999786376953,79.08999633789062,79.80000305175781,2585400,BRK-B
2012-05-25,79.52999877929688,79.98999786376953,79.0,79.25,3002400,BRK-B
2012-05-29,79.7300033569336,79.94000244140625,79.25,79.81999969482422,3071200,BRK-B
2012-05-30,79.18000030517578,79.48999786376953,78.58999633789062,78.83000183105469,3852300,BRK-B
2012-05-31,78.63999938964844,79.8499984741211,78.27999877929688,79.36000061035156,4721100,BRK-B
2012-06-01,78.33000183105469,79.38999938964844,78.33000183105469,79.0199966430664,6865800,BRK-B
2012-06-04,79.0,79.08999633789062,78.44999694824219,79.04000091552734,5976200,BRK-B
2012-06-05,78.9000015258789,79.2699966430664,78.83000183105469,79.12000274658203,4172000,BRK-B
2012-06-06,79.41999816894531,80.68000030517578,78.91000366210938,80.68000030517578,4955500,BRK-B
2012-06-07,80.88999938964844,81.25,80.37999725341797,80.66000366210938,4600100,BRK-B
2012-06-08,80.55999755859375,81.36000061035156,80.27999877929688,81.36000061035156,3200400,BRK-B
2012-06-11,81.58000183105469,81.66000366210938,80.19999694824219,80.27999877929688,3871300,BRK-B
2012-06-12,80.41999816894531,81.30999755859375,80.04000091552734,81.26000213623047,3777600,BRK-B
2012-06-13,81.01000213623047,81.13999938964844,80.23999786376953,80.58999633789062,3637100,BRK-B
2012-06-14,80.91000366210938,82.0,80.73999786376953,81.72000122070312,5153300,BRK-B
2012-06-15,82.2699966430664,82.56999969482422,82.05000305175781,82.56999969482422,6769300,BRK-B
2012-06-18,82.05999755859375,82.48999786376953,82.0199966430664,82.1500015258789,4033900,BRK-B
2012-06-19,82.4000015258789,83.02999877929688,82.33000183105469,82.9800033569336,4833400,BRK-B
2012-06-20,82.9800033569336,83.0,81.9000015258789,82.45999908447266,3797800,BRK-B
2012-06-21,82.68000030517578,82.80000305175781,81.02999877929688,81.19000244140625,4260700,BRK-B
2012-06-22,81.33999633789062,82.08999633789062,80.9000015258789,81.87000274658203,4370500,BRK-B
2012-06-25,81.31999969482422,81.31999969482422,80.44000244140625,80.47000122070312,4445600,BRK-B
2012-06-26,80.72000122070312,81.7699966430664,80.45999908447266,81.33000183105469,3473300,BRK-B
2012-06-27,81.45999908447266,82.4000015258789,81.43000030517578,81.9800033569336,3289300,BRK-B
2012-06-28,81.26000213623047,82.33999633789062,81.0,82.33999633789062,3401500,BRK-B
2012-06-29,82.73999786376953,83.33000183105469,82.5999984741211,83.33000183105469,5980900,BRK-B
2012-07-02,83.33999633789062,83.66999816894531,82.86000061035156,83.6500015258789,3668200,BRK-B
2012-07-03,83.63999938964844,83.87999725341797,83.2699966430664,83.77999877929688,1811100,BRK-B
2012-07-05,83.44999694824219,83.69999694824219,83.16000366210938,83.22000122070312,3094100,BRK-B
2012-07-06,82.5,82.83000183105469,82.13999938964844,82.54000091552734,3249300,BRK-B
2012-07-09,82.56999969482422,83.66999816894531,82.37999725341797,83.38999938964844,3695100,BRK-B
2012-07-10,83.62999725341797,83.72000122070312,82.9000015258789,83.05000305175781,3531900,BRK-B
2012-07-11,83.25,84.41000366210938,83.25,84.08999633789062,5289100,BRK-B
2012-07-12,83.41999816894531,83.98999786376953,83.19000244140625,83.54000091552734,3992200,BRK-B
2012-07-13,83.7699966430664,84.48999786376953,83.51000213623047,84.4800033569336,3833700,BRK-B
2012-07-16,84.30999755859375,84.48999786376953,83.5,83.9800033569336,3234500,BRK-B
2012-07-17,84.05999755859375,85.19000244140625,83.70999908447266,85.19000244140625,4669000,BRK-B
2012-07-18,84.87999725341797,85.3499984741211,84.79000091552734,84.9800033569336,3572400,BRK-B
2012-07-19,84.97000122070312,85.16999816894531,84.20999908447266,84.62999725341797,2936500,BRK-B
2012-07-20,84.22000122070312,84.27999877929688,83.61000061035156,83.83000183105469,4534400,BRK-B
2012-07-23,82.98999786376953,84.22000122070312,82.94999694824219,83.58999633789062,3814800,BRK-B
2012-07-24,83.54000091552734,83.9000015258789,83.02999877929688,83.69999694824219,3465600,BRK-B
2012-07-25,84.12999725341797,84.44000244140625,83.33000183105469,84.04000091552734,3773300,BRK-B
2012-07-26,84.69000244140625,85.16999816894531,84.41999816894531,84.66999816894531,4039300,BRK-B
2012-07-27,85.05000305175781,85.38999938964844,84.75,85.19999694824219,4651300,BRK-B
2012-07-30,85.01000213623047,85.44000244140625,84.80999755859375,85.2300033569336,2717000,BRK-B
2012-07-31,85.16000366210938,85.19000244140625,84.55000305175781,84.83999633789062,3175200,BRK-B
2012-08-01,85.04000091552734,85.30999755859375,82.12000274658203,84.62000274658203,9871600,BRK-B
2012-08-02,84.0199966430664,84.47000122070312,83.2300033569336,84.08000183105469,4197100,BRK-B
2012-08-03,84.75,85.69000244140625,84.70999908447266,85.58000183105469,5062400,BRK-B
2012-08-06,86.01000213623047,86.01000213623047,85.08999633789062,85.1500015258789,3296200,BRK-B
2012-08-07,85.36000061035156,85.75,84.63999938964844,84.66999816894531,4796300,BRK-B
2012-08-08,84.30000305175781,84.8499984741211,84.29000091552734,84.6500015258789,2847600,BRK-B
2012-08-09,84.69999694824219,85.0,84.37999725341797,84.54000091552734,2789100,BRK-B
2012-08-10,84.43000030517578,84.87000274658203,84.20999908447266,84.7699966430664,2187800,BRK-B
2012-08-13,84.61000061035156,85.12000274658203,84.5,84.98999786376953,2133600,BRK-B
2012-08-14,85.06999969482422,85.27999877929688,84.70999908447266,84.94000244140625,2550600,BRK-B
2012-08-15,84.94999694824219,85.19000244140625,84.66000366210938,84.70999908447266,2127300,BRK-B
2012-08-16,84.79000091552734,85.5,84.52999877929688,85.22000122070312,3314900,BRK-B
2012-08-17,85.4800033569336,85.87000274658203,85.19999694824219,85.87000274658203,3610100,BRK-B
2012-08-20,85.5,85.76000213623047,85.2699966430664,85.75,2556200,BRK-B
2012-08-21,85.86000061035156,85.88999938964844,85.0199966430664,85.22000122070312,3242700,BRK-B
2012-08-22,85.25,85.94999694824219,85.0199966430664,85.69000244140625,3300800,BRK-B
2012-08-23,85.6500015258789,85.68000030517578,85.12000274658203,85.1500015258789,2749000,BRK-B
2012-08-24,85.0,85.51000213623047,84.91999816894531,85.38999938964844,2126600,BRK-B
2012-08-27,85.38999938964844,85.76000213623047,85.12999725341797,85.41000366210938,2041200,BRK-B
2012-08-28,85.08000183105469,85.55999755859375,84.88999938964844,84.91999816894531,2526800,BRK-B
2012-08-29,84.58000183105469,84.80999755859375,84.12999725341797,84.55000305175781,3599500,BRK-B
2012-08-30,84.1500015258789,84.3499984741211,84.0,84.01000213623047,2707000,BRK-B
2012-08-31,84.41000366210938,84.66000366210938,83.97000122070312,84.33999633789062,3460300,BRK-B
2012-09-04,84.4000015258789,84.44999694824219,84.02999877929688,84.25,3139400,BRK-B
2012-09-05,84.44000244140625,85.33999633789062,84.33999633789062,85.19000244140625,4549200,BRK-B
2012-09-06,85.48999786376953,86.47000122070312,85.41000366210938,86.47000122070312,4890800,BRK-B
2012-09-07,86.70999908447266,86.70999908447266,86.41999816894531,86.63999938964844,4438100,BRK-B
2012-09-10,86.62000274658203,87.13999938964844,86.47000122070312,86.61000061035156,3064600,BRK-B
2012-09-11,86.62000274658203,86.97000122070312,86.4800033569336,86.76000213623047,2986200,BRK-B
2012-09-12,86.7300033569336,87.05000305175781,85.23999786376953,86.7300033569336,4033300,BRK-B
2012-09-13,86.52999877929688,88.5999984741211,86.52999877929688,88.55999755859375,6392600,BRK-B
2012-09-14,88.5199966430664,89.2300033569336,88.12000274658203,88.69999694824219,5173200,BRK-B
2012-09-17,88.56999969482422,88.73999786376953,88.31999969482422,88.5199966430664,3623500,BRK-B
2012-09-18,88.5,88.61000061035156,88.19000244140625,88.61000061035156,4250400,BRK-B
2012-09-19,88.45999908447266,89.23999786376953,88.45999908447266,88.94999694824219,3731500,BRK-B
2012-09-20,88.25,89.5,87.91000366210938,89.33000183105469,5708400,BRK-B
2012-09-21,89.87000274658203,89.94999694824219,89.2699966430664,89.54000091552734,17216000,BRK-B
2012-09-24,88.94000244140625,89.66999816894531,88.6500015258789,88.66000366210938,4474500,BRK-B
2012-09-25,88.91000366210938,89.41000366210938,88.11000061035156,88.12000274658203,4084400,BRK-B
2012-09-26,88.30999755859375,89.11000061035156,88.20999908447266,88.33000183105469,3799200,BRK-B
2012-09-27,88.62000274658203,88.66000366210938,88.06999969482422,88.26000213623047,3333500,BRK-B
2012-09-28,88.30000305175781,88.5,87.41000366210938,88.19999694824219,5250600,BRK-B
2012-10-01,88.72000122070312,89.55000305175781,88.3499984741211,88.66000366210938,4819600,BRK-B
2012-10-02,89.0999984741211,89.30999755859375,88.4000015258789,88.83000183105469,2989200,BRK-B
2012-10-03,89.1500015258789,89.68000030517578,88.5,89.48999786376953,3601600,BRK-B
2012-10-04,89.8499984741211,90.51000213623047,89.56999969482422,90.36000061035156,4346000,BRK-B
2012-10-05,90.5199966430664,90.76000213623047,90.0999984741211,90.41999816894531,3624500,BRK-B
2012-10-08,90.37000274658203,90.61000061035156,90.12999725341797,90.16999816894531,2458400,BRK-B
2012-10-09,90.05000305175781,90.51000213623047,89.22000122070312,89.26000213623047,3340000,BRK-B
2012-10-10,89.22000122070312,89.52999877929688,88.51000213623047,88.7300033569336,2823300,BRK-B
2012-10-11,89.55000305175781,89.5999984741211,88.66000366210938,88.70999908447266,2304000,BRK-B
2012-10-12,89.02999877929688,89.58999633789062,88.2300033569336,88.25,3596300,BRK-B
2012-10-15,88.43000030517578,89.30000305175781,88.2699966430664,89.11000061035156,2997200,BRK-B
2012-10-16,89.6500015258789,90.0,89.5,89.93000030517578,3278300,BRK-B
2012-10-17,90.0,90.58000183105469,89.86000061035156,90.5,3668800,BRK-B
2012-10-18,90.61000061035156,90.93000030517578,90.30000305175781,90.62000274658203,4180300,BRK-B
2012-10-19,90.3499984741211,90.5,88.5,89.26000213623047,5933700,BRK-B
2012-10-22,89.22000122070312,89.3499984741211,87.8499984741211,88.51000213623047,4090400,BRK-B
2012-10-23,87.75,87.7699966430664,86.80000305175781,86.94999694824219,5068900,BRK-B
2012-10-24,87.47000122070312,87.69999694824219,86.80999755859375,86.94000244140625,3478600,BRK-B
2012-10-25,87.44999694824219,87.44999694824219,86.79000091552734,87.1500015258789,3210900,BRK-B
2012-10-26,87.13999938964844,87.1500015258789,86.26000213623047,86.66000366210938,4399100,BRK-B
2012-10-31,86.87999725341797,87.0,86.18000030517578,86.3499984741211,4547400,BRK-B
2012-11-01,86.63999938964844,87.68000030517578,86.54000091552734,87.68000030517578,5321600,BRK-B
2012-11-02,88.36000061035156,88.44000244140625,86.91999816894531,86.93000030517578,4356900,BRK-B
2012-11-05,87.0199966430664,87.19999694824219,85.41999816894531,86.86000061035156,5171600,BRK-B
2012-11-06,87.25,87.38999938964844,86.62999725341797,87.29000091552734,4425500,BRK-B
2012-11-07,86.75,87.0,85.2699966430664,85.44999694824219,5832300,BRK-B
2012-11-08,85.5999984741211,86.4800033569336,84.51000213623047,84.58000183105469,5360300,BRK-B
2012-11-09,84.4000015258789,85.80999755859375,83.8499984741211,85.18000030517578,4806600,BRK-B
2012-11-12,85.4000015258789,85.55999755859375,85.01000213623047,85.2699966430664,2656000,BRK-B
2012-11-13,84.83000183105469,86.66999816894531,84.75,85.87000274658203,4764000,BRK-B
2012-11-14,86.13999938964844,86.31999969482422,84.8499984741211,84.87999725341797,6157700,BRK-B
2012-11-15,85.16999816894531,85.75,84.98999786376953,85.30000305175781,3898200,BRK-B
2012-11-16,85.41999816894531,86.05000305175781,84.80000305175781,85.91000366210938,6037200,BRK-B
2012-11-19,86.72000122070312,86.87999725341797,86.19000244140625,86.76000213623047,4305000,BRK-B
2012-11-20,86.61000061035156,86.87000274658203,86.04000091552734,86.79000091552734,4140000,BRK-B
2012-11-21,86.9800033569336,87.58999633789062,86.7300033569336,87.58000183105469,3749400,BRK-B
2012-11-23,88.0,88.51000213623047,87.70999908447266,88.5,2093000,BRK-B
2012-11-26,88.30000305175781,88.31999969482422,87.93000030517578,88.29000091552734,3069900,BRK-B
2012-11-27,88.29000091552734,88.87999725341797,87.91000366210938,88.08000183105469,5076800,BRK-B
2012-11-28,87.83999633789062,88.30000305175781,87.25,88.2699966430664,5053000,BRK-B
2012-11-29,88.51000213623047,88.62000274658203,87.56999969482422,87.97000122070312,3738600,BRK-B
2012-11-30,88.01000213623047,88.2699966430664,87.75,88.08000183105469,4375500,BRK-B
2012-12-03,88.27999877929688,88.62000274658203,87.7300033569336,87.75,4414200,BRK-B
2012-12-04,87.88999938964844,87.94999694824219,87.0999984741211,87.2699966430664,3531000,BRK-B
2012-12-05,87.44999694824219,87.97000122070312,87.02999877929688,87.62000274658203,4557500,BRK-B
2012-12-06,87.61000061035156,87.87000274658203,87.19000244140625,87.48999786376953,3616000,BRK-B
2012-12-07,87.79000091552734,87.80000305175781,87.01000213623047,87.33000183105469,3892100,BRK-B
2012-12-10,87.30000305175781,87.33000183105469,87.01000213623047,87.0999984741211,3354900,BRK-B
2012-12-11,87.31999969482422,87.66999816894531,86.94999694824219,87.2699966430664,4166700,BRK-B
2012-12-12,88.0,90.04000091552734,87.80000305175781,89.31999969482422,11077000,BRK-B
2012-12-13,89.47000122070312,89.81999969482422,89.02999877929688,89.44000244140625,5568500,BRK-B
2012-12-14,89.5,89.73999786376953,89.08999633789062,89.1500015258789,4726300,BRK-B
2012-12-17,89.75,90.0199966430664,89.5,89.9800033569336,5503400,BRK-B
2012-12-18,89.97000122070312,90.4000015258789,89.80999755859375,90.37000274658203,6580800,BRK-B
2012-12-19,90.37000274658203,90.70999908447266,89.68000030517578,90.0999984741211,5137700,BRK-B
2012-12-20,90.30000305175781,90.83000183105469,90.0199966430664,90.69000244140625,5745500,BRK-B
2012-12-21,90.08999633789062,90.75,89.66000366210938,89.83000183105469,10074600,BRK-B
2012-12-24,89.79000091552734,90.02999877929688,89.37000274658203,89.83000183105469,2565200,BRK-B
2012-12-26,89.93000030517578,90.0,89.01000213623047,89.26000213623047,3409200,BRK-B
2012-12-27,89.22000122070312,89.66999816894531,88.76000213623047,89.22000122070312,4478500,BRK-B
2012-12-28,88.86000061035156,89.05999755859375,88.55000305175781,88.55000305175781,4482200,BRK-B
2012-12-31,88.48999786376953,89.81999969482422,88.11000061035156,89.69999694824219,7011800,BRK-B
2013-01-02,91.31999969482422,93.19999694824219,91.29000091552734,93.19999694824219,7529000,BRK-B
2013-01-03,93.11000061035156,94.33999633789062,92.81999969482422,93.62000274658203,7174600,BRK-B
2013-01-04,93.73999786376953,94.05000305175781,93.36000061035156,93.8499984741211,4142200,BRK-B
2013-01-07,93.80000305175781,93.87999725341797,93.13999938964844,93.44999694824219,3987500,BRK-B
2013-01-08,93.37999725341797,93.80999755859375,92.9800033569336,93.80999755859375,3657800,BRK-B
2013-01-09,94.08000183105469,94.08000183105469,93.0199966430664,93.31999969482422,3505000,BRK-B
2013-01-10,93.77999877929688,94.69000244140625,93.41000366210938,94.6500015258789,4682900,BRK-B
2013-01-11,94.72000122070312,94.75,94.22000122070312,94.38999938964844,4269400,BRK-B
2013-01-14,94.55000305175781,95.36000061035156,94.18000030517578,95.36000061035156,5144300,BRK-B
2013-01-15,95.11000061035156,95.4800033569336,94.76000213623047,95.36000061035156,3625600,BRK-B
2013-01-16,95.19999694824219,95.27999877929688,94.80999755859375,95.02999877929688,3810400,BRK-B
2013-01-17,95.44000244140625,95.5,94.83999633789062,95.30000305175781,3954800,BRK-B
2013-01-18,95.5,95.58999633789062,94.58000183105469,95.16000366210938,6390600,BRK-B
2013-01-22,95.16000366210938,95.91999816894531,94.87999725341797,95.91000366210938,4293600,BRK-B
2013-01-23,96.0,96.55999755859375,95.48999786376953,96.4800033569336,3679900,BRK-B
2013-01-24,96.58999633789062,97.7300033569336,96.52999877929688,97.30999755859375,4830500,BRK-B
2013-01-25,97.70999908447266,97.75,96.77999877929688,97.38999938964844,3808600,BRK-B
2013-01-28,97.41999816894531,97.54000091552734,96.75,97.12000274658203,3603300,BRK-B
2013-01-29,97.30999755859375,97.36000061035156,96.9800033569336,97.23999786376953,4329900,BRK-B
2013-01-30,97.31999969482422,97.33000183105469,96.44000244140625,96.87999725341797,3948500,BRK-B
2013-01-31,96.5,97.11000061035156,96.30000305175781,96.93000030517578,4425500,BRK-B
2013-02-01,97.55999755859375,99.0,97.19999694824219,98.0,4350900,BRK-B
2013-02-04,97.76000213623047,98.0,96.36000061035156,96.51000213623047,4226000,BRK-B
2013-02-05,97.16999816894531,98.04000091552734,97.0,97.91000366210938,3340700,BRK-B
2013-02-06,97.3499984741211,97.88999938964844,97.26000213623047,97.83000183105469,2904800,BRK-B
2013-02-07,97.80000305175781,97.97000122070312,97.01000213623047,97.11000061035156,3540100,BRK-B
2013-02-08,97.25,97.33000183105469,96.7300033569336,97.25,2996000,BRK-B
2013-02-11,97.45999908447266,97.5,97.04000091552734,97.12999725341797,1765300,BRK-B
2013-02-12,97.06999969482422,97.98999786376953,97.01000213623047,97.69999694824219,2385700,BRK-B
2013-02-13,97.72000122070312,98.19999694824219,97.58999633789062,97.97000122070312,2450100,BRK-B
2013-02-14,97.83999633789062,99.30999755859375,97.83999633789062,99.20999908447266,5013700,BRK-B
2013-02-15,99.63999938964844,99.79000091552734,99.2300033569336,99.7699966430664,5200600,BRK-B
2013-02-19,99.9800033569336,101.08000183105469,99.69999694824219,101.0199966430664,4290100,BRK-B
2013-02-20,101.13999938964844,101.48999786376953,100.0199966430664,100.22000122070312,5384400,BRK-B
2013-02-21,100.08999633789062,100.55000305175781,99.66999816894531,100.16999816894531,6168500,BRK-B
2013-02-22,100.5,101.2699966430664,100.22000122070312,101.20999908447266,3448400,BRK-B
2013-02-25,101.73999786376953,102.0,98.44000244140625,98.58000183105469,5836200,BRK-B
2013-02-26,99.05000305175781,101.0,98.25,98.72000122070312,4406400,BRK-B
2013-02-27,98.58000183105469,101.2699966430664,98.58000183105469,101.20999908447266,4319700,BRK-B
2013-02-28,101.44000244140625,102.33000183105469,101.30999755859375,102.16000366210938,8875500,BRK-B
2013-03-01,101.44999694824219,102.25,100.44000244140625,102.05000305175781,4812800,BRK-B
2013-03-04,101.66000366210938,101.9800033569336,100.5,101.94999694824219,4314100,BRK-B
2013-03-05,102.4800033569336,103.4800033569336,102.33000183105469,102.66000366210938,4449800,BRK-B
2013-03-06,103.29000091552734,103.55999755859375,102.76000213623047,103.23999786376953,3316300,BRK-B
2013-03-07,103.25,103.58000183105469,103.02999877929688,103.41000366210938,2619400,BRK-B
2013-03-08,103.9800033569336,104.0,103.0999984741211,103.62999725341797,3509600,BRK-B
2013-03-11,103.7699966430664,104.1500015258789,103.41000366210938,104.06999969482422,3268700,BRK-B
2013-03-12,104.08999633789062,104.19000244140625,102.12000274658203,103.01000213623047,3767500,BRK-B
2013-03-13,103.05999755859375,103.69999694824219,102.97000122070312,103.6500015258789,2876900,BRK-B
2013-03-14,103.80999755859375,104.25,103.58999633789062,103.98999786376953,3178400,BRK-B
2013-03-15,103.66999816894531,103.79000091552734,102.79000091552734,102.79000091552734,7253800,BRK-B
2013-03-18,102.11000061035156,102.8499984741211,101.91000366210938,102.12000274658203,3585500,BRK-B
2013-03-19,102.37000274658203,102.73999786376953,101.30000305175781,101.7699966430664,3343300,BRK-B
2013-03-20,102.18000030517578,102.56999969482422,101.87000274658203,102.33999633789062,3284100,BRK-B
2013-03-21,101.94000244140625,102.56999969482422,101.7300033569336,101.95999908447266,4422700,BRK-B
2013-03-22,101.98999786376953,102.69999694824219,101.94999694824219,102.56999969482422,2427800,BRK-B
2013-03-25,103.0,103.2699966430664,101.91999816894531,102.4000015258789,3238700,BRK-B
2013-03-26,102.88999938964844,103.83999633789062,102.45999908447266,103.81999969482422,3473900,BRK-B
2013-03-27,103.20999908447266,103.44999694824219,102.63999938964844,103.16000366210938,2358800,BRK-B
2013-03-28,103.31999969482422,104.4800033569336,102.97000122070312,104.19999694824219,4531100,BRK-B
2013-04-01,104.16999816894531,104.45999908447266,103.16999816894531,103.47000122070312,2416800,BRK-B
2013-04-02,103.95999908447266,105.5,103.80000305175781,105.13999938964844,4082200,BRK-B
2013-04-03,105.52999877929688,105.52999877929688,104.05000305175781,104.23999786376953,3894300,BRK-B
2013-04-04,104.66000366210938,105.55999755859375,104.36000061035156,105.12999725341797,3836400,BRK-B
2013-04-05,103.91000366210938,104.38999938964844,103.33999633789062,104.1500015258789,3680800,BRK-B
2013-04-08,104.54000091552734,105.29000091552734,103.62000274658203,105.26000213623047,2500000,BRK-B
2013-04-09,105.37999725341797,105.47000122070312,104.77999877929688,105.12000274658203,2666600,BRK-B
2013-04-10,105.2699966430664,106.37000274658203,104.91000366210938,106.33000183105469,3108600,BRK-B
2013-04-11,106.37999725341797,106.9800033569336,106.0199966430664,106.7300033569336,3547000,BRK-B
2013-04-12,106.5,107.05000305175781,106.30000305175781,107.04000091552734,3082100,BRK-B
2013-04-15,106.83999633789062,107.43000030517578,104.2699966430664,104.5199966430664,5594300,BRK-B
2013-04-16,105.29000091552734,107.48999786376953,105.1500015258789,107.16000366210938,4429800,BRK-B
2013-04-17,106.41999816894531,106.69000244140625,104.30000305175781,105.16999816894531,4493500,BRK-B
2013-04-18,105.0199966430664,105.2300033569336,102.69000244140625,103.0,3964900,BRK-B
2013-04-19,103.45999908447266,105.45999908447266,103.08999633789062,105.27999877929688,4167300,BRK-B
2013-04-22,105.5199966430664,105.72000122070312,104.12999725341797,105.0199966430664,3108100,BRK-B
2013-04-23,105.41999816894531,106.70999908447266,105.30000305175781,106.68000030517578,4082800,BRK-B
2013-04-24,106.72000122070312,107.0,106.36000061035156,106.75,2443500,BRK-B
2013-04-25,107.0199966430664,108.04000091552734,106.81999969482422,107.47000122070312,3579400,BRK-B
2013-04-26,107.54000091552734,107.9000015258789,106.5,107.0999984741211,3869800,BRK-B
2013-04-29,107.19000244140625,107.4000015258789,106.41000366210938,106.61000061035156,2573900,BRK-B
2013-04-30,106.5999984741211,106.69999694824219,105.62999725341797,106.31999969482422,5047000,BRK-B
2013-05-01,105.97000122070312,107.08999633789062,105.97000122070312,106.12000274658203,3133100,BRK-B
2013-05-02,106.48999786376953,107.33000183105469,106.23999786376953,107.30000305175781,2569000,BRK-B
2013-05-03,108.26000213623047,109.19999694824219,108.2300033569336,108.63999938964844,4447700,BRK-B
2013-05-06,110.94999694824219,111.25,109.44999694824219,110.0,4929200,BRK-B
2013-05-07,110.48999786376953,110.5,109.45999908447266,109.9000015258789,3679300,BRK-B
2013-05-08,109.95999908447266,110.9800033569336,109.43000030517578,110.94000244140625,3814900,BRK-B
2013-05-09,110.8499984741211,111.33999633789062,110.3499984741211,110.66000366210938,3405100,BRK-B
2013-05-10,111.0999984741211,111.87999725341797,111.0,111.81999969482422,3786300,BRK-B
2013-05-13,111.83000183105469,112.33999633789062,111.41000366210938,111.73999786376953,2806600,BRK-B
2013-05-14,112.08000183105469,112.7300033569336,111.80000305175781,112.66999816894531,3891300,BRK-B
2013-05-15,112.56999969482422,112.9800033569336,112.1500015258789,112.7699966430664,3854900,BRK-B
2013-05-16,112.5199966430664,112.52999877929688,111.25,111.54000091552734,3621800,BRK-B
2013-05-17,111.94999694824219,113.0999984741211,111.76000213623047,113.0199966430664,4791000,BRK-B
2013-05-20,112.87000274658203,113.55000305175781,112.58000183105469,113.0,3096600,BRK-B
2013-05-21,113.06999969482422,113.33999633789062,112.44999694824219,112.69999694824219,3614600,BRK-B
2013-05-22,112.81999969482422,113.44999694824219,111.11000061035156,111.8499984741211,5845600,BRK-B
2013-05-23,110.45999908447266,111.72000122070312,109.11000061035156,111.29000091552734,5564700,BRK-B
2013-05-24,110.5,110.83000183105469,109.91999816894531,110.83000183105469,3517000,BRK-B
2013-05-28,112.16999816894531,112.5,111.76000213623047,112.27999877929688,5312600,BRK-B
2013-05-29,111.66000366210938,113.45999908447266,111.41000366210938,113.02999877929688,4557200,BRK-B
2013-05-30,113.37000274658203,115.0,113.30999755859375,114.83999633789062,5531300,BRK-B
2013-05-31,114.81999969482422,115.0,113.87999725341797,114.06999969482422,8636300,BRK-B
2013-06-03,114.76000213623047,114.76000213623047,113.02999877929688,114.06999969482422,4944800,BRK-B
2013-06-04,113.94999694824219,114.0,112.9000015258789,113.41999816894531,4339600,BRK-B
2013-06-05,112.9000015258789,113.16000366210938,111.05000305175781,111.51000213623047,5034700,BRK-B
2013-06-06,111.33999633789062,113.16999816894531,111.1500015258789,113.0999984741211,4550300,BRK-B
2013-06-07,113.88999938964844,115.55000305175781,113.52999877929688,115.30999755859375,4725500,BRK-B
2013-06-10,115.55999755859375,115.9800033569336,114.80000305175781,115.1500015258789,3126900,BRK-B
2013-06-11,114.41000366210938,114.43000030517578,113.26000213623047,113.51000213623047,4064800,BRK-B
2013-06-12,114.01000213623047,114.3499984741211,112.66000366210938,112.94999694824219,3941700,BRK-B
2013-06-13,112.88999938964844,115.13999938964844,112.2699966430664,114.98999786376953,4018900,BRK-B
2013-06-14,114.94000244140625,115.08000183105469,113.94000244140625,114.16000366210938,2978600,BRK-B
2013-06-17,114.75,115.56999969482422,113.83000183105469,114.91999816894531,3509400,BRK-B
2013-06-18,115.01000213623047,115.58999633789062,114.83999633789062,115.16999816894531,2992200,BRK-B
2013-06-19,115.13999938964844,115.66000366210938,113.80999755859375,113.83999633789062,3471600,BRK-B
2013-06-20,113.19999694824219,113.91000366210938,110.86000061035156,111.41000366210938,6299300,BRK-B
2013-06-21,112.62999725341797,113.12999725341797,111.25,112.37999725341797,7188700,BRK-B
2013-06-24,111.75,112.0,109.52999877929688,110.70999908447266,5193400,BRK-B
2013-06-25,111.80999755859375,112.30999755859375,110.87999725341797,112.06999969482422,4147900,BRK-B
2013-06-26,112.9800033569336,113.5,112.2699966430664,112.91000366210938,3763100,BRK-B
2013-06-27,113.62999725341797,113.69999694824219,112.94999694824219,113.0,3209200,BRK-B
2013-06-28,112.66000366210938,112.86000061035156,111.66000366210938,111.91999816894531,4455800,BRK-B
2013-07-01,112.51000213623047,113.7699966430664,112.51000213623047,113.04000091552734,3302000,BRK-B
2013-07-02,112.83999633789062,113.36000061035156,112.08000183105469,112.5199966430664,2748600,BRK-B
2013-07-03,112.02999877929688,112.70999908447266,111.58000183105469,112.62999725341797,1350000,BRK-B
2013-07-05,113.33999633789062,115.0,113.20999908447266,114.95999908447266,3158100,BRK-B
2013-07-08,115.5,115.87000274658203,114.80000305175781,115.01000213623047,3482000,BRK-B
2013-07-09,115.62000274658203,115.94999694824219,115.11000061035156,115.80000305175781,3385900,BRK-B
2013-07-10,115.5,115.77999877929688,114.55999755859375,114.87999725341797,2606200,BRK-B
2013-07-11,115.98999786376953,117.37000274658203,115.43000030517578,116.9800033569336,4339900,BRK-B
2013-07-12,116.80999755859375,117.19999694824219,116.55000305175781,117.12000274658203,3285100,BRK-B
2013-07-15,117.33999633789062,117.47000122070312,116.86000061035156,117.20999908447266,2776300,BRK-B
2013-07-16,117.45999908447266,117.9800033569336,117.02999877929688,117.19999694824219,2653800,BRK-B
2013-07-17,117.83000183105469,118.12999725341797,117.44000244140625,117.62999725341797,3042000,BRK-B
2013-07-18,117.88999938964844,118.55999755859375,117.83000183105469,118.55999755859375,4139900,BRK-B
2013-07-19,118.68000030517578,119.08000183105469,118.11000061035156,118.9000015258789,3569700,BRK-B
2013-07-22,119.16000366210938,119.30000305175781,118.55000305175781,118.94000244140625,2786200,BRK-B
2013-07-23,119.06999969482422,119.08000183105469,118.1500015258789,118.20999908447266,2844500,BRK-B
2013-07-24,118.26000213623047,118.70999908447266,116.23999786376953,116.45999908447266,3657000,BRK-B
2013-07-25,116.0,117.45999908447266,115.51000213623047,117.06999969482422,3241400,BRK-B
2013-07-26,116.56999969482422,117.3499984741211,115.61000061035156,117.33999633789062,3139900,BRK-B
2013-07-29,116.91000366210938,116.91000366210938,115.9800033569336,116.41999816894531,2447100,BRK-B
2013-07-30,116.9000015258789,117.26000213623047,115.55999755859375,115.79000091552734,3559700,BRK-B
2013-07-31,116.37000274658203,116.88999938964844,115.80000305175781,115.87000274658203,3811700,BRK-B
2013-08-01,116.9800033569336,117.5,116.5199966430664,117.27999877929688,3992400,BRK-B
2013-08-02,117.37000274658203,117.86000061035156,116.8499984741211,117.81999969482422,3432400,BRK-B
2013-08-05,119.0999984741211,119.13999938964844,117.87999725341797,118.2300033569336,2858100,BRK-B
2013-08-06,118.2300033569336,118.44999694824219,117.26000213623047,117.91000366210938,2756900,BRK-B
2013-08-07,117.4000015258789,117.4000015258789,116.47000122070312,116.80000305175781,2767800,BRK-B
2013-08-08,117.4000015258789,117.86000061035156,116.5999984741211,117.63999938964844,2558200,BRK-B
2013-08-09,117.5,117.73999786376953,116.51000213623047,116.70999908447266,2194600,BRK-B
2013-08-12,116.23999786376953,117.33000183105469,116.0999984741211,117.12999725341797,2232900,BRK-B
2013-08-13,117.3499984741211,117.61000061035156,116.43000030517578,117.27999877929688,1903500,BRK-B
2013-08-14,117.04000091552734,117.33000183105469,116.45999908447266,116.56999969482422,1929300,BRK-B
2013-08-15,116.0,116.22000122070312,114.58999633789062,114.80000305175781,3626000,BRK-B
2013-08-16,114.52999877929688,115.69000244140625,114.30000305175781,115.23999786376953,3509900,BRK-B
2013-08-19,115.13999938964844,115.48999786376953,114.19000244140625,114.30000305175781,2249200,BRK-B
2013-08-20,114.20999908447266,115.3499984741211,114.1500015258789,115.01000213623047,2448400,BRK-B
2013-08-21,114.80000305175781,115.0,113.5199966430664,113.9800033569336,3111500,BRK-B
2013-08-22,114.18000030517578,115.33000183105469,113.97000122070312,114.75,3476000,BRK-B
2013-08-23,115.0,115.08999633789062,114.08000183105469,114.2699966430664,2951600,BRK-B
2013-08-26,114.33999633789062,114.94999694824219,113.83999633789062,113.8499984741211,3029200,BRK-B
2013-08-27,113.19999694824219,113.47000122070312,111.20999908447266,111.54000091552734,5034900,BRK-B
2013-08-28,111.16000366210938,112.83000183105469,111.11000061035156,112.19999694824219,3140900,BRK-B
2013-08-29,111.87999725341797,112.69000244140625,111.69999694824219,111.98999786376953,2655800,BRK-B
2013-08-30,112.25,112.4800033569336,110.72000122070312,111.22000122070312,3998100,BRK-B
2013-09-03,112.31999969482422,112.94999694824219,111.3499984741211,112.08000183105469,3340000,BRK-B
2013-09-04,111.75,112.44999694824219,111.3499984741211,112.08000183105469,3916100,BRK-B
2013-09-05,112.0,112.6500015258789,111.86000061035156,112.2699966430664,3398900,BRK-B
2013-09-06,112.44000244140625,112.54000091552734,110.72000122070312,111.86000061035156,2845300,BRK-B
2013-09-09,112.12999725341797,112.66999816894531,111.44999694824219,112.66999816894531,3028900,BRK-B
2013-09-10,113.30999755859375,113.80000305175781,112.81999969482422,113.58999633789062,3587800,BRK-B
2013-09-11,113.55999755859375,114.27999877929688,113.41999816894531,114.27999877929688,3536000,BRK-B
2013-09-12,114.25,114.25,113.08999633789062,113.37999725341797,2968400,BRK-B
2013-09-13,113.29000091552734,113.70999908447266,112.94000244140625,113.54000091552734,2010200,BRK-B
2013-09-16,114.37000274658203,115.0999984741211,114.22000122070312,114.83999633789062,3158400,BRK-B
2013-09-17,115.16000366210938,115.91999816894531,115.0199966430664,115.38999938964844,4196100,BRK-B
2013-09-18,115.38999938964844,117.06999969482422,114.94999694824219,116.69999694824219,4910100,BRK-B
2013-09-19,117.0999984741211,117.7699966430664,116.62000274658203,117.16999816894531,5064000,BRK-B
2013-09-20,117.7699966430664,117.97000122070312,116.8499984741211,117.9000015258789,8977900,BRK-B
2013-09-23,117.05999755859375,117.0999984741211,115.20999908447266,115.63999938964844,4477200,BRK-B
2013-09-24,115.7699966430664,115.87999725341797,114.8499984741211,115.05000305175781,3256800,BRK-B
2013-09-25,115.0,116.0,114.86000061035156,115.51000213623047,4326100,BRK-B
2013-09-26,115.41999816894531,116.37000274658203,115.01000213623047,115.79000091552734,2362400,BRK-B
2013-09-27,115.30000305175781,115.41000366210938,114.51000213623047,114.8499984741211,2777200,BRK-B
2013-09-30,113.73999786376953,114.11000061035156,113.0199966430664,113.51000213623047,3907300,BRK-B
2013-10-01,113.73999786376953,114.43000030517578,113.33999633789062,114.13999938964844,3146000,BRK-B
2013-10-02,113.55000305175781,114.41000366210938,113.16000366210938,114.41000366210938,4435300,BRK-B
2013-10-03,114.05000305175781,114.05000305175781,112.81999969482422,113.37000274658203,4110400,BRK-B
2013-10-04,113.41000366210938,114.33999633789062,113.30000305175781,113.75,3503000,BRK-B
2013-10-07,112.98999786376953,113.68000030517578,112.4000015258789,112.86000061035156,3651800,BRK-B
2013-10-08,112.86000061035156,113.12000274658203,111.25,111.37000274658203,4414000,BRK-B
2013-10-09,111.66000366210938,112.20999908447266,110.83999633789062,111.7699966430664,3773500,BRK-B
2013-10-10,113.13999938964844,114.91999816894531,113.05999755859375,114.83999633789062,4147000,BRK-B
2013-10-11,114.8499984741211,115.83000183105469,114.19999694824219,115.80999755859375,3551900,BRK-B
2013-10-14,114.98999786376953,116.08000183105469,114.48999786376953,116.0,3668400,BRK-B
2013-10-15,115.8499984741211,115.8499984741211,114.48999786376953,114.62999725341797,2872700,BRK-B
2013-10-16,115.19999694824219,116.79000091552734,114.97000122070312,116.69000244140625,3742800,BRK-B
2013-10-17,116.6500015258789,117.25,116.04000091552734,116.91999816894531,3703900,BRK-B
2013-10-18,117.47000122070312,117.5,116.77999877929688,116.97000122070312,3153100,BRK-B
2013-10-21,116.94999694824219,117.0,116.43000030517578,116.88999938964844,2175300,BRK-B
2013-10-22,117.19000244140625,117.61000061035156,117.0,117.48999786376953,3716600,BRK-B
2013-10-23,117.0999984741211,117.5,116.30000305175781,116.41000366210938,2758800,BRK-B
2013-10-24,116.94999694824219,117.30999755859375,116.61000061035156,116.83999633789062,2597200,BRK-B
2013-10-25,116.77999877929688,117.0999984741211,116.5199966430664,117.02999877929688,2941700,BRK-B
2013-10-28,117.18000030517578,117.20999908447266,116.66999816894531,116.94000244140625,2729700,BRK-B
2013-10-29,116.91000366210938,117.44000244140625,116.76000213623047,117.41000366210938,2584600,BRK-B
2013-10-30,117.55999755859375,117.69999694824219,116.30999755859375,116.33999633789062,2941300,BRK-B
2013-10-31,116.31999969482422,116.41000366210938,115.05000305175781,115.08999633789062,4376800,BRK-B
2013-11-01,115.27999877929688,116.06999969482422,114.94000244140625,115.2699966430664,3703900,BRK-B
2013-11-04,115.77999877929688,115.81999969482422,114.5,114.87000274658203,3522300,BRK-B
2013-11-05,114.47000122070312,115.0999984741211,114.30000305175781,114.36000061035156,2297600,BRK-B
2013-11-06,114.69000244140625,115.11000061035156,114.5999984741211,114.91000366210938,3536000,BRK-B
2013-11-07,115.12000274658203,115.45999908447266,113.79000091552734,113.83000183105469,3553400,BRK-B
2013-11-08,113.5,115.91999816894531,113.5,115.87999725341797,4497400,BRK-B
2013-11-11,115.5,116.0,115.26000213623047,115.6500015258789,1946800,BRK-B
2013-11-12,115.30999755859375,115.45999908447266,114.0,114.20999908447266,3084000,BRK-B
2013-11-13,113.76000213623047,114.88999938964844,113.76000213623047,114.80999755859375,3910100,BRK-B
2013-11-14,114.86000061035156,115.69000244140625,114.70999908447266,115.69000244140625,2854600,BRK-B
2013-11-15,115.33999633789062,116.33999633789062,115.23999786376953,116.30000305175781,3682400,BRK-B
2013-11-18,116.55999755859375,116.55999755859375,115.69000244140625,115.9000015258789,2633200,BRK-B
2013-11-19,115.9000015258789,116.22000122070312,115.45999908447266,115.83999633789062,2611300,BRK-B
2013-11-20,115.91999816894531,115.91999816894531,114.54000091552734,114.9000015258789,2833000,BRK-B
2013-11-21,115.31999969482422,116.51000213623047,114.70999908447266,116.41999816894531,3201300,BRK-B
2013-11-22,116.5199966430664,117.33000183105469,116.41999816894531,116.95999908447266,3181100,BRK-B
2013-11-25,117.18000030517578,117.27999877929688,115.37999725341797,115.62999725341797,4220600,BRK-B
2013-11-26,115.80000305175781,116.83999633789062,115.76000213623047,116.58000183105469,4320100,BRK-B
2013-11-27,116.5999984741211,116.94999694824219,115.95999908447266,116.58000183105469,2682100,BRK-B
2013-11-29,116.7300033569336,116.97000122070312,116.08999633789062,116.52999877929688,2098700,BRK-B
2013-12-02,116.5,116.58999633789062,115.11000061035156,115.33000183105469,4021100,BRK-B
2013-12-03,114.58999633789062,115.01000213623047,114.04000091552734,114.79000091552734,3913800,BRK-B
2013-12-04,114.3499984741211,115.58000183105469,114.0,115.30000305175781,3675700,BRK-B
2013-12-05,115.01000213623047,115.55999755859375,114.87000274658203,114.95999908447266,2874600,BRK-B
2013-12-06,115.97000122070312,116.69999694824219,115.76000213623047,116.66000366210938,3260500,BRK-B
2013-12-09,116.87999725341797,117.45999908447266,116.7699966430664,117.13999938964844,3370200,BRK-B
2013-12-10,117.02999877929688,117.1500015258789,115.5999984741211,115.61000061035156,2969700,BRK-B
2013-12-11,115.5999984741211,115.80000305175781,114.27999877929688,114.51000213623047,3754300,BRK-B
2013-12-12,114.48999786376953,115.05999755859375,114.04000091552734,114.37999725341797,3120300,BRK-B
2013-12-13,114.37999725341797,115.02999877929688,113.98999786376953,114.05999755859375,2982400,BRK-B
2013-12-16,114.4000015258789,114.70999908447266,113.66999816894531,113.95999908447266,4792000,BRK-B
2013-12-17,114.1500015258789,114.18000030517578,113.58000183105469,113.62999725341797,3699200,BRK-B
2013-12-18,113.93000030517578,116.2699966430664,113.5,116.13999938964844,5427100,BRK-B
2013-12-19,115.83999633789062,116.61000061035156,115.66000366210938,116.36000061035156,3489800,BRK-B
2013-12-20,116.23999786376953,116.69999694824219,115.5999984741211,115.5999984741211,7377000,BRK-B
2013-12-23,116.4000015258789,117.16999816894531,116.22000122070312,117.04000091552734,3506900,BRK-B
2013-12-24,117.2699966430664,117.43000030517578,117.0,117.43000030517578,1077700,BRK-B
2013-12-26,117.43000030517578,117.98999786376953,117.02999877929688,117.98999786376953,2036200,BRK-B
2013-12-27,117.98999786376953,118.20999908447266,117.72000122070312,118.0,1898800,BRK-B
2013-12-30,118.33000183105469,118.55999755859375,117.75,118.04000091552734,1942600,BRK-B
2013-12-31,118.05000305175781,118.66000366210938,117.80999755859375,118.55999755859375,2420000,BRK-B
2014-01-02,118.33999633789062,118.5,117.36000061035156,117.5,3087000,BRK-B
2014-01-03,117.5,118.0,117.37999725341797,117.56999969482422,2694500,BRK-B
2014-01-06,118.19999694824219,118.19999694824219,116.26000213623047,116.27999877929688,3426000,BRK-B
2014-01-07,116.61000061035156,116.94999694824219,115.95999908447266,116.19000244140625,4062000,BRK-B
2014-01-08,116.0,116.37000274658203,115.25,115.33999633789062,3822700,BRK-B
2014-01-09,115.7699966430664,115.93000030517578,115.02999877929688,115.31999969482422,3339600,BRK-B
2014-01-10,116.0199966430664,116.0199966430664,114.43000030517578,114.97000122070312,3344400,BRK-B
2014-01-13,115.08000183105469,115.27999877929688,113.76000213623047,114.01000213623047,4742300,BRK-B
2014-01-14,114.1500015258789,114.95999908447266,113.5999984741211,114.95999908447266,3766400,BRK-B
2014-01-15,115.2300033569336,115.8499984741211,114.69999694824219,115.8499984741211,4513300,BRK-B
2014-01-16,115.94000244140625,116.06999969482422,114.91000366210938,115.23999786376953,2702100,BRK-B
2014-01-17,115.47000122070312,115.58000183105469,114.75,115.06999969482422,4173000,BRK-B
2014-01-21,115.31999969482422,115.48999786376953,114.26000213623047,115.1500015258789,4248600,BRK-B
2014-01-22,115.41999816894531,115.91000366210938,115.05999755859375,115.26000213623047,2823300,BRK-B
2014-01-23,114.81999969482422,114.87000274658203,113.33000183105469,113.5,5138000,BRK-B
2014-01-24,113.05999755859375,113.19999694824219,111.76000213623047,111.80999755859375,7193300,BRK-B
2014-01-27,111.91999816894531,112.27999877929688,111.12999725341797,111.5,5172800,BRK-B
2014-01-28,111.94999694824219,112.69000244140625,111.8499984741211,112.01000213623047,4174900,BRK-B
2014-01-29,111.41000366210938,112.04000091552734,111.12000274658203,111.27999877929688,3914000,BRK-B
2014-01-30,111.8499984741211,113.33000183105469,111.37999725341797,113.0,3787600,BRK-B
2014-01-31,111.80999755859375,112.37000274658203,110.8499984741211,111.5999984741211,5865700,BRK-B
2014-02-03,112.11000061035156,112.11000061035156,108.83999633789062,108.98999786376953,7071000,BRK-B
2014-02-04,109.41999816894531,109.58999633789062,108.5999984741211,109.12999725341797,5589200,BRK-B
2014-02-05,108.94000244140625,109.30999755859375,108.12000274658203,108.77999877929688,4205900,BRK-B
2014-02-06,109.43000030517578,110.27999877929688,108.94000244140625,110.16000366210938,3909100,BRK-B
2014-02-07,110.61000061035156,112.69999694824219,110.61000061035156,112.61000061035156,5607600,BRK-B
2014-02-10,112.62000274658203,113.0,111.7300033569336,112.61000061035156,3118000,BRK-B
2014-02-11,112.83000183105469,113.79000091552734,112.13999938964844,113.61000061035156,4188400,BRK-B
2014-02-12,113.68000030517578,114.16000366210938,113.12999725341797,113.30000305175781,2907100,BRK-B
2014-02-13,112.86000061035156,114.7699966430664,112.58000183105469,114.69999694824219,3597000,BRK-B
2014-02-14,114.5,115.04000091552734,114.22000122070312,114.94999694824219,3072400,BRK-B
2014-02-18,115.16000366210938,115.22000122070312,114.36000061035156,114.7300033569336,2574800,BRK-B
2014-02-19,114.72000122070312,114.8499984741211,113.26000213623047,113.36000061035156,3683600,BRK-B
2014-02-20,113.33000183105469,113.48999786376953,112.30000305175781,113.0999984741211,4108200,BRK-B
2014-02-21,113.44000244140625,113.98999786376953,112.97000122070312,113.18000030517578,3350900,BRK-B
2014-02-24,113.25,114.0,113.12000274658203,113.19999694824219,3530100,BRK-B
2014-02-25,113.13999938964844,114.16000366210938,112.56999969482422,113.94000244140625,3255200,BRK-B
2014-02-26,113.86000061035156,114.18000030517578,113.19999694824219,113.69999694824219,3104000,BRK-B
2014-02-27,113.25,114.58000183105469,113.08000183105469,114.58000183105469,3207100,BRK-B
2014-02-28,114.80000305175781,116.0,114.20999908447266,115.77999877929688,4607400,BRK-B
2014-03-03,116.1500015258789,116.75,114.87999725341797,116.05999755859375,4556900,BRK-B
2014-03-04,117.12999725341797,118.58999633789062,117.0,118.56999969482422,4830400,BRK-B
2014-03-05,118.37999725341797,119.08000183105469,118.13999938964844,118.9800033569336,3458000,BRK-B
2014-03-06,119.16999816894531,121.44000244140625,119.11000061035156,121.19999694824219,5337700,BRK-B
2014-03-07,121.83999633789062,122.91999816894531,121.4000015258789,122.66999816894531,4384600,BRK-B
2014-03-10,122.58000183105469,124.31999969482422,122.3499984741211,124.0999984741211,4304500,BRK-B
2014-03-11,124.44000244140625,125.0,123.88999938964844,124.69000244140625,5479100,BRK-B
2014-03-12,123.91999816894531,125.20999908447266,123.88999938964844,125.16999816894531,3911500,BRK-B
2014-03-13,125.61000061035156,125.91000366210938,123.44999694824219,123.61000061035156,4714500,BRK-B
2014-03-14,123.73999786376953,124.27999877929688,122.23999786376953,122.51000213623047,4684300,BRK-B
2014-03-17,123.44000244140625,123.94999694824219,122.87999725341797,123.36000061035156,3363200,BRK-B
2014-03-18,123.4000015258789,123.55999755859375,122.5199966430664,123.27999877929688,3940000,BRK-B
2014-03-19,123.4800033569336,123.69000244140625,121.83999633789062,122.62000274658203,3210600,BRK-B
2014-03-20,122.55999755859375,124.52999877929688,122.37999725341797,124.44000244140625,3818900,BRK-B
2014-03-21,125.05000305175781,125.88999938964844,124.41999816894531,125.19999694824219,8904100,BRK-B
2014-03-24,125.51000213623047,125.88999938964844,123.9800033569336,124.31999969482422,3961100,BRK-B
2014-03-25,125.05999755859375,125.08999633789062,123.8499984741211,124.47000122070312,2938500,BRK-B
2014-03-26,125.0,125.05000305175781,123.01000213623047,123.01000213623047,3148300,BRK-B
2014-03-27,123.29000091552734,123.8499984741211,122.62999725341797,123.47000122070312,3983300,BRK-B
2014-03-28,123.83000183105469,124.37000274658203,123.02999877929688,123.52999877929688,3430300,BRK-B
2014-03-31,124.25,124.97000122070312,124.0199966430664,124.97000122070312,3711500,BRK-B
2014-04-01,125.06999969482422,125.33999633789062,124.36000061035156,124.87999725341797,2967100,BRK-B
2014-04-02,124.81999969482422,124.93000030517578,124.18000030517578,124.47000122070312,3299900,BRK-B
2014-04-03,124.48999786376953,124.70999908447266,123.88999938964844,124.30999755859375,2272200,BRK-B
2014-04-04,124.61000061035156,125.36000061035156,123.86000061035156,123.9000015258789,3264700,BRK-B
2014-04-07,123.98999786376953,124.16000366210938,123.05999755859375,123.12000274658203,4182500,BRK-B
2014-04-08,123.16999816894531,123.73999786376953,122.5199966430664,123.12999725341797,4413600,BRK-B
2014-04-09,123.2699966430664,124.12000274658203,123.16999816894531,124.01000213623047,4077200,BRK-B
2014-04-10,123.66999816894531,124.69000244140625,122.26000213623047,122.2699966430664,4102800,BRK-B
2014-04-11,122.61000061035156,122.61000061035156,121.44999694824219,121.69999694824219,3801200,BRK-B
2014-04-14,122.30000305175781,122.80000305175781,121.08999633789062,122.29000091552734,3396100,BRK-B
2014-04-15,122.75,123.95999908447266,122.0999984741211,123.7699966430664,4214500,BRK-B
2014-04-16,124.38999938964844,126.0199966430664,124.25,126.0,4110000,BRK-B
2014-04-17,125.97000122070312,127.69999694824219,125.55000305175781,127.18000030517578,4410900,BRK-B
2014-04-21,127.66999816894531,127.7300033569336,126.25,126.5,2636400,BRK-B
2014-04-22,126.41999816894531,127.43000030517578,125.05999755859375,127.1500015258789,4382300,BRK-B
2014-04-23,127.48999786376953,127.95999908447266,126.61000061035156,127.19999694824219,2568900,BRK-B
2014-04-24,127.80000305175781,127.9000015258789,126.61000061035156,126.94999694824219,2848400,BRK-B
2014-04-25,126.76000213623047,127.56999969482422,126.56999969482422,127.26000213623047,2765700,BRK-B
2014-04-28,128.00999450683594,128.30999755859375,126.16000366210938,127.69999694824219,3529900,BRK-B
2014-04-29,127.87000274658203,128.74000549316406,127.80999755859375,128.49000549316406,3053100,BRK-B
2014-04-30,128.6300048828125,129.1999969482422,128.30999755859375,128.85000610351562,4075700,BRK-B
2014-05-01,128.80999755859375,129.25,128.14999389648438,129.05999755859375,2655500,BRK-B
2014-05-02,129.4499969482422,129.72999572753906,127.81999969482422,128.08999633789062,4276700,BRK-B
2014-05-05,127.19000244140625,127.19000244140625,126.08000183105469,126.61000061035156,3486100,BRK-B
2014-05-06,126.12999725341797,126.29000091552734,124.05999755859375,124.66999816894531,5381100,BRK-B
2014-05-07,125.4000015258789,127.52999877929688,125.31999969482422,127.44999694824219,3301400,BRK-B
2014-05-08,127.2300033569336,127.48999786376953,126.33000183105469,126.66999816894531,2773300,BRK-B
2014-05-09,126.25,127.37000274658203,125.8499984741211,127.33999633789062,2935600,BRK-B
2014-05-12,127.87000274658203,128.24000549316406,126.88999938964844,127.29000091552734,3406900,BRK-B
2014-05-13,127.69000244140625,127.91999816894531,127.05999755859375,127.88999938964844,2127500,BRK-B
2014-05-14,127.80000305175781,128.0,127.51000213623047,127.52999877929688,2685300,BRK-B
2014-05-15,127.30000305175781,127.44000244140625,126.0,126.36000061035156,3206100,BRK-B
2014-05-16,126.41000366210938,126.91999816894531,125.66000366210938,126.86000061035156,2897800,BRK-B
2014-05-19,126.7699966430664,127.20999908447266,126.11000061035156,127.12999725341797,2242400,BRK-B
2014-05-20,126.91999816894531,126.94000244140625,125.69999694824219,126.05999755859375,2292300,BRK-B
2014-05-21,126.5,126.94000244140625,126.22000122070312,126.66000366210938,1917000,BRK-B
2014-05-22,126.94999694824219,127.1500015258789,126.52999877929688,126.9800033569336,1546600,BRK-B
2014-05-23,127.22000122070312,127.31999969482422,126.30999755859375,126.80000305175781,1807700,BRK-B
2014-05-27,127.41000366210938,127.75,127.25,127.5199966430664,2251600,BRK-B
2014-05-28,127.43000030517578,127.94000244140625,127.26000213623047,127.45999908447266,2211300,BRK-B
2014-05-29,127.41999816894531,128.1999969482422,127.0999984741211,128.11000061035156,2028900,BRK-B
2014-05-30,127.66999816894531,128.5,127.62000274658203,128.33999633789062,2916700,BRK-B
2014-06-02,128.27999877929688,128.75,127.37000274658203,127.87999725341797,2007200,BRK-B
2014-06-03,127.29000091552734,127.68000030517578,126.61000061035156,126.93000030517578,2445000,BRK-B
2014-06-04,127.0,127.61000061035156,126.79000091552734,127.2300033569336,1760000,BRK-B
2014-06-05,127.55999755859375,128.22000122070312,127.11000061035156,128.1999969482422,2165000,BRK-B
2014-06-06,128.1999969482422,128.64999389648438,128.0800018310547,128.64999389648438,2241500,BRK-B
2014-06-09,128.3300018310547,128.6199951171875,127.56999969482422,127.98999786376953,2385200,BRK-B
2014-06-10,127.5999984741211,128.3000030517578,127.58000183105469,128.25,2174200,BRK-B
2014-06-11,127.86000061035156,128.47999572753906,127.86000061035156,128.22000122070312,2422300,BRK-B
2014-06-12,128.4600067138672,128.58999633789062,126.93000030517578,127.27999877929688,2408700,BRK-B
2014-06-13,127.2699966430664,127.51000213623047,125.5,126.54000091552734,3397900,BRK-B
2014-06-16,125.94999694824219,126.33999633789062,125.70999908447266,126.1500015258789,2545800,BRK-B
2014-06-17,126.05000305175781,126.3499984741211,125.5999984741211,126.02999877929688,2583600,BRK-B
2014-06-18,125.94000244140625,127.3499984741211,125.44000244140625,127.16999816894531,2925400,BRK-B
2014-06-19,127.55999755859375,127.56999969482422,126.55999755859375,127.25,2954200,BRK-B
2014-06-20,127.43000030517578,128.10000610351562,126.5,126.73999786376953,6161300,BRK-B
2014-06-23,126.80000305175781,126.9800033569336,126.30000305175781,126.66999816894531,2768500,BRK-B
2014-06-24,126.3499984741211,127.37000274658203,126.3499984741211,126.77999877929688,2862500,BRK-B
2014-06-25,126.87999725341797,127.3499984741211,126.48999786376953,127.12999725341797,2531600,BRK-B
2014-06-26,127.19999694824219,127.27999877929688,126.05999755859375,127.0999984741211,2148300,BRK-B
2014-06-27,126.83000183105469,127.48999786376953,126.62999725341797,127.31999969482422,3125300,BRK-B
2014-06-30,127.11000061035156,127.12999725341797,126.37999725341797,126.55999755859375,2732800,BRK-B
2014-07-01,126.72000122070312,127.63999938964844,126.66000366210938,127.23999786376953,2885300,BRK-B
2014-07-02,127.08000183105469,127.7300033569336,126.83000183105469,127.7300033569336,2599700,BRK-B
2014-07-03,127.91000366210938,129.38999938964844,127.80999755859375,129.3000030517578,2511400,BRK-B
2014-07-07,129.14999389648438,129.14999389648438,128.1699981689453,128.6999969482422,2875600,BRK-B
2014-07-08,128.24000549316406,129.08999633789062,128.1699981689453,128.22000122070312,3052400,BRK-B
2014-07-09,128.49000549316406,128.8699951171875,128.30999755859375,128.75,1923800,BRK-B
2014-07-10,128.0,128.72000122070312,127.61000061035156,128.4499969482422,2788600,BRK-B
2014-07-11,128.3000030517578,128.72000122070312,127.93000030517578,128.6300048828125,1819800,BRK-B
2014-07-14,129.0,129.27999877929688,128.67999267578125,128.97999572753906,1541600,BRK-B
2014-07-15,128.67999267578125,129.1699981689453,128.0,128.49000549316406,2931200,BRK-B
2014-07-16,128.66000366210938,128.75,127.87999725341797,128.11000061035156,2297600,BRK-B
2014-07-17,127.91999816894531,128.1199951171875,126.4000015258789,126.5199966430664,2834500,BRK-B
2014-07-18,126.91000366210938,128.4499969482422,126.87999725341797,128.27999877929688,3563500,BRK-B
2014-07-21,127.91999816894531,128.75,127.62000274658203,128.5800018310547,1787200,BRK-B
2014-07-22,129.0,129.0,128.22999572753906,128.4199981689453,1786200,BRK-B
2014-07-23,128.24000549316406,128.5800018310547,128.0500030517578,128.1300048828125,1527600,BRK-B
2014-07-24,128.38999938964844,128.67999267578125,128.05999755859375,128.35000610351562,2241300,BRK-B
2014-07-25,128.02000427246094,128.1699981689453,127.4000015258789,127.55000305175781,1807700,BRK-B
2014-07-28,127.55000305175781,128.4499969482422,126.62999725341797,128.3699951171875,1966900,BRK-B
2014-07-29,128.25999450683594,128.66000366210938,127.36000061035156,127.36000061035156,2346600,BRK-B
2014-07-30,127.51000213623047,128.4199981689453,126.83000183105469,127.73999786376953,2066400,BRK-B
2014-07-31,127.23999786376953,127.76000213623047,125.37000274658203,125.43000030517578,3630600,BRK-B
2014-08-01,125.0,126.94999694824219,122.72000122070312,125.83000183105469,3947900,BRK-B
2014-08-04,128.05999755859375,130.02999877929688,127.08000183105469,129.72000122070312,4876800,BRK-B
2014-08-05,129.6999969482422,129.75,127.36000061035156,127.98999786376953,3370600,BRK-B
2014-08-06,127.97000122070312,129.57000732421875,127.51000213623047,129.11000061035156,2719300,BRK-B
2014-08-07,129.69000244140625,129.8800048828125,128.52000427246094,128.9499969482422,3443100,BRK-B
2014-08-08,128.8000030517578,130.9499969482422,128.6199951171875,130.89999389648438,3761100,BRK-B
2014-08-11,131.41000366210938,132.8000030517578,130.94000244140625,131.9499969482422,2782400,BRK-B
2014-08-12,132.24000549316406,133.19000244140625,131.66000366210938,133.05999755859375,2742900,BRK-B
2014-08-13,133.33999633789062,133.42999267578125,132.4600067138672,133.0800018310547,2850400,BRK-B
2014-08-14,133.22999572753906,135.3800048828125,133.13999938964844,135.3000030517578,4483400,BRK-B
2014-08-15,135.7899932861328,135.8000030517578,133.1300048828125,134.33999633789062,3940500,BRK-B
2014-08-18,135.47000122070312,135.47000122070312,134.67999267578125,135.02999877929688,2960400,BRK-B
2014-08-19,135.85000610351562,135.85000610351562,134.52000427246094,134.89999389648438,2284200,BRK-B
2014-08-20,135.0,135.10000610351562,134.4499969482422,134.91000366210938,2329800,BRK-B
2014-08-21,135.24000549316406,136.82000732421875,135.0399932861328,136.80999755859375,3328000,BRK-B
2014-08-22,136.41000366210938,136.60000610351562,135.55999755859375,135.75,2417200,BRK-B
2014-08-25,136.42999267578125,136.75,136.07000732421875,136.22999572753906,2305900,BRK-B
2014-08-26,136.69000244140625,136.75,136.1199951171875,136.25,2144700,BRK-B
2014-08-27,136.61000061035156,136.69000244140625,136.00999450683594,136.52000427246094,1893400,BRK-B
2014-08-28,136.27999877929688,136.50999450683594,135.8800048828125,136.11000061035156,2114000,BRK-B
2014-08-29,136.17999267578125,137.25,136.00999450683594,137.25,2898100,BRK-B
2014-09-02,138.02999877929688,138.27000427246094,137.05999755859375,137.9600067138672,3319300,BRK-B
2014-09-03,138.5,138.5,137.33999633789062,137.72999572753906,2789600,BRK-B
2014-09-04,137.97000122070312,138.5500030517578,137.4199981689453,137.9499969482422,2563100,BRK-B
2014-09-05,137.7100067138672,138.35000610351562,137.33999633789062,138.07000732421875,3475900,BRK-B
2014-09-08,138.1699981689453,138.89999389648438,138.0500030517578,138.27999877929688,2536000,BRK-B
2014-09-09,138.33999633789062,138.4199981689453,136.67999267578125,136.88999938964844,2959500,BRK-B
2014-09-10,137.27000427246094,137.9499969482422,137.16000366210938,137.72000122070312,2037900,BRK-B
2014-09-11,137.1699981689453,137.97000122070312,137.0,137.9199981689453,2016900,BRK-B
2014-09-12,137.9199981689453,138.17999267578125,136.75999450683594,137.08999633789062,3291300,BRK-B
2014-09-15,137.72999572753906,138.1300048828125,137.00999450683594,138.0399932861328,2859500,BRK-B
2014-09-16,138.0,138.99000549316406,137.61000061035156,138.69000244140625,2672400,BRK-B
2014-09-17,139.13999938964844,140.17999267578125,138.7100067138672,139.61000061035156,3833000,BRK-B
2014-09-18,140.25,141.57000732421875,139.75,141.27999877929688,3870300,BRK-B
2014-09-19,142.14999389648438,142.4499969482422,140.3000030517578,140.55999755859375,9412100,BRK-B
2014-09-22,140.55999755859375,140.72999572753906,139.19000244140625,139.25999450683594,3422400,BRK-B
2014-09-23,139.17999267578125,139.7100067138672,138.75,138.77999877929688,2767600,BRK-B
2014-09-24,138.77999877929688,140.07000732421875,138.67999267578125,139.9499969482422,2801200,BRK-B
2014-09-25,139.88999938964844,139.9499969482422,136.88999938964844,137.08999633789062,4583500,BRK-B
2014-09-26,137.0,138.97000122070312,137.0,138.67999267578125,2872100,BRK-B
2014-09-29,137.75999450683594,138.6999969482422,137.55999755859375,138.3300018310547,2201800,BRK-B
2014-09-30,138.47999572753906,138.74000549316406,137.69000244140625,138.13999938964844,3469400,BRK-B
2014-10-01,138.3699951171875,138.3800048828125,136.19000244140625,136.6199951171875,3697000,BRK-B
2014-10-02,136.61000061035156,138.13999938964844,136.61000061035156,137.63999938964844,4594800,BRK-B
2014-10-03,138.41000366210938,139.66000366210938,138.16000366210938,139.5,3940400,BRK-B
2014-10-06,140.25,140.4600067138672,138.6300048828125,139.16000366210938,3464300,BRK-B
2014-10-07,138.66000366210938,138.83999633789062,136.7100067138672,136.72000122070312,3286500,BRK-B
2014-10-08,136.75,140.1999969482422,136.60000610351562,139.94000244140625,4842200,BRK-B
2014-10-09,140.2899932861328,140.2899932861328,137.07000732421875,137.08999633789062,6590100,BRK-B
2014-10-10,136.89999389648438,139.4499969482422,136.72999572753906,136.75999450683594,4838800,BRK-B
2014-10-13,136.60000610351562,138.07000732421875,136.30999755859375,136.3800048828125,4383300,BRK-B
2014-10-14,137.0,138.89999389648438,136.5,137.38999938964844,5019600,BRK-B
2014-10-15,136.58999633789062,136.77999877929688,132.02999877929688,135.63999938964844,8593900,BRK-B
2014-10-16,133.02999877929688,135.64999389648438,132.10000610351562,134.6999969482422,5038100,BRK-B
2014-10-17,136.05999755859375,137.6699981689453,135.52000427246094,137.08999633789062,5182900,BRK-B
2014-10-20,137.07000732421875,137.47999572753906,136.41000366210938,137.22999572753906,3245500,BRK-B
2014-10-21,138.07000732421875,138.97999572753906,137.35000610351562,138.97000122070312,4183300,BRK-B
2014-10-22,139.33999633789062,139.47999572753906,137.60000610351562,137.64999389648438,4023100,BRK-B
2014-10-23,139.1999969482422,139.52999877929688,138.38999938964844,138.67999267578125,3907000,BRK-B
2014-10-24,138.64999389648438,139.52000427246094,138.3699951171875,139.39999389648438,2924400,BRK-B
2014-10-27,139.19000244140625,139.64999389648438,138.94000244140625,139.52999877929688,2812200,BRK-B
2014-10-28,140.0,140.4600067138672,139.5,140.4600067138672,3885900,BRK-B
2014-10-29,140.52999877929688,140.67999267578125,138.9499969482422,139.99000549316406,3484000,BRK-B
2014-10-30,139.41000366210938,139.9199981689453,138.75999450683594,139.5399932861328,3513800,BRK-B
2014-10-31,140.89999389648438,141.52000427246094,139.36000061035156,140.16000366210938,5712500,BRK-B
2014-11-03,140.8800048828125,140.91000366210938,139.5500030517578,140.80999755859375,3047900,BRK-B
2014-11-04,141.05999755859375,142.24000549316406,140.8800048828125,142.17999267578125,3507900,BRK-B
2014-11-05,143.2100067138672,143.47999572753906,141.85000610351562,142.9199981689453,2874200,BRK-B
2014-11-06,143.25,143.4600067138672,142.22999572753906,143.2899932861328,2717100,BRK-B
2014-11-07,143.75999450683594,143.99000549316406,142.8699951171875,143.61000061035156,3235400,BRK-B
2014-11-10,143.9499969482422,145.07000732421875,143.80999755859375,145.0500030517578,3612200,BRK-B
2014-11-11,145.4600067138672,145.69000244140625,144.75,144.9499969482422,2904700,BRK-B
2014-11-12,144.9199981689453,145.75,144.6999969482422,145.52000427246094,3015400,BRK-B
2014-11-13,145.6999969482422,146.2899932861328,145.52999877929688,146.2899932861328,3056500,BRK-B
2014-11-14,146.35000610351562,146.47999572753906,145.05999755859375,145.52000427246094,2704300,BRK-B
2014-11-17,145.52999877929688,145.67999267578125,144.6999969482422,145.3699951171875,2426600,BRK-B
2014-11-18,145.74000549316406,146.39999389648438,145.2899932861328,145.80999755859375,2636700,BRK-B
2014-11-19,145.86000061035156,146.0800018310547,145.02999877929688,145.64999389648438,2371400,BRK-B
2014-11-20,145.13999938964844,145.75,145.0399932861328,145.72000122070312,2049900,BRK-B
2014-11-21,147.00999450683594,147.14999389648438,146.2100067138672,146.6999969482422,3418700,BRK-B
2014-11-24,147.11000061035156,147.4199981689453,146.6999969482422,147.27000427246094,3752100,BRK-B
2014-11-25,147.5,148.00999450683594,147.3800048828125,147.80999755859375,3749500,BRK-B
2014-11-26,148.11000061035156,148.30999755859375,147.92999267578125,148.19000244140625,2114400,BRK-B
2014-11-28,148.5500030517578,149.49000549316406,148.3699951171875,148.69000244140625,2282000,BRK-B
2014-12-01,148.61000061035156,149.94000244140625,148.17999267578125,148.52000427246094,3320300,BRK-B
2014-12-02,149.27999877929688,150.0,148.66000366210938,149.8699951171875,3181400,BRK-B
2014-12-03,150.14999389648438,150.49000549316406,149.50999450683594,149.72999572753906,3004100,BRK-B
2014-12-04,149.9600067138672,150.14999389648438,149.22999572753906,150.0500030517578,2418500,BRK-B
2014-12-05,150.3800048828125,150.67999267578125,150.10000610351562,150.67999267578125,2780300,BRK-B
2014-12-08,150.8800048828125,152.94000244140625,150.64999389648438,151.94000244140625,5263600,BRK-B
2014-12-09,151.4499969482422,151.4499969482422,148.91000366210938,150.4600067138672,4569600,BRK-B
2014-12-10,150.36000061035156,151.25999450683594,148.82000732421875,149.0800018310547,6574400,BRK-B
2014-12-11,149.7899932861328,151.27000427246094,149.5,150.1300048828125,3627500,BRK-B
2014-12-12,149.30999755859375,149.88999938964844,146.3000030517578,146.4600067138672,5208800,BRK-B
2014-12-15,147.97000122070312,148.4199981689453,144.75,146.1199951171875,4727900,BRK-B
2014-12-16,145.3699951171875,148.72999572753906,145.0,145.27999877929688,5020600,BRK-B
2014-12-17,145.75999450683594,148.6300048828125,145.52999877929688,148.4499969482422,4838800,BRK-B
2014-12-18,151.16000366210938,152.74000549316406,150.14999389648438,152.6699981689453,7867100,BRK-B
2014-12-19,152.3300018310547,152.66000366210938,150.8300018310547,151.55999755859375,9392900,BRK-B
2014-12-22,151.97999572753906,152.5500030517578,151.08999633789062,151.89999389648438,5938500,BRK-B
2014-12-23,152.19000244140625,152.6999969482422,151.67999267578125,151.75,3472800,BRK-B
2014-12-24,152.42999267578125,152.44000244140625,151.52000427246094,151.5399932861328,1612200,BRK-B
2014-12-26,151.66000366210938,152.1300048828125,151.25,151.35000610351562,1934800,BRK-B
2014-12-29,151.02000427246094,152.25999450683594,151.02000427246094,152.0500030517578,3223400,BRK-B
2014-12-30,151.35000610351562,152.22000122070312,151.19000244140625,152.08999633789062,2108900,BRK-B
2014-12-31,152.1999969482422,152.6699981689453,150.14999389648438,150.14999389648438,3324800,BRK-B
2015-01-02,151.5,151.60000610351562,148.5,149.1699981689453,3436400,BRK-B
2015-01-05,148.80999755859375,149.0,146.77999877929688,147.0,4168800,BRK-B
2015-01-06,147.63999938964844,148.52999877929688,146.11000061035156,146.83999633789062,4116100,BRK-B
2015-01-07,147.94000244140625,149.13999938964844,147.64999389648438,148.8800048828125,4159100,BRK-B
2015-01-08,150.60000610351562,151.3699951171875,150.50999450683594,151.3699951171875,4282100,BRK-B
2015-01-09,151.64999389648438,151.69000244140625,149.25999450683594,149.47000122070312,3360200,BRK-B
2015-01-12,149.9600067138672,150.1199951171875,147.9499969482422,148.27999877929688,5919400,BRK-B
2015-01-13,149.9499969482422,150.99000549316406,147.77000427246094,148.6300048828125,3908100,BRK-B
2015-01-14,147.27000427246094,148.3699951171875,146.4199981689453,147.82000732421875,4802800,BRK-B
2015-01-15,148.52999877929688,148.52999877929688,146.8000030517578,147.5800018310547,2892200,BRK-B
2015-01-16,147.1999969482422,149.25999450683594,146.55999755859375,149.2100067138672,4313800,BRK-B
2015-01-20,150.27999877929688,150.60000610351562,148.0800018310547,148.6300048828125,4053300,BRK-B
2015-01-21,148.33999633789062,148.42999267578125,146.58999633789062,147.17999267578125,4660700,BRK-B
2015-01-22,148.00999450683594,150.2100067138672,147.25999450683594,150.14999389648438,5892000,BRK-B
2015-01-23,149.99000549316406,150.0,149.08999633789062,149.1199951171875,3175800,BRK-B
2015-01-26,149.19000244140625,149.72999572753906,148.16000366210938,149.6999969482422,2461400,BRK-B
2015-01-27,148.25,148.8000030517578,147.5500030517578,147.64999389648438,3220300,BRK-B
2015-01-28,148.36000061035156,148.77000427246094,144.77000427246094,144.77999877929688,6388800,BRK-B
2015-01-29,145.39999389648438,146.94000244140625,144.25,146.2899932861328,4461200,BRK-B
2015-01-30,145.57000732421875,146.1999969482422,143.88999938964844,143.91000366210938,6242300,BRK-B
2015-02-02,144.1300048828125,146.75,143.3000030517578,146.72999572753906,5119500,BRK-B
2015-02-03,147.75,148.47999572753906,146.86000061035156,148.2899932861328,4981700,BRK-B
2015-02-04,148.25999450683594,148.5,147.10000610351562,147.52999877929688,3574200,BRK-B
2015-02-05,147.88999938964844,149.8800048828125,147.75,149.6699981689453,3084500,BRK-B
2015-02-06,149.8000030517578,151.6300048828125,149.5500030517578,150.17999267578125,4050600,BRK-B
2015-02-09,149.91000366210938,149.97000122070312,148.72000122070312,149.1300048828125,2429700,BRK-B
2015-02-10,149.66000366210938,150.50999450683594,148.89999389648438,149.9199981689453,2975500,BRK-B
2015-02-11,149.83999633789062,150.27000427246094,148.8000030517578,149.67999267578125,2732200,BRK-B
2015-02-12,150.0,150.41000366210938,149.36000061035156,149.7899932861328,3608600,BRK-B
2015-02-13,149.60000610351562,149.60000610351562,148.00999450683594,148.33999633789062,3669400,BRK-B
2015-02-17,148.36000061035156,149.3699951171875,148.16000366210938,149.1699981689453,2737300,BRK-B
2015-02-18,148.77999877929688,149.1300048828125,148.22000122070312,148.6699981689453,2219900,BRK-B
2015-02-19,148.2100067138672,148.35000610351562,147.08999633789062,147.47999572753906,2757800,BRK-B
2015-02-20,147.27000427246094,148.72000122070312,146.5800018310547,148.72000122070312,4877600,BRK-B
2015-02-23,148.1999969482422,148.4499969482422,146.82000732421875,147.3699951171875,3775500,BRK-B
2015-02-24,147.5,149.36000061035156,147.25,148.9499969482422,2914700,BRK-B
2015-02-25,149.38999938964844,149.38999938964844,148.47000122070312,148.77999877929688,2671900,BRK-B
2015-02-26,148.5500030517578,148.97000122070312,147.89999389648438,148.33999633789062,2549800,BRK-B
2015-02-27,148.22000122070312,148.32000732421875,147.0500030517578,147.41000366210938,3377400,BRK-B
2015-03-02,147.7100067138672,147.97999572753906,145.88999938964844,147.0800018310547,4896700,BRK-B
2015-03-03,146.7899932861328,146.94000244140625,145.05999755859375,145.92999267578125,3969600,BRK-B
2015-03-04,145.1999969482422,145.50999450683594,144.07000732421875,144.9199981689453,3250100,BRK-B
2015-03-05,145.41000366210938,146.25,144.8300018310547,146.05999755859375,2711700,BRK-B
2015-03-06,146.13999938964844,147.47999572753906,145.10000610351562,145.27999877929688,4099400,BRK-B
2015-03-09,145.5,146.52999877929688,145.25,146.1300048828125,2608800,BRK-B
2015-03-10,145.4199981689453,145.44000244140625,143.17999267578125,143.19000244140625,5258200,BRK-B
2015-03-11,143.47999572753906,144.24000549316406,143.24000549316406,143.44000244140625,2893800,BRK-B
2015-03-12,144.33999633789062,145.72999572753906,144.00999450683594,145.6699981689453,3539600,BRK-B
2015-03-13,145.27999877929688,145.5,143.27000427246094,143.97000122070312,3320700,BRK-B
2015-03-16,144.9199981689453,146.07000732421875,144.77999877929688,145.97999572753906,3858600,BRK-B
2015-03-17,145.08999633789062,145.47000122070312,143.94000244140625,144.75,2580000,BRK-B
2015-03-18,144.55999755859375,146.5500030517578,143.94000244140625,146.0,3490600,BRK-B
2015-03-19,145.63999938964844,146.0,144.4499969482422,144.8800048828125,2633800,BRK-B
2015-03-20,145.22999572753906,145.82000732421875,144.88999938964844,145.52999877929688,5858700,BRK-B
2015-03-23,145.47999572753906,146.2899932861328,145.02000427246094,145.55999755859375,3046900,BRK-B
2015-03-24,145.25999450683594,145.4600067138672,144.24000549316406,144.2899932861328,2764500,BRK-B
2015-03-25,144.67999267578125,144.92999267578125,143.55999755859375,143.55999755859375,3993400,BRK-B
2015-03-26,142.6999969482422,143.7100067138672,142.5,143.02999877929688,3549800,BRK-B
2015-03-27,143.47999572753906,143.91000366210938,142.89999389648438,143.88999938964844,3480700,BRK-B
2015-03-30,144.47000122070312,146.1199951171875,144.14999389648438,145.97999572753906,3348900,BRK-B
2015-03-31,145.75999450683594,145.77000427246094,144.25999450683594,144.32000732421875,3600200,BRK-B
2015-04-01,144.33999633789062,144.6300048828125,143.38999938964844,143.4499969482422,3693600,BRK-B
2015-04-02,143.58999633789062,143.89999389648438,143.14999389648438,143.55999755859375,2336100,BRK-B
2015-04-06,143.0,144.4499969482422,142.57000732421875,143.75999450683594,2446900,BRK-B
2015-04-07,143.55999755859375,144.02000427246094,143.0,143.05999755859375,2760900,BRK-B
2015-04-08,143.10000610351562,143.77999877929688,142.82000732421875,143.27999877929688,4775700,BRK-B
2015-04-09,143.02000427246094,143.6999969482422,142.77999877929688,143.64999389648438,2821000,BRK-B
2015-04-10,143.4199981689453,143.75,143.02000427246094,143.5,2353800,BRK-B
2015-04-13,143.27999877929688,143.9499969482422,143.0,143.4600067138672,2149500,BRK-B
2015-04-14,143.64999389648438,143.77000427246094,142.1199951171875,142.75,2929700,BRK-B
2015-04-15,142.72999572753906,143.47999572753906,142.5800018310547,142.7100067138672,2620700,BRK-B
2015-04-16,142.5,142.8000030517578,141.6999969482422,142.10000610351562,2693100,BRK-B
2015-04-17,141.1999969482422,141.5399932861328,140.3300018310547,140.6999969482422,4613700,BRK-B
2015-04-20,141.69000244140625,142.41000366210938,141.50999450683594,142.08999633789062,2669600,BRK-B
2015-04-21,142.39999389648438,142.47000122070312,141.1199951171875,141.13999938964844,3008200,BRK-B
2015-04-22,141.41000366210938,142.22000122070312,141.08999633789062,141.99000549316406,2629400,BRK-B
2015-04-23,141.9499969482422,143.02000427246094,141.6300048828125,142.42999267578125,2630700,BRK-B
2015-04-24,142.0,142.5500030517578,141.75,142.08999633789062,2255500,BRK-B
2015-04-27,142.27999877929688,142.36000061035156,140.8699951171875,141.08999633789062,3210600,BRK-B
2015-04-28,140.80999755859375,142.6300048828125,140.58999633789062,142.52000427246094,2564700,BRK-B
2015-04-29,141.6300048828125,142.75999450683594,141.57000732421875,142.41000366210938,3127000,BRK-B
2015-04-30,141.77999877929688,142.57000732421875,140.92999267578125,141.2100067138672,3554600,BRK-B
2015-05-01,142.0,143.36000061035156,141.7899932861328,143.36000061035156,2797900,BRK-B
2015-05-04,144.9499969482422,146.3300018310547,144.0,146.14999389648438,4229400,BRK-B
2015-05-05,145.91000366210938,146.4199981689453,144.50999450683594,144.55999755859375,2993500,BRK-B
2015-05-06,145.0,145.44000244140625,142.94000244140625,143.77999877929688,3320500,BRK-B
2015-05-07,143.41000366210938,145.52000427246094,143.36000061035156,145.30999755859375,3314300,BRK-B
2015-05-08,146.55999755859375,148.4199981689453,146.39999389648438,148.30999755859375,5277900,BRK-B
2015-05-11,148.5,148.57000732421875,146.0,146.1699981689453,3814700,BRK-B
2015-05-12,145.35000610351562,145.38999938964844,144.02999877929688,144.7899932861328,2823200,BRK-B
2015-05-13,144.16000366210938,144.72999572753906,144.02000427246094,144.25999450683594,2621700,BRK-B
2015-05-14,145.22000122070312,145.8300018310547,144.52000427246094,145.77999877929688,2326400,BRK-B
2015-05-15,145.92999267578125,146.08999633789062,144.64999389648438,145.25999450683594,2423500,BRK-B
2015-05-18,145.38999938964844,145.89999389648438,145.0399932861328,145.8300018310547,2266200,BRK-B
2015-05-19,145.8300018310547,147.0,145.25999450683594,146.5399932861328,2635700,BRK-B
2015-05-20,146.41000366210938,146.44000244140625,145.63999938964844,145.94000244140625,2239100,BRK-B
2015-05-21,145.60000610351562,145.92999267578125,145.16000366210938,145.27000427246094,2293900,BRK-B
2015-05-22,145.10000610351562,145.27000427246094,144.52999877929688,144.60000610351562,2188300,BRK-B
2015-05-26,144.44000244140625,144.91000366210938,143.55999755859375,143.6300048828125,3299400,BRK-B
2015-05-27,143.7100067138672,145.14999389648438,143.5800018310547,144.75,2275400,BRK-B
2015-05-28,144.92999267578125,145.10000610351562,144.00999450683594,144.74000549316406,2300000,BRK-B
2015-05-29,144.8699951171875,144.99000549316406,143.0,143.0,3641100,BRK-B
2015-06-01,143.25999450683594,144.07000732421875,143.05999755859375,143.35000610351562,2579400,BRK-B
2015-06-02,143.1999969482422,143.35000610351562,142.27999877929688,143.02999877929688,2737900,BRK-B
2015-06-03,143.42999267578125,143.72999572753906,142.55999755859375,143.19000244140625,2288300,BRK-B
2015-06-04,142.57000732421875,142.89999389648438,141.22999572753906,141.3699951171875,3369100,BRK-B
2015-06-05,141.50999450683594,141.80999755859375,140.52000427246094,140.75999450683594,3343900,BRK-B
2015-06-08,140.42999267578125,140.6999969482422,139.52000427246094,139.52000427246094,2998600,BRK-B
2015-06-09,139.2100067138672,140.38999938964844,139.13999938964844,139.6300048828125,2612800,BRK-B
2015-06-10,140.0,141.5,139.67999267578125,140.86000061035156,3156700,BRK-B
2015-06-11,141.42999267578125,141.61000061035156,140.60000610351562,141.36000061035156,2436000,BRK-B
2015-06-12,141.1199951171875,141.14999389648438,139.77999877929688,140.2899932861328,2768400,BRK-B
2015-06-15,139.72000122070312,139.9600067138672,138.77999877929688,139.39999389648438,2859500,BRK-B
2015-06-16,139.47000122070312,139.72999572753906,138.9199981689453,139.7100067138672,2369900,BRK-B
2015-06-17,139.85000610351562,140.55999755859375,139.16000366210938,139.97000122070312,2280200,BRK-B
2015-06-18,140.25,142.80999755859375,140.1999969482422,142.6699981689453,4583700,BRK-B
2015-06-19,142.17999267578125,142.9600067138672,140.9600067138672,140.9600067138672,6044000,BRK-B
2015-06-22,142.0,142.5399932861328,141.11000061035156,141.52999877929688,2339300,BRK-B
2015-06-23,141.6199951171875,142.14999389648438,140.9499969482422,141.3300018310547,1974500,BRK-B
2015-06-24,140.75,141.41000366210938,140.08999633789062,140.08999633789062,2709400,BRK-B
2015-06-25,140.05999755859375,140.64999389648438,139.4499969482422,139.4499969482422,2616700,BRK-B
2015-06-26,139.9199981689453,140.16000366210938,139.1199951171875,139.77999877929688,4480200,BRK-B
2015-06-29,139.0,139.24000549316406,136.4199981689453,136.50999450683594,6703700,BRK-B
2015-06-30,137.52000427246094,137.8000030517578,136.0800018310547,136.11000061035156,5160300,BRK-B
2015-07-01,137.6999969482422,138.3000030517578,136.74000549316406,137.52000427246094,3244900,BRK-B
2015-07-02,137.89999389648438,138.16000366210938,137.05999755859375,137.38999938964844,2823700,BRK-B
2015-07-06,136.1300048828125,137.4199981689453,136.0399932861328,136.88999938964844,2962100,BRK-B
2015-07-07,137.3000030517578,138.64999389648438,136.0399932861328,138.44000244140625,4642300,BRK-B
2015-07-08,137.5500030517578,137.9600067138672,136.75,136.89999389648438,3642300,BRK-B
2015-07-09,138.00999450683594,138.83999633789062,137.94000244140625,138.25,3574900,BRK-B
2015-07-10,139.50999450683594,140.3000030517578,138.9600067138672,139.72999572753906,3774900,BRK-B
2015-07-13,140.8000030517578,141.49000549316406,140.4499969482422,141.38999938964844,3139800,BRK-B
2015-07-14,141.13999938964844,141.63999938964844,140.9199981689453,141.1199951171875,2415200,BRK-B
2015-07-15,141.3699951171875,142.63999938964844,141.1999969482422,142.61000061035156,2995300,BRK-B
2015-07-16,143.14999389648438,143.9199981689453,143.0,143.9199981689453,3179600,BRK-B
2015-07-17,143.72000122070312,144.0,143.44000244140625,143.8800048828125,2982900,BRK-B
2015-07-20,143.9600067138672,144.69000244140625,143.7100067138672,144.50999450683594,2467500,BRK-B
2015-07-21,144.22999572753906,144.60000610351562,143.0800018310547,143.60000610351562,3116500,BRK-B
2015-07-22,143.5500030517578,144.0,143.05999755859375,143.52000427246094,2578000,BRK-B
2015-07-23,143.27000427246094,143.41000366210938,142.05999755859375,142.17999267578125,2322700,BRK-B
2015-07-24,142.0,142.36000061035156,141.19000244140625,141.25,2363300,BRK-B
2015-07-27,141.13999938964844,141.3699951171875,140.4199981689453,140.72000122070312,2903600,BRK-B
2015-07-28,141.58999633789062,143.58999633789062,141.1300048828125,143.22000122070312,3252700,BRK-B
2015-07-29,143.25,143.69000244140625,142.61000061035156,142.9199981689453,2555800,BRK-B
2015-07-30,142.80999755859375,143.05999755859375,142.11000061035156,142.85000610351562,2018300,BRK-B
2015-07-31,143.30999755859375,143.75,142.60000610351562,142.74000549316406,3074100,BRK-B
2015-08-03,143.11000061035156,143.32000732421875,140.9199981689453,142.3300018310547,2540700,BRK-B
2015-08-04,142.22000122070312,143.05999755859375,142.00999450683594,142.67999267578125,2618000,BRK-B
2015-08-05,143.32000732421875,143.99000549316406,143.22000122070312,143.5,2615800,BRK-B
2015-08-06,143.5,143.83999633789062,143.0,143.35000610351562,2418200,BRK-B
2015-08-07,142.86000061035156,143.6999969482422,142.3000030517578,143.5500030517578,2419000,BRK-B
2015-08-10,141.3699951171875,143.5800018310547,141.30999755859375,143.4199981689453,4278300,BRK-B
2015-08-11,141.8300018310547,143.07000732421875,141.61000061035156,142.8000030517578,3924400,BRK-B
2015-08-12,141.91000366210938,142.14999389648438,140.4600067138672,141.60000610351562,4901200,BRK-B
2015-08-13,141.30999755859375,142.61000061035156,140.99000549316406,141.9499969482422,3045200,BRK-B
2015-08-14,142.0500030517578,142.75,141.99000549316406,142.57000732421875,2911200,BRK-B
2015-08-17,142.0,142.4600067138672,141.30999755859375,142.32000732421875,2788100,BRK-B
2015-08-18,142.2899932861328,142.3000030517578,141.02000427246094,141.36000061035156,3334100,BRK-B
2015-08-19,141.0,141.7100067138672,139.75,140.47000122070312,3478300,BRK-B
2015-08-20,139.1999969482422,140.0,138.35000610351562,138.38999938964844,4050800,BRK-B
2015-08-21,137.22999572753906,138.0,134.16000366210938,134.22000122070312,9122400,BRK-B
2015-08-24,127.55000305175781,133.97000122070312,125.5,129.57000732421875,13820800,BRK-B
2015-08-25,134.47999572753906,134.5500030517578,127.45999908447266,127.73999786376953,8233100,BRK-B
2015-08-26,130.88999938964844,132.8800048828125,128.69000244140625,132.61000061035156,7709300,BRK-B
2015-08-27,134.39999389648438,136.30999755859375,133.22000122070312,136.22999572753906,5923000,BRK-B
2015-08-28,135.52999877929688,136.0,134.72999572753906,135.74000549316406,3897800,BRK-B
2015-08-31,135.08999633789062,135.5,133.4199981689453,134.0399932861328,5575500,BRK-B
2015-09-01,131.7899932861328,132.27000427246094,129.8300018310547,130.41000366210938,5957900,BRK-B
2015-09-02,131.41000366210938,132.22000122070312,130.75999450683594,132.22000122070312,4080300,BRK-B
2015-09-03,132.7100067138672,133.6199951171875,131.69000244140625,132.14999389648438,3984400,BRK-B
2015-09-04,130.82000732421875,131.0800018310547,128.91000366210938,129.63999938964844,5828600,BRK-B
2015-09-08,132.02000427246094,133.07000732421875,131.1699981689453,132.89999389648438,5729300,BRK-B
2015-09-09,134.5,134.66000366210938,130.3000030517578,130.58999633789062,4482600,BRK-B
2015-09-10,130.22999572753906,131.7899932861328,130.1999969482422,130.66000366210938,4482400,BRK-B
2015-09-11,130.8800048828125,131.5500030517578,130.25,131.3699951171875,4181800,BRK-B
2015-09-14,131.14999389648438,131.69000244140625,130.5399932861328,130.89999389648438,4270000,BRK-B
2015-09-15,131.0,132.64999389648438,130.75999450683594,132.25999450683594,3189600,BRK-B
2015-09-16,132.25999450683594,132.85000610351562,132.02000427246094,132.5800018310547,3041500,BRK-B
2015-09-17,132.2899932861328,133.60000610351562,131.27000427246094,131.47000122070312,4414500,BRK-B
2015-09-18,130.07000732421875,130.9600067138672,128.94000244140625,129.10000610351562,14622800,BRK-B
2015-09-21,130.0,131.30999755859375,129.72000122070312,130.97999572753906,4804900,BRK-B
2015-09-22,129.55999755859375,129.69000244140625,128.36000061035156,129.3000030517578,4230800,BRK-B
2015-09-23,129.30999755859375,129.49000549316406,128.30999755859375,129.16000366210938,2947800,BRK-B
2015-09-24,128.25,129.22000122070312,127.75,128.8300018310547,3705600,BRK-B
2015-09-25,130.02999877929688,130.5800018310547,129.0,129.63999938964844,3487200,BRK-B
2015-09-28,128.58999633789062,129.25999450683594,128.39999389648438,128.6199951171875,4412400,BRK-B
2015-09-29,128.44000244140625,128.9600067138672,127.66999816894531,128.80999755859375,4071500,BRK-B
2015-09-30,129.86000061035156,130.39999389648438,128.6699981689453,130.39999389648438,4726900,BRK-B
2015-10-01,130.5500030517578,131.39999389648438,129.27999877929688,129.8800048828125,3962200,BRK-B
2015-10-02,128.5,129.94000244140625,127.45999908447266,129.8300018310547,5183800,BRK-B
2015-10-05,130.5,132.44000244140625,130.3800048828125,132.3800048828125,3885400,BRK-B
2015-10-06,132.2899932861328,132.41000366210938,130.94000244140625,131.19000244140625,4804800,BRK-B
2015-10-07,132.0500030517578,133.32000732421875,131.75999450683594,132.67999267578125,3423400,BRK-B
2015-10-08,132.27999877929688,134.0,132.24000549316406,133.75,2734300,BRK-B
2015-10-09,133.72000122070312,134.3800048828125,132.17999267578125,133.02999877929688,3202100,BRK-B
2015-10-12,133.39999389648438,134.0500030517578,132.86000061035156,133.39999389648438,1973600,BRK-B
2015-10-13,133.0,133.27000427246094,131.91000366210938,132.19000244140625,2802400,BRK-B
2015-10-14,132.0,132.4499969482422,131.0500030517578,131.17999267578125,3125100,BRK-B
2015-10-15,131.97999572753906,133.8300018310547,131.5500030517578,133.8000030517578,3273300,BRK-B
2015-10-16,134.72999572753906,135.0,132.9600067138672,133.80999755859375,3061800,BRK-B
2015-10-19,133.5,133.88999938964844,133.11000061035156,133.6199951171875,2158800,BRK-B
2015-10-20,133.27000427246094,134.39999389648438,133.10000610351562,134.16000366210938,2118000,BRK-B
2015-10-21,134.7100067138672,135.41000366210938,133.11000061035156,133.22000122070312,2396800,BRK-B
2015-10-22,133.60000610351562,137.6999969482422,133.60000610351562,137.2899932861328,4898300,BRK-B
2015-10-23,138.0,138.0,136.75999450683594,137.77999877929688,3172900,BRK-B
2015-10-26,137.86000061035156,137.94000244140625,136.63999938964844,137.0,2173300,BRK-B
2015-10-27,136.39999389648438,136.6699981689453,135.07000732421875,135.6300048828125,2278300,BRK-B
2015-10-28,135.8000030517578,138.41000366210938,135.47999572753906,138.16000366210938,3244800,BRK-B
2015-10-29,138.10000610351562,138.5,137.22999572753906,137.88999938964844,2089100,BRK-B
2015-10-30,137.55999755859375,137.8699951171875,136.02000427246094,136.02000427246094,4228200,BRK-B
2015-11-02,136.77000427246094,138.6199951171875,136.3300018310547,138.39999389648438,3259300,BRK-B
2015-11-03,138.3000030517578,138.47999572753906,137.7100067138672,137.94000244140625,2617800,BRK-B
2015-11-04,138.0,138.0800018310547,137.05999755859375,137.42999267578125,2606300,BRK-B
2015-11-05,137.47999572753906,138.02999877929688,136.32000732421875,136.57000732421875,2461500,BRK-B
2015-11-06,136.44000244140625,137.19000244140625,135.13999938964844,136.3300018310547,3732200,BRK-B
2015-11-09,136.0,136.19000244140625,133.39999389648438,134.0,4884600,BRK-B
2015-11-10,134.0,134.72999572753906,133.63999938964844,134.72999572753906,2932500,BRK-B
2015-11-11,134.94000244140625,135.1999969482422,134.1199951171875,134.9600067138672,2056700,BRK-B
2015-11-12,134.4600067138672,134.6300048828125,132.77000427246094,132.77999877929688,3789800,BRK-B
2015-11-13,132.61000061035156,133.57000732421875,131.74000549316406,131.9600067138672,3589400,BRK-B
2015-11-16,131.82000732421875,133.30999755859375,131.47000122070312,133.3000030517578,2965600,BRK-B
2015-11-17,133.85000610351562,133.92999267578125,132.67999267578125,133.08999633789062,2882800,BRK-B
2015-11-18,133.47000122070312,136.3800048828125,133.27000427246094,136.22000122070312,3773000,BRK-B
2015-11-19,136.19000244140625,136.8699951171875,135.8300018310547,136.6300048828125,2755700,BRK-B
2015-11-20,137.33999633789062,137.4199981689453,135.9600067138672,136.6300048828125,2921300,BRK-B
2015-11-23,136.2899932861328,136.77999877929688,135.83999633789062,135.99000549316406,2469500,BRK-B
2015-11-24,135.08999633789062,135.8800048828125,134.1199951171875,135.5399932861328,2759500,BRK-B
2015-11-25,135.47999572753906,136.0,134.83999633789062,135.1300048828125,2137400,BRK-B
2015-11-27,135.3000030517578,135.5800018310547,134.4499969482422,134.6300048828125,1243000,BRK-B
2015-11-30,134.82000732421875,135.08999633789062,133.82000732421875,134.08999633789062,5087800,BRK-B
2015-12-01,134.86000061035156,136.57000732421875,134.36000061035156,136.42999267578125,3796900,BRK-B
2015-12-02,136.5,136.74000549316406,135.10000610351562,135.27000427246094,3710800,BRK-B
2015-12-03,135.3300018310547,135.5399932861328,132.2899932861328,132.66000366210938,4378300,BRK-B
2015-12-04,133.08999633789062,136.52000427246094,133.0,136.47999572753906,5520200,BRK-B
2015-12-07,136.1999969482422,136.4499969482422,134.67999267578125,135.60000610351562,2794900,BRK-B
2015-12-08,134.89999389648438,134.99000549316406,133.1699981689453,133.36000061035156,4055600,BRK-B
2015-12-09,133.17999267578125,134.14999389648438,131.1999969482422,131.7100067138672,4062900,BRK-B
2015-12-10,131.72000122070312,132.6199951171875,131.19000244140625,131.7100067138672,3463800,BRK-B
2015-12-11,130.30999755859375,130.91000366210938,129.55999755859375,130.30999755859375,5483100,BRK-B
2015-12-14,130.5,132.22999572753906,130.11000061035156,132.02000427246094,4418700,BRK-B
2015-12-15,133.25,135.63999938964844,132.75999450683594,134.8800048828125,4703300,BRK-B
2015-12-16,135.49000549316406,136.1199951171875,133.10000610351562,135.8800048828125,4930300,BRK-B
2015-12-17,135.7100067138672,136.16000366210938,133.89999389648438,133.97000122070312,3595900,BRK-B
2015-12-18,133.0399932861328,133.1699981689453,129.52999877929688,129.52999877929688,8791500,BRK-B
2015-12-21,131.16000366210938,131.69000244140625,129.64999389648438,131.19000244140625,4308400,BRK-B
2015-12-22,131.5500030517578,133.3300018310547,131.0399932861328,133.13999938964844,3714500,BRK-B
2015-12-23,133.35000610351562,134.42999267578125,133.1999969482422,134.14999389648438,3483200,BRK-B
2015-12-24,134.1199951171875,134.5500030517578,133.47999572753906,133.88999938964844,1367500,BRK-B
2015-12-28,133.47999572753906,133.5399932861328,132.52000427246094,133.1199951171875,2382900,BRK-B
2015-12-29,134.0,134.5500030517578,133.0,134.13999938964844,3135400,BRK-B
2015-12-30,133.9199981689453,134.1199951171875,133.05999755859375,133.25999450683594,2684300,BRK-B
2015-12-31,133.0,133.3699951171875,131.9499969482422,132.0399932861328,3405600,BRK-B
2016-01-04,130.16000366210938,131.02999877929688,128.75999450683594,130.75,6869100,BRK-B
2016-01-05,130.75,131.52999877929688,129.80999755859375,131.25,4084600,BRK-B
2016-01-06,129.99000549316406,131.75999450683594,129.72999572753906,131.3300018310547,5219400,BRK-B
2016-01-07,129.25,130.5399932861328,129.0,129.47999572753906,7382000,BRK-B
2016-01-08,130.11000061035156,130.39999389648438,128.2100067138672,128.3300018310547,6101600,BRK-B
2016-01-11,128.9199981689453,129.22999572753906,127.04000091552734,128.36000061035156,4353500,BRK-B
2016-01-12,129.11000061035156,129.4199981689453,127.5199966430664,128.8000030517578,4723400,BRK-B
2016-01-13,128.97000122070312,129.3800048828125,125.70999908447266,126.25,6042400,BRK-B
2016-01-14,126.41000366210938,128.99000549316406,126.01000213623047,128.07000732421875,6125300,BRK-B
2016-01-15,125.33999633789062,126.80999755859375,124.51000213623047,126.13999938964844,8145100,BRK-B
2016-01-19,126.86000061035156,128.27000427246094,126.7699966430664,127.76000213623047,5831700,BRK-B
2016-01-20,125.5999984741211,126.12000274658203,124.04000091552734,124.83000183105469,8024200,BRK-B
2016-01-21,125.5199966430664,126.75,124.37000274658203,125.62000274658203,3806100,BRK-B
2016-01-22,127.5,127.93000030517578,125.91999816894531,127.04000091552734,3765700,BRK-B
2016-01-25,126.55000305175781,126.9000015258789,123.9000015258789,124.12999725341797,5251500,BRK-B
2016-01-26,124.56999969482422,126.5199966430664,124.56999969482422,125.88999938964844,3694900,BRK-B
2016-01-27,125.26000213623047,127.22000122070312,124.61000061035156,125.19000244140625,3942600,BRK-B
2016-01-28,126.0,126.72000122070312,124.37000274658203,126.01000213623047,3513300,BRK-B
2016-01-29,126.66000366210938,129.77000427246094,126.11000061035156,129.77000427246094,6523800,BRK-B
2016-02-01,128.94000244140625,129.63999938964844,127.54000091552734,128.66000366210938,4443300,BRK-B
2016-02-02,127.5199966430664,127.83000183105469,125.51000213623047,125.69999694824219,4336700,BRK-B
2016-02-03,126.33999633789062,126.62999725341797,123.55000305175781,126.23999786376953,6607500,BRK-B
2016-02-04,126.08999633789062,127.69999694824219,125.75,127.44000244140625,4596300,BRK-B
2016-02-05,127.27999877929688,127.38999938964844,125.75,126.55999755859375,4732600,BRK-B
2016-02-08,125.69999694824219,127.83999633789062,124.93000030517578,126.77999877929688,6197700,BRK-B
2016-02-09,125.1500015258789,128.0800018310547,125.1500015258789,127.72000122070312,5246300,BRK-B
2016-02-10,128.44000244140625,129.17999267578125,126.29000091552734,126.58000183105469,4731100,BRK-B
2016-02-11,124.11000061035156,125.83999633789062,124.04000091552734,125.08999633789062,6061300,BRK-B
2016-02-12,126.76000213623047,128.2100067138672,126.05000305175781,128.07000732421875,5167600,BRK-B
2016-02-16,129.44000244140625,129.60000610351562,128.07000732421875,128.55999755859375,5912500,BRK-B
2016-02-17,129.1699981689453,130.44000244140625,128.91000366210938,130.25999450683594,4512100,BRK-B
2016-02-18,130.60000610351562,132.35000610351562,130.58999633789062,130.86000061035156,3866300,BRK-B
2016-02-19,130.35000610351562,131.60000610351562,130.00999450683594,131.0500030517578,4094200,BRK-B
2016-02-22,132.19000244140625,132.8699951171875,131.3300018310547,131.99000549316406,3720400,BRK-B
2016-02-23,131.1199951171875,131.91000366210938,130.64999389648438,130.74000549316406,3091500,BRK-B
2016-02-24,129.89999389648438,131.5,128.8800048828125,131.02999877929688,3635800,BRK-B
2016-02-25,131.6199951171875,132.3699951171875,130.4199981689453,132.30999755859375,3504200,BRK-B
2016-02-26,132.82000732421875,133.2899932861328,131.77000427246094,131.9199981689453,3851400,BRK-B
2016-02-29,133.36000061035156,135.11000061035156,132.94000244140625,134.1699981689453,7730100,BRK-B
2016-03-01,135.11000061035156,136.94000244140625,134.32000732421875,136.94000244140625,6068600,BRK-B
2016-03-02,136.9499969482422,137.14999389648438,135.80999755859375,136.72999572753906,3777800,BRK-B
2016-03-03,136.8000030517578,137.24000549316406,136.1300048828125,136.83999633789062,3936500,BRK-B
2016-03-04,136.99000549316406,138.05999755859375,136.52000427246094,137.97000122070312,4228600,BRK-B
2016-03-07,137.6999969482422,138.7899932861328,137.42999267578125,138.72000122070312,4571900,BRK-B
2016-03-08,138.25,138.6999969482422,137.49000549316406,137.8000030517578,4124500,BRK-B
2016-03-09,138.5500030517578,139.14999389648438,138.07000732421875,139.1300048828125,3165600,BRK-B
2016-03-10,139.75,139.75,137.80999755859375,138.6199951171875,4524300,BRK-B
2016-03-11,139.33999633789062,140.75999450683594,139.11000061035156,140.64999389648438,4306900,BRK-B
2016-03-14,140.8000030517578,141.22000122070312,139.47999572753906,139.72000122070312,4244200,BRK-B
2016-03-15,139.1199951171875,140.41000366210938,139.00999450683594,140.39999389648438,2838200,BRK-B
2016-03-16,139.83999633789062,140.44000244140625,139.50999450683594,139.8300018310547,3124200,BRK-B
2016-03-17,140.0,142.5800018310547,139.67999267578125,142.39999389648438,4461000,BRK-B
2016-03-18,142.8300018310547,142.9600067138672,141.44000244140625,142.16000366210938,7612100,BRK-B
2016-03-21,142.16000366210938,142.61000061035156,141.7100067138672,142.1300048828125,2441000,BRK-B
2016-03-22,141.97999572753906,142.99000549316406,141.66000366210938,142.17999267578125,3288100,BRK-B
2016-03-23,142.1699981689453,142.1699981689453,140.89999389648438,140.9600067138672,2647100,BRK-B
2016-03-24,140.22000122070312,140.60000610351562,139.55999755859375,140.11000061035156,3777900,BRK-B
2016-03-28,140.9499969482422,141.6199951171875,140.3300018310547,141.2899932861328,2668100,BRK-B
2016-03-29,141.2899932861328,142.0399932861328,140.5,141.89999389648438,3346200,BRK-B
2016-03-30,142.91000366210938,143.39999389648438,142.2899932861328,142.4600067138672,3161300,BRK-B
2016-03-31,142.55999755859375,143.0500030517578,141.47999572753906,141.8800048828125,3520200,BRK-B
2016-04-01,141.2100067138672,144.0500030517578,141.11000061035156,143.7899932861328,3985700,BRK-B
2016-04-04,143.99000549316406,143.99000549316406,142.77000427246094,143.22000122070312,3163900,BRK-B
2016-04-05,142.4199981689453,142.47999572753906,140.92999267578125,141.1999969482422,3166500,BRK-B
2016-04-06,141.30999755859375,141.82000732421875,140.4199981689453,141.6999969482422,2820200,BRK-B
2016-04-07,140.92999267578125,141.1999969482422,140.27000427246094,140.80999755859375,2920500,BRK-B
2016-04-08,141.52999877929688,141.99000549316406,140.67999267578125,141.05999755859375,2118400,BRK-B
2016-04-11,141.7899932861328,142.08999633789062,140.9600067138672,140.99000549316406,2381100,BRK-B
2016-04-12,141.25,142.49000549316406,140.97999572753906,142.39999389648438,2649300,BRK-B
2016-04-13,142.9499969482422,144.13999938964844,142.88999938964844,144.0399932861328,3562800,BRK-B
2016-04-14,144.10000610351562,144.35000610351562,143.47000122070312,143.72000122070312,2487300,BRK-B
2016-04-15,144.13999938964844,144.16000366210938,142.94000244140625,143.4499969482422,3124100,BRK-B
2016-04-18,143.0,144.47999572753906,142.9499969482422,144.3800048828125,2766000,BRK-B
2016-04-19,144.77999877929688,146.3800048828125,144.50999450683594,145.9499969482422,3657500,BRK-B
2016-04-20,145.97999572753906,146.44000244140625,145.3800048828125,146.08999633789062,2289000,BRK-B
2016-04-21,146.08999633789062,146.4199981689453,144.6699981689453,144.86000061035156,2879800,BRK-B
2016-04-22,145.32000732421875,146.38999938964844,144.97000122070312,146.11000061035156,2692400,BRK-B
2016-04-25,145.64999389648438,146.3699951171875,145.5,146.17999267578125,2198700,BRK-B
2016-04-26,146.58999633789062,147.16000366210938,146.3000030517578,147.02000427246094,2942600,BRK-B
2016-04-27,146.89999389648438,148.02999877929688,146.5,147.60000610351562,2991400,BRK-B
2016-04-28,146.63999938964844,147.4600067138672,145.75999450683594,146.07000732421875,2498100,BRK-B
2016-04-29,145.39999389648438,146.22000122070312,144.52000427246094,145.47999572753906,3895600,BRK-B
2016-05-02,145.77000427246094,147.13999938964844,145.69000244140625,146.88999938964844,2774600,BRK-B
2016-05-03,145.91000366210938,146.08999633789062,144.0800018310547,144.8300018310547,3551500,BRK-B
2016-05-04,144.16000366210938,144.39999389648438,143.3300018310547,144.24000549316406,2483200,BRK-B
2016-05-05,144.22000122070312,144.82000732421875,143.47999572753906,143.8800048828125,2438200,BRK-B
2016-05-06,143.82000732421875,144.83999633789062,143.3300018310547,144.6199951171875,2288100,BRK-B
2016-05-09,144.5399932861328,144.5399932861328,141.9199981689453,142.91000366210938,3644600,BRK-B
2016-05-10,143.30999755859375,144.89999389648438,143.25,144.77999877929688,3131000,BRK-B
2016-05-11,144.8800048828125,144.97999572753906,142.75,142.8699951171875,2939900,BRK-B
2016-05-12,143.4600067138672,143.72000122070312,142.30999755859375,143.30999755859375,2431200,BRK-B
2016-05-13,143.2100067138672,143.6999969482422,141.1300048828125,141.39999389648438,3232100,BRK-B
2016-05-16,141.39999389648438,142.14999389648438,141.2100067138672,141.85000610351562,2873300,BRK-B
2016-05-17,141.97000122070312,141.99000549316406,139.89999389648438,140.33999633789062,3963900,BRK-B
2016-05-18,140.17999267578125,141.85000610351562,139.9499969482422,141.47000122070312,2917800,BRK-B
2016-05-19,141.07000732421875,141.64999389648438,139.67999267578125,140.7899932861328,2803700,BRK-B
2016-05-20,141.47999572753906,142.49000549316406,141.16000366210938,141.8300018310547,3171000,BRK-B
2016-05-23,141.85000610351562,142.0,141.0500030517578,141.47999572753906,2049000,BRK-B
2016-05-24,141.9499969482422,144.0500030517578,141.72999572753906,143.7100067138672,3268800,BRK-B
2016-05-25,143.72000122070312,144.94000244140625,143.72000122070312,144.0800018310547,2933900,BRK-B
2016-05-26,144.0,144.19000244140625,142.8800048828125,143.0500030517578,2742000,BRK-B
2016-05-27,143.49000549316406,143.6199951171875,142.77000427246094,143.35000610351562,2289900,BRK-B
2016-05-31,143.88999938964844,144.13999938964844,140.5399932861328,140.5399932861328,6564700,BRK-B
2016-06-01,140.97000122070312,142.08999633789062,140.3699951171875,141.99000549316406,3278000,BRK-B
2016-06-02,141.64999389648438,142.11000061035156,140.9600067138672,142.11000061035156,2757300,BRK-B
2016-06-03,141.16000366210938,141.52000427246094,140.11000061035156,141.13999938964844,3153300,BRK-B
2016-06-06,141.6199951171875,142.5,141.38999938964844,141.82000732421875,2686300,BRK-B
2016-06-07,142.16000366210938,142.49000549316406,141.38999938964844,141.41000366210938,2729800,BRK-B
2016-06-08,141.57000732421875,142.69000244140625,141.52999877929688,142.52999877929688,2390600,BRK-B
2016-06-09,142.0500030517578,142.50999450683594,141.16000366210938,142.22999572753906,2187000,BRK-B
2016-06-10,141.30999755859375,142.36000061035156,141.24000549316406,141.75999450683594,2579800,BRK-B
2016-06-13,141.22999572753906,142.64999389648438,140.94000244140625,140.94000244140625,2973600,BRK-B
2016-06-14,140.7899932861328,141.5500030517578,140.50999450683594,141.3000030517578,3476000,BRK-B
2016-06-15,141.74000549316406,142.1699981689453,140.32000732421875,140.4499969482422,3219700,BRK-B
2016-06-16,140.08999633789062,142.0500030517578,138.9600067138672,141.99000549316406,3639800,BRK-B
2016-06-17,141.97999572753906,142.0,140.4499969482422,140.72999572753906,5394100,BRK-B
2016-06-20,141.9600067138672,142.94000244140625,141.6300048828125,141.6699981689453,4038700,BRK-B
2016-06-21,142.05999755859375,143.6300048828125,141.85000610351562,143.52999877929688,3677400,BRK-B
2016-06-22,143.6300048828125,144.66000366210938,143.57000732421875,143.94000244140625,3659700,BRK-B
2016-06-23,144.97000122070312,146.0,144.60000610351562,145.97999572753906,4493600,BRK-B
2016-06-24,140.74000549316406,142.0,139.47000122070312,139.7100067138672,12476300,BRK-B
2016-06-27,138.7899932861328,139.0,136.64999389648438,138.5,6328200,BRK-B
2016-06-28,139.7899932861328,140.36000061035156,138.2899932861328,140.27999877929688,5312300,BRK-B
2016-06-29,141.3000030517578,142.1199951171875,139.91000366210938,142.1199951171875,4257100,BRK-B
2016-06-30,142.2100067138672,144.82000732421875,142.10000610351562,144.7899932861328,5196400,BRK-B
2016-07-01,144.58999633789062,144.8300018310547,143.75,143.9600067138672,2874400,BRK-B
2016-07-05,143.19000244140625,143.55999755859375,141.75999450683594,142.22999572753906,3426300,BRK-B
2016-07-06,141.89999389648438,142.63999938964844,140.9499969482422,142.50999450683594,2804700,BRK-B
2016-07-07,142.3800048828125,143.0399932861328,141.19000244140625,141.91000366210938,2863600,BRK-B
2016-07-08,143.35000610351562,143.74000549316406,142.72000122070312,143.64999389648438,3718100,BRK-B
2016-07-11,143.75,144.22999572753906,143.42999267578125,143.92999267578125,3194200,BRK-B
2016-07-12,144.52999877929688,145.02999877929688,143.97999572753906,144.6699981689453,3158100,BRK-B
2016-07-13,144.8800048828125,145.99000549316406,144.41000366210938,145.92999267578125,3274500,BRK-B
2016-07-14,146.25,146.66000366210938,145.4600067138672,145.72999572753906,3322200,BRK-B
2016-07-15,146.25,146.44000244140625,145.1199951171875,145.97000122070312,3860800,BRK-B
2016-07-18,146.0,146.7100067138672,146.0,146.57000732421875,3128000,BRK-B
2016-07-19,146.05999755859375,146.99000549316406,145.85000610351562,146.9199981689453,3543300,BRK-B
2016-07-20,146.80999755859375,146.94000244140625,145.6999969482422,146.1699981689453,2855300,BRK-B
2016-07-21,146.00999450683594,146.22000122070312,144.19000244140625,144.35000610351562,3212200,BRK-B
2016-07-22,144.72000122070312,144.85000610351562,143.88999938964844,144.60000610351562,3142000,BRK-B
2016-07-25,144.8699951171875,145.0,143.60000610351562,144.13999938964844,2483900,BRK-B
2016-07-26,144.33999633789062,144.85000610351562,143.8300018310547,144.33999633789062,2466400,BRK-B
2016-07-27,144.27000427246094,144.75,143.6999969482422,144.19000244140625,2611700,BRK-B
2016-07-28,143.9199981689453,144.69000244140625,143.47999572753906,144.4199981689453,1944600,BRK-B
2016-07-29,144.08999633789062,144.60000610351562,143.77999877929688,144.27000427246094,2589300,BRK-B
2016-08-01,144.6199951171875,144.77000427246094,143.5800018310547,143.92999267578125,2051300,BRK-B
2016-08-02,143.9499969482422,143.99000549316406,142.9600067138672,143.30999755859375,2457000,BRK-B
2016-08-03,143.35000610351562,143.8800048828125,142.97999572753906,143.6300048828125,2217100,BRK-B
2016-08-04,143.8000030517578,143.91000366210938,142.9199981689453,143.1199951171875,1848600,BRK-B
2016-08-05,144.0,145.64999389648438,143.9199981689453,145.64999389648438,3926000,BRK-B
2016-08-08,145.2899932861328,145.64999389648438,144.22999572753906,145.55999755859375,3516300,BRK-B
2016-08-09,145.9600067138672,147.4499969482422,145.4499969482422,147.22000122070312,3680500,BRK-B
2016-08-10,147.0,147.27000427246094,146.1300048828125,146.69000244140625,2465200,BRK-B
2016-08-11,146.4600067138672,147.97999572753906,146.44000244140625,147.74000549316406,3272200,BRK-B
2016-08-12,147.1199951171875,147.75,146.69000244140625,147.72000122070312,2586700,BRK-B
2016-08-15,147.72000122070312,147.9199981689453,147.1199951171875,147.77999877929688,2195800,BRK-B
2016-08-16,147.6199951171875,147.9499969482422,147.22000122070312,147.24000549316406,2121300,BRK-B
2016-08-17,147.4199981689453,149.3300018310547,147.0,149.0800018310547,3044200,BRK-B
2016-08-18,149.19000244140625,149.36000061035156,148.52999877929688,148.80999755859375,2185400,BRK-B
2016-08-19,148.39999389648438,148.83999633789062,147.7899932861328,148.75,2641200,BRK-B
2016-08-22,148.50999450683594,148.8000030517578,147.85000610351562,148.4499969482422,1765000,BRK-B
2016-08-23,148.5800018310547,149.24000549316406,148.5800018310547,148.77000427246094,2019100,BRK-B
2016-08-24,148.5,148.83999633789062,148.1300048828125,148.41000366210938,2269400,BRK-B
2016-08-25,148.24000549316406,148.7100067138672,148.11000061035156,148.63999938964844,2449700,BRK-B
2016-08-26,148.64999389648438,149.22999572753906,147.22000122070312,147.91000366210938,2872800,BRK-B
2016-08-29,148.22999572753906,149.67999267578125,148.0,149.3000030517578,2726600,BRK-B
2016-08-30,149.25,150.24000549316406,149.22999572753906,150.22999572753906,2832200,BRK-B
2016-08-31,150.0,150.89999389648438,148.66000366210938,150.49000549316406,5338700,BRK-B
2016-09-01,150.6999969482422,151.0,148.82000732421875,150.35000610351562,3020800,BRK-B
2016-09-02,150.69000244140625,151.0500030517578,149.97000122070312,150.72000122070312,2258200,BRK-B
2016-09-06,150.5399932861328,150.97999572753906,149.30999755859375,150.42999267578125,4460800,BRK-B
2016-09-07,150.0,150.49000549316406,149.33999633789062,149.5800018310547,2437100,BRK-B
2016-09-08,149.60000610351562,150.10000610351562,149.3000030517578,149.77999877929688,2963400,BRK-B
2016-09-09,149.10000610351562,149.58999633789062,146.55999755859375,146.6199951171875,4342700,BRK-B
2016-09-12,146.3699951171875,149.38999938964844,145.94000244140625,148.97000122070312,4323800,BRK-B
2016-09-13,147.9499969482422,148.1300048828125,145.5500030517578,146.22999572753906,5505900,BRK-B
2016-09-14,146.02000427246094,146.91000366210938,145.3300018310547,145.77999877929688,3097300,BRK-B
2016-09-15,146.0,147.0800018310547,145.47000122070312,146.66000366210938,3255500,BRK-B
2016-09-16,146.11000061035156,146.22999572753906,144.67999267578125,145.00999450683594,11133700,BRK-B
2016-09-19,145.33999633789062,146.19000244140625,144.92999267578125,145.24000549316406,3031800,BRK-B
2016-09-20,145.97999572753906,145.97999572753906,144.75999450683594,144.9199981689453,2367000,BRK-B
2016-09-21,145.64999389648438,146.49000549316406,144.97999572753906,146.4600067138672,3768900,BRK-B
2016-09-22,146.75,147.08999633789062,146.1300048828125,146.52999877929688,2770900,BRK-B
2016-09-23,146.3000030517578,146.49000549316406,145.0,145.0,3697800,BRK-B
2016-09-26,144.52000427246094,144.9600067138672,144.0,144.17999267578125,2863700,BRK-B
2016-09-27,144.27999877929688,145.3800048828125,144.00999450683594,145.33999633789062,2934600,BRK-B
2016-09-28,145.27999877929688,145.4199981689453,144.02999877929688,145.27999877929688,3246500,BRK-B
2016-09-29,145.17999267578125,145.52000427246094,143.36000061035156,143.58999633789062,3313800,BRK-B
2016-09-30,144.27000427246094,145.3800048828125,144.27000427246094,144.47000122070312,4416500,BRK-B
2016-10-03,144.27000427246094,144.30999755859375,143.2100067138672,143.75999450683594,3493800,BRK-B
2016-10-04,143.74000549316406,144.1999969482422,142.8000030517578,143.1699981689453,3058900,BRK-B
2016-10-05,143.64999389648438,144.2899932861328,143.2100067138672,144.14999389648438,2998800,BRK-B
2016-10-06,144.0,144.10000610351562,143.3000030517578,143.8699951171875,2279500,BRK-B
2016-10-07,143.92999267578125,144.94000244140625,143.77999877929688,144.52000427246094,3093800,BRK-B
2016-10-10,145.0500030517578,145.67999267578125,144.97999572753906,145.1999969482422,1884100,BRK-B
2016-10-11,145.1300048828125,145.13999938964844,143.52999877929688,143.9499969482422,2723000,BRK-B
2016-10-12,143.86000061035156,145.2899932861328,143.86000061035156,144.91000366210938,2558100,BRK-B
2016-10-13,143.7899932861328,144.0500030517578,141.9199981689453,143.22000122070312,4657600,BRK-B
2016-10-14,143.91000366210938,144.88999938964844,143.5800018310547,144.17999267578125,2932800,BRK-B
2016-10-17,144.5,144.75999450683594,143.3699951171875,143.8000030517578,2552800,BRK-B
2016-10-18,144.64999389648438,145.08999633789062,144.1300048828125,144.3000030517578,2378500,BRK-B
2016-10-19,144.8699951171875,145.7100067138672,144.47999572753906,144.86000061035156,2309300,BRK-B
2016-10-20,144.6199951171875,145.42999267578125,144.19000244140625,144.49000549316406,2505000,BRK-B
2016-10-21,143.5399932861328,143.9499969482422,142.8000030517578,143.60000610351562,3075400,BRK-B
2016-10-24,144.08999633789062,144.88999938964844,143.67999267578125,143.8300018310547,2223800,BRK-B
2016-10-25,143.6999969482422,144.16000366210938,143.2100067138672,143.4199981689453,2349500,BRK-B
2016-10-26,143.3800048828125,144.4600067138672,143.1199951171875,143.94000244140625,2769700,BRK-B
2016-10-27,144.19000244140625,144.77999877929688,143.8699951171875,144.4499969482422,2914800,BRK-B
2016-10-28,144.83999633789062,145.2899932861328,142.89999389648438,144.0,2789900,BRK-B
2016-10-31,144.3000030517578,144.69000244140625,144.0,144.3000030517578,3229500,BRK-B
2016-11-01,144.67999267578125,144.86000061035156,143.11000061035156,143.6300048828125,3339400,BRK-B
2016-11-02,143.17999267578125,143.86000061035156,142.91000366210938,143.19000244140625,3178500,BRK-B
2016-11-03,143.25,144.4499969482422,143.1999969482422,143.63999938964844,2691800,BRK-B
2016-11-04,143.4499969482422,143.8000030517578,142.35000610351562,142.9499969482422,3493300,BRK-B
2016-11-07,144.7100067138672,147.1699981689453,144.3000030517578,146.91000366210938,5236000,BRK-B
2016-11-08,146.88999938964844,148.13999938964844,146.39999389648438,147.7899932861328,3636000,BRK-B
2016-11-09,146.10000610351562,151.63999938964844,145.10000610351562,151.27999877929688,8687800,BRK-B
2016-11-10,152.0,156.61000061035156,151.67999267578125,156.05999755859375,8142500,BRK-B
2016-11-11,155.3000030517578,157.27999877929688,155.14999389648438,156.9199981689453,4514400,BRK-B
2016-11-14,157.47999572753906,158.16000366210938,156.52999877929688,157.92999267578125,5520400,BRK-B
2016-11-15,157.61000061035156,157.82000732421875,156.08999633789062,157.4600067138672,4780100,BRK-B
2016-11-16,157.02000427246094,157.58999633789062,156.02000427246094,157.0800018310547,4468900,BRK-B
2016-11-17,156.80999755859375,158.63999938964844,156.3000030517578,158.38999938964844,4169100,BRK-B
2016-11-18,158.35000610351562,158.47999572753906,157.1699981689453,157.75,3383300,BRK-B
2016-11-21,158.10000610351562,158.7100067138672,157.4199981689453,158.7100067138672,2847400,BRK-B
2016-11-22,159.00999450683594,159.08999633789062,157.8300018310547,158.66000366210938,3143300,BRK-B
2016-11-23,158.66000366210938,159.0,157.27999877929688,158.11000061035156,3050700,BRK-B
2016-11-25,158.6300048828125,158.6300048828125,157.60000610351562,158.17999267578125,1777200,BRK-B
2016-11-28,157.89999389648438,158.49000549316406,156.88999938964844,156.97000122070312,4204300,BRK-B
2016-11-29,157.50999450683594,157.97999572753906,156.82000732421875,157.67999267578125,2973300,BRK-B
2016-11-30,158.4199981689453,158.88999938964844,157.4199981689453,157.44000244140625,5145600,BRK-B
2016-12-01,157.5800018310547,160.24000549316406,157.50999450683594,160.1199951171875,4578600,BRK-B
2016-12-02,160.0500030517578,160.1199951171875,158.6999969482422,159.38999938964844,3854400,BRK-B
2016-12-05,160.25,160.67999267578125,159.27000427246094,160.2100067138672,4870400,BRK-B
2016-12-06,160.57000732421875,161.5500030517578,159.92999267578125,161.33999633789062,3543600,BRK-B
2016-12-07,161.94000244140625,164.69000244140625,161.39999389648438,164.69000244140625,6043200,BRK-B
2016-12-08,164.97999572753906,165.9499969482422,163.52000427246094,164.11000061035156,4902500,BRK-B
2016-12-09,164.27999877929688,165.16000366210938,163.07000732421875,164.86000061035156,3887900,BRK-B
2016-12-12,164.64999389648438,166.63999938964844,164.35000610351562,166.1199951171875,6759700,BRK-B
2016-12-13,166.49000549316406,166.99000549316406,165.39999389648438,166.6199951171875,4359100,BRK-B
2016-12-14,166.58999633789062,167.25,164.5399932861328,165.05999755859375,4537400,BRK-B
2016-12-15,165.5,167.02000427246094,164.8000030517578,165.72999572753906,3985500,BRK-B
2016-12-16,166.13999938964844,166.14999389648438,164.3300018310547,164.75999450683594,7046200,BRK-B
2016-12-19,165.19000244140625,165.64999389648438,164.47999572753906,165.35000610351562,2972500,BRK-B
2016-12-20,166.14999389648438,166.4199981689453,165.39999389648438,166.36000061035156,3103100,BRK-B
2016-12-21,166.39999389648438,166.6699981689453,165.5500030517578,165.9499969482422,2480500,BRK-B
2016-12-22,165.77000427246094,166.1199951171875,164.88999938964844,166.02999877929688,2511600,BRK-B
2016-12-23,166.25999450683594,166.44000244140625,164.77000427246094,165.32000732421875,2043100,BRK-B
2016-12-27,165.50999450683594,165.82000732421875,164.77999877929688,164.9499969482422,2133800,BRK-B
2016-12-28,165.4499969482422,165.63999938964844,163.55999755859375,163.75,2626800,BRK-B
2016-12-29,163.92999267578125,164.47000122070312,163.00999450683594,163.0500030517578,2545300,BRK-B
2016-12-30,163.16000366210938,164.02999877929688,162.6199951171875,162.97999572753906,4041400,BRK-B
2017-01-03,164.33999633789062,164.7100067138672,162.44000244140625,163.8300018310547,4091000,BRK-B
2017-01-04,164.4499969482422,164.57000732421875,163.0,164.0800018310547,3568900,BRK-B
2017-01-05,164.05999755859375,164.13999938964844,162.17999267578125,163.3000030517578,2982500,BRK-B
2017-01-06,163.44000244140625,163.8000030517578,162.63999938964844,163.41000366210938,2697000,BRK-B
2017-01-09,163.0399932861328,163.25,162.02000427246094,162.02000427246094,3564700,BRK-B
2017-01-10,162.0,162.74000549316406,161.41000366210938,161.47000122070312,2671300,BRK-B
2017-01-11,161.47000122070312,162.4499969482422,161.02999877929688,162.22999572753906,3305900,BRK-B
2017-01-12,162.0,162.14999389648438,160.3300018310547,161.41000366210938,3229400,BRK-B
2017-01-13,161.80999755859375,163.1300048828125,161.50999450683594,161.89999389648438,3081600,BRK-B
2017-01-17,161.9600067138672,162.0,159.3000030517578,159.63999938964844,4712800,BRK-B
2017-01-18,160.0399932861328,160.86000061035156,159.42999267578125,160.49000549316406,3074700,BRK-B
2017-01-19,160.82000732421875,161.1199951171875,159.11000061035156,159.41000366210938,3172800,BRK-B
2017-01-20,160.2100067138672,160.77999877929688,159.5800018310547,160.2100067138672,4176100,BRK-B
2017-01-23,160.19000244140625,160.27999877929688,158.61000061035156,158.80999755859375,3434300,BRK-B
2017-01-24,159.25999450683594,161.08999633789062,158.77000427246094,160.72000122070312,4012500,BRK-B
2017-01-25,162.0,164.6300048828125,161.38999938964844,164.25,4500000,BRK-B
2017-01-26,164.8800048828125,165.02999877929688,164.0800018310547,164.9199981689453,3132400,BRK-B
2017-01-27,164.92999267578125,165.3000030517578,163.4600067138672,164.39999389648438,2520300,BRK-B
2017-01-30,164.1999969482422,164.91000366210938,163.22000122070312,164.8000030517578,3194400,BRK-B
2017-01-31,164.63999938964844,165.05999755859375,163.0800018310547,164.13999938964844,3099600,BRK-B
2017-02-01,164.75,165.1999969482422,163.3000030517578,163.61000061035156,2906900,BRK-B
2017-02-02,163.30999755859375,163.30999755859375,162.27000427246094,163.0,3041200,BRK-B
2017-02-03,164.0,164.19000244140625,162.52000427246094,163.94000244140625,3352700,BRK-B
2017-02-06,163.8800048828125,163.92999267578125,163.0399932861328,163.4199981689453,2798300,BRK-B
2017-02-07,163.6199951171875,163.85000610351562,162.5800018310547,162.92999267578125,2446800,BRK-B
2017-02-08,162.89999389648438,163.1300048828125,162.14999389648438,162.8699951171875,2247100,BRK-B
2017-02-09,162.8699951171875,164.4199981689453,162.82000732421875,164.0399932861328,2878300,BRK-B
2017-02-10,164.58999633789062,164.67999267578125,163.60000610351562,164.00999450683594,3066200,BRK-B
2017-02-13,164.7100067138672,166.24000549316406,164.44000244140625,165.85000610351562,2958400,BRK-B
2017-02-14,165.85000610351562,167.0,165.1699981689453,166.9499969482422,3057900,BRK-B
2017-02-15,167.2100067138672,167.33999633789062,166.1199951171875,167.27999877929688,4349600,BRK-B
2017-02-16,167.27999877929688,167.8000030517578,166.10000610351562,167.74000549316406,3152200,BRK-B
2017-02-17,167.55999755859375,168.6999969482422,166.7100067138672,168.57000732421875,3716900,BRK-B
2017-02-21,168.9199981689453,169.64999389648438,168.47000122070312,168.9199981689453,4416900,BRK-B
2017-02-22,168.9199981689453,169.6999969482422,168.3300018310547,169.61000061035156,3299400,BRK-B
2017-02-23,169.9600067138672,170.16000366210938,169.11000061035156,170.14999389648438,3377100,BRK-B
2017-02-24,169.39999389648438,170.27999877929688,169.22000122070312,170.22000122070312,4023400,BRK-B
2017-02-27,170.89999389648438,171.1999969482422,170.32000732421875,170.6300048828125,3738600,BRK-B
2017-02-28,170.89999389648438,172.1999969482422,170.50999450683594,171.4199981689453,6464500,BRK-B
2017-03-01,173.6999969482422,177.41000366210938,173.6999969482422,177.27999877929688,7137600,BRK-B
2017-03-02,177.86000061035156,177.86000061035156,175.47999572753906,175.88999938964844,4154800,BRK-B
2017-03-03,175.97000122070312,176.4600067138672,175.0399932861328,175.67999267578125,3552000,BRK-B
2017-03-06,175.44000244140625,175.8800048828125,174.50999450683594,175.39999389648438,3379100,BRK-B
2017-03-07,175.5800018310547,175.75999450683594,174.89999389648438,175.3000030517578,2645400,BRK-B
2017-03-08,175.88999938964844,176.0,174.8000030517578,174.97000122070312,3334400,BRK-B
2017-03-09,175.6999969482422,175.85000610351562,174.82000732421875,175.3699951171875,2955800,BRK-B
2017-03-10,176.0,176.13999938964844,174.4499969482422,174.97999572753906,3789700,BRK-B
2017-03-13,175.2899932861328,175.60000610351562,174.69000244140625,175.38999938964844,3333500,BRK-B
2017-03-14,175.22000122070312,175.42999267578125,174.22999572753906,174.72999572753906,2972300,BRK-B
2017-03-15,174.97999572753906,175.0800018310547,173.77000427246094,174.6699981689453,3928500,BRK-B
2017-03-16,175.14999389648438,175.42999267578125,173.6999969482422,174.0800018310547,3119600,BRK-B
2017-03-17,173.88999938964844,173.88999938964844,172.32000732421875,172.82000732421875,6710700,BRK-B
2017-03-20,172.3000030517578,172.8699951171875,171.60000610351562,172.07000732421875,3340700,BRK-B
2017-03-21,172.16000366210938,172.44000244140625,169.02999877929688,169.47000122070312,4973900,BRK-B
2017-03-22,169.27000427246094,170.0399932861328,168.02000427246094,169.3000030517578,3257000,BRK-B
2017-03-23,169.66000366210938,171.36000061035156,169.2100067138672,169.88999938964844,3142900,BRK-B
2017-03-24,170.4499969482422,170.4499969482422,168.02000427246094,168.66000366210938,4131900,BRK-B
2017-03-27,166.88999938964844,167.50999450683594,165.8000030517578,167.44000244140625,4884700,BRK-B
2017-03-28,167.27999877929688,168.61000061035156,166.36000061035156,168.30999755859375,4598000,BRK-B
2017-03-29,168.0,168.3000030517578,166.44000244140625,166.58999633789062,4776400,BRK-B
2017-03-30,166.3000030517578,167.69000244140625,166.0,167.36000061035156,3393700,BRK-B
2017-03-31,167.41000366210938,167.60000610351562,166.33999633789062,166.67999267578125,3564700,BRK-B
2017-04-03,166.72000122070312,167.0,165.32000732421875,166.8699951171875,3986900,BRK-B
2017-04-04,166.61000061035156,167.0,166.13999938964844,166.86000061035156,2853000,BRK-B
2017-04-05,167.4499969482422,168.22999572753906,165.6699981689453,165.8300018310547,5231100,BRK-B
2017-04-06,165.63999938964844,167.0,165.02000427246094,166.47000122070312,3892300,BRK-B
2017-04-07,165.6199951171875,166.88999938964844,165.47999572753906,166.1699981689453,2593400,BRK-B
2017-04-10,166.1999969482422,167.0,165.97999572753906,166.35000610351562,3015900,BRK-B
2017-04-11,165.8000030517578,166.22000122070312,164.85000610351562,165.6999969482422,3488200,BRK-B
2017-04-12,165.07000732421875,165.47999572753906,164.66000366210938,165.11000061035156,3419700,BRK-B
2017-04-13,164.97999572753906,165.27999877929688,162.8699951171875,162.89999389648438,3655100,BRK-B
2017-04-17,163.61000061035156,164.6300048828125,162.6699981689453,164.35000610351562,3414100,BRK-B
2017-04-18,163.8699951171875,164.22999572753906,163.08999633789062,163.69000244140625,2985800,BRK-B
2017-04-19,164.10000610351562,164.49000549316406,162.27999877929688,162.75999450683594,3932900,BRK-B
2017-04-20,163.2899932861328,165.24000549316406,163.0399932861328,164.97999572753906,3729200,BRK-B
2017-04-21,164.39999389648438,164.9499969482422,163.33999633789062,163.41000366210938,5122400,BRK-B
2017-04-24,165.6999969482422,165.99000549316406,164.39999389648438,165.77999877929688,4135500,BRK-B
2017-04-25,166.9199981689453,167.9600067138672,166.60000610351562,167.52999877929688,4268500,BRK-B
2017-04-26,167.5,168.9499969482422,167.25,167.6300048828125,4084300,BRK-B
2017-04-27,167.64999389648438,167.80999755859375,165.5,166.5500030517578,4290200,BRK-B
2017-04-28,166.27999877929688,166.5500030517578,164.67999267578125,165.2100067138672,3045000,BRK-B
2017-05-01,165.8000030517578,166.32000732421875,165.35000610351562,165.44000244140625,3135400,BRK-B
2017-05-02,165.89999389648438,166.3300018310547,165.16000366210938,166.0500030517578,2781200,BRK-B
2017-05-03,165.6999969482422,167.0800018310547,165.5,166.72999572753906,2982200,BRK-B
2017-05-04,167.63999938964844,168.0399932861328,166.22000122070312,166.33999633789062,3643500,BRK-B
2017-05-05,167.1199951171875,167.13999938964844,165.8800048828125,166.5500030517578,3578500,BRK-B
2017-05-08,166.5,166.60000610351562,164.10000610351562,165.02000427246094,5163900,BRK-B
2017-05-09,165.1699981689453,165.24000549316406,163.0,163.4600067138672,3840700,BRK-B
2017-05-10,163.36000061035156,163.8800048828125,163.02999877929688,163.72000122070312,3237400,BRK-B
2017-05-11,163.5800018310547,163.77000427246094,162.38999938964844,163.27000427246094,3285900,BRK-B
2017-05-12,163.05999755859375,163.49000549316406,162.47000122070312,163.32000732421875,3592300,BRK-B
2017-05-15,163.80999755859375,164.0800018310547,163.25999450683594,163.8000030517578,2959000,BRK-B
2017-05-16,164.10000610351562,164.2899932861328,163.25,163.61000061035156,2434900,BRK-B
2017-05-17,163.61000061035156,163.61000061035156,161.17999267578125,161.25999450683594,4797400,BRK-B
2017-05-18,161.5,162.6199951171875,160.92999267578125,161.6199951171875,3645600,BRK-B
2017-05-19,161.86000061035156,164.0800018310547,161.5800018310547,163.24000549316406,4164900,BRK-B
2017-05-22,164.8000030517578,165.47999572753906,163.94000244140625,165.1300048828125,4350800,BRK-B
2017-05-23,165.39999389648438,165.77000427246094,164.8699951171875,165.47999572753906,3352200,BRK-B
2017-05-24,165.89999389648438,165.89999389648438,164.5500030517578,164.92999267578125,2597300,BRK-B
2017-05-25,165.22999572753906,165.5,164.7100067138672,165.3000030517578,2605300,BRK-B
2017-05-26,165.25,165.8800048828125,165.02000427246094,165.69000244140625,2156300,BRK-B
2017-05-30,165.7899932861328,165.8699951171875,164.47000122070312,165.11000061035156,3048300,BRK-B
2017-05-31,165.27000427246094,165.4499969482422,164.10000610351562,165.27999877929688,5674900,BRK-B
2017-06-01,165.8000030517578,166.69000244140625,164.75,166.66000366210938,3330900,BRK-B
2017-06-02,166.1300048828125,166.9199981689453,165.85000610351562,166.2899932861328,3919900,BRK-B
2017-06-05,166.42999267578125,167.07000732421875,166.3300018310547,166.52000427246094,2303200,BRK-B
2017-06-06,166.1199951171875,166.72000122070312,165.8800048828125,166.1300048828125,2752300,BRK-B
2017-06-07,166.13999938964844,166.75,165.8699951171875,166.5,2987300,BRK-B
2017-06-08,166.5,167.94000244140625,166.22999572753906,166.94000244140625,4387400,BRK-B
2017-06-09,167.6699981689453,170.13999938964844,167.4199981689453,170.0,3781300,BRK-B
2017-06-12,169.42999267578125,170.64999389648438,169.41000366210938,170.5,4662700,BRK-B
2017-06-13,171.5,171.82000732421875,170.89999389648438,171.47000122070312,3145400,BRK-B
2017-06-14,170.9199981689453,171.5,169.5500030517578,171.4499969482422,3344500,BRK-B
2017-06-15,170.60000610351562,170.9199981689453,169.57000732421875,170.5500030517578,3275200,BRK-B
2017-06-16,170.60000610351562,171.0399932861328,169.75,170.47999572753906,6505900,BRK-B
2017-06-19,171.38999938964844,171.9499969482422,170.77999877929688,171.5500030517578,2869000,BRK-B
2017-06-20,171.67999267578125,171.67999267578125,170.4499969482422,170.5500030517578,2470100,BRK-B
2017-06-21,170.61000061035156,170.77999877929688,169.33999633789062,169.6199951171875,2365100,BRK-B
2017-06-22,169.3300018310547,169.6699981689453,168.30999755859375,168.32000732421875,2673900,BRK-B
2017-06-23,169.27000427246094,169.27000427246094,166.63999938964844,167.22000122070312,4046800,BRK-B
2017-06-26,167.8000030517578,168.27999877929688,166.97000122070312,167.49000549316406,2543000,BRK-B
2017-06-27,167.72000122070312,168.05999755859375,166.77999877929688,167.35000610351562,2995600,BRK-B
2017-06-28,167.92999267578125,170.14999389648438,167.89999389648438,169.88999938964844,3210900,BRK-B
2017-06-29,170.67999267578125,171.3699951171875,168.60000610351562,169.3000030517578,3545500,BRK-B
2017-06-30,170.00999450683594,170.14999389648438,169.27000427246094,169.3699951171875,3627800,BRK-B
2017-07-03,170.39999389648438,172.6999969482422,169.9499969482422,171.8000030517578,2493400,BRK-B
2017-07-05,172.05999755859375,172.50999450683594,171.27999877929688,171.85000610351562,2558600,BRK-B
2017-07-06,171.55999755859375,171.97000122070312,170.08999633789062,170.1999969482422,3182000,BRK-B
2017-07-07,170.83999633789062,171.32000732421875,169.89999389648438,171.13999938964844,2967200,BRK-B
2017-07-10,170.61000061035156,171.30999755859375,169.89999389648438,170.25,2504500,BRK-B
2017-07-11,169.94000244140625,170.1999969482422,168.0,169.24000549316406,3525600,BRK-B
2017-07-12,169.7899932861328,170.08999633789062,169.05999755859375,169.9199981689453,3018200,BRK-B
2017-07-13,170.05999755859375,170.07000732421875,169.25,169.69000244140625,3170500,BRK-B
2017-07-14,168.89999389648438,169.9199981689453,168.52000427246094,169.47000122070312,2941500,BRK-B
2017-07-17,169.44000244140625,170.72999572753906,168.9499969482422,170.16000366210938,3044400,BRK-B
2017-07-18,170.0399932861328,170.69000244140625,169.55999755859375,170.30999755859375,2599700,BRK-B
2017-07-19,170.30999755859375,171.3300018310547,170.30999755859375,171.1999969482422,1923200,BRK-B
2017-07-20,171.3300018310547,171.8699951171875,171.07000732421875,171.3300018310547,2137900,BRK-B
2017-07-21,171.57000732421875,171.69000244140625,170.66000366210938,171.33999633789062,2419800,BRK-B
2017-07-24,171.5,171.8800048828125,171.07000732421875,171.3699951171875,2649600,BRK-B
2017-07-25,172.14999389648438,173.3699951171875,172.14999389648438,172.94000244140625,2921100,BRK-B
2017-07-26,173.0,173.7899932861328,172.5,173.02000427246094,2849500,BRK-B
2017-07-27,173.1699981689453,173.17999267578125,172.22000122070312,173.0500030517578,3522600,BRK-B
2017-07-28,173.05999755859375,174.33999633789062,172.1300048828125,174.0,2401800,BRK-B
2017-07-31,174.6999969482422,175.60000610351562,174.1999969482422,174.97000122070312,3477000,BRK-B
2017-08-01,175.92999267578125,176.3800048828125,174.80999755859375,176.2899932861328,2666000,BRK-B
2017-08-02,176.2899932861328,177.9199981689453,175.91000366210938,177.85000610351562,3174500,BRK-B
2017-08-03,177.5,179.0,177.44000244140625,178.99000549316406,2856200,BRK-B
2017-08-04,179.8000030517578,179.99000549316406,178.69000244140625,179.9199981689453,2636600,BRK-B
2017-08-07,177.0399932861328,178.41000366210938,177.0399932861328,178.0399932861328,3279200,BRK-B
2017-08-08,177.7100067138672,178.2899932861328,176.1999969482422,176.42999267578125,2925000,BRK-B
2017-08-09,175.5,178.16000366210938,175.0500030517578,178.05999755859375,2804100,BRK-B
2017-08-10,177.1300048828125,177.60000610351562,176.25999450683594,176.36000061035156,3084300,BRK-B
2017-08-11,176.32000732421875,177.1699981689453,175.27000427246094,175.33999633789062,2580000,BRK-B
2017-08-14,176.75,177.72999572753906,176.4499969482422,177.2899932861328,2710100,BRK-B
2017-08-15,177.74000549316406,178.14999389648438,177.24000549316406,177.47000122070312,2670000,BRK-B
2017-08-16,178.1999969482422,178.97000122070312,177.60000610351562,178.5399932861328,2299200,BRK-B
2017-08-17,178.25,178.6999969482422,177.16000366210938,177.16000366210938,4189500,BRK-B
2017-08-18,176.57000732421875,178.82000732421875,176.27000427246094,177.55999755859375,3586100,BRK-B
2017-08-21,177.6199951171875,178.5,177.07000732421875,178.33999633789062,2878400,BRK-B
2017-08-22,178.5,180.61000061035156,178.4600067138672,180.4499969482422,2928600,BRK-B
2017-08-23,179.25,180.52000427246094,179.0,179.97999572753906,2444600,BRK-B
2017-08-24,179.97999572753906,180.0,178.1300048828125,178.42999267578125,3250100,BRK-B
2017-08-25,179.0,180.16000366210938,178.86000061035156,179.60000610351562,2284600,BRK-B
2017-08-28,179.77000427246094,179.89999389648438,178.02000427246094,178.6999969482422,2986500,BRK-B
2017-08-29,177.72000122070312,178.6999969482422,177.1999969482422,178.6199951171875,2499300,BRK-B
2017-08-30,178.7100067138672,181.02999877929688,178.50999450683594,180.35000610351562,3303500,BRK-B
2017-08-31,180.35000610351562,181.8699951171875,180.25,181.16000366210938,4376300,BRK-B
2017-09-01,181.60000610351562,181.97000122070312,180.57000732421875,180.72999572753906,2536800,BRK-B
2017-09-05,180.2899932861328,180.2899932861328,176.2899932861328,176.97999572753906,4880700,BRK-B
2017-09-06,177.35000610351562,177.8699951171875,176.72999572753906,176.7899932861328,4270300,BRK-B
2017-09-07,177.0500030517578,177.47999572753906,172.61000061035156,173.99000549316406,4620600,BRK-B
2017-09-08,173.89999389648438,175.82000732421875,173.57000732421875,175.5,3736400,BRK-B
2017-09-11,177.75,179.24000549316406,177.3300018310547,177.8699951171875,4107600,BRK-B
2017-09-12,178.0,178.72000122070312,177.8000030517578,178.6300048828125,2348500,BRK-B
2017-09-13,177.75999450683594,179.14999389648438,177.61000061035156,178.9199981689453,2679400,BRK-B
2017-09-14,178.8000030517578,179.16000366210938,178.3800048828125,178.57000732421875,3304100,BRK-B
2017-09-15,179.24000549316406,180.36000061035156,178.80999755859375,179.88999938964844,9234800,BRK-B
2017-09-18,180.5,181.74000549316406,180.27000427246094,181.47000122070312,3698600,BRK-B
2017-09-19,181.5,183.00999450683594,181.5,183.00999450683594,3159000,BRK-B
2017-09-20,183.3000030517578,183.92999267578125,182.4600067138672,183.82000732421875,3742100,BRK-B
2017-09-21,183.32000732421875,183.92999267578125,183.02999877929688,183.16000366210938,2369000,BRK-B
2017-09-22,182.6300048828125,182.83999633789062,181.3000030517578,181.86000061035156,2688100,BRK-B
2017-09-25,181.99000549316406,182.63999938964844,180.8000030517578,182.52000427246094,2424600,BRK-B
2017-09-26,182.5500030517578,182.8699951171875,181.74000549316406,181.86000061035156,2382000,BRK-B
2017-09-27,182.8699951171875,184.0,182.50999450683594,183.27000427246094,2593900,BRK-B
2017-09-28,183.39999389648438,183.9499969482422,182.44000244140625,183.2100067138672,1930800,BRK-B
2017-09-29,183.58999633789062,183.67999267578125,182.4199981689453,183.32000732421875,2761600,BRK-B
2017-10-02,183.4499969482422,185.47000122070312,182.92999267578125,185.41000366210938,2577500,BRK-B
2017-10-03,185.60000610351562,186.50999450683594,184.60000610351562,185.6699981689453,3173900,BRK-B
2017-10-04,186.1999969482422,186.6699981689453,185.50999450683594,185.8300018310547,2071300,BRK-B
2017-10-05,186.1699981689453,188.0399932861328,185.8000030517578,187.1199951171875,2786100,BRK-B
2017-10-06,187.1999969482422,187.6199951171875,186.0500030517578,187.42999267578125,2600600,BRK-B
2017-10-09,187.5,187.9499969482422,186.63999938964844,187.5,2036700,BRK-B
2017-10-10,187.4600067138672,188.1999969482422,187.16000366210938,188.0,2212800,BRK-B
2017-10-11,187.39999389648438,187.9499969482422,186.47999572753906,187.4600067138672,2750600,BRK-B
2017-10-12,187.6999969482422,187.99000549316406,185.97000122070312,186.3000030517578,2640700,BRK-B
2017-10-13,186.77000427246094,188.0,186.3300018310547,187.3699951171875,2830200,BRK-B
2017-10-16,188.0,188.6199951171875,187.57000732421875,187.9600067138672,2316700,BRK-B
2017-10-17,187.9600067138672,188.0,186.5,187.38999938964844,2273100,BRK-B
2017-10-18,187.75,188.1300048828125,186.8000030517578,187.85000610351562,2192900,BRK-B
2017-10-19,187.16000366210938,187.5,186.42999267578125,187.2100067138672,2831900,BRK-B
2017-10-20,187.75,189.0399932861328,187.5800018310547,189.0399932861328,2934900,BRK-B
2017-10-23,189.17999267578125,189.72000122070312,188.63999938964844,189.38999938964844,2418200,BRK-B
2017-10-24,189.9199981689453,190.67999267578125,189.52999877929688,189.77999877929688,2888600,BRK-B
2017-10-25,189.8300018310547,190.0,187.66000366210938,188.7100067138672,3394200,BRK-B
2017-10-26,189.64999389648438,189.9199981689453,187.8300018310547,188.61000061035156,2740900,BRK-B
2017-10-27,188.32000732421875,188.6300048828125,187.0500030517578,188.58999633789062,2978800,BRK-B
2017-10-30,188.02000427246094,188.52000427246094,187.35000610351562,187.85000610351562,2473700,BRK-B
2017-10-31,188.05999755859375,188.11000061035156,186.41000366210938,186.94000244140625,3290400,BRK-B
2017-11-01,188.10000610351562,188.1300048828125,186.72999572753906,187.1699981689453,2727800,BRK-B
2017-11-02,186.75,188.77999877929688,185.88999938964844,188.61000061035156,3340900,BRK-B
2017-11-03,188.1300048828125,188.5500030517578,187.02000427246094,187.27000427246094,2159900,BRK-B
2017-11-06,186.10000610351562,187.57000732421875,185.3000030517578,186.67999267578125,2602600,BRK-B
2017-11-07,187.22999572753906,188.19000244140625,185.61000061035156,186.3000030517578,2500600,BRK-B
2017-11-08,186.30999755859375,186.88999938964844,184.35000610351562,184.60000610351562,4118800,BRK-B
2017-11-09,183.33999633789062,184.67999267578125,181.75999450683594,184.49000549316406,3633000,BRK-B
2017-11-10,183.83999633789062,184.07000732421875,182.50999450683594,183.67999267578125,3043300,BRK-B
2017-11-13,183.16000366210938,184.85000610351562,183.16000366210938,184.39999389648438,1889900,BRK-B
2017-11-14,183.66000366210938,184.0,182.5,183.33999633789062,3088000,BRK-B
2017-11-15,182.1300048828125,182.89999389648438,181.41000366210938,181.80999755859375,4004500,BRK-B
2017-11-16,182.2100067138672,183.0500030517578,181.64999389648438,182.0500030517578,3944000,BRK-B
2017-11-17,181.6999969482422,181.94000244140625,180.5,181.05999755859375,2715900,BRK-B
2017-11-20,181.42999267578125,181.97999572753906,180.44000244140625,181.6300048828125,2428800,BRK-B
2017-11-21,181.77999877929688,183.5,181.50999450683594,183.17999267578125,3047000,BRK-B
2017-11-22,183.77999877929688,183.77999877929688,181.94000244140625,182.55999755859375,3017000,BRK-B
2017-11-24,182.66000366210938,182.97999572753906,182.25,182.36000061035156,1038600,BRK-B
2017-11-27,182.74000549316406,183.8699951171875,182.41000366210938,183.49000549316406,2985200,BRK-B
2017-11-28,184.10000610351562,187.83999633789062,184.02000427246094,187.5399932861328,3721000,BRK-B
2017-11-29,188.1999969482422,192.0,187.57000732421875,189.85000610351562,4898000,BRK-B
2017-11-30,190.35000610351562,193.80999755859375,189.9499969482422,193.00999450683594,6420400,BRK-B
2017-12-01,193.58999633789062,194.99000549316406,189.72000122070312,194.55999755859375,5177300,BRK-B
2017-12-04,196.17999267578125,199.47999572753906,196.17999267578125,196.9600067138672,4899500,BRK-B
2017-12-05,197.77000427246094,197.99000549316406,195.5,196.07000732421875,3411700,BRK-B
2017-12-06,196.05999755859375,196.8300018310547,194.8000030517578,196.00999450683594,3315700,BRK-B
2017-12-07,195.91000366210938,196.75,194.97999572753906,196.33999633789062,2650700,BRK-B
2017-12-08,195.33999633789062,197.27999877929688,195.02000427246094,196.44000244140625,3953400,BRK-B
2017-12-11,196.6300048828125,197.17999267578125,195.3000030517578,196.6999969482422,3605000,BRK-B
2017-12-12,199.41000366210938,199.9199981689453,197.0,199.07000732421875,4343000,BRK-B
2017-12-13,198.55999755859375,199.6300048828125,197.35000610351562,197.39999389648438,4151900,BRK-B
2017-12-14,198.1199951171875,198.19000244140625,195.94000244140625,196.66000366210938,3593900,BRK-B
2017-12-15,198.24000549316406,199.1999969482422,197.22999572753906,197.77999877929688,9169400,BRK-B
2017-12-18,199.5,200.25999450683594,198.94000244140625,199.33999633789062,4600100,BRK-B
2017-12-19,200.16000366210938,200.5,197.67999267578125,197.91000366210938,3645200,BRK-B
2017-12-20,199.38999938964844,199.75,197.67999267578125,197.7899932861328,3914300,BRK-B
2017-12-21,198.85000610351562,199.55999755859375,198.2100067138672,198.88999938964844,3262400,BRK-B
2017-12-22,199.24000549316406,199.67999267578125,196.8800048828125,197.9199981689453,3786800,BRK-B
2017-12-26,197.97000122070312,198.57000732421875,197.27999877929688,197.57000732421875,1769600,BRK-B
2017-12-27,197.5,198.82000732421875,197.27999877929688,198.69000244140625,3343200,BRK-B
2017-12-28,199.33999633789062,199.9600067138672,198.82000732421875,199.55999755859375,2340000,BRK-B
2017-12-29,200.0,200.07000732421875,198.22000122070312,198.22000122070312,3566000,BRK-B
2018-01-02,198.8699951171875,198.8699951171875,195.9600067138672,197.22000122070312,4113000,BRK-B
2018-01-03,197.0,200.0,197.0,199.7899932861328,3526700,BRK-B
2018-01-04,200.89999389648438,202.1300048828125,200.00999450683594,200.69000244140625,3900000,BRK-B
2018-01-05,201.0,201.6699981689453,199.30999755859375,201.4199981689453,4207600,BRK-B
2018-01-08,201.14999389648438,203.07000732421875,199.8000030517578,202.74000549316406,3887900,BRK-B
2018-01-09,203.33999633789062,204.39999389648438,202.5800018310547,203.02000427246094,3834900,BRK-B
2018-01-10,203.0,205.72000122070312,202.5,205.61000061035156,3793100,BRK-B
2018-01-11,205.9600067138672,207.27999877929688,205.72000122070312,206.69000244140625,3641500,BRK-B
2018-01-12,207.27000427246094,210.38999938964844,206.8000030517578,210.16000366210938,4184400,BRK-B
2018-01-16,213.1199951171875,214.02999877929688,209.36000061035156,210.2899932861328,6220000,BRK-B
2018-01-17,211.9199981689453,214.5,211.13999938964844,214.16000366210938,4600700,BRK-B
2018-01-18,215.6699981689453,215.77999877929688,213.05999755859375,213.19000244140625,5141500,BRK-B
2018-01-19,213.4499969482422,214.3000030517578,212.11000061035156,213.25,5140200,BRK-B
2018-01-22,213.2899932861328,216.0800018310547,213.25,215.97000122070312,3267200,BRK-B
2018-01-23,216.0399932861328,216.35000610351562,212.77000427246094,215.55999755859375,3659100,BRK-B
2018-01-24,216.1199951171875,216.88999938964844,214.58999633789062,215.61000061035156,4294200,BRK-B
2018-01-25,216.24000549316406,216.5,214.27999877929688,215.10000610351562,3088300,BRK-B
2018-01-26,215.52000427246094,217.33999633789062,215.14999389648438,217.19000244140625,3640800,BRK-B
2018-01-29,217.14999389648438,217.6199951171875,215.19000244140625,215.4600067138672,3021300,BRK-B
2018-01-30,214.97000122070312,216.6199951171875,214.10000610351562,214.41000366210938,5040100,BRK-B
2018-01-31,214.99000549316406,215.0500030517578,213.3699951171875,214.3800048828125,4626300,BRK-B
2018-02-01,214.49000549316406,217.5,214.02999877929688,217.25,4508900,BRK-B
2018-02-02,216.16000366210938,216.5800018310547,207.8699951171875,209.1199951171875,6080600,BRK-B
2018-02-05,205.49000549316406,207.10000610351562,196.0,196.8000030517578,10746500,BRK-B
2018-02-06,193.14999389648438,201.9199981689453,190.17999267578125,201.24000549316406,10663000,BRK-B
2018-02-07,202.0,204.47999572753906,200.0,200.3699951171875,5758000,BRK-B
2018-02-08,200.3699951171875,200.99000549316406,191.0399932861328,191.4199981689453,8044400,BRK-B
2018-02-09,195.67999267578125,197.57000732421875,189.3000030517578,196.02000427246094,8931700,BRK-B
2018-02-12,198.50999450683594,200.66000366210938,196.13999938964844,198.88999938964844,5128900,BRK-B
2018-02-13,197.5800018310547,198.83999633789062,195.9199981689453,197.99000549316406,3967700,BRK-B
2018-02-14,197.0399932861328,200.75999450683594,195.99000549316406,200.5399932861328,4348100,BRK-B
2018-02-15,202.3800048828125,203.89999389648438,200.30999755859375,203.89999389648438,4357900,BRK-B
2018-02-16,203.99000549316406,206.32000732421875,203.16000366210938,203.7899932861328,4382500,BRK-B
2018-02-20,203.33999633789062,204.6999969482422,202.35000610351562,203.0500030517578,4116700,BRK-B
2018-02-21,202.5,205.22000122070312,200.77000427246094,201.02000427246094,4994400,BRK-B
2018-02-22,201.57000732421875,203.27999877929688,200.16000366210938,200.72999572753906,4034000,BRK-B
2018-02-23,201.38999938964844,202.97000122070312,200.80999755859375,202.75999450683594,4128400,BRK-B
2018-02-26,207.7100067138672,211.13999938964844,205.36000061035156,210.6199951171875,8254100,BRK-B
2018-02-27,212.0,213.1300048828125,209.64999389648438,209.66000366210938,5903400,BRK-B
2018-02-28,211.0,211.5399932861328,200.47000122070312,207.1999969482422,5378300,BRK-B
2018-03-01,206.82000732421875,208.57000732421875,200.27999877929688,201.52999877929688,6984000,BRK-B
2018-03-02,199.97999572753906,201.97000122070312,198.97999572753906,201.33999633789062,5025500,BRK-B
2018-03-05,199.60000610351562,204.1300048828125,199.1199951171875,203.24000549316406,4041100,BRK-B
2018-03-06,204.86000061035156,204.86000061035156,202.3699951171875,204.5500030517578,3203300,BRK-B
2018-03-07,202.35000610351562,204.8300018310547,201.75,204.3000030517578,3622800,BRK-B
2018-03-08,204.32000732421875,205.49000549316406,203.02999877929688,205.2899932861328,3084500,BRK-B
2018-03-09,206.9499969482422,213.24000549316406,206.25,212.94000244140625,5494300,BRK-B
2018-03-12,213.1999969482422,213.36000061035156,211.24000549316406,211.82000732421875,4967000,BRK-B
2018-03-13,212.69000244140625,213.0399932861328,208.8000030517578,209.1300048828125,4698200,BRK-B
2018-03-14,210.39999389648438,210.39999389648438,206.22999572753906,206.99000549316406,4015400,BRK-B
2018-03-15,208.2899932861328,209.32000732421875,207.61000061035156,207.82000732421875,4127200,BRK-B
2018-03-16,208.55999755859375,208.97000122070312,206.4600067138672,206.9600067138672,5961800,BRK-B
2018-03-19,206.8699951171875,207.05999755859375,202.63999938964844,203.99000549316406,4261300,BRK-B
2018-03-20,204.25,205.60000610351562,203.8000030517578,204.75,2939300,BRK-B
2018-03-21,205.3800048828125,207.27000427246094,204.0,204.8300018310547,3235600,BRK-B
2018-03-22,203.17999267578125,203.19000244140625,196.99000549316406,197.6300048828125,7113400,BRK-B
2018-03-23,198.0,198.25,191.8699951171875,192.4600067138672,7257000,BRK-B
2018-03-26,196.89999389648438,199.57000732421875,195.0800018310547,199.33999633789062,5223700,BRK-B
2018-03-27,200.47999572753906,201.44000244140625,194.44000244140625,196.14999389648438,5149200,BRK-B
2018-03-28,196.1699981689453,198.72000122070312,193.77999877929688,196.6699981689453,4388800,BRK-B
2018-03-29,198.0800018310547,201.00999450683594,197.3300018310547,199.47999572753906,5714600,BRK-B
2018-04-02,199.00999450683594,199.61000061035156,192.02000427246094,195.0,6178200,BRK-B
2018-04-03,196.0,198.24000549316406,193.91000366210938,197.9600067138672,4192900,BRK-B
2018-04-04,194.02000427246094,200.52999877929688,194.0,200.11000061035156,4100700,BRK-B
2018-04-05,201.1699981689453,202.77000427246094,200.27000427246094,200.85000610351562,4661300,BRK-B
2018-04-06,199.6999969482422,199.85000610351562,193.74000549316406,195.49000549316406,5580600,BRK-B
2018-04-09,196.72999572753906,198.6300048828125,194.9499969482422,195.3300018310547,3873100,BRK-B
2018-04-10,198.16000366210938,199.6999969482422,197.0500030517578,197.8000030517578,3250500,BRK-B
2018-04-11,196.60000610351562,197.0399932861328,194.9199981689453,195.22000122070312,3522100,BRK-B
2018-04-12,196.5,199.60000610351562,196.2899932861328,198.1300048828125,3707900,BRK-B
2018-04-13,199.60000610351562,199.85000610351562,196.0,197.0,3150900,BRK-B
2018-04-16,198.64999389648438,199.9499969482422,197.5500030517578,198.22000122070312,3819000,BRK-B
2018-04-17,199.85000610351562,200.66000366210938,198.89999389648438,199.27000427246094,4658300,BRK-B
2018-04-18,200.24000549316406,200.94000244140625,199.39999389648438,199.50999450683594,2872900,BRK-B
2018-04-19,199.99000549316406,201.47999572753906,199.1999969482422,200.3800048828125,2726500,BRK-B
2018-04-20,200.94000244140625,201.0,198.9199981689453,200.1300048828125,3705800,BRK-B
2018-04-23,200.22000122070312,200.83999633789062,198.52000427246094,199.4199981689453,2672600,BRK-B
2018-04-24,199.8699951171875,200.66000366210938,195.22999572753906,196.8000030517578,3718200,BRK-B
2018-04-25,196.17999267578125,197.36000061035156,194.41000366210938,196.8000030517578,3204400,BRK-B
2018-04-26,196.6300048828125,197.9600067138672,196.24000549316406,197.02999877929688,2388500,BRK-B
2018-04-27,196.92999267578125,197.5500030517578,195.8300018310547,197.22999572753906,2558900,BRK-B
2018-04-30,197.38999938964844,198.10000610351562,193.6199951171875,193.72999572753906,4247500,BRK-B
2018-05-01,193.75999450683594,195.3000030517578,192.75,195.11000061035156,3235000,BRK-B
2018-05-02,195.07000732421875,195.07000732421875,192.97999572753906,193.30999755859375,3885500,BRK-B
2018-05-03,192.80999755859375,192.99000549316406,189.8000030517578,191.61000061035156,5059400,BRK-B
2018-05-04,192.0399932861328,196.24000549316406,190.19000244140625,195.63999938964844,4919100,BRK-B
2018-05-07,196.0,197.82000732421875,195.75999450683594,197.05999755859375,3692100,BRK-B
2018-05-08,197.39999389648438,197.39999389648438,194.6999969482422,196.24000549316406,4189600,BRK-B
2018-05-09,197.0,200.0500030517578,196.27999877929688,199.8699951171875,3290600,BRK-B
2018-05-10,200.42999267578125,201.2899932861328,198.9199981689453,201.1999969482422,2957300,BRK-B
2018-05-11,200.6199951171875,202.41000366210938,198.89999389648438,199.3000030517578,3917700,BRK-B
2018-05-14,200.0,200.64999389648438,198.66000366210938,199.17999267578125,3264600,BRK-B
2018-05-15,198.7899932861328,198.92999267578125,196.17999267578125,197.36000061035156,3380000,BRK-B
2018-05-16,196.86000061035156,198.3800048828125,196.39999389648438,197.8300018310547,2927400,BRK-B
2018-05-17,197.74000549316406,197.85000610351562,196.6199951171875,197.49000549316406,2604200,BRK-B
2018-05-18,197.52000427246094,197.63999938964844,195.77000427246094,196.05999755859375,3137100,BRK-B
2018-05-21,197.77000427246094,198.6300048828125,197.00999450683594,197.91000366210938,3005500,BRK-B
2018-05-22,198.02000427246094,198.88999938964844,197.17999267578125,198.1300048828125,3162000,BRK-B
2018-05-23,197.39999389648438,197.7100067138672,194.9499969482422,195.9499969482422,4036300,BRK-B
2018-05-24,196.05999755859375,196.25999450683594,193.9199981689453,194.8300018310547,3206200,BRK-B
2018-05-25,193.88999938964844,194.75,193.2100067138672,194.14999389648438,3031000,BRK-B
2018-05-29,192.89999389648438,193.11000061035156,188.6199951171875,189.8699951171875,8912100,BRK-B
2018-05-30,191.89999389648438,194.89999389648438,191.3300018310547,194.10000610351562,4307600,BRK-B
2018-05-31,194.2899932861328,194.2899932861328,191.4199981689453,191.52999877929688,5787500,BRK-B
2018-06-01,192.89999389648438,193.3800048828125,191.58999633789062,192.22999572753906,3817800,BRK-B
2018-06-04,193.0,193.41000366210938,191.25,191.3000030517578,4444500,BRK-B
2018-06-05,191.3699951171875,191.39999389648438,190.13999938964844,190.77000427246094,4325000,BRK-B
2018-06-06,191.69000244140625,194.0,191.57000732421875,193.99000549316406,4017500,BRK-B
2018-06-07,194.66000366210938,195.67999267578125,193.75,195.57000732421875,4340300,BRK-B
2018-06-08,195.33999633789062,196.39999389648438,194.27000427246094,196.00999450683594,3757800,BRK-B
2018-06-11,196.3000030517578,196.74000549316406,195.19000244140625,195.3300018310547,3465600,BRK-B
2018-06-12,195.97000122070312,195.99000549316406,194.7100067138672,195.27000427246094,3047000,BRK-B
2018-06-13,195.1300048828125,196.0,194.25999450683594,194.5500030517578,3704900,BRK-B
2018-06-14,194.9199981689453,195.0,192.0399932861328,192.5,4947200,BRK-B
2018-06-15,192.27999877929688,192.5,190.52000427246094,191.75999450683594,7341000,BRK-B
2018-06-18,190.63999938964844,191.36000061035156,189.91000366210938,191.11000061035156,3773800,BRK-B
2018-06-19,190.0500030517578,191.17999267578125,189.35000610351562,190.35000610351562,4035300,BRK-B
2018-06-20,190.47000122070312,190.88999938964844,189.1999969482422,189.5,5234200,BRK-B
2018-06-21,189.0500030517578,189.83999633789062,187.97000122070312,188.86000061035156,4977900,BRK-B
2018-06-22,190.0,190.47999572753906,188.66000366210938,188.91000366210938,5268000,BRK-B
2018-06-25,188.6300048828125,188.8300018310547,185.17999267578125,186.72999572753906,6062400,BRK-B
2018-06-26,186.52000427246094,187.6199951171875,185.77999877929688,186.44000244140625,4324600,BRK-B
2018-06-27,186.5,187.88999938964844,184.75,184.91000366210938,4451600,BRK-B
2018-06-28,185.42999267578125,187.94000244140625,185.16000366210938,187.08999633789062,4218500,BRK-B
2018-06-29,188.4600067138672,189.27999877929688,186.2899932861328,186.64999389648438,5185700,BRK-B
2018-07-02,186.08999633789062,188.10000610351562,185.97000122070312,187.8300018310547,3521000,BRK-B
2018-07-03,188.4600067138672,188.72999572753906,185.72000122070312,186.02000427246094,2031200,BRK-B
2018-07-05,187.07000732421875,187.6300048828125,186.22999572753906,187.5,3310200,BRK-B
2018-07-06,187.5,188.69000244140625,186.52000427246094,187.55999755859375,2818800,BRK-B
2018-07-09,188.11000061035156,189.82000732421875,187.82000732421875,189.63999938964844,3504700,BRK-B
2018-07-10,189.75,190.6199951171875,189.14999389648438,189.89999389648438,2685500,BRK-B
2018-07-11,188.72999572753906,190.63999938964844,188.55999755859375,189.91000366210938,3343100,BRK-B
2018-07-12,190.89999389648438,190.99000549316406,188.91000366210938,189.9600067138672,3040600,BRK-B
2018-07-13,189.77000427246094,191.2899932861328,189.1300048828125,190.9600067138672,2693700,BRK-B
2018-07-16,190.6999969482422,192.22999572753906,190.6999969482422,192.0,2626700,BRK-B
2018-07-17,192.0,192.19000244140625,190.27000427246094,190.41000366210938,3725000,BRK-B
2018-07-18,195.5,201.39999389648438,195.35000610351562,200.44000244140625,10469600,BRK-B
2018-07-19,200.35000610351562,200.9600067138672,197.3000030517578,197.49000549316406,4670800,BRK-B
2018-07-20,197.0,197.66000366210938,196.4600067138672,196.77999877929688,4073900,BRK-B
2018-07-23,196.25,198.8699951171875,196.1999969482422,197.85000610351562,3587600,BRK-B
2018-07-24,198.4499969482422,199.9600067138672,198.22000122070312,198.4600067138672,3346600,BRK-B
2018-07-25,198.2100067138672,198.2100067138672,196.80999755859375,197.61000061035156,3743100,BRK-B
2018-07-26,198.27000427246094,198.99000549316406,197.27999877929688,197.4600067138672,3766100,BRK-B
2018-07-27,198.0,198.89999389648438,197.17999267578125,197.9499969482422,3939400,BRK-B
2018-07-30,197.8000030517578,199.91000366210938,197.8000030517578,199.08999633789062,3988300,BRK-B
2018-07-31,199.0,199.5399932861328,197.05999755859375,197.8699951171875,4911700,BRK-B
2018-08-01,198.8000030517578,199.6999969482422,197.32000732421875,197.85000610351562,4004600,BRK-B
2018-08-02,197.1999969482422,198.75999450683594,196.77000427246094,198.05999755859375,3269900,BRK-B
2018-08-03,198.5,200.4199981689453,198.1199951171875,200.24000549316406,5028000,BRK-B
2018-08-06,204.88999938964844,208.11000061035156,204.6199951171875,206.05999755859375,6673100,BRK-B
2018-08-07,207.5,209.94000244140625,207.14999389648438,208.72000122070312,6160100,BRK-B
2018-08-08,208.80999755859375,209.7100067138672,208.42999267578125,208.94000244140625,3869000,BRK-B
2018-08-09,209.0,209.64999389648438,208.72000122070312,209.10000610351562,4685700,BRK-B
2018-08-10,207.3000030517578,207.77000427246094,205.58999633789062,206.6300048828125,4383100,BRK-B
2018-08-13,206.6300048828125,207.00999450683594,205.0399932861328,205.1699981689453,3837900,BRK-B
2018-08-14,205.3000030517578,206.47999572753906,204.89999389648438,205.8300018310547,2774500,BRK-B
2018-08-15,205.00999450683594,205.49000549316406,203.57000732421875,204.5,3547200,BRK-B
2018-08-16,205.38999938964844,207.6199951171875,204.60000610351562,207.55999755859375,3576500,BRK-B
2018-08-17,207.57000732421875,208.47000122070312,206.9199981689453,208.13999938964844,2749900,BRK-B
2018-08-20,208.42999267578125,209.5399932861328,207.8300018310547,208.4600067138672,2527300,BRK-B
2018-08-21,208.80999755859375,209.35000610351562,208.10000610351562,208.49000549316406,2665300,BRK-B
2018-08-22,207.6300048828125,207.97000122070312,206.9600067138672,207.3300018310547,2454600,BRK-B
2018-08-23,207.5800018310547,207.7899932861328,206.66000366210938,207.24000549316406,2363000,BRK-B
2018-08-24,207.75,208.16000366210938,207.3300018310547,207.97999572753906,2415700,BRK-B
2018-08-27,208.55999755859375,210.75,208.52000427246094,210.50999450683594,3166700,BRK-B
2018-08-28,210.8800048828125,211.1999969482422,210.00999450683594,210.77000427246094,2885200,BRK-B
2018-08-29,211.0,211.32000732421875,210.17999267578125,211.27000427246094,3176900,BRK-B
2018-08-30,211.0800018310547,211.3000030517578,209.6699981689453,209.75,4737900,BRK-B
2018-08-31,210.0,210.3000030517578,208.10000610351562,208.72000122070312,4526200,BRK-B
2018-09-04,209.2100067138672,210.10000610351562,208.0399932861328,210.0500030517578,2775800,BRK-B
2018-09-05,209.80999755859375,212.4600067138672,209.49000549316406,212.25999450683594,3708900,BRK-B
2018-09-06,211.60000610351562,213.39999389648438,211.57000732421875,212.8800048828125,3601800,BRK-B
2018-09-07,212.5,214.47000122070312,212.5,214.0399932861328,4050100,BRK-B
2018-09-10,215.0,216.27000427246094,214.4199981689453,215.11000061035156,4137200,BRK-B
2018-09-11,214.0399932861328,215.8699951171875,212.75999450683594,215.10000610351562,3601500,BRK-B
2018-09-12,214.5399932861328,215.42999267578125,214.14999389648438,214.58999633789062,3463200,BRK-B
2018-09-13,215.02000427246094,215.4199981689453,214.1699981689453,214.88999938964844,4071600,BRK-B
2018-09-14,215.5,216.50999450683594,215.3000030517578,216.3699951171875,3279000,BRK-B
2018-09-17,216.99000549316406,217.1300048828125,215.72999572753906,216.2899932861328,3076900,BRK-B
2018-09-18,216.3000030517578,218.5,216.3000030517578,218.3000030517578,3576600,BRK-B
2018-09-19,218.22000122070312,221.32000732421875,217.8000030517578,220.9499969482422,4288000,BRK-B
2018-09-20,221.77999877929688,223.0,221.3000030517578,221.67999267578125,5340200,BRK-B
2018-09-21,222.1300048828125,222.69000244140625,220.1300048828125,220.52000427246094,13363200,BRK-B
2018-09-24,220.47999572753906,220.67999267578125,217.91000366210938,218.1300048828125,4539500,BRK-B
2018-09-25,218.42999267578125,218.97999572753906,217.41000366210938,218.0500030517578,3280300,BRK-B
2018-09-26,218.0500030517578,218.4199981689453,215.77000427246094,216.11000061035156,4122100,BRK-B
2018-09-27,216.74000549316406,217.67999267578125,215.22999572753906,216.6999969482422,3053500,BRK-B
2018-09-28,216.3800048828125,216.3800048828125,213.86000061035156,214.11000061035156,4482500,BRK-B
2018-10-01,215.9199981689453,216.13999938964844,213.94000244140625,214.77999877929688,2993000,BRK-B
2018-10-02,214.42999267578125,215.5399932861328,214.0399932861328,215.2899932861328,2934800,BRK-B
2018-10-03,215.75,217.77999877929688,215.5,216.39999389648438,3275100,BRK-B
2018-10-04,216.42999267578125,219.0,216.36000061035156,218.97000122070312,4428500,BRK-B
2018-10-05,219.6999969482422,220.39999389648438,218.69000244140625,219.4600067138672,4075700,BRK-B
2018-10-08,219.16000366210938,222.75999450683594,219.02000427246094,222.05999755859375,5641200,BRK-B
2018-10-09,221.85000610351562,223.94000244140625,221.00999450683594,223.75999450683594,4516500,BRK-B
2018-10-10,224.0,224.07000732421875,212.5399932861328,213.10000610351562,7922100,BRK-B
2018-10-11,209.89999389648438,211.08999633789062,203.27999877929688,205.19000244140625,8322700,BRK-B
2018-10-12,210.0399932861328,210.60000610351562,204.0,206.8000030517578,5734700,BRK-B
2018-10-15,207.4600067138672,207.4600067138672,204.6699981689453,205.02999877929688,4541100,BRK-B
2018-10-16,206.66000366210938,210.77999877929688,205.9199981689453,209.8300018310547,4776200,BRK-B
2018-10-17,209.8300018310547,211.6699981689453,207.30999755859375,210.52000427246094,3807800,BRK-B
2018-10-18,210.0,211.27000427246094,207.32000732421875,208.6999969482422,3144900,BRK-B
2018-10-19,208.49000549316406,210.75,207.8000030517578,209.8300018310547,4814500,BRK-B
2018-10-22,210.77000427246094,210.77000427246094,206.02999877929688,206.19000244140625,3252400,BRK-B
2018-10-23,203.10000610351562,205.25,201.8800048828125,204.0,4705700,BRK-B
2018-10-24,202.77000427246094,203.69000244140625,199.57000732421875,199.80999755859375,4705900,BRK-B
2018-10-25,200.72999572753906,203.42999267578125,200.13999938964844,201.97999572753906,4571900,BRK-B
2018-10-26,199.00999450683594,200.69000244140625,197.2899932861328,198.49000549316406,6734600,BRK-B
2018-10-29,201.22999572753906,203.61000061035156,197.92999267578125,200.0399932861328,4936400,BRK-B
2018-10-30,199.64999389648438,203.75999450683594,198.6999969482422,203.35000610351562,6054300,BRK-B
2018-10-31,205.2100067138672,208.07000732421875,204.5,205.27999877929688,5663000,BRK-B
2018-11-01,205.60000610351562,206.27999877929688,204.32000732421875,205.86000061035156,3895100,BRK-B
2018-11-02,207.5,208.7100067138672,203.38999938964844,206.57000732421875,5060000,BRK-B
2018-11-05,213.50999450683594,217.50999450683594,212.9600067138672,216.24000549316406,7667600,BRK-B
2018-11-06,216.75,218.74000549316406,216.4600067138672,218.50999450683594,3879800,BRK-B
2018-11-07,219.99000549316406,221.5500030517578,217.55999755859375,221.24000549316406,4741900,BRK-B
2018-11-08,221.24000549316406,223.52000427246094,220.5500030517578,222.4199981689453,4166000,BRK-B
2018-11-09,221.6699981689453,221.99000549316406,218.3000030517578,219.6300048828125,3971700,BRK-B
2018-11-12,219.9600067138672,220.19000244140625,215.0,215.4199981689453,3355200,BRK-B
2018-11-13,215.61000061035156,219.14999389648438,215.17999267578125,217.9199981689453,4089600,BRK-B
2018-11-14,219.5,220.72000122070312,213.8000030517578,216.02999877929688,4409100,BRK-B
2018-11-15,214.8300018310547,217.57000732421875,212.13999938964844,217.3800048828125,4258800,BRK-B
2018-11-16,217.0,220.5,215.4600067138672,218.41000366210938,4347900,BRK-B
2018-11-19,218.27999877929688,218.72999572753906,215.25999450683594,217.94000244140625,4321000,BRK-B
2018-11-20,215.30999755859375,215.99000549316406,210.4199981689453,210.7100067138672,7680900,BRK-B
2018-11-21,211.3000030517578,213.74000549316406,210.52999877929688,210.86000061035156,2840700,BRK-B
2018-11-23,209.25,209.99000549316406,207.02999877929688,207.07000732421875,2274000,BRK-B
2018-11-26,209.3000030517578,211.0,208.63999938964844,210.6300048828125,3973900,BRK-B
2018-11-27,209.82000732421875,212.83999633789062,209.50999450683594,212.52999877929688,4050600,BRK-B
2018-11-28,213.0,217.63999938964844,212.44000244140625,217.5,4013400,BRK-B
2018-11-29,215.85000610351562,219.3800048828125,215.8000030517578,217.6999969482422,3960900,BRK-B
2018-11-30,217.22999572753906,219.0800018310547,216.92999267578125,218.24000549316406,5153200,BRK-B
2018-12-03,221.97999572753906,223.58999633789062,218.9499969482422,220.80999755859375,5153200,BRK-B
2018-12-04,220.1300048828125,220.27999877929688,209.7100067138672,210.1199951171875,7689800,BRK-B
2018-12-06,207.0500030517578,208.1199951171875,202.9199981689453,207.9600067138672,8386700,BRK-B
2018-12-07,208.13999938964844,210.85000610351562,203.57000732421875,204.8800048828125,5483500,BRK-B
2018-12-10,204.10000610351562,204.74000549316406,198.49000549316406,203.25999450683594,5593700,BRK-B
2018-12-11,206.1199951171875,206.88999938964844,200.50999450683594,202.27999877929688,4483700,BRK-B
2018-12-12,205.0,205.58999633789062,202.27999877929688,202.47999572753906,4164200,BRK-B
2018-12-13,202.0,203.55999755859375,201.50999450683594,202.4199981689453,4508000,BRK-B
2018-12-14,200.9600067138672,201.75,199.5800018310547,200.0,4995200,BRK-B
2018-12-17,199.77000427246094,202.1999969482422,197.10000610351562,197.9199981689453,5991600,BRK-B
2018-12-18,199.64999389648438,200.33999633789062,194.44000244140625,196.52000427246094,6593100,BRK-B
2018-12-19,196.50999450683594,201.30999755859375,193.3300018310547,195.1699981689453,6278800,BRK-B
2018-12-20,194.00999450683594,195.3699951171875,191.11000061035156,193.5800018310547,8976100,BRK-B
2018-12-21,192.22000122070312,197.8000030517578,191.57000732421875,192.10000610351562,14907700,BRK-B
2018-12-24,190.6999969482422,191.63999938964844,187.11000061035156,187.75999450683594,5020600,BRK-B
2018-12-26,188.64999389648438,197.92999267578125,186.10000610351562,197.57000732421875,7158200,BRK-B
2018-12-27,195.60000610351562,200.1199951171875,191.89999389648438,200.1199951171875,7386800,BRK-B
2018-12-28,200.72000122070312,204.74000549316406,200.1999969482422,202.0800018310547,5420600,BRK-B
2018-12-31,204.22999572753906,205.00999450683594,201.0,204.17999267578125,5451900,BRK-B
2019-01-02,201.72999572753906,204.39999389648438,201.14999389648438,202.8000030517578,4802100,BRK-B
2019-01-03,199.97000122070312,200.22000122070312,191.0399932861328,191.66000366210938,8540600,BRK-B
2019-01-04,194.85000610351562,196.69000244140625,193.8800048828125,195.1999969482422,6611200,BRK-B
2019-01-07,196.38999938964844,198.27999877929688,195.3699951171875,196.91000366210938,5423000,BRK-B
2019-01-08,198.99000549316406,199.0800018310547,194.66000366210938,196.30999755859375,4476800,BRK-B
2019-01-09,197.3000030517578,197.67999267578125,194.9499969482422,196.3699951171875,3607500,BRK-B
2019-01-10,195.50999450683594,197.89999389648438,194.9600067138672,196.5800018310547,3627700,BRK-B
2019-01-11,195.66000366210938,196.64999389648438,194.5,196.2899932861328,3535200,BRK-B
2019-01-14,194.77999877929688,196.44000244140625,194.4600067138672,195.77999877929688,3954300,BRK-B
2019-01-15,195.7899932861328,197.25,195.1999969482422,196.94000244140625,3206700,BRK-B
2019-01-16,197.63999938964844,199.57000732421875,197.24000549316406,198.41000366210938,5069600,BRK-B
2019-01-17,197.6999969482422,199.41000366210938,196.4600067138672,198.77999877929688,4161000,BRK-B
2019-01-18,200.6999969482422,204.72999572753906,200.24000549316406,204.47999572753906,5941200,BRK-B
2019-01-22,203.52000427246094,204.9600067138672,199.13999938964844,200.72000122070312,5397700,BRK-B
2019-01-23,200.72000122070312,201.30999755859375,198.5,201.14999389648438,3705400,BRK-B
2019-01-24,199.75,201.60000610351562,199.75,201.02000427246094,4074800,BRK-B
2019-01-25,203.0500030517578,204.74000549316406,201.02000427246094,202.75,3823300,BRK-B
2019-01-28,201.49000549316406,201.75,199.80999755859375,200.9499969482422,3718000,BRK-B
2019-01-29,200.9199981689453,202.14999389648438,200.5,202.0500030517578,2815400,BRK-B
2019-01-30,203.30999755859375,207.58999633789062,203.0500030517578,205.9600067138672,4519900,BRK-B
2019-01-31,204.67999267578125,208.00999450683594,203.63999938964844,205.5399932861328,8676200,BRK-B
2019-02-01,206.52000427246094,209.3000030517578,206.1999969482422,209.19000244140625,5992600,BRK-B
2019-02-04,209.16000366210938,209.39999389648438,207.0500030517578,208.52000427246094,3730900,BRK-B
2019-02-05,209.10000610351562,209.16000366210938,206.52999877929688,207.82000732421875,4243700,BRK-B
2019-02-06,207.24000549316406,207.24000549316406,205.10000610351562,206.00999450683594,3708800,BRK-B
2019-02-07,204.52999877929688,204.99000549316406,200.57000732421875,201.72999572753906,4908700,BRK-B
2019-02-08,200.82000732421875,201.1999969482422,198.2100067138672,200.9199981689453,4666700,BRK-B
2019-02-11,201.69000244140625,203.3300018310547,201.32000732421875,203.0500030517578,3600100,BRK-B
2019-02-12,204.94000244140625,206.6699981689453,204.8699951171875,206.14999389648438,3517900,BRK-B
2019-02-13,206.9600067138672,208.0800018310547,205.41000366210938,205.8000030517578,3326900,BRK-B
2019-02-14,204.63999938964844,204.63999938964844,201.60000610351562,202.77999877929688,3627300,BRK-B
2019-02-15,204.86000061035156,205.7899932861328,204.07000732421875,205.2899932861328,5044700,BRK-B
2019-02-19,205.10000610351562,206.32000732421875,204.67999267578125,205.69000244140625,3204000,BRK-B
2019-02-20,205.77999877929688,206.9199981689453,204.94000244140625,206.16000366210938,3309300,BRK-B
2019-02-21,206.27000427246094,206.86000061035156,204.35000610351562,205.3300018310547,3661400,BRK-B
2019-02-22,204.25,204.58999633789062,199.9199981689453,201.91000366210938,5575000,BRK-B
2019-02-25,201.6999969482422,205.0,201.22000122070312,202.30999755859375,5146500,BRK-B
2019-02-26,202.39999389648438,202.64999389648438,201.3000030517578,201.89999389648438,4892500,BRK-B
2019-02-27,201.72000122070312,202.3000030517578,201.25,202.2899932861328,4247200,BRK-B
2019-02-28,202.67999267578125,202.94000244140625,201.11000061035156,201.3000030517578,3619000,BRK-B
2019-03-01,203.14999389648438,203.83999633789062,201.83999633789062,203.1300048828125,3529400,BRK-B
2019-03-04,203.08999633789062,204.8699951171875,200.5800018310547,201.80999755859375,4640300,BRK-B
2019-03-05,201.75999450683594,202.0,200.5800018310547,201.47000122070312,5268400,BRK-B
2019-03-06,201.61000061035156,202.3000030517578,200.57000732421875,200.6699981689453,3216600,BRK-B
2019-03-07,200.5800018310547,200.5800018310547,197.99000549316406,199.3000030517578,5105700,BRK-B
2019-03-08,197.91000366210938,198.94000244140625,197.02999877929688,198.6999969482422,3755200,BRK-B
2019-03-11,199.6199951171875,202.3000030517578,199.47000122070312,202.08999633789062,3999300,BRK-B
2019-03-12,202.66000366210938,203.72999572753906,202.22999572753906,202.5,3756100,BRK-B
2019-03-13,203.0,205.36000061035156,202.66000366210938,204.05999755859375,3693600,BRK-B
2019-03-14,203.25999450683594,204.36000061035156,202.67999267578125,203.3800048828125,3084200,BRK-B
2019-03-15,204.0800018310547,206.16000366210938,203.86000061035156,204.30999755859375,7738700,BRK-B
2019-03-18,204.6699981689453,206.9499969482422,204.6699981689453,206.67999267578125,3964600,BRK-B
2019-03-19,207.75,207.75,204.55999755859375,205.14999389648438,3881500,BRK-B
2019-03-20,205.42999267578125,205.4499969482422,202.97999572753906,203.27000427246094,4053100,BRK-B
2019-03-21,202.9199981689453,204.6999969482422,201.91000366210938,204.42999267578125,4182300,BRK-B
2019-03-22,203.27999877929688,204.00999450683594,200.05999755859375,200.5500030517578,5872400,BRK-B
2019-03-25,200.8300018310547,201.97999572753906,198.1999969482422,199.44000244140625,4113100,BRK-B
2019-03-26,200.8300018310547,201.32000732421875,198.6999969482422,200.6199951171875,3737800,BRK-B
2019-03-27,200.72000122070312,201.1999969482422,198.22999572753906,199.2100067138672,3619200,BRK-B
2019-03-28,199.39999389648438,200.75,198.39999389648438,200.66000366210938,3233600,BRK-B
2019-03-29,201.33999633789062,201.6999969482422,200.02999877929688,200.88999938964844,4619400,BRK-B
2019-04-01,202.16000366210938,205.3000030517578,202.0,205.0,4671600,BRK-B
2019-04-02,204.91000366210938,205.42999267578125,203.58999633789062,203.8800048828125,2599500,BRK-B
2019-04-03,205.4600067138672,205.6999969482422,202.89999389648438,203.6699981689453,2864500,BRK-B
2019-04-04,203.25999450683594,204.94000244140625,202.7899932861328,204.10000610351562,2436500,BRK-B
2019-04-05,204.1199951171875,205.52999877929688,203.10000610351562,205.3300018310547,3363500,BRK-B
2019-04-08,205.13999938964844,205.63999938964844,203.97000122070312,205.25,2624000,BRK-B
2019-04-09,204.83999633789062,204.97000122070312,203.58999633789062,204.9199981689453,2589700,BRK-B
2019-04-10,205.1199951171875,205.22999572753906,203.60000610351562,204.52000427246094,2632200,BRK-B
2019-04-11,204.75999450683594,207.08999633789062,204.27000427246094,206.6699981689453,2988300,BRK-B
2019-04-12,208.0800018310547,211.6699981689453,207.5800018310547,210.55999755859375,4778900,BRK-B
2019-04-15,210.52000427246094,210.5500030517578,207.75999450683594,209.74000549316406,2587500,BRK-B
2019-04-16,210.14999389648438,211.83999633789062,210.0,211.8000030517578,2644800,BRK-B
2019-04-17,212.38999938964844,212.49000549316406,209.67999267578125,210.3699951171875,2883000,BRK-B
2019-04-18,210.9600067138672,211.42999267578125,209.72999572753906,209.99000549316406,2590900,BRK-B
2019-04-22,209.5,210.3699951171875,208.8800048828125,209.49000549316406,1929100,BRK-B
2019-04-23,209.5,211.8800048828125,208.88999938964844,211.61000061035156,3475400,BRK-B
2019-04-24,211.5500030517578,212.02000427246094,210.22999572753906,210.57000732421875,3208500,BRK-B
2019-04-25,209.6199951171875,212.6699981689453,209.33999633789062,211.9499969482422,3152100,BRK-B
2019-04-26,211.85000610351562,214.22000122070312,211.80999755859375,214.22000122070312,3155400,BRK-B
2019-04-29,214.9199981689453,217.22000122070312,214.60000610351562,216.5800018310547,3467600,BRK-B
2019-04-30,217.32000732421875,217.32000732421875,214.6999969482422,216.7100067138672,3611100,BRK-B
2019-05-01,217.22000122070312,218.7899932861328,216.49000549316406,216.7100067138672,3769200,BRK-B
2019-05-02,217.19000244140625,217.6999969482422,215.1699981689453,215.92999267578125,2646700,BRK-B
2019-05-03,217.13999938964844,219.16000366210938,216.8699951171875,218.60000610351562,3382600,BRK-B
2019-05-06,214.69000244140625,215.50999450683594,211.5399932861328,213.16000366210938,5657200,BRK-B
2019-05-07,211.33999633789062,211.60000610351562,207.41000366210938,209.42999267578125,5266700,BRK-B
2019-05-08,208.25999450683594,211.72000122070312,207.60000610351562,209.2899932861328,3838200,BRK-B
2019-05-09,207.33999633789062,208.9199981689453,204.38999938964844,208.55999755859375,4251300,BRK-B
2019-05-10,207.88999938964844,209.2899932861328,204.30999755859375,209.02000427246094,4075700,BRK-B
2019-05-13,204.9600067138672,205.91000366210938,204.3000030517578,205.00999450683594,5185800,BRK-B
2019-05-14,205.6699981689453,206.82000732421875,203.4499969482422,203.69000244140625,4005200,BRK-B
2019-05-15,202.7899932861328,204.1300048828125,201.38999938964844,202.97999572753906,4024300,BRK-B
2019-05-16,203.89999389648438,206.66000366210938,203.89999389648438,204.6300048828125,3074000,BRK-B
2019-05-17,203.0,205.4600067138672,202.4499969482422,203.27000427246094,4614600,BRK-B
2019-05-20,202.63999938964844,203.17999267578125,201.75,202.72999572753906,2645300,BRK-B
2019-05-21,203.16000366210938,203.99000549316406,202.5,203.36000061035156,2664400,BRK-B
2019-05-22,202.72000122070312,203.49000549316406,201.6999969482422,202.60000610351562,2775700,BRK-B
2019-05-23,200.8000030517578,202.17999267578125,199.32000732421875,201.3000030517578,4737400,BRK-B
2019-05-24,202.1199951171875,202.1199951171875,200.7899932861328,201.69000244140625,3314300,BRK-B
2019-05-28,202.0500030517578,202.41000366210938,199.52000427246094,199.6999969482422,6914900,BRK-B
2019-05-29,198.9499969482422,199.49000549316406,197.33999633789062,198.52000427246094,4625700,BRK-B
2019-05-30,199.05999755859375,200.2100067138672,198.75999450683594,199.74000549316406,3646300,BRK-B
2019-05-31,198.32000732421875,198.8300018310547,197.0800018310547,197.4199981689453,3685200,BRK-B
2019-06-03,197.6199951171875,198.9199981689453,196.88999938964844,198.55999755859375,3979000,BRK-B
2019-06-04,200.6300048828125,201.64999389648438,199.57000732421875,201.58999633789062,4112600,BRK-B
2019-06-05,202.3800048828125,203.35000610351562,200.91000366210938,203.3000030517578,3210600,BRK-B
2019-06-06,202.89999389648438,205.38999938964844,202.5399932861328,204.77000427246094,3005200,BRK-B
2019-06-07,204.9499969482422,206.5399932861328,204.8000030517578,205.80999755859375,2672700,BRK-B
2019-06-10,207.1199951171875,208.0800018310547,206.4600067138672,207.16000366210938,2865500,BRK-B
2019-06-11,208.5,208.99000549316406,206.0,206.6300048828125,2545700,BRK-B
2019-06-12,206.1999969482422,206.60000610351562,203.9199981689453,204.57000732421875,2835900,BRK-B
2019-06-13,204.4600067138672,205.75999450683594,204.3000030517578,204.99000549316406,2257600,BRK-B
2019-06-14,204.8699951171875,205.85000610351562,203.85000610351562,205.16000366210938,2512400,BRK-B
2019-06-17,205.85000610351562,205.85000610351562,203.16000366210938,203.47999572753906,2820000,BRK-B
2019-06-18,204.47000122070312,206.4600067138672,203.97999572753906,206.00999450683594,3670700,BRK-B
2019-06-19,206.36000061035156,208.30999755859375,206.13999938964844,206.75,3320600,BRK-B
2019-06-20,208.50999450683594,208.75,206.0399932861328,208.0399932861328,3836900,BRK-B
2019-06-21,208.42999267578125,208.72000122070312,206.02999877929688,206.2100067138672,5994400,BRK-B
2019-06-24,206.38999938964844,207.58999633789062,205.9600067138672,206.85000610351562,3164000,BRK-B
2019-06-25,207.41000366210938,208.47999572753906,206.8000030517578,208.07000732421875,3727400,BRK-B
2019-06-26,208.27999877929688,210.0,208.2100067138672,208.50999450683594,3937800,BRK-B
2019-06-27,208.97000122070312,212.5399932861328,208.80999755859375,212.02000427246094,4182500,BRK-B
2019-06-28,213.0,213.3300018310547,211.32000732421875,213.1699981689453,7472400,BRK-B
2019-07-01,214.25,215.2100067138672,213.2100067138672,214.6199951171875,3462600,BRK-B
2019-07-02,214.3800048828125,215.58999633789062,213.39999389648438,214.5399932861328,3054400,BRK-B
2019-07-03,215.0,215.25,212.66000366210938,215.16000366210938,2489100,BRK-B
2019-07-05,215.1300048828125,215.77000427246094,213.89999389648438,215.25,3324200,BRK-B
2019-07-08,214.0,215.8000030517578,213.91000366210938,215.1300048828125,2978400,BRK-B
2019-07-09,213.02000427246094,214.9199981689453,212.97000122070312,214.75,2687000,BRK-B
2019-07-10,215.2100067138672,216.5800018310547,213.77000427246094,214.02999877929688,3705000,BRK-B
2019-07-11,214.30999755859375,214.5500030517578,212.97999572753906,213.1699981689453,3119600,BRK-B
2019-07-12,213.1999969482422,214.19000244140625,212.50999450683594,214.10000610351562,2360500,BRK-B
2019-07-15,214.44000244140625,214.44000244140625,212.82000732421875,213.5399932861328,2715300,BRK-B
2019-07-16,214.2899932861328,215.0399932861328,212.77999877929688,212.8800048828125,2709300,BRK-B
2019-07-17,212.52000427246094,212.9600067138672,207.41000366210938,207.4499969482422,4324400,BRK-B
2019-07-18,207.52000427246094,209.08999633789062,207.1199951171875,207.97999572753906,3610600,BRK-B
2019-07-19,208.11000061035156,208.25,205.64999389648438,205.97000122070312,3513100,BRK-B
2019-07-22,205.33999633789062,206.16000366210938,204.36000061035156,204.83999633789062,3083900,BRK-B
2019-07-23,205.50999450683594,206.6300048828125,204.9199981689453,206.4600067138672,2846200,BRK-B
2019-07-24,205.74000549316406,208.00999450683594,205.6300048828125,207.97000122070312,3105200,BRK-B
2019-07-25,208.3699951171875,208.3699951171875,206.52999877929688,207.89999389648438,3022200,BRK-B
2019-07-26,207.82000732421875,210.02999877929688,206.75,209.89999389648438,3654600,BRK-B
2019-07-29,210.0,210.0,208.4199981689453,208.61000061035156,2834100,BRK-B
2019-07-30,207.88999938964844,208.36000061035156,206.86000061035156,207.80999755859375,1977500,BRK-B
2019-07-31,207.8000030517578,209.5,205.3000030517578,205.42999267578125,4631800,BRK-B
2019-08-01,205.6300048828125,206.97999572753906,201.49000549316406,201.7100067138672,4823100,BRK-B
2019-08-02,201.7899932861328,204.42999267578125,199.4199981689453,202.6699981689453,5695300,BRK-B
2019-08-05,199.89999389648438,201.10000610351562,197.16000366210938,197.72999572753906,7606200,BRK-B
2019-08-06,199.61000061035156,200.92999267578125,197.89999389648438,200.5500030517578,5500500,BRK-B
2019-08-07,198.55999755859375,199.3000030517578,195.39999389648438,198.2100067138672,5325600,BRK-B
2019-08-08,199.92999267578125,200.8699951171875,198.1199951171875,200.52000427246094,4143400,BRK-B
2019-08-09,200.19000244140625,200.5500030517578,197.6699981689453,199.0500030517578,4334400,BRK-B
2019-08-12,197.61000061035156,199.47000122070312,196.91000366210938,197.17999267578125,2538800,BRK-B
2019-08-13,197.4600067138672,201.0,196.5,198.77999877929688,3913600,BRK-B
2019-08-14,195.77999877929688,197.25,195.61000061035156,195.80999755859375,5838200,BRK-B
2019-08-15,197.0800018310547,199.0399932861328,196.3800048828125,198.30999755859375,4642900,BRK-B
2019-08-16,200.5,200.8800048828125,198.5500030517578,199.72000122070312,4786200,BRK-B
2019-08-19,202.72000122070312,203.10000610351562,200.3800048828125,200.94000244140625,4216500,BRK-B
2019-08-20,200.27000427246094,200.2899932861328,198.02000427246094,198.14999389648438,4043000,BRK-B
2019-08-21,199.00999450683594,199.77000427246094,198.7100067138672,199.24000549316406,3531800,BRK-B
2019-08-22,199.8000030517578,201.8699951171875,199.8000030517578,201.00999450683594,3214300,BRK-B
2019-08-23,200.19000244140625,200.9199981689453,195.9600067138672,197.16000366210938,5946700,BRK-B
2019-08-26,198.6999969482422,200.1999969482422,197.44000244140625,200.1999969482422,3094900,BRK-B
2019-08-27,200.75999450683594,201.3000030517578,198.0399932861328,198.35000610351562,3069000,BRK-B
2019-08-28,198.02000427246094,200.57000732421875,197.52999877929688,200.4499969482422,3404900,BRK-B
2019-08-29,201.7100067138672,203.8000030517578,201.66000366210938,203.1999969482422,3328100,BRK-B
2019-08-30,204.02000427246094,204.35000610351562,202.72999572753906,203.41000366210938,3632000,BRK-B
2019-09-03,201.19000244140625,201.8300018310547,200.19000244140625,200.89999389648438,3637000,BRK-B
2019-09-04,202.72999572753906,202.94000244140625,201.3000030517578,202.19000244140625,3209100,BRK-B
2019-09-05,204.1300048828125,206.22000122070312,203.77000427246094,204.24000549316406,3968800,BRK-B
2019-09-06,204.44000244140625,205.14999389648438,203.86000061035156,204.72999572753906,3409400,BRK-B
2019-09-09,205.50999450683594,207.8000030517578,205.1999969482422,206.6199951171875,4565000,BRK-B
2019-09-10,207.30999755859375,208.30999755859375,206.1300048828125,208.30999755859375,3878300,BRK-B
2019-09-11,208.27000427246094,210.92999267578125,207.52999877929688,210.91000366210938,4437300,BRK-B
2019-09-12,211.0,212.67999267578125,210.72000122070312,211.3699951171875,4598400,BRK-B
2019-09-13,212.24000549316406,214.5800018310547,212.22000122070312,213.61000061035156,4244700,BRK-B
2019-09-16,212.05999755859375,212.10000610351562,209.94000244140625,210.3300018310547,3472600,BRK-B
2019-09-17,210.35000610351562,211.16000366210938,208.67999267578125,210.14999389648438,3862700,BRK-B
2019-09-18,209.88999938964844,211.32000732421875,209.1199951171875,210.89999389648438,2732800,BRK-B
2019-09-19,210.77999877929688,211.44000244140625,208.89999389648438,209.22000122070312,2735500,BRK-B
2019-09-20,210.3699951171875,210.3699951171875,207.27000427246094,208.1199951171875,10700800,BRK-B
2019-09-23,207.02000427246094,208.52999877929688,206.39999389648438,207.9600067138672,3075800,BRK-B
2019-09-24,208.1699981689453,208.88999938964844,205.74000549316406,206.39999389648438,3709800,BRK-B
2019-09-25,206.5,209.44000244140625,206.22999572753906,208.11000061035156,3291900,BRK-B
2019-09-26,208.19000244140625,208.19000244140625,206.35000610351562,206.89999389648438,2823000,BRK-B
2019-09-27,207.72999572753906,208.63999938964844,206.5399932861328,207.4499969482422,2843500,BRK-B
2019-09-30,207.77000427246094,208.6999969482422,207.52999877929688,208.02000427246094,3167500,BRK-B
2019-10-01,208.94000244140625,209.66000366210938,206.44000244140625,206.7100067138672,3511800,BRK-B
2019-10-02,206.08999633789062,206.08999633789062,202.3800048828125,203.10000610351562,5938500,BRK-B
2019-10-03,202.64999389648438,205.08999633789062,201.3300018310547,204.97999572753906,4307600,BRK-B
2019-10-04,205.08999633789062,208.27999877929688,205.0500030517578,208.0800018310547,3571900,BRK-B
2019-10-07,207.36000061035156,209.60000610351562,206.19000244140625,207.24000549316406,2720600,BRK-B
2019-10-08,205.6199951171875,206.13999938964844,203.92999267578125,204.08999633789062,4185500,BRK-B
2019-10-09,204.94000244140625,207.22999572753906,204.72999572753906,206.69000244140625,3206900,BRK-B
2019-10-10,206.3699951171875,208.19000244140625,206.0800018310547,206.86000061035156,2979200,BRK-B
2019-10-11,208.97000122070312,210.0800018310547,207.72999572753906,208.0800018310547,4408400,BRK-B
2019-10-14,208.00999450683594,208.07000732421875,206.92999267578125,207.91000366210938,1902600,BRK-B
2019-10-15,207.72999572753906,210.14999389648438,207.57000732421875,209.3800048828125,3055400,BRK-B
2019-10-16,208.3699951171875,209.97000122070312,208.3699951171875,209.2899932861328,3233900,BRK-B
2019-10-17,209.25999450683594,209.97999572753906,208.50999450683594,208.6199951171875,3575400,BRK-B
2019-10-18,208.4499969482422,209.6199951171875,208.1999969482422,208.75999450683594,3581400,BRK-B
2019-10-21,210.0,211.5399932861328,209.75999450683594,211.49000549316406,3337300,BRK-B
2019-10-22,211.02999877929688,211.97000122070312,210.47000122070312,210.6199951171875,2716800,BRK-B
2019-10-23,210.5,211.00999450683594,209.5399932861328,210.9600067138672,2413800,BRK-B
2019-10-24,211.16000366210938,211.32000732421875,209.72000122070312,210.25999450683594,3147200,BRK-B
2019-10-25,209.8699951171875,212.3300018310547,209.75,211.8000030517578,2539200,BRK-B
2019-10-28,212.30999755859375,213.33999633789062,212.13999938964844,212.86000061035156,3521900,BRK-B
2019-10-29,212.3800048828125,213.1699981689453,211.61000061035156,213.00999450683594,2630400,BRK-B
2019-10-30,212.99000549316406,213.42999267578125,211.6699981689453,213.25,3296900,BRK-B
2019-10-31,213.00999450683594,213.7100067138672,211.5399932861328,212.5800018310547,4305500,BRK-B
2019-11-01,213.5500030517578,216.6300048828125,213.39999389648438,215.8300018310547,4777800,BRK-B
2019-11-04,217.77000427246094,218.6199951171875,216.97999572753906,217.97999572753906,4149200,BRK-B
2019-11-05,218.69000244140625,221.67999267578125,218.42999267578125,220.8800048828125,5321800,BRK-B
2019-11-06,221.08999633789062,222.02999877929688,220.11000061035156,222.0,3662900,BRK-B
2019-11-07,222.80999755859375,223.3699951171875,221.6699981689453,222.74000549316406,4394900,BRK-B
2019-11-08,222.75,223.0,219.88999938964844,221.30999755859375,3346100,BRK-B
2019-11-11,220.1999969482422,221.08999633789062,219.8699951171875,220.85000610351562,2380400,BRK-B
2019-11-12,220.97999572753906,222.19000244140625,220.5399932861328,220.88999938964844,2657700,BRK-B
2019-11-13,219.72000122070312,220.27000427246094,218.61000061035156,219.77000427246094,3190700,BRK-B
2019-11-14,219.77000427246094,219.8699951171875,217.91000366210938,219.36000061035156,2831200,BRK-B
2019-11-15,220.17999267578125,220.42999267578125,218.74000549316406,219.74000549316406,3477000,BRK-B
2019-11-18,219.9499969482422,220.0500030517578,218.38999938964844,219.35000610351562,3894200,BRK-B
2019-11-19,219.92999267578125,220.0,218.77999877929688,219.02999877929688,3378100,BRK-B
2019-11-20,218.00999450683594,218.3699951171875,216.00999450683594,217.47999572753906,4966000,BRK-B
2019-11-21,217.3000030517578,217.7100067138672,216.3000030517578,216.6300048828125,3707600,BRK-B
2019-11-22,216.9600067138672,217.99000549316406,216.8000030517578,217.9600067138672,2392800,BRK-B
2019-11-25,218.74000549316406,219.38999938964844,218.25999450683594,219.05999755859375,3648500,BRK-B
2019-11-26,219.11000061035156,219.1999969482422,217.72000122070312,218.89999389648438,3717800,BRK-B
2019-11-27,219.25,220.58999633789062,218.47999572753906,220.5,3945500,BRK-B
2019-11-29,220.5,220.5800018310547,219.8300018310547,220.3000030517578,2256500,BRK-B
2019-12-02,220.60000610351562,221.3800048828125,220.11000061035156,220.3300018310547,3888100,BRK-B
2019-12-03,218.82000732421875,218.89999389648438,216.39999389648438,218.0800018310547,4480100,BRK-B
2019-12-04,217.9499969482422,218.8800048828125,217.5399932861328,218.39999389648438,2667700,BRK-B
2019-12-05,218.99000549316406,219.75,218.0500030517578,219.60000610351562,2319300,BRK-B
2019-12-06,221.63999938964844,223.0,221.3300018310547,222.61000061035156,3447700,BRK-B
2019-12-09,222.7100067138672,223.3000030517578,221.19000244140625,221.3800048828125,2601000,BRK-B
2019-12-10,222.07000732421875,222.07000732421875,220.2100067138672,221.25999450683594,2688900,BRK-B
2019-12-11,221.2100067138672,222.64999389648438,221.00999450683594,222.57000732421875,3546600,BRK-B
2019-12-12,222.8800048828125,226.52000427246094,222.52999877929688,225.9199981689453,5121900,BRK-B
2019-12-13,225.9199981689453,226.5,223.9600067138672,225.3699951171875,3160500,BRK-B
2019-12-16,226.77000427246094,227.80999755859375,226.2899932861328,226.85000610351562,4278800,BRK-B
2019-12-17,227.27000427246094,228.22999572753906,226.5500030517578,227.0500030517578,4867400,BRK-B
2019-12-18,227.05999755859375,227.1999969482422,224.88999938964844,225.00999450683594,5962300,BRK-B
2019-12-19,224.66000366210938,225.66000366210938,224.16000366210938,225.2100067138672,4432600,BRK-B
2019-12-20,226.24000549316406,227.8000030517578,225.55999755859375,226.30999755859375,11572200,BRK-B
2019-12-23,226.61000061035156,226.6699981689453,224.92999267578125,225.47999572753906,3504100,BRK-B
2019-12-24,225.24000549316406,225.64999389648438,224.8800048828125,225.47000122070312,961100,BRK-B
2019-12-26,225.9199981689453,226.50999450683594,225.63999938964844,226.4499969482422,1725700,BRK-B
2019-12-27,226.86000061035156,226.97000122070312,225.57000732421875,226.13999938964844,2769400,BRK-B
2019-12-30,226.13999938964844,226.60000610351562,224.6699981689453,225.75999450683594,2769700,BRK-B
2019-12-31,226.16000366210938,226.72000122070312,225.13999938964844,226.5,3145200,BRK-B
2020-01-02,227.50999450683594,228.38999938964844,226.7100067138672,228.38999938964844,3764000,BRK-B
2020-01-03,225.69000244140625,227.42999267578125,225.47999572753906,226.17999267578125,3023900,BRK-B
2020-01-06,224.99000549316406,227.1300048828125,224.6999969482422,226.99000549316406,4263000,BRK-B
2020-01-07,227.25999450683594,227.25999450683594,225.44000244140625,225.9199981689453,3517000,BRK-B
2020-01-08,226.02999877929688,227.83999633789062,225.8699951171875,225.99000549316406,3780300,BRK-B
2020-01-09,226.9199981689453,228.85000610351562,226.9199981689453,228.64999389648438,3497300,BRK-B
2020-01-10,228.5,228.52999877929688,226.58999633789062,226.6199951171875,2572900,BRK-B
2020-01-13,227.0500030517578,228.47000122070312,226.1300048828125,228.4499969482422,3286700,BRK-B
2020-01-14,227.85000610351562,228.38999938964844,226.8800048828125,227.1699981689453,3355400,BRK-B
2020-01-15,226.8000030517578,228.63999938964844,226.77999877929688,228.35000610351562,2662500,BRK-B
2020-01-16,229.33999633789062,230.02999877929688,228.52000427246094,229.72999572753906,3036400,BRK-B
2020-01-17,230.1300048828125,231.61000061035156,229.5500030517578,230.1999969482422,6603800,BRK-B
2020-01-21,229.85000610351562,231.1300048828125,227.9499969482422,228.6300048828125,5840700,BRK-B
2020-01-22,229.0,230.3800048828125,228.41000366210938,229.5399932861328,3164300,BRK-B
2020-01-23,229.42999267578125,229.77000427246094,227.35000610351562,229.3800048828125,4750000,BRK-B
2020-01-24,229.39999389648438,229.41000366210938,226.0399932861328,226.86000061035156,4022500,BRK-B
2020-01-27,223.6999969482422,223.89999389648438,221.11000061035156,222.4499969482422,5454000,BRK-B
2020-01-28,223.44000244140625,225.35000610351562,223.16000366210938,224.02999877929688,3609300,BRK-B
2020-01-29,224.75,226.39999389648438,224.30999755859375,224.5,2310400,BRK-B
2020-01-30,223.11000061035156,228.0800018310547,222.47999572753906,227.8800048828125,3350900,BRK-B
2020-01-31,226.49000549316406,226.97000122070312,223.42999267578125,224.42999267578125,3948200,BRK-B
2020-02-03,225.47999572753906,226.32000732421875,223.0,223.47000122070312,3525000,BRK-B
2020-02-04,226.14999389648438,226.94000244140625,224.7899932861328,225.0800018310547,3642600,BRK-B
2020-02-05,226.91000366210938,228.67999267578125,226.75,228.64999389648438,3360500,BRK-B
2020-02-06,229.55999755859375,230.0800018310547,228.52999877929688,229.61000061035156,2799400,BRK-B
2020-02-07,228.07000732421875,228.6199951171875,226.6699981689453,227.3800048828125,2882800,BRK-B
2020-02-10,227.1699981689453,227.75,225.1300048828125,227.11000061035156,2944600,BRK-B
2020-02-11,228.58999633789062,228.58999633789062,227.02000427246094,227.3300018310547,2916400,BRK-B
2020-02-12,227.60000610351562,228.83999633789062,226.91000366210938,227.44000244140625,3785200,BRK-B
2020-02-13,226.52999877929688,227.39999389648438,226.10000610351562,226.47000122070312,2838500,BRK-B
2020-02-14,226.49000549316406,227.13999938964844,225.52000427246094,226.8000030517578,2506200,BRK-B
2020-02-18,226.38999938964844,227.3800048828125,225.27000427246094,226.77000427246094,3153000,BRK-B
2020-02-19,227.67999267578125,229.7100067138672,226.92999267578125,229.24000549316406,3187000,BRK-B
2020-02-20,229.75999450683594,229.7899932861328,227.14999389648438,228.1699981689453,3547700,BRK-B
2020-02-21,227.52999877929688,230.07000732421875,226.97999572753906,229.3300018310547,4699100,BRK-B
2020-02-24,221.30999755859375,223.94000244140625,220.27000427246094,221.69000244140625,7932400,BRK-B
2020-02-25,222.1999969482422,223.24000549316406,216.75999450683594,218.0500030517578,8558600,BRK-B
2020-02-26,219.64999389648438,220.6300048828125,215.94000244140625,216.05999755859375,6901700,BRK-B
2020-02-27,212.89999389648438,214.3800048828125,207.27999877929688,207.6699981689453,10941800,BRK-B
2020-02-28,201.9199981689453,206.44000244140625,199.67999267578125,206.33999633789062,15147200,BRK-B
2020-03-02,207.25,218.8000030517578,204.42999267578125,217.6300048828125,10395800,BRK-B
2020-03-03,217.38999938964844,218.14999389648438,206.1999969482422,208.80999755859375,10716100,BRK-B
2020-03-04,212.13999938964844,218.33999633789062,209.25999450683594,217.86000061035156,7408700,BRK-B
2020-03-05,212.5500030517578,212.75,207.00999450683594,208.9600067138672,8112700,BRK-B
2020-03-06,203.47999572753906,207.41000366210938,202.35000610351562,205.97999572753906,9443500,BRK-B
2020-03-09,195.0,198.47999572753906,192.25999450683594,193.1300048828125,13950500,BRK-B
2020-03-10,201.35000610351562,202.86000061035156,195.0500030517578,202.72999572753906,10929200,BRK-B
2020-03-11,197.32000732421875,198.1300048828125,192.8699951171875,194.63999938964844,9573900,BRK-B
2020-03-12,183.60000610351562,187.6699981689453,175.0,175.97000122070312,22293800,BRK-B
2020-03-13,187.4499969482422,196.5,178.41000366210938,196.39999389648438,14859100,BRK-B
2020-03-16,174.0,188.3800048828125,173.6199951171875,177.77000427246094,14168600,BRK-B
2020-03-17,181.8800048828125,187.80999755859375,177.0,187.60000610351562,15072400,BRK-B
2020-03-18,177.2899932861328,181.38999938964844,167.0,172.44000244140625,16669300,BRK-B
2020-03-19,170.2100067138672,176.17999267578125,166.0,174.67999267578125,12488100,BRK-B
2020-03-20,176.3000030517578,177.17999267578125,167.2899932861328,170.05999755859375,15213600,BRK-B
2020-03-23,165.3000030517578,166.69000244140625,159.5,162.1300048828125,16501500,BRK-B
2020-03-24,170.91000366210938,179.13999938964844,169.52999877929688,178.1999969482422,14075100,BRK-B
2020-03-25,180.00999450683594,189.07000732421875,175.1699981689453,180.47000122070312,13851200,BRK-B
2020-03-26,181.2899932861328,184.9600067138672,179.58999633789062,183.89999389648438,14131400,BRK-B
2020-03-27,178.5,184.24000549316406,176.72000122070312,179.66000366210938,10259500,BRK-B
2020-03-30,180.0399932861328,184.11000061035156,178.0,183.17999267578125,7672600,BRK-B
2020-03-31,182.0500030517578,186.1699981689453,180.57000732421875,182.8300018310547,8996800,BRK-B
2020-04-01,176.17999267578125,178.6699981689453,174.19000244140625,175.9499969482422,8682700,BRK-B
2020-04-02,175.0,180.30999755859375,174.22999572753906,179.72999572753906,7271900,BRK-B
2020-04-03,178.58999633789062,180.22000122070312,175.44000244140625,178.33999633789062,6643700,BRK-B
2020-04-06,184.61000061035156,186.41000366210938,180.49000549316406,185.24000549316406,9935500,BRK-B
2020-04-07,191.99000549316406,192.0,184.89999389648438,185.25,8148200,BRK-B
2020-04-08,187.5500030517578,191.4199981689453,185.13999938964844,191.00999450683594,6109900,BRK-B
2020-04-09,194.0,197.22999572753906,191.4499969482422,193.83999633789062,10519600,BRK-B
2020-04-13,193.85000610351562,193.85000610351562,186.0800018310547,188.77000427246094,7888600,BRK-B
2020-04-14,193.32000732421875,194.16000366210938,190.82000732421875,192.94000244140625,7032000,BRK-B
2020-04-15,188.55999755859375,189.58999633789062,187.47000122070312,188.57000732421875,6138300,BRK-B
2020-04-16,188.89999389648438,188.99000549316406,185.8000030517578,187.9600067138672,6228200,BRK-B
2020-04-17,192.88999938964844,192.89999389648438,189.02000427246094,191.1999969482422,8272200,BRK-B
2020-04-20,188.72000122070312,189.35000610351562,187.3000030517578,188.75,6474700,BRK-B
2020-04-21,184.1699981689453,185.77999877929688,183.27999877929688,183.47999572753906,5882500,BRK-B
2020-04-22,186.4600067138672,187.3699951171875,185.33999633789062,186.5800018310547,5470000,BRK-B
2020-04-23,186.99000549316406,187.35000610351562,184.5,185.6300048828125,6211900,BRK-B
2020-04-24,187.0800018310547,187.27999877929688,184.4199981689453,186.52000427246094,5205500,BRK-B
2020-04-27,187.77999877929688,189.3699951171875,186.35000610351562,187.4600067138672,6622400,BRK-B
2020-04-28,190.5399932861328,191.0,187.0,187.1199951171875,6674600,BRK-B
2020-04-29,190.63999938964844,192.67999267578125,188.92999267578125,189.61000061035156,7645000,BRK-B
2020-04-30,188.3000030517578,189.8699951171875,186.7100067138672,187.36000061035156,8217800,BRK-B
2020-05-01,185.2100067138672,185.88999938964844,181.63999938964844,182.6699981689453,7513700,BRK-B
2020-05-04,179.77999877929688,180.36000061035156,176.33999633789062,177.9499969482422,9448600,BRK-B
2020-05-05,180.0500030517578,180.22999572753906,175.92999267578125,176.02999877929688,9016300,BRK-B
2020-05-06,176.94000244140625,177.0399932861328,172.33999633789062,172.3800048828125,9003000,BRK-B
2020-05-07,173.39999389648438,175.3800048828125,173.0500030517578,173.47999572753906,6698000,BRK-B
2020-05-08,176.7100067138672,177.25999450683594,174.27999877929688,176.8300018310547,5793600,BRK-B
2020-05-11,175.22999572753906,175.9600067138672,173.61000061035156,174.63999938964844,9235700,BRK-B
2020-05-12,175.1999969482422,175.7100067138672,172.72999572753906,172.80999755859375,6470900,BRK-B
2020-05-13,172.0,172.61000061035156,169.44000244140625,170.57000732421875,10258900,BRK-B
2020-05-14,168.8000030517578,171.39999389648438,167.0399932861328,170.92999267578125,7013600,BRK-B
2020-05-15,169.82000732421875,170.66000366210938,168.52000427246094,169.25,5937500,BRK-B
2020-05-18,174.0,176.8699951171875,172.30999755859375,175.4600067138672,7458900,BRK-B
2020-05-19,174.1199951171875,174.8699951171875,172.33999633789062,172.49000549316406,5574800,BRK-B
2020-05-20,174.61000061035156,176.8699951171875,174.2899932861328,176.02000427246094,5455600,BRK-B
2020-05-21,175.74000549316406,176.64999389648438,174.47000122070312,174.94000244140625,4059900,BRK-B
2020-05-22,174.86000061035156,175.1199951171875,173.2100067138672,174.92999267578125,3584800,BRK-B
2020-05-26,179.99000549316406,181.69000244140625,178.67999267578125,180.33999633789062,7107600,BRK-B
2020-05-27,184.6699981689453,185.97999572753906,183.8000030517578,185.77000427246094,7410500,BRK-B
2020-05-28,187.24000549316406,187.27999877929688,183.9199981689453,185.10000610351562,6313100,BRK-B
2020-05-29,183.0800018310547,185.8699951171875,182.52999877929688,185.5800018310547,10630200,BRK-B
2020-06-01,185.52999877929688,185.7100067138672,183.19000244140625,183.83999633789062,5718800,BRK-B
2020-06-02,183.99000549316406,186.44000244140625,183.99000549316406,185.94000244140625,5803000,BRK-B
2020-06-03,188.75,191.6199951171875,187.80999755859375,190.82000732421875,6706700,BRK-B
2020-06-04,190.41000366210938,192.11000061035156,189.69000244140625,192.0500030517578,5809800,BRK-B
2020-06-05,197.8800048828125,201.49000549316406,196.22000122070312,200.66000366210938,10390400,BRK-B
2020-06-08,202.33999633789062,203.3300018310547,199.55999755859375,201.55999755859375,6695100,BRK-B
2020-06-09,197.14999389648438,198.7899932861328,195.8300018310547,196.07000732421875,7711800,BRK-B
2020-06-10,195.85000610351562,196.33999633789062,191.3699951171875,191.50999450683594,7337400,BRK-B
2020-06-11,185.0,186.92999267578125,177.92999267578125,178.02000427246094,15372400,BRK-B
2020-06-12,184.02000427246094,184.02000427246094,178.22000122070312,181.2100067138672,9476800,BRK-B
2020-06-15,177.0,181.77000427246094,176.0500030517578,181.5500030517578,8105200,BRK-B
2020-06-16,186.5500030517578,186.6999969482422,179.75,182.3000030517578,9407600,BRK-B
2020-06-17,183.02999877929688,183.14999389648438,180.11000061035156,180.86000061035156,6448500,BRK-B
2020-06-18,179.89999389648438,181.36000061035156,179.0399932861328,180.72999572753906,4920900,BRK-B
2020-06-19,183.5,183.8800048828125,179.00999450683594,179.72000122070312,8767900,BRK-B
2020-06-22,179.5500030517578,181.8000030517578,178.8699951171875,180.1699981689453,5816900,BRK-B
2020-06-23,181.8699951171875,182.38999938964844,180.39999389648438,181.00999450683594,6378100,BRK-B
2020-06-24,179.61000061035156,179.64999389648438,177.25999450683594,177.52999877929688,8081200,BRK-B
2020-06-25,176.5800018310547,179.72000122070312,176.05999755859375,178.85000610351562,6380000,BRK-B
2020-06-26,176.7100067138672,178.6999969482422,174.6300048828125,175.3699951171875,14772100,BRK-B
2020-06-29,175.89999389648438,177.22000122070312,175.3300018310547,177.19000244140625,5218200,BRK-B
2020-06-30,176.75,179.1199951171875,176.50999450683594,178.50999450683594,6763800,BRK-B
2020-07-01,178.41000366210938,180.4499969482422,177.33999633789062,177.99000549316406,4619800,BRK-B
2020-07-02,180.4499969482422,180.94000244140625,178.24000549316406,178.8300018310547,5163100,BRK-B
2020-07-06,183.10000610351562,183.52000427246094,181.58999633789062,182.72000122070312,6443300,BRK-B
2020-07-07,182.02000427246094,182.49000549316406,180.60000610351562,181.14999389648438,4952100,BRK-B
2020-07-08,180.4199981689453,182.30999755859375,179.77000427246094,181.1999969482422,5547800,BRK-B
2020-07-09,181.7899932861328,181.8800048828125,177.77000427246094,178.8000030517578,5420600,BRK-B
2020-07-10,178.25999450683594,182.9600067138672,178.08999633789062,182.89999389648438,5482300,BRK-B
2020-07-13,183.80999755859375,185.82000732421875,183.30999755859375,184.1300048828125,7885600,BRK-B
2020-07-14,182.4199981689453,190.0800018310547,182.4199981689453,189.7100067138672,14683400,BRK-B
2020-07-15,192.63999938964844,193.0500030517578,188.75,190.55999755859375,7558200,BRK-B
2020-07-16,188.32000732421875,191.92999267578125,188.32000732421875,191.00999450683594,4771300,BRK-B
2020-07-17,191.77000427246094,192.1199951171875,190.47000122070312,190.75999450683594,5186800,BRK-B
2020-07-20,190.02000427246094,191.22999572753906,189.47999572753906,190.47999572753906,4089400,BRK-B
2020-07-21,190.39999389648438,193.4499969482422,190.39999389648438,192.27000427246094,5256300,BRK-B
2020-07-22,191.77999877929688,192.24000549316406,190.6300048828125,192.10000610351562,4182700,BRK-B
2020-07-23,191.7100067138672,193.38999938964844,191.47999572753906,193.25,6036800,BRK-B
2020-07-24,193.25,196.27999877929688,193.0500030517578,194.52000427246094,5140800,BRK-B
2020-07-27,193.8300018310547,193.99000549316406,191.77000427246094,192.13999938964844,4309100,BRK-B
2020-07-28,190.89999389648438,194.4600067138672,190.61000061035156,194.1199951171875,4412300,BRK-B
2020-07-29,194.02999877929688,196.6699981689453,193.72999572753906,196.41000366210938,4067300,BRK-B
2020-07-30,193.42999267578125,194.57000732421875,192.25,194.3000030517578,4819600,BRK-B
2020-07-31,195.05999755859375,196.0,193.3300018310547,195.77999877929688,5936500,BRK-B
2020-08-03,197.27999877929688,200.67999267578125,196.0,199.25999450683594,6251000,BRK-B
2020-08-04,198.97000122070312,200.30999755859375,198.11000061035156,200.24000549316406,3838800,BRK-B
2020-08-05,201.44000244140625,204.69000244140625,201.0,203.6199951171875,5184500,BRK-B
2020-08-06,203.0,205.38999938964844,202.6999969482422,205.02000427246094,3380700,BRK-B
2020-08-07,204.1999969482422,209.75,204.0,209.47999572753906,6186000,BRK-B
2020-08-10,211.33999633789062,212.9199981689453,209.39999389648438,212.5800018310547,6633800,BRK-B
2020-08-11,214.74000549316406,215.60000610351562,212.24000549316406,212.66000366210938,5688200,BRK-B
2020-08-12,213.10000610351562,214.38999938964844,212.30999755859375,213.24000549316406,4791900,BRK-B
2020-08-13,212.92999267578125,213.3300018310547,211.66000366210938,211.97999572753906,4535600,BRK-B
2020-08-14,211.0399932861328,211.97000122070312,210.25,210.9600067138672,3441500,BRK-B
2020-08-17,210.0500030517578,210.82000732421875,206.33999633789062,206.77999877929688,5484400,BRK-B
2020-08-18,206.9499969482422,209.75999450683594,206.8000030517578,208.3300018310547,3500100,BRK-B
2020-08-19,209.19000244140625,210.2100067138672,206.66000366210938,207.2100067138672,5829000,BRK-B
2020-08-20,205.1699981689453,206.7899932861328,204.50999450683594,206.1199951171875,4133800,BRK-B
2020-08-21,205.52000427246094,208.39999389648438,205.52000427246094,207.42999267578125,4785300,BRK-B
2020-08-24,209.22999572753906,213.3000030517578,208.91000366210938,212.61000061035156,5039500,BRK-B
2020-08-25,213.55999755859375,214.0,212.85000610351562,213.35000610351562,3675900,BRK-B
2020-08-26,212.97999572753906,215.8300018310547,212.3000030517578,214.66000366210938,4639000,BRK-B
2020-08-27,214.99000549316406,217.97999572753906,214.75999450683594,216.8699951171875,4814200,BRK-B
2020-08-28,217.50999450683594,218.80999755859375,215.72999572753906,218.5500030517578,4290400,BRK-B
2020-08-31,218.6199951171875,219.4499969482422,217.64999389648438,218.0399932861328,6131900,BRK-B
2020-09-01,216.9199981689453,218.58999633789062,216.6199951171875,218.5500030517578,4134300,BRK-B
2020-09-02,218.1300048828125,222.08999633789062,218.1300048828125,221.67999267578125,5493900,BRK-B
2020-09-03,222.0,223.24000549316406,216.42999267578125,218.14999389648438,7084700,BRK-B
2020-09-04,219.9499969482422,221.47999572753906,215.05999755859375,218.32000732421875,6041400,BRK-B
2020-09-08,217.27999877929688,219.19000244140625,215.33999633789062,217.8000030517578,7001200,BRK-B
2020-09-09,218.9499969482422,221.6199951171875,218.52000427246094,219.6300048828125,5417000,BRK-B
2020-09-10,220.5399932861328,220.67999267578125,217.14999389648438,217.8000030517578,3837300,BRK-B
2020-09-11,218.0,219.27000427246094,216.9199981689453,217.92999267578125,3437100,BRK-B
2020-09-14,219.0,221.32000732421875,218.3000030517578,219.94000244140625,4068800,BRK-B
2020-09-15,220.0800018310547,221.57000732421875,218.4499969482422,218.94000244140625,3855800,BRK-B
2020-09-16,220.27999877929688,222.25999450683594,219.19000244140625,219.58999633789062,5658400,BRK-B
2020-09-17,218.4600067138672,218.67999267578125,216.5,218.0500030517578,6940800,BRK-B
2020-09-18,219.0800018310547,221.00999450683594,217.8300018310547,218.2100067138672,11862200,BRK-B
2020-09-21,214.0,215.4499969482422,208.72999572753906,213.02000427246094,8341400,BRK-B
2020-09-22,212.5399932861328,214.75,211.6999969482422,214.16000366210938,5289400,BRK-B
2020-09-23,213.94000244140625,214.8800048828125,209.3800048828125,209.61000061035156,4421200,BRK-B
2020-09-24,209.13999938964844,210.22999572753906,206.5800018310547,208.72000122070312,3962000,BRK-B
2020-09-25,207.0,211.11000061035156,206.82000732421875,210.4499969482422,3562400,BRK-B
2020-09-28,213.22000122070312,215.47000122070312,212.02000427246094,213.5399932861328,5042800,BRK-B
2020-09-29,213.58999633789062,213.58999633789062,210.24000549316406,210.44000244140625,4036900,BRK-B
2020-09-30,211.11000061035156,213.6999969482422,210.75,212.94000244140625,5821800,BRK-B
2020-10-01,214.3000030517578,214.38999938964844,210.6199951171875,212.02000427246094,4758500,BRK-B
2020-10-02,209.83999633789062,213.67999267578125,209.52999877929688,211.17999267578125,4420000,BRK-B
2020-10-05,213.08999633789062,213.89999389648438,212.0500030517578,212.36000061035156,3648500,BRK-B
2020-10-06,212.64999389648438,213.47999572753906,209.64999389648438,210.25999450683594,5313600,BRK-B
2020-10-07,212.3300018310547,214.6699981689453,211.36000061035156,213.2899932861328,3758500,BRK-B
2020-10-08,214.38999938964844,215.69000244140625,213.44000244140625,215.14999389648438,3611100,BRK-B
2020-10-09,215.8800048828125,216.2899932861328,214.16000366210938,215.67999267578125,3090700,BRK-B
2020-10-12,216.74000549316406,217.42999267578125,215.1199951171875,216.41000366210938,3902000,BRK-B
2020-10-13,215.75999450683594,216.3800048828125,212.0,212.30999755859375,4848700,BRK-B
2020-10-14,212.02000427246094,212.35000610351562,210.5399932861328,210.91000366210938,5026300,BRK-B
2020-10-15,209.27000427246094,211.99000549316406,208.22000122070312,211.64999389648438,3063200,BRK-B
2020-10-16,211.83999633789062,213.8300018310547,211.80999755859375,211.91000366210938,3630400,BRK-B
2020-10-19,212.16000366210938,212.32000732421875,208.1999969482422,208.99000549316406,3410900,BRK-B
2020-10-20,209.6300048828125,211.4499969482422,209.41000366210938,210.05999755859375,3888500,BRK-B
2020-10-21,208.97000122070312,211.3800048828125,208.61000061035156,210.17999267578125,3192000,BRK-B
2020-10-22,209.6300048828125,211.77999877929688,209.22999572753906,211.61000061035156,2949900,BRK-B
2020-10-23,212.42999267578125,213.8699951171875,211.72999572753906,212.7100067138672,2830800,BRK-B
2020-10-26,209.63999938964844,210.25999450683594,207.0,208.49000549316406,4714100,BRK-B
2020-10-27,208.0,208.47999572753906,206.5800018310547,206.8800048828125,3037800,BRK-B
2020-10-28,202.67999267578125,203.8800048828125,199.7899932861328,200.6999969482422,7533600,BRK-B
2020-10-29,200.02999877929688,202.9600067138672,197.80999755859375,201.50999450683594,5224400,BRK-B
2020-10-30,200.50999450683594,202.27000427246094,198.6999969482422,201.89999389648438,5754000,BRK-B
2020-11-02,204.83999633789062,206.17999267578125,203.05999755859375,204.30999755859375,5937500,BRK-B
2020-11-03,206.92999267578125,209.8000030517578,206.36000061035156,206.6300048828125,5469900,BRK-B
2020-11-04,206.58999633789062,210.14999389648438,204.77999877929688,206.1699981689453,5974400,BRK-B
2020-11-05,208.69000244140625,210.86000061035156,206.97000122070312,207.4499969482422,5933800,BRK-B
2020-11-06,208.4499969482422,210.25999450683594,207.58999633789062,208.85000610351562,4305600,BRK-B
2020-11-09,221.97000122070312,225.22999572753906,218.00999450683594,221.5,11340800,BRK-B
2020-11-10,221.82000732421875,228.61000061035156,220.94000244140625,228.47999572753906,7057300,BRK-B
2020-11-11,228.5,228.97999572753906,225.47000122070312,227.3699951171875,4786100,BRK-B
2020-11-12,225.00999450683594,225.8800048828125,223.17999267578125,224.72000122070312,5109800,BRK-B
2020-11-13,226.5,228.14999389648438,225.2899932861328,227.4199981689453,4789500,BRK-B
2020-11-16,230.5800018310547,233.4600067138672,229.86000061035156,233.10000610351562,5766600,BRK-B
2020-11-17,231.92999267578125,234.97000122070312,230.00999450683594,233.16000366210938,5038400,BRK-B
2020-11-18,233.57000732421875,234.47999572753906,230.0,230.07000732421875,4740600,BRK-B
2020-11-19,229.6699981689453,229.97000122070312,227.6199951171875,229.52999877929688,4621800,BRK-B
2020-11-20,228.77999877929688,229.72000122070312,226.77000427246094,227.00999450683594,4027300,BRK-B
2020-11-23,229.77000427246094,230.5,228.0399932861328,229.5399932861328,3630100,BRK-B
2020-11-24,232.4499969482422,234.99000549316406,231.24000549316406,233.9199981689453,4712500,BRK-B
2020-11-25,233.9199981689453,234.0,232.00999450683594,233.1300048828125,3249600,BRK-B
2020-11-27,233.10000610351562,234.1699981689453,230.4499969482422,231.5500030517578,1935800,BRK-B
2020-11-30,231.19000244140625,231.2899932861328,228.1699981689453,228.91000366210938,5989000,BRK-B
2020-12-01,230.22999572753906,231.97999572753906,229.33999633789062,229.67999267578125,4442400,BRK-B
2020-12-02,229.8000030517578,230.58999633789062,228.30999755859375,230.4199981689453,4679100,BRK-B
2020-12-03,230.0,231.5,228.8699951171875,231.02000427246094,4694500,BRK-B
2020-12-04,230.24000549316406,231.88999938964844,230.24000549316406,231.35000610351562,4749600,BRK-B
2020-12-07,231.25999450683594,231.25999450683594,228.10000610351562,229.24000549316406,4649300,BRK-B
2020-12-08,227.4600067138672,228.74000549316406,226.61000061035156,228.19000244140625,4587200,BRK-B
2020-12-09,228.57000732421875,228.89999389648438,226.63999938964844,227.50999450683594,4873800,BRK-B
2020-12-10,226.4499969482422,227.8699951171875,225.72999572753906,227.35000610351562,4567400,BRK-B
2020-12-11,225.1999969482422,226.72999572753906,224.60000610351562,226.38999938964844,4028100,BRK-B
2020-12-14,227.67999267578125,228.05999755859375,222.36000061035156,222.85000610351562,6541600,BRK-B
2020-12-15,224.8300018310547,225.86000061035156,222.72999572753906,224.3800048828125,5168000,BRK-B
2020-12-16,225.47999572753906,225.47999572753906,221.82000732421875,221.91000366210938,7537400,BRK-B
2020-12-17,222.50999450683594,225.02000427246094,221.6699981689453,224.67999267578125,7388000,BRK-B
2020-12-18,224.7899932861328,225.1999969482422,221.67999267578125,223.42999267578125,20663300,BRK-B
2020-12-21,222.02000427246094,224.1999969482422,221.25999450683594,223.49000549316406,7372500,BRK-B
2020-12-22,223.5800018310547,223.75,221.75999450683594,221.8800048828125,6157300,BRK-B
2020-12-23,222.6300048828125,224.91000366210938,222.61000061035156,224.24000549316406,4983900,BRK-B
2020-12-24,224.60000610351562,227.1300048828125,224.2100067138672,226.52999877929688,2387000,BRK-B
2020-12-28,228.08999633789062,230.14999389648438,227.36000061035156,228.41000366210938,3505500,BRK-B
2020-12-29,230.5,231.10000610351562,229.10000610351562,229.57000732421875,3799500,BRK-B
2020-12-30,229.5399932861328,230.58999633789062,229.0800018310547,229.64999389648438,3257400,BRK-B
2020-12-31,229.27999877929688,232.27999877929688,228.88999938964844,231.8699951171875,4228100,BRK-B
2021-01-04,231.72999572753906,231.8699951171875,226.85000610351562,228.4499969482422,7404900,BRK-B
2021-01-05,228.2100067138672,230.10000610351562,226.85000610351562,227.47000122070312,5524900,BRK-B
2021-01-06,229.49000549316406,232.67999267578125,227.5500030517578,230.27000427246094,9009400,BRK-B
2021-01-07,232.77999877929688,233.9600067138672,231.3300018310547,232.8800048828125,4691600,BRK-B
2021-01-08,233.5399932861328,234.60000610351562,231.72000122070312,234.02999877929688,4850400,BRK-B
2021-01-11,231.22000122070312,233.9199981689453,231.02000427246094,233.42999267578125,3882000,BRK-B
2021-01-12,233.30999755859375,233.97999572753906,231.6999969482422,233.02999877929688,5616600,BRK-B
2021-01-13,232.0,234.9499969482422,231.7100067138672,234.50999450683594,3827500,BRK-B
2021-01-14,234.7899932861328,235.6999969482422,233.83999633789062,235.02000427246094,4528700,BRK-B
2021-01-15,234.10000610351562,234.58999633789062,231.91000366210938,233.49000549316406,5225000,BRK-B
2021-01-19,234.63999938964844,236.24000549316406,231.6999969482422,234.5500030517578,5502100,BRK-B
2021-01-20,234.0,235.1999969482422,233.24000549316406,234.75999450683594,4876200,BRK-B
2021-01-21,235.22000122070312,236.1999969482422,234.0800018310547,234.16000366210938,4317300,BRK-B
2021-01-22,232.5,233.8300018310547,232.2100067138672,232.9199981689453,4465000,BRK-B
2021-01-25,231.6699981689453,233.52000427246094,230.4499969482422,233.00999450683594,5097700,BRK-B
2021-01-26,233.0,233.5,231.3300018310547,231.57000732421875,3944800,BRK-B
2021-01-27,230.0,230.0,226.10000610351562,227.36000061035156,8227100,BRK-B
2021-01-28,229.75999450683594,233.50999450683594,228.16000366210938,230.9499969482422,5943500,BRK-B
2021-01-29,229.4499969482422,229.97000122070312,227.2100067138672,227.8699951171875,6387300,BRK-B
2021-02-01,229.97000122070312,230.5,228.0399932861328,229.32000732421875,4068200,BRK-B
2021-02-02,231.2100067138672,233.42999267578125,230.6699981689453,232.24000549316406,5300300,BRK-B
2021-02-03,232.39999389648438,233.16000366210938,231.27999877929688,232.67999267578125,3805600,BRK-B
2021-02-04,232.83999633789062,235.91000366210938,232.41000366210938,235.77000427246094,4438400,BRK-B
2021-02-05,236.97999572753906,236.97999572753906,234.8300018310547,235.16000366210938,3812200,BRK-B
2021-02-08,236.0,237.55999755859375,235.35000610351562,237.4199981689453,3327300,BRK-B
2021-02-09,237.07000732421875,240.77999877929688,235.66000366210938,239.91000366210938,4773400,BRK-B
2021-02-10,241.42999267578125,241.52000427246094,239.0399932861328,239.9199981689453,3822600,BRK-B
2021-02-11,239.36000061035156,240.44000244140625,238.8800048828125,239.75999450683594,2908500,BRK-B
2021-02-12,238.07000732421875,242.75999450683594,238.02999877929688,242.4600067138672,3421800,BRK-B
2021-02-16,244.13999938964844,247.25999450683594,242.82000732421875,245.27999877929688,4722200,BRK-B
2021-02-17,244.13999938964844,246.19000244140625,244.0,245.25,3909500,BRK-B
2021-02-18,244.72999572753906,245.49000549316406,241.6699981689453,243.5,4031000,BRK-B
2021-02-19,244.1999969482422,244.9499969482422,241.36000061035156,241.85000610351562,4252400,BRK-B
2021-02-22,240.88999938964844,245.97999572753906,240.8000030517578,244.97000122070312,4009100,BRK-B
2021-02-23,245.55999755859375,246.57000732421875,243.2899932861328,245.52999877929688,5454900,BRK-B
2021-02-24,245.14999389648438,249.5500030517578,245.14999389648438,248.4499969482422,5105900,BRK-B
2021-02-25,248.07000732421875,250.55999755859375,242.92999267578125,243.69000244140625,6455200,BRK-B
2021-02-26,245.14999389648438,245.14999389648438,240.25,240.50999450683594,8085300,BRK-B
2021-03-01,246.86000061035156,250.5500030517578,246.08999633789062,249.2100067138672,6332300,BRK-B
2021-03-02,249.1199951171875,251.33999633789062,248.3699951171875,249.22000122070312,4684500,BRK-B
2021-03-03,249.72999572753906,254.80999755859375,249.2899932861328,251.5500030517578,6088300,BRK-B
2021-03-04,251.0800018310547,252.5500030517578,243.22999572753906,245.47999572753906,7827000,BRK-B
2021-03-05,248.88999938964844,253.4499969482422,247.3300018310547,253.14999389648438,6397000,BRK-B
2021-03-08,255.60000610351562,260.2300109863281,253.72999572753906,257.6099853515625,7124300,BRK-B
2021-03-09,258.54998779296875,262.94000244140625,255.61000061035156,259.0199890136719,8259300,BRK-B
2021-03-10,260.29998779296875,267.5,259.6400146484375,263.989990234375,8939300,BRK-B
2021-03-11,264.2200012207031,264.79998779296875,260.4200134277344,260.9100036621094,5917600,BRK-B
2021-03-12,262.3999938964844,264.6499938964844,259.6700134277344,260.0199890136719,4495400,BRK-B
2021-03-15,260.30999755859375,260.44000244140625,253.52000427246094,254.61000061035156,6973400,BRK-B
2021-03-16,254.52999877929688,254.52999877929688,249.82000732421875,251.5,67200,BRK-B
2021-03-17,252.02000427246094,254.27999877929688,250.66000366210938,252.0,67700,BRK-B
2021-03-18,253.75999450683594,255.63999938964844,251.3800048828125,252.4600067138672,5547300,BRK-B
2021-03-19,252.30999755859375,252.5,248.52000427246094,250.99000549316406,16635400,BRK-B
2021-03-22,250.60000610351562,251.6699981689453,248.86000061035156,250.36000061035156,5370400,BRK-B
2021-03-23,250.1999969482422,251.1699981689453,247.7100067138672,248.30999755859375,4622400,BRK-B
2021-03-24,249.5500030517578,251.88999938964844,248.5,249.6300048828125,4165000,BRK-B
2021-03-25,249.3800048828125,251.52999877929688,246.7899932861328,250.75,5500000,BRK-B
2021-03-26,252.75,257.3900146484375,252.4199981689453,256.7699890136719,5799100,BRK-B
2021-03-29,253.92999267578125,260.04998779296875,253.3000030517578,258.82000732421875,6642600,BRK-B
2021-03-30,259.94000244140625,261.0,257.239990234375,258.19000244140625,3878000,BRK-B
2021-03-31,256.8599853515625,257.67999267578125,255.1699981689453,255.47000122070312,6578100,BRK-B
2021-04-01,255.74000549316406,258.4700012207031,254.8000030517578,258.20001220703125,5573400,BRK-B
2021-04-05,260.0199890136719,263.3500061035156,260.0,262.6600036621094,5049600,BRK-B
2021-04-06,262.8599853515625,263.3399963378906,261.94000244140625,263.05999755859375,3060600,BRK-B
2021-04-07,262.989990234375,264.3399963378906,262.3999938964844,263.6199951171875,3582700,BRK-B
2021-04-08,262.7200012207031,263.92999267578125,261.9100036621094,263.510009765625,3113300,BRK-B
2021-04-09,264.2200012207031,266.239990234375,263.3500061035156,266.010009765625,6052500,BRK-B
2021-04-12,266.5299987792969,268.3399963378906,266.5299987792969,267.92999267578125,4292900,BRK-B
2021-04-13,267.4200134277344,268.20001220703125,266.04998779296875,267.1000061035156,3556600,BRK-B
2021-04-14,267.30999755859375,268.44000244140625,267.1499938964844,267.5299987792969,3119900,BRK-B
2021-04-15,268.05999755859375,269.2799987792969,266.3900146484375,269.1400146484375,3919200,BRK-B
2021-04-16,270.4700012207031,272.9700012207031,270.1099853515625,272.1099853515625,4710300,BRK-B
2021-04-19,272.29998779296875,272.9200134277344,268.8500061035156,270.2799987792969,4235500,BRK-B
2021-04-20,268.5299987792969,269.30999755859375,266.79998779296875,267.8900146484375,3740800,BRK-B
2021-04-21,267.79998779296875,272.4599914550781,267.75,272.2099914550781,3897100,BRK-B
2021-04-22,272.0400085449219,272.0799865722656,268.7799987792969,269.510009765625,3732100,BRK-B
2021-04-23,269.8599853515625,272.69000244140625,269.55999755859375,271.9800109863281,3684100,BRK-B
2021-04-26,272.2799987792969,273.9800109863281,270.6300048828125,270.8599853515625,3569100,BRK-B
2021-04-27,271.07000732421875,274.1600036621094,270.04998779296875,273.6499938964844,3173400,BRK-B
2021-04-28,273.5400085449219,273.9599914550781,272.1300048828125,272.95001220703125,3176000,BRK-B
2021-04-29,274.4700012207031,277.7900085449219,274.3500061035156,277.6000061035156,4540300,BRK-B
2021-04-30,276.2900085449219,277.4100036621094,274.2099914550781,274.95001220703125,5212400,BRK-B
2021-05-03,278.54998779296875,281.1199951171875,277.6700134277344,279.17999267578125,5184000,BRK-B
2021-05-04,278.5400085449219,280.79998779296875,276.7799987792969,280.260009765625,4465500,BRK-B
2021-05-05,282.5199890136719,284.239990234375,282.1199951171875,282.760009765625,4348100,BRK-B
2021-05-06,284.69000244140625,290.0,284.04998779296875,289.7099914550781,5962900,BRK-B
2021-05-07,289.9700012207031,291.07000732421875,287.7699890136719,290.92999267578125,6099200,BRK-B
2021-05-10,292.3500061035156,295.0799865722656,292.07000732421875,292.3299865722656,4537800,BRK-B
2021-05-11,289.8399963378906,290.510009765625,284.2900085449219,285.6300048828125,6813500,BRK-B
2021-05-12,285.4599914550781,286.1199951171875,282.54998779296875,282.9100036621094,5308800,BRK-B
2021-05-13,282.9100036621094,288.3699951171875,282.8500061035156,286.8999938964844,5244100,BRK-B
2021-05-14,288.6700134277344,291.3800048828125,288.6700134277344,290.67999267578125,4260600,BRK-B
2021-05-17,289.989990234375,290.4700012207031,288.07000732421875,289.2200012207031,3883300,BRK-B
2021-05-18,290.20001220703125,290.30999755859375,287.239990234375,287.5899963378906,4356300,BRK-B
2021-05-19,284.1099853515625,286.55999755859375,282.57000732421875,286.2200012207031,5271300,BRK-B
2021-05-20,288.4100036621094,289.1400146484375,285.8999938964844,286.7300109863281,4141600,BRK-B
2021-05-21,287.1199951171875,289.3500061035156,286.75,287.739990234375,4230700,BRK-B
2021-05-24,289.1099853515625,290.4100036621094,287.9100036621094,289.7300109863281,3973300,BRK-B
2021-05-25,290.19000244140625,291.6000061035156,287.1099853515625,287.20001220703125,4752300,BRK-B
2021-05-26,289.6400146484375,289.6400146484375,285.75,287.3299865722656,4756300,BRK-B
2021-05-27,288.57000732421875,289.989990234375,286.57000732421875,289.29998779296875,6602100,BRK-B
2021-05-28,289.67999267578125,290.4599914550781,288.2300109863281,289.44000244140625,4522500,BRK-B
2021-06-01,291.5199890136719,292.07000732421875,288.80999755859375,289.8399963378906,3335800,BRK-B
2021-06-02,290.8500061035156,290.8999938964844,289.2200012207031,290.0199890136719,3517100,BRK-B
2021-06-03,288.3599853515625,293.2699890136719,288.2799987792969,291.9700012207031,4099400,BRK-B
2021-06-04,292.9100036621094,293.0799865722656,291.45001220703125,292.5199890136719,3271100,BRK-B
2021-06-07,292.55999755859375,292.5799865722656,288.8399963378906,289.4599914550781,4441000,BRK-B
2021-06-08,289.17999267578125,289.8999938964844,285.70001220703125,289.19000244140625,5035900,BRK-B
2021-06-09,288.8800048828125,289.0899963378906,287.04998779296875,288.5799865722656,3501800,BRK-B
2021-06-10,289.8800048828125,290.80999755859375,284.67999267578125,284.9100036621094,4039200,BRK-B
2021-06-11,285.45001220703125,287.3599853515625,285.0199890136719,286.82000732421875,3524200,BRK-B
2021-06-14,286.6600036621094,286.8500061035156,281.5199890136719,283.5299987792969,6100500,BRK-B
2021-06-15,284.4599914550781,284.9599914550781,282.6499938964844,283.94000244140625,3758700,BRK-B
2021-06-16,283.7300109863281,284.79998779296875,281.0799865722656,283.1099853515625,5626800,BRK-B
2021-06-17,284.2900085449219,284.5,277.55999755859375,278.69000244140625,7134200,BRK-B
2021-06-18,276.5,276.9800109863281,272.4599914550781,274.0400085449219,12565800,BRK-B
2021-06-21,275.6199951171875,278.8500061035156,275.42999267578125,277.1000061035156,5482700,BRK-B
2021-06-22,277.57000732421875,277.7099914550781,275.92999267578125,276.9200134277344,5224700,BRK-B
2021-06-23,276.8900146484375,277.0,274.54998779296875,274.6600036621094,4533100,BRK-B
2021-06-24,275.0,276.5799865722656,274.04998779296875,275.489990234375,5453900,BRK-B
2021-06-25,276.3699951171875,279.30999755859375,275.3500061035156,278.3800048828125,5577100,BRK-B
2021-06-28,278.82000732421875,279.05999755859375,275.6000061035156,276.6099853515625,4024600,BRK-B
2021-06-29,276.69000244140625,277.9800109863281,275.25,276.2099914550781,4470500,BRK-B
2021-06-30,275.8900146484375,278.44000244140625,275.6600036621094,277.9200134277344,4474100,BRK-B
2021-07-01,278.20001220703125,280.29998779296875,277.54998779296875,280.1700134277344,3647200,BRK-B
2021-07-02,281.4100036621094,281.4100036621094,278.57000732421875,279.1199951171875,3682800,BRK-B
2021-07-06,278.2799987792969,278.2799987792969,275.1000061035156,277.32000732421875,4401500,BRK-B
2021-07-07,275.989990234375,279.69000244140625,275.79998779296875,279.239990234375,4412600,BRK-B
2021-07-08,276.989990234375,277.739990234375,273.1600036621094,274.1000061035156,5370500,BRK-B
2021-07-09,276.0299987792969,280.8800048828125,275.739990234375,280.489990234375,4896000,BRK-B
2021-07-12,279.04998779296875,282.2200012207031,278.2699890136719,280.1099853515625,4282500,BRK-B
2021-07-13,280.1099853515625,280.4100036621094,278.3599853515625,279.2099914550781,3136300,BRK-B
2021-07-14,279.07000732421875,280.760009765625,277.7699890136719,278.30999755859375,4108000,BRK-B
2021-07-15,277.1300048828125,280.6400146484375,277.0899963378906,279.7200012207031,3274700,BRK-B
2021-07-16,280.92999267578125,280.92999267578125,277.2200012207031,277.8999938964844,3436100,BRK-B
2021-07-19,274.2099914550781,275.5,270.7300109863281,272.6600036621094,5231900,BRK-B
2021-07-20,272.6600036621094,277.80999755859375,272.0,276.8900146484375,4737000,BRK-B
2021-07-21,277.6400146484375,280.9200134277344,277.6300048828125,279.8800048828125,3435900,BRK-B
2021-07-22,278.5899963378906,279.2699890136719,277.4200134277344,277.70001220703125,2565700,BRK-B
2021-07-23,279.04998779296875,279.9200134277344,277.739990234375,278.489990234375,3217500,BRK-B
2021-07-26,277.7799987792969,280.25,277.7799987792969,278.79998779296875,2423800,BRK-B
2021-07-27,278.07000732421875,281.0899963378906,276.9100036621094,280.7799987792969,3390300,BRK-B
2021-07-28,280.79998779296875,280.9800109863281,277.6000061035156,278.1000061035156,3794000,BRK-B
2021-07-29,279.2900085449219,281.239990234375,279.0799865722656,279.760009765625,3543600,BRK-B
2021-07-30,280.010009765625,281.0799865722656,277.6000061035156,278.2900085449219,3607400,BRK-B
2021-08-02,279.30999755859375,281.9800109863281,277.7300109863281,278.1400146484375,3091200,BRK-B
2021-08-03,279.04998779296875,282.510009765625,276.7699890136719,281.79998779296875,3630600,BRK-B
2021-08-04,280.1700134277344,280.9200134277344,278.6400146484375,278.7799987792969,3024600,BRK-B
2021-08-05,280.1600036621094,282.0,278.3299865722656,280.2099914550781,3584900,BRK-B
2021-08-06,281.82000732421875,285.8299865722656,281.5,285.6300048828125,4831900,BRK-B
2021-08-09,287.8599853515625,288.7300109863281,286.05999755859375,287.2300109863281,3676500,BRK-B
2021-08-10,287.010009765625,289.05999755859375,286.0,288.94000244140625,3134100,BRK-B
2021-08-11,289.45001220703125,291.82000732421875,288.8299865722656,291.2799987792969,3475100,BRK-B
2021-08-12,291.80999755859375,291.80999755859375,288.92999267578125,290.239990234375,3170300,BRK-B
2021-08-13,290.6099853515625,291.04998779296875,287.1199951171875,287.8900146484375,3115200,BRK-B
2021-08-16,287.0,289.489990234375,285.2099914550781,289.45001220703125,3562300,BRK-B
2021-08-17,288.5299987792969,290.7699890136719,287.6000061035156,289.1000061035156,3626300,BRK-B
2021-08-18,289.0,290.07000732421875,285.95001220703125,286.3599853515625,3880500,BRK-B
2021-08-19,284.9599914550781,287.1499938964844,283.9800109863281,285.1300048828125,3393100,BRK-B
2021-08-20,284.9599914550781,285.9200134277344,283.95001220703125,285.2699890136719,2846100,BRK-B
2021-08-23,287.3800048828125,287.3800048828125,285.3900146484375,285.6199951171875,2956500,BRK-B
2021-08-24,286.010009765625,286.5799865722656,284.17999267578125,286.0199890136719,3185000,BRK-B
2021-08-25,286.20001220703125,288.55999755859375,285.2200012207031,287.29998779296875,2973300,BRK-B
2021-08-26,288.1600036621094,288.1700134277344,284.989990234375,285.2699890136719,3340300,BRK-B
2021-08-27,285.6199951171875,286.7099914550781,285.1199951171875,286.6000061035156,3484400,BRK-B
2021-08-30,286.29998779296875,287.0400085449219,285.0199890136719,285.6600036621094,3505200,BRK-B
2021-08-31,285.2799987792969,286.3299865722656,284.760009765625,285.7699890136719,6497800,BRK-B
2021-09-01,286.5899963378906,287.1400146484375,284.8500061035156,285.260009765625,3323200,BRK-B
2021-09-02,285.3500061035156,286.44000244140625,284.2099914550781,285.04998779296875,3969800,BRK-B
2021-09-03,284.29998779296875,284.82000732421875,281.7099914550781,281.8900146484375,4495100,BRK-B
2021-09-07,281.9100036621094,281.9100036621094,278.7300109863281,278.8999938964844,4863900,BRK-B
2021-09-08,278.17999267578125,279.95001220703125,277.5899963378906,279.3399963378906,4646800,BRK-B
2021-09-09,278.9100036621094,280.1099853515625,278.3699951171875,278.6099853515625,3683700,BRK-B
2021-09-10,279.9700012207031,279.9700012207031,277.489990234375,277.6000061035156,4552300,BRK-B
2021-09-13,278.3599853515625,280.8399963378906,277.82000732421875,279.9200134277344,4601900,BRK-B
2021-09-14,280.5400085449219,280.7799987792969,276.3599853515625,277.20001220703125,5283200,BRK-B
2021-09-15,277.6000061035156,279.05999755859375,276.6700134277344,278.17999267578125,3883500,BRK-B
2021-09-16,278.9599914550781,279.2099914550781,276.2099914550781,277.510009765625,4210000,BRK-B
2021-09-17,277.6400146484375,281.0,275.4200134277344,276.760009765625,15863300,BRK-B
2021-09-20,273.04998779296875,274.9100036621094,271.3599853515625,274.20001220703125,7644000,BRK-B
2021-09-21,276.0299987792969,276.2200012207031,272.5899963378906,273.17999267578125,4648400,BRK-B
2021-09-22,276.2799987792969,276.6099853515625,273.6700134277344,274.07000732421875,5018400,BRK-B
2021-09-23,275.1499938964844,279.70001220703125,275.010009765625,278.1199951171875,4731600,BRK-B
2021-09-24,278.29998779296875,279.1300048828125,277.4100036621094,277.8699951171875,3106100,BRK-B
2021-09-27,279.7699890136719,280.6300048828125,278.1199951171875,279.7200012207031,3358400,BRK-B
2021-09-28,279.1400146484375,281.3800048828125,275.82000732421875,276.7900085449219,4959500,BRK-B
2021-09-29,277.0299987792969,278.7799987792969,275.95001220703125,277.2900085449219,2952000,BRK-B
2021-09-30,278.3699951171875,278.3699951171875,272.8399963378906,272.94000244140625,5187900,BRK-B
2021-10-01,273.0199890136719,277.510009765625,272.2200012207031,275.7099914550781,3950700,BRK-B
2021-10-04,274.67999267578125,276.9599914550781,273.04998779296875,273.6400146484375,4307000,BRK-B
2021-10-05,273.8599853515625,279.6700134277344,273.20001220703125,278.04998779296875,5069400,BRK-B
2021-10-06,276.2799987792969,280.3900146484375,274.6099853515625,280.2200012207031,3866100,BRK-B
2021-10-07,282.1400146484375,284.989990234375,282.1400146484375,282.95001220703125,3794200,BRK-B
2021-10-08,282.5899963378906,284.7200012207031,281.7099914550781,284.1400146484375,2299900,BRK-B
2021-10-11,284.42999267578125,285.6099853515625,280.79998779296875,280.92999267578125,2907900,BRK-B
2021-10-12,281.4599914550781,281.5199890136719,278.2099914550781,278.6199951171875,3770800,BRK-B
2021-10-13,278.4700012207031,279.4100036621094,275.54998779296875,277.8999938964844,3311400,BRK-B
2021-10-14,280.80999755859375,282.3800048828125,279.29998779296875,281.6400146484375,3646400,BRK-B
2021-10-15,283.94000244140625,284.9700012207031,282.2699890136719,284.2099914550781,4313700,BRK-B
2021-10-18,282.8299865722656,283.510009765625,281.57000732421875,282.5899963378906,3551500,BRK-B
2021-10-19,283.6000061035156,285.1499938964844,283.04998779296875,284.8299865722656,2682700,BRK-B
2021-10-20,284.3399963378906,287.70001220703125,284.32000732421875,287.489990234375,3147600,BRK-B
2021-10-21,286.989990234375,287.2799987792969,285.25,286.82000732421875,2488800,BRK-B
2021-10-22,287.6600036621094,289.79998779296875,286.239990234375,289.239990234375,3406500,BRK-B
2021-10-25,289.70001220703125,290.4700012207031,287.6000061035156,290.260009765625,3142900,BRK-B
2021-10-26,290.6499938964844,292.2200012207031,290.29998779296875,290.8500061035156,3872300,BRK-B
2021-10-27,290.8500061035156,290.95001220703125,287.6400146484375,287.7799987792969,3691500,BRK-B
2021-10-28,288.2099914550781,289.8599853515625,287.20001220703125,289.7200012207031,3300100,BRK-B
2021-10-29,288.80999755859375,290.0,286.739990234375,287.010009765625,4420300,BRK-B
2021-11-01,288.04998779296875,288.4200134277344,285.6199951171875,286.239990234375,2889500,BRK-B
2021-11-02,286.6099853515625,288.5,285.2200012207031,287.92999267578125,3838300,BRK-B
2021-11-03,287.2099914550781,288.8800048828125,286.1300048828125,288.7200012207031,2773100,BRK-B
2021-11-04,289.1300048828125,289.1300048828125,285.25,287.69000244140625,3426300,BRK-B
2021-11-05,288.8299865722656,290.70001220703125,286.82000732421875,287.8800048828125,3581100,BRK-B
2021-11-08,290.0,295.6499938964844,288.6099853515625,288.79998779296875,4721000,BRK-B
2021-11-09,288.7900085449219,288.989990234375,285.29998779296875,286.3500061035156,3587200,BRK-B
2021-11-10,286.489990234375,287.239990234375,284.5199890136719,285.32000732421875,3421700,BRK-B
2021-11-11,286.5,287.07000732421875,284.25,284.6499938964844,2861000,BRK-B
2021-11-12,284.8800048828125,286.1000061035156,283.79998779296875,285.989990234375,2917000,BRK-B
2021-11-15,286.6000061035156,286.989990234375,284.239990234375,284.6700134277344,3217300,BRK-B
2021-11-16,284.4700012207031,285.1600036621094,283.1199951171875,283.3599853515625,4204200,BRK-B
2021-11-17,283.1199951171875,283.1199951171875,280.8999938964844,281.5899963378906,3740800,BRK-B
2021-11-18,281.1000061035156,281.75,279.25,280.6300048828125,3338000,BRK-B
2021-11-19,280.9599914550781,280.9700012207031,278.010009765625,279.989990234375,4529200,BRK-B
2021-11-22,280.7300109863281,286.44000244140625,280.010009765625,284.9700012207031,5036000,BRK-B
2021-11-23,285.1499938964844,288.7300109863281,285.04998779296875,288.55999755859375,4490100,BRK-B
2021-11-24,287.44000244140625,288.32000732421875,286.0899963378906,287.2799987792969,4924100,BRK-B
2021-11-26,280.2799987792969,284.7099914550781,279.760009765625,283.0899963378906,4440700,BRK-B
2021-11-29,284.0,284.9800109863281,281.4200134277344,282.1199951171875,5390900,BRK-B
2021-11-30,279.94000244140625,280.20001220703125,275.8900146484375,276.69000244140625,9925300,BRK-B
2021-12-01,279.5400085449219,281.7200012207031,274.7900085449219,275.0,5165100,BRK-B
2021-12-02,276.67999267578125,280.3699951171875,275.2900085449219,279.0899963378906,4924800,BRK-B
2021-12-03,278.7099914550781,279.9700012207031,275.2699890136719,277.42999267578125,5925000,BRK-B
2021-12-06,278.7300109863281,283.1700134277344,278.7300109863281,281.3800048828125,5524200,BRK-B
2021-12-07,282.4200134277344,285.4100036621094,282.1199951171875,284.9700012207031,5766000,BRK-B
2021-12-08,284.9700012207031,285.9700012207031,282.2799987792969,283.7200012207031,3255700,BRK-B
2021-12-09,283.7699890136719,284.95001220703125,281.7799987792969,284.5199890136719,3445500,BRK-B
2021-12-10,285.489990234375,288.5,284.2300109863281,288.2300109863281,4109800,BRK-B
2021-12-13,288.5,291.5799865722656,285.8399963378906,290.010009765625,4887500,BRK-B
2021-12-14,289.6700134277344,296.4100036621094,289.6700134277344,295.0299987792969,5992200,BRK-B
2021-12-15,295.82000732421875,296.5,292.80999755859375,294.5799865722656,5598200,BRK-B
2021-12-16,296.8800048828125,301.5799865722656,295.1000061035156,300.1700134277344,6538100,BRK-B
2021-12-17,297.8500061035156,298.0,292.3500061035156,293.6600036621094,12719500,BRK-B
2021-12-20,290.7699890136719,291.5799865722656,287.5899963378906,289.6099853515625,5456200,BRK-B
2021-12-21,292.1400146484375,295.4100036621094,291.5,293.239990234375,3929100,BRK-B
2021-12-22,292.8599853515625,294.57000732421875,291.739990234375,294.4100036621094,2445600,BRK-B
2021-12-23,295.2200012207031,296.7799987792969,294.2099914550781,294.489990234375,2898200,BRK-B
2021-12-27,295.25,296.69000244140625,294.4599914550781,296.6700134277344,2807200,BRK-B
2021-12-28,296.9599914550781,299.7900085449219,296.79998779296875,298.2900085449219,2572900,BRK-B
2021-12-29,299.2300109863281,300.6499938964844,298.8599853515625,299.4599914550781,2687300,BRK-B
2021-12-30,300.8800048828125,301.6499938964844,299.739990234375,299.9800109863281,2300000,BRK-B
2021-12-31,299.94000244140625,300.69000244140625,298.8399963378906,299.0,2932200,BRK-B
2022-01-03,300.1000061035156,301.29998779296875,299.20001220703125,300.7900085449219,3570300,BRK-B
2022-01-04,301.6499938964844,309.2099914550781,301.6499938964844,308.5299987792969,6003300,BRK-B
2022-01-05,309.8699951171875,314.4800109863281,309.5,309.9200134277344,6888300,BRK-B
2022-01-06,312.9800109863281,314.1099853515625,310.2200012207031,313.2200012207031,5137200,BRK-B
2022-01-07,315.55999755859375,320.20001220703125,314.1400146484375,319.7799987792969,5618300,BRK-B
2022-01-10,321.3999938964844,322.1000061035156,315.1199951171875,318.92999267578125,5812300,BRK-B
2022-01-11,318.6099853515625,320.0,315.0400085449219,319.79998779296875,4247900,BRK-B
2022-01-12,320.6199951171875,321.04998779296875,317.260009765625,320.3900146484375,3580400,BRK-B
2022-01-13,321.0,323.4700012207031,320.1000061035156,321.260009765625,4277900,BRK-B
2022-01-14,318.8699951171875,324.3999938964844,316.5,324.1300048828125,4913700,BRK-B
2022-01-18,322.2200012207031,323.2900085449219,318.07000732421875,320.2900085449219,5764200,BRK-B
2022-01-19,321.3500061035156,321.3500061035156,314.5799865722656,314.75,6086400,BRK-B
2022-01-20,315.5799865722656,317.17999267578125,310.67999267578125,311.010009765625,4402300,BRK-B
2022-01-21,309.989990234375,311.0199890136719,304.1400146484375,305.2200012207031,6535400,BRK-B
2022-01-24,299.70001220703125,304.7300109863281,296.0799865722656,303.7300109863281,8504200,BRK-B
2022-01-25,301.8699951171875,309.1300048828125,294.80999755859375,307.19000244140625,6435400,BRK-B
2022-01-26,310.3999938964844,313.3299865722656,306.57000732421875,309.260009765625,6119400,BRK-B
2022-01-27,311.70001220703125,315.9200134277344,305.30999755859375,307.6700134277344,5053200,BRK-B
2022-01-28,307.67999267578125,313.2900085449219,304.07000732421875,312.8999938964844,5238200,BRK-B
2022-01-31,312.0,313.29998779296875,307.8399963378906,313.0199890136719,5237600,BRK-B
2022-02-01,312.6400146484375,314.6000061035156,310.30999755859375,313.9599914550781,4347200,BRK-B
2022-02-02,313.57000732421875,320.1600036621094,313.0,319.6000061035156,4632200,BRK-B
2022-02-03,319.3299865722656,319.6499938964844,314.6099853515625,315.2300109863281,4151500,BRK-B
2022-02-04,315.8699951171875,317.8399963378906,312.70001220703125,314.989990234375,3654700,BRK-B
2022-02-07,314.9100036621094,318.2200012207031,312.05999755859375,316.510009765625,3129100,BRK-B
2022-02-08,318.2699890136719,322.6499938964844,316.0,321.44000244140625,6237800,BRK-B
2022-02-09,323.79998779296875,325.6300048828125,321.5400085449219,322.3800048828125,3995900,BRK-B
2022-02-10,320.989990234375,322.4599914550781,318.489990234375,319.8500061035156,7079700,BRK-B
2022-02-11,320.010009765625,323.1199951171875,317.739990234375,319.1400146484375,7493400,BRK-B
2022-02-14,319.6099853515625,320.42999267578125,312.1700134277344,314.2799987792969,8129100,BRK-B
2022-02-15,316.6400146484375,317.94000244140625,314.69000244140625,316.20001220703125,3681400,BRK-B
2022-02-16,315.0,316.8999938964844,314.2799987792969,315.6499938964844,3974100,BRK-B
2022-02-17,314.9800109863281,315.44000244140625,312.29998779296875,313.54998779296875,3632400,BRK-B
2022-02-18,313.8299865722656,315.67999267578125,313.0799865722656,314.79998779296875,4224500,BRK-B
2022-02-22,313.44000244140625,315.42999267578125,310.54998779296875,314.1600036621094,5102000,BRK-B
2022-02-23,316.0799865722656,316.79998779296875,309.3800048828125,309.989990234375,5030600,BRK-B
2022-02-24,301.7799987792969,308.80999755859375,299.510009765625,308.2799987792969,8834700,BRK-B
2022-02-25,311.1600036621094,321.42999267578125,310.7799987792969,319.239990234375,7484400,BRK-B
2022-02-28,317.3500061035156,322.0,315.19000244140625,321.45001220703125,7981000,BRK-B
2022-03-01,320.260009765625,321.20001220703125,313.5899963378906,316.8399963378906,6441400,BRK-B
2022-03-02,319.4800109863281,325.75,318.1199951171875,323.6400146484375,4506100,BRK-B
2022-03-03,326.6300048828125,329.4700012207031,323.8900146484375,327.739990234375,4594300,BRK-B
2022-03-04,322.6600036621094,325.6099853515625,320.1199951171875,325.3399963378906,4901900,BRK-B
2022-03-07,325.67999267578125,326.44000244140625,320.3500061035156,322.7200012207031,5875800,BRK-B
2022-03-08,325.29998779296875,327.2900085449219,318.0299987792969,318.5199890136719,7905000,BRK-B
2022-03-09,326.5899963378906,327.4700012207031,322.5799865722656,325.3999938964844,5874500,BRK-B
2022-03-10,322.489990234375,325.70001220703125,321.5799865722656,325.29998779296875,3843600,BRK-B
2022-03-11,326.5299987792969,331.489990234375,326.2300109863281,326.6000061035156,5135700,BRK-B
2022-03-14,328.6499938964844,333.4800109863281,327.6499938964844,329.9800109863281,5967200,BRK-B
2022-03-15,332.70001220703125,334.5799865722656,329.3800048828125,332.54998779296875,6928300,BRK-B
2022-03-16,335.1099853515625,337.3399963378906,331.7099914550781,336.1099853515625,5925800,BRK-B
2022-03-17,337.0,345.1300048828125,336.20001220703125,344.9700012207031,7219800,BRK-B
2022-03-18,344.1199951171875,346.8699951171875,339.2699890136719,342.4100036621094,8881500,BRK-B
2022-03-21,344.989990234375,351.2099914550781,344.29998779296875,349.6600036621094,6298300,BRK-B
2022-03-22,351.010009765625,354.95001220703125,348.8999938964844,349.92999267578125,5772700,BRK-B
2022-03-23,349.1300048828125,350.7900085449219,346.25,348.1600036621094,5642400,BRK-B
2022-03-24,351.5,352.57000732421875,349.1300048828125,352.3699951171875,3946300,BRK-B
2022-03-25,353.8999938964844,359.010009765625,353.6000061035156,358.760009765625,4583000,BRK-B
2022-03-28,360.5899963378906,361.3800048828125,355.5299987792969,359.57000732421875,4172900,BRK-B
2022-03-29,361.3900146484375,362.1000061035156,352.54998779296875,355.1199951171875,5004800,BRK-B
2022-03-30,354.6600036621094,357.8500061035156,351.8399963378906,357.6099853515625,3911200,BRK-B
2022-03-31,359.0,360.0,352.32000732421875,352.9100036621094,6065400,BRK-B
2022-04-01,353.6499938964844,354.5799865722656,349.0199890136719,351.8800048828125,4123800,BRK-B
2022-04-04,352.0,352.239990234375,344.30999755859375,345.42999267578125,5090000,BRK-B
2022-04-05,345.7699890136719,349.44000244140625,344.2799987792969,344.79998779296875,4244700,BRK-B
2022-04-06,341.1700134277344,346.9700012207031,340.54998779296875,344.7099914550781,4547400,BRK-B
2022-04-07,346.2200012207031,347.6700134277344,342.3999938964844,346.510009765625,3815700,BRK-B
2022-04-08,348.92999267578125,353.8500061035156,347.7300109863281,353.1000061035156,4490500,BRK-B
2022-04-11,352.9800109863281,354.3299865722656,349.3399963378906,352.0199890136719,3128900,BRK-B
2022-04-12,352.260009765625,354.0,348.3900146484375,349.739990234375,3548800,BRK-B
2022-04-13,349.4599914550781,350.7200012207031,345.25,346.2200012207031,3434200,BRK-B
2022-04-14,346.1600036621094,347.55999755859375,344.1400146484375,344.3299865722656,3283500,BRK-B
2022-04-18,344.45001220703125,347.19000244140625,343.5899963378906,346.6499938964844,2517100,BRK-B
2022-04-19,347.0,349.1300048828125,345.8500061035156,348.5,3392000,BRK-B
2022-04-20,350.0,350.5899963378906,347.70001220703125,348.82000732421875,3711200,BRK-B
2022-04-21,350.8599853515625,350.8599853515625,342.9599914550781,343.6000061035156,4032100,BRK-B
2022-04-22,342.94000244140625,343.2099914550781,335.1099853515625,335.55999755859375,4966500,BRK-B
2022-04-25,332.29998779296875,337.8500061035156,328.5299987792969,336.95001220703125,5695100,BRK-B
2022-04-26,333.5299987792969,337.3900146484375,330.3599853515625,330.6499938964844,4588900,BRK-B
2022-04-27,330.6000061035156,333.1400146484375,328.42999267578125,329.5799865722656,3726700,BRK-B
2022-04-28,331.5299987792969,332.05999755859375,327.8299865722656,331.2699890136719,3845800,BRK-B
2022-04-29,330.19000244140625,330.6400146484375,320.5,322.8299865722656,5685200,BRK-B
2022-05-02,324.1099853515625,324.3699951171875,311.739990234375,318.19000244140625,6797200,BRK-B
2022-05-03,319.4200134277344,323.5799865722656,317.6700134277344,318.989990234375,3874700,BRK-B
2022-05-04,319.1000061035156,327.2799987792969,318.0,326.79998779296875,4269600,BRK-B
2022-05-05,325.8500061035156,325.8500061035156,315.1600036621094,318.67999267578125,5257600,BRK-B
2022-05-06,317.989990234375,320.3699951171875,314.19000244140625,318.8800048828125,4198800,BRK-B
2022-05-09,315.3500061035156,316.9200134277344,311.55999755859375,312.9599914550781,4874400,BRK-B
2022-05-10,315.9599914550781,318.1099853515625,310.239990234375,312.5299987792969,4798400,BRK-B
2022-05-11,313.1700134277344,317.54998779296875,311.010009765625,311.5400085449219,4250700,BRK-B
2022-05-12,307.95001220703125,309.07000732421875,302.54998779296875,308.05999755859375,5679800,BRK-B
2022-05-13,311.25,312.4700012207031,307.8999938964844,310.3599853515625,3767500,BRK-B
2022-05-16,310.2799987792969,311.95001220703125,307.1300048828125,309.2900085449219,3697600,BRK-B
2022-05-17,315.2099914550781,315.44000244140625,312.1000061035156,314.6000061035156,4154200,BRK-B
2022-05-18,312.94000244140625,314.1700134277344,305.57000732421875,306.6400146484375,4417900,BRK-B
2022-05-19,303.92999267578125,306.30999755859375,301.2099914550781,304.1499938964844,4730100,BRK-B
2022-05-20,307.04998779296875,307.4599914550781,298.1099853515625,304.04998779296875,5517600,BRK-B
2022-05-23,307.3800048828125,312.44000244140625,306.6199951171875,310.20001220703125,4142100,BRK-B
2022-05-24,309.3900146484375,310.30999755859375,303.75,309.1700134277344,3657600,BRK-B
2022-05-25,308.5899963378906,310.989990234375,305.9200134277344,308.6400146484375,3704800,BRK-B
2022-05-26,311.2699890136719,314.3900146484375,310.9800109863281,312.5,4472000,BRK-B
2022-05-27,314.7300109863281,319.239990234375,314.1499938964844,319.1099853515625,4280100,BRK-B
2022-05-31,318.9800109863281,318.9800109863281,314.79998779296875,315.9800109863281,5675800,BRK-B
2022-06-01,316.0,316.7900085449219,309.6099853515625,312.2099914550781,3795700,BRK-B
2022-06-02,312.6499938964844,315.0899963378906,308.6099853515625,314.95001220703125,3119300,BRK-B
2022-06-03,312.5,313.79998779296875,310.3999938964844,310.94000244140625,2587500,BRK-B
2022-06-06,313.3800048828125,315.7799987792969,311.4800109863281,312.1499938964844,2980900,BRK-B
2022-06-07,310.5799865722656,313.7900085449219,309.3900146484375,313.6499938964844,2550700,BRK-B
2022-06-08,312.1600036621094,312.79998779296875,307.92999267578125,308.739990234375,2877400,BRK-B
2022-06-09,308.1000061035156,308.3800048828125,300.57000732421875,300.79998779296875,3217400,BRK-B
2022-06-10,296.0799865722656,298.0,291.6099853515625,291.7099914550781,5882600,BRK-B
2022-06-13,285.42999267578125,287.42999267578125,280.1000061035156,281.55999755859375,7109100,BRK-B
2022-06-14,282.0899963378906,283.9599914550781,276.1000061035156,277.6400146484375,5838100,BRK-B
2022-06-15,281.1600036621094,282.5,273.8699951171875,278.92999267578125,5821200,BRK-B
2022-06-16,273.3900146484375,273.3999938964844,266.8800048828125,268.55999755859375,7199200,BRK-B
2022-06-17,268.3900146484375,270.5,265.67999267578125,268.0799865722656,11562000,BRK-B
2022-06-21,273.8500061035156,273.9800109863281,270.3399963378906,271.7699890136719,4906700,BRK-B
2022-06-22,267.3800048828125,273.3999938964844,267.3800048828125,269.7900085449219,4220700,BRK-B
2022-06-23,269.8500061035156,270.7099914550781,263.67999267578125,267.5199890136719,4727400,BRK-B
2022-06-24,268.9700012207031,279.6700134277344,268.57000732421875,278.2799987792969,6451900,BRK-B
2022-06-27,280.5299987792969,282.0299987792969,277.6099853515625,278.3999938964844,4134800,BRK-B
2022-06-28,280.510009765625,282.45001220703125,273.67999267578125,273.8599853515625,3868000,BRK-B
2022-06-29,274.95001220703125,275.94000244140625,272.9700012207031,273.489990234375,2995900,BRK-B
2022-06-30,270.510009765625,274.9200134277344,268.67999267578125,273.0199890136719,4623500,BRK-B
2022-07-01,272.5,278.3999938964844,271.6300048828125,277.5,3667300,BRK-B
2022-07-05,274.20001220703125,275.8599853515625,271.3900146484375,275.69000244140625,3676900,BRK-B
2022-07-06,274.8399963378906,277.510009765625,272.8699951171875,275.6499938964844,3033900,BRK-B
2022-07-07,277.5,279.5899963378906,277.1000061035156,279.2799987792969,3949700,BRK-B
2022-07-08,279.7900085449219,282.6099853515625,279.25,280.8299865722656,2983400,BRK-B
2022-07-11,279.3800048828125,281.4599914550781,277.8699951171875,278.510009765625,2864400,BRK-B
2022-07-12,277.57000732421875,282.17999267578125,276.6499938964844,277.2799987792969,3033000,BRK-B
2022-07-13,275.3699951171875,280.0899963378906,274.45001220703125,277.4700012207031,4197400,BRK-B
2022-07-14,273.0,275.3500061035156,271.20001220703125,274.4100036621094,3888500,BRK-B
2022-07-15,277.5299987792969,280.0,276.05999755859375,278.4800109863281,4547400,BRK-B
2022-07-18,281.5,281.5,275.2099914550781,276.260009765625,3273800,BRK-B
2022-07-19,279.0,284.0799865722656,278.1700134277344,283.54998779296875,3590200,BRK-B
2022-07-20,284.6400146484375,286.44000244140625,283.8999938964844,286.0400085449219,3877200,BRK-B
2022-07-21,287.0,287.239990234375,282.0899963378906,286.8500061035156,3699000,BRK-B
2022-07-22,288.1000061035156,289.3999938964844,283.6199951171875,285.92999267578125,2876100,BRK-B
2022-07-25,287.2099914550781,289.07000732421875,285.1499938964844,287.989990234375,3136300,BRK-B
2022-07-26,287.7900085449219,288.7099914550781,284.6499938964844,285.30999755859375,2512200,BRK-B
2022-07-27,287.6700134277344,291.55999755859375,285.70001220703125,290.29998779296875,3613200,BRK-B
2022-07-28,291.17999267578125,294.0299987792969,286.7699890136719,293.8999938964844,3986900,BRK-B
2022-07-29,297.4200134277344,302.3999938964844,295.42999267578125,300.6000061035156,6976200,BRK-B
2022-08-01,299.70001220703125,299.70001220703125,294.8299865722656,295.8599853515625,4192700,BRK-B
2022-08-02,294.8699951171875,295.5299987792969,291.9200134277344,292.1700134277344,3166500,BRK-B
2022-08-03,295.04998779296875,295.8800048828125,291.1000061035156,294.9599914550781,4061400,BRK-B
2022-08-04,294.7300109863281,295.9800109863281,292.6199951171875,292.9100036621094,3946200,BRK-B
2022-08-05,291.8699951171875,294.1000061035156,290.42999267578125,292.07000732421875,3395400,BRK-B
2022-08-08,294.8699951171875,299.3299865722656,292.2699890136719,292.3399963378906,3965600,BRK-B
2022-08-09,293.3500061035156,297.57000732421875,291.92999267578125,292.7699890136719,3872100,BRK-B
2022-08-10,296.4800109863281,296.92999267578125,294.1000061035156,295.1099853515625,3705700,BRK-B
2022-08-11,298.0,299.05999755859375,296.1199951171875,296.4700012207031,3144800,BRK-B
2022-08-12,297.8999938964844,301.69000244140625,297.0,301.54998779296875,3231300,BRK-B
2022-08-15,298.6400146484375,303.760009765625,297.3999938964844,302.82000732421875,2927200,BRK-B
2022-08-16,304.989990234375,308.1499938964844,303.760009765625,306.6499938964844,3342600,BRK-B
2022-08-17,305.2200012207031,306.8900146484375,302.739990234375,304.260009765625,2962600,BRK-B
2022-08-18,304.44000244140625,304.57000732421875,301.54998779296875,304.2699890136719,2783100,BRK-B
2022-08-19,302.95001220703125,303.2200012207031,296.80999755859375,297.2799987792969,4613100,BRK-B
2022-08-22,294.0,294.4700012207031,287.8599853515625,288.69000244140625,4713900,BRK-B
2022-08-23,288.8500061035156,291.6400146484375,288.1499938964844,289.6499938964844,2592100,BRK-B
2022-08-24,290.0,294.0,289.4599914550781,293.5199890136719,3266100,BRK-B
2022-08-25,293.7099914550781,298.4800109863281,292.8299865722656,298.1300048828125,3463700,BRK-B
2022-08-26,299.4100036621094,299.6300048828125,289.6499938964844,289.9599914550781,5277200,BRK-B
2022-08-29,288.3999938964844,289.8299865722656,285.75,287.45001220703125,3098300,BRK-B
2022-08-30,288.7200012207031,289.32000732421875,284.7699890136719,285.4200134277344,3213700,BRK-B
2022-08-31,287.25,288.010009765625,280.44000244140625,280.79998779296875,4999600,BRK-B
2022-09-01,279.95001220703125,282.67999267578125,277.30999755859375,282.42999267578125,3765000,BRK-B
2022-09-02,284.8399963378906,285.4200134277344,276.3699951171875,277.6700134277344,3793600,BRK-B
2022-09-06,278.010009765625,279.489990234375,275.3599853515625,276.5899963378906,4362900,BRK-B
2022-09-07,275.739990234375,281.739990234375,275.4200134277344,281.0400085449219,3509900,BRK-B
2022-09-08,278.5799865722656,283.3999938964844,277.2900085449219,283.3399963378906,3542300,BRK-B
2022-09-09,284.5400085449219,287.0199890136719,284.1300048828125,285.7699890136719,3125100,BRK-B
2022-09-12,286.70001220703125,289.239990234375,286.0299987792969,288.510009765625,3407900,BRK-B
2022-09-13,283.989990234375,285.1400146484375,277.5,278.2900085449219,4582700,BRK-B
2022-09-14,279.0,280.2099914550781,275.6400146484375,278.4200134277344,3718400,BRK-B
2022-09-15,278.69000244140625,281.2699890136719,276.3599853515625,276.70001220703125,3274500,BRK-B
2022-09-16,275.3500061035156,276.3800048828125,273.260009765625,274.80999755859375,7288900,BRK-B
2022-09-19,272.7900085449219,279.1300048828125,272.7200012207031,278.95001220703125,3291500,BRK-B
2022-09-20,277.1700134277344,278.0400085449219,274.6099853515625,277.1300048828125,3275600,BRK-B
2022-09-21,278.8999938964844,278.9200134277344,270.7200012207031,270.739990234375,3941800,BRK-B
2022-09-22,271.0299987792969,271.5,268.2699890136719,268.510009765625,4120900,BRK-B
2022-09-23,266.010009765625,268.1400146484375,264.239990234375,267.7699890136719,5175100,BRK-B
2022-09-26,265.82000732421875,267.8399963378906,263.3699951171875,264.32000732421875,4929300,BRK-B
2022-09-27,266.989990234375,267.92999267578125,261.54998779296875,265.4700012207031,5767700,BRK-B
2022-09-28,265.6499938964844,273.6000061035156,264.9100036621094,271.7799987792969,5941800,BRK-B
2022-09-29,269.8900146484375,272.1700134277344,265.5899963378906,269.5799865722656,5210700,BRK-B
2022-09-30,269.2099914550781,272.94000244140625,266.6000061035156,267.0199890136719,6057500,BRK-B
2022-10-03,269.5199890136719,274.57000732421875,267.1600036621094,272.79998779296875,4901000,BRK-B
2022-10-04,277.4200134277344,281.29998779296875,276.6000061035156,280.489990234375,4633700,BRK-B
2022-10-05,276.8699951171875,280.8800048828125,275.8399963378906,279.3599853515625,3350400,BRK-B
2022-10-06,278.20001220703125,279.8500061035156,275.8999938964844,276.30999755859375,3394000,BRK-B
2022-10-07,274.44000244140625,274.5,267.4800109863281,269.0400085449219,4270200,BRK-B
2022-10-10,269.8900146484375,270.2099914550781,265.8599853515625,266.92999267578125,3106500,BRK-B
2022-10-11,266.1000061035156,270.9700012207031,265.6099853515625,267.30999755859375,3442000,BRK-B
2022-10-12,267.30999755859375,267.5199890136719,263.9599914550781,264.0,3342400,BRK-B
2022-10-13,260.5799865722656,276.7799987792969,259.8500061035156,275.7799987792969,5483400,BRK-B
2022-10-14,277.5899963378906,279.2200012207031,271.9700012207031,272.6700134277344,4292300,BRK-B
2022-10-17,276.4800109863281,278.5899963378906,275.29998779296875,277.0199890136719,4452100,BRK-B
2022-10-18,282.739990234375,283.3599853515625,279.25,281.6700134277344,4292700,BRK-B
2022-10-19,280.3299865722656,282.3800048828125,276.9700012207031,278.3399963378906,3213700,BRK-B
2022-10-20,278.07000732421875,279.44000244140625,273.0,273.5299987792969,3916600,BRK-B
2022-10-21,273.760009765625,282.9200134277344,271.4599914550781,282.510009765625,4995400,BRK-B
2022-10-24,284.1000061035156,289.3399963378906,283.989990234375,287.4800109863281,3860000,BRK-B
2022-10-25,288.7699890136719,289.8699951171875,286.8800048828125,289.239990234375,3171000,BRK-B
2022-10-26,289.75,291.79998779296875,287.67999267578125,288.5199890136719,3294100,BRK-B
2022-10-27,290.30999755859375,294.0,288.8500061035156,289.8800048828125,4273800,BRK-B
2022-10-28,292.7699890136719,299.9800109863281,291.4800109863281,299.6300048828125,4627600,BRK-B
2022-10-31,297.9800109863281,298.8900146484375,294.8500061035156,295.0899963378906,4626400,BRK-B
2022-11-01,298.45001220703125,298.8699951171875,293.0400085449219,294.1300048828125,3837000,BRK-B
2022-11-02,293.0400085449219,298.260009765625,289.4200134277344,289.4599914550781,4269000,BRK-B
2022-11-03,286.0199890136719,287.4700012207031,283.4599914550781,283.8500061035156,3122900,BRK-B
2022-11-04,286.7699890136719,289.20001220703125,282.3800048828125,287.4700012207031,3925300,BRK-B
2022-11-07,290.9200134277344,292.1000061035156,288.6499938964844,290.19000244140625,3522000,BRK-B
2022-11-08,291.1099853515625,294.739990234375,289.010009765625,292.6099853515625,3562200,BRK-B
2022-11-09,291.9800109863281,292.3999938964844,288.05999755859375,288.6499938964844,2759300,BRK-B
2022-11-10,297.1099853515625,303.5,294.5400085449219,303.20001220703125,5693100,BRK-B
2022-11-11,305.55999755859375,311.3299865722656,302.6000061035156,309.7200012207031,6570200,BRK-B
2022-11-14,310.0,311.8399963378906,308.8399963378906,308.9100036621094,4637600,BRK-B
2022-11-15,313.6700134277344,313.8900146484375,307.17999267578125,309.9800109863281,4372400,BRK-B
2022-11-16,310.92999267578125,311.54998779296875,306.739990234375,308.760009765625,2970600,BRK-B
2022-11-17,305.70001220703125,307.6199951171875,304.1499938964844,307.44000244140625,3062200,BRK-B
2022-11-18,310.54998779296875,311.20001220703125,308.6199951171875,310.760009765625,3395500,BRK-B
2022-11-21,310.80999755859375,312.8999938964844,308.5799865722656,311.20001220703125,2862000,BRK-B
2022-11-22,313.0,316.55999755859375,312.04998779296875,315.760009765625,3172000,BRK-B
2022-11-23,315.3900146484375,316.42999267578125,314.07000732421875,316.17999267578125,2684900,BRK-B
2022-11-25,317.5199890136719,319.1199951171875,316.17999267578125,317.42999267578125,1844900,BRK-B
2022-11-28,316.25,317.6400146484375,312.3299865722656,313.2699890136719,4230700,BRK-B
2022-11-29,311.8900146484375,315.2900085449219,311.3500061035156,315.1300048828125,3740100,BRK-B
2022-11-30,315.1300048828125,318.6000061035156,308.70001220703125,318.6000061035156,7919700,BRK-B
2022-12-01,319.0,319.55999755859375,313.29998779296875,315.8399963378906,4351600,BRK-B
2022-12-02,313.489990234375,316.3800048828125,312.75,316.1499938964844,3025700,BRK-B
2022-12-05,315.2200012207031,315.6600036621094,308.7300109863281,310.57000732421875,3835800,BRK-B
2022-12-06,309.95001220703125,310.2900085449219,306.3500061035156,307.7799987792969,3877400,BRK-B
2022-12-07,307.07000732421875,309.3800048828125,304.9200134277344,305.82000732421875,4130800,BRK-B
2022-12-08,306.0,307.489990234375,305.0899963378906,305.989990234375,2351700,BRK-B
2022-12-09,305.32000732421875,308.3399963378906,304.7099914550781,306.3900146484375,3326000,BRK-B
2022-12-12,307.54998779296875,311.9100036621094,305.4599914550781,311.45001220703125,4366700,BRK-B
2022-12-13,318.3999938964844,318.9100036621094,310.82000732421875,312.3299865722656,5042800,BRK-B
2022-12-14,312.739990234375,316.3599853515625,308.3999938964844,309.2900085449219,4056900,BRK-B
2022-12-15,306.42999267578125,306.9599914550781,299.45001220703125,301.9100036621094,5103900,BRK-B
2022-12-16,299.04998779296875,302.4700012207031,297.760009765625,300.0,8305700,BRK-B
2022-12-19,300.510009765625,301.4800109863281,297.1499938964844,300.0299987792969,3842200,BRK-B
2022-12-20,300.0899963378906,304.19000244140625,297.0,302.0,3090700,BRK-B
2022-12-21,304.3800048828125,308.5400085449219,304.1600036621094,307.82000732421875,3264600,BRK-B
2022-12-22,306.1000061035156,306.5,297.6400146484375,302.69000244140625,3560100,BRK-B
2022-12-23,302.8800048828125,306.57000732421875,300.92999267578125,306.489990234375,2460400,BRK-B
2022-12-27,306.45001220703125,308.5799865722656,304.6499938964844,305.54998779296875,2730900,BRK-B
2022-12-28,304.7699890136719,307.4599914550781,303.260009765625,303.42999267578125,2628200,BRK-B
2022-12-29,305.94000244140625,309.3800048828125,305.239990234375,309.05999755859375,2846200,BRK-B
2022-12-30,306.95001220703125,309.0400085449219,305.6199951171875,308.8999938964844,3298300,BRK-B
2023-01-03,310.07000732421875,312.3900146484375,307.3800048828125,309.9100036621094,3549900,BRK-B
2023-01-04,312.0,316.8900146484375,311.25,314.54998779296875,5121200,BRK-B
2023-01-05,313.57000732421875,314.2300109863281,310.0,312.8999938964844,3416300,BRK-B
2023-01-06,315.0,320.1600036621094,313.3800048828125,318.69000244140625,3647900,BRK-B
2023-01-09,319.0199890136719,320.5,314.75,315.5299987792969,4397400,BRK-B
2023-01-10,315.0,316.79998779296875,313.3399963378906,316.3500061035156,3049100,BRK-B
2023-01-11,318.5199890136719,320.57000732421875,316.6000061035156,320.3699951171875,2999500,BRK-B
2023-01-12,321.1499938964844,321.32000732421875,317.7200012207031,318.92999267578125,3070300,BRK-B
2023-01-13,317.489990234375,318.4200134277344,315.7900085449219,317.6400146484375,2773000,BRK-B
2023-01-17,318.3999938964844,318.5199890136719,314.25,314.8599853515625,3478900,BRK-B
2023-01-18,315.0,315.5400085449219,307.75,308.29998779296875,3406000,BRK-B
2023-01-19,306.1199951171875,307.239990234375,303.8599853515625,305.2300109863281,3614600,BRK-B
2023-01-20,305.2099914550781,310.010009765625,304.3599853515625,309.8699951171875,3770100,BRK-B
2023-01-23,309.6300048828125,312.7300109863281,306.8500061035156,310.4200134277344,3086700,BRK-B
2023-01-24,309.29998779296875,312.8299865722656,307.5,311.29998779296875,2234300,BRK-B
2023-01-25,308.3299865722656,312.54998779296875,307.7099914550781,311.8999938964844,2299800,BRK-B
2023-01-26,312.989990234375,313.67999267578125,309.5799865722656,310.95001220703125,2856600,BRK-B
2023-01-27,309.7900085449219,311.7300109863281,308.3399963378906,309.1700134277344,3031200,BRK-B
2023-01-30,307.6000061035156,309.510009765625,306.80999755859375,307.3299865722656,3474600,BRK-B
2023-01-31,307.739990234375,311.8599853515625,305.7900085449219,311.5199890136719,3653400,BRK-B
2023-02-01,309.6300048828125,312.6700134277344,306.3800048828125,310.57000732421875,3518300,BRK-B
2023-02-02,312.3500061035156,312.6000061035156,308.29998779296875,311.8599853515625,4421400,BRK-B
2023-02-03,311.0,311.54998779296875,305.9200134277344,308.510009765625,5385700,BRK-B
2023-02-06,308.25,308.79998779296875,305.6000061035156,308.42999267578125,2973100,BRK-B
2023-02-07,307.29998779296875,314.1499938964844,306.6300048828125,312.9700012207031,3786700,BRK-B
2023-02-08,311.1199951171875,313.4100036621094,308.010009765625,308.4800109863281,3370000,BRK-B
2023-02-09,310.1700134277344,311.4200134277344,306.989990234375,307.2099914550781,3461200,BRK-B
2023-02-10,307.0799865722656,309.9800109863281,305.2799987792969,309.8900146484375,2808000,BRK-B
2023-02-13,310.29998779296875,313.739990234375,309.6199951171875,313.739990234375,3261500,BRK-B
2023-02-14,313.7799987792969,314.1000061035156,309.0400085449219,310.7900085449219,2907100,BRK-B
2023-02-15,309.9800109863281,310.3699951171875,308.2799987792969,309.6300048828125,2410700,BRK-B
2023-02-16,307.5799865722656,310.20001220703125,306.8699951171875,308.17999267578125,2801700,BRK-B
2023-02-17,307.1499938964844,308.4100036621094,305.4800109863281,308.239990234375,2720500,BRK-B
2023-02-21,306.1700134277344,307.29998779296875,300.5,302.7200012207031,4131100,BRK-B
2023-02-22,303.20001220703125,305.2699890136719,301.7699890136719,303.1600036621094,2899500,BRK-B
2023-02-23,305.010009765625,305.55999755859375,300.25,303.07000732421875,2736400,BRK-B
2023-02-24,300.3999938964844,305.6199951171875,300.010009765625,304.0199890136719,3656200,BRK-B
2023-02-27,304.3699951171875,305.7799987792969,302.010009765625,304.6600036621094,3652200,BRK-B
2023-02-28,304.8900146484375,306.1499938964844,303.4100036621094,305.17999267578125,4736800,BRK-B
2023-03-01,304.0199890136719,305.6199951171875,302.0799865722656,304.6199951171875,3397200,BRK-B
2023-03-02,303.6600036621094,308.1000061035156,301.45001220703125,307.75,3152100,BRK-B
2023-03-03,309.55999755859375,312.6600036621094,308.5,312.45001220703125,4493000,BRK-B
2023-03-06,312.82000732421875,317.2900085449219,312.42999267578125,316.9700012207031,4889800,BRK-B
2023-03-07,316.3900146484375,316.5,310.2300109863281,311.1199951171875,3609700,BRK-B
2023-03-08,310.7200012207031,312.67999267578125,309.25,311.3699951171875,2701600,BRK-B
2023-03-09,311.0,313.17999267578125,303.94000244140625,304.82000732421875,3929500,BRK-B
2023-03-10,302.95001220703125,306.7200012207031,301.9200134277344,303.6300048828125,5294800,BRK-B
2023-03-13,301.75,306.5899963378906,300.760009765625,302.8800048828125,4993000,BRK-B
2023-03-14,306.9200134277344,307.54998779296875,301.67999267578125,305.3299865722656,5251500,BRK-B
2023-03-15,300.0199890136719,300.54998779296875,294.8999938964844,297.8800048828125,7162800,BRK-B
2023-03-16,296.3699951171875,304.42999267578125,295.3599853515625,302.010009765625,6325700,BRK-B
2023-03-17,301.29998779296875,301.29998779296875,292.4200134277344,293.510009765625,15609400,BRK-B
2023-03-20,295.57000732421875,301.510009765625,295.05999755859375,301.05999755859375,6056000,BRK-B
2023-03-21,304.55999755859375,305.6300048828125,302.25,303.8500061035156,4724000,BRK-B
2023-03-22,303.7200012207031,307.04998779296875,299.6499938964844,299.7300109863281,3086300,BRK-B
2023-03-23,301.3900146484375,302.0799865722656,296.29998779296875,298.3699951171875,4015800,BRK-B
2023-03-24,294.67999267578125,299.5,293.3900146484375,298.9200134277344,3905400,BRK-B
2023-03-27,300.8800048828125,303.2099914550781,298.9700012207031,302.1400146484375,3833900,BRK-B
2023-03-28,301.92999267578125,302.7200012207031,300.5899963378906,302.32000732421875,2436500,BRK-B
2023-03-29,304.79998779296875,305.3800048828125,303.3599853515625,305.29998779296875,2650000,BRK-B
2023-03-30,307.0899963378906,307.4700012207031,302.5799865722656,305.0799865722656,2694000,BRK-B
2023-03-31,305.8999938964844,308.80999755859375,304.989990234375,308.7699890136719,5020200,BRK-B
2023-04-03,309.25,311.5,308.239990234375,310.30999755859375,4862300,BRK-B
2023-04-04,310.760009765625,311.0,307.07000732421875,309.07000732421875,2740300,BRK-B
2023-04-05,307.8500061035156,311.07000732421875,307.8500061035156,310.3900146484375,2314500,BRK-B
2023-04-06,309.82000732421875,313.2200012207031,309.04998779296875,312.510009765625,3131400,BRK-B
2023-04-10,311.4100036621094,313.70001220703125,310.3299865722656,312.6199951171875,2330900,BRK-B
2023-04-11,312.55999755859375,315.94000244140625,311.7699890136719,313.70001220703125,3109500,BRK-B
2023-04-12,315.9700012207031,316.9200134277344,313.7200012207031,314.54998779296875,2662600,BRK-B
2023-04-13,315.2699890136719,318.80999755859375,313.260009765625,318.04998779296875,3323300,BRK-B
2023-04-14,318.8900146484375,321.8800048828125,318.1199951171875,319.739990234375,2975400,BRK-B
2023-04-17,320.20001220703125,323.9800109863281,319.0,323.7900085449219,3425500,BRK-B
2023-04-18,324.95001220703125,325.7200012207031,322.5,324.6300048828125,3581200,BRK-B
2023-04-19,323.8500061035156,324.54998779296875,322.760009765625,323.0899963378906,2406200,BRK-B
2023-04-20,322.20001220703125,324.3699951171875,321.32000732421875,323.82000732421875,2428400,BRK-B
2023-04-21,322.3599853515625,324.8500061035156,321.6099853515625,324.3299865722656,2405700,BRK-B
2023-04-24,324.42999267578125,326.3999938964844,324.29998779296875,326.04998779296875,2261900,BRK-B
2023-04-25,325.989990234375,327.1000061035156,324.1099853515625,324.3399963378906,2552200,BRK-B
2023-04-26,323.30999755859375,323.739990234375,319.0,320.5299987792969,2718600,BRK-B
2023-04-27,322.8599853515625,326.9100036621094,322.1099853515625,326.2300109863281,2950000,BRK-B
2023-04-28,325.44000244140625,328.80999755859375,325.19000244140625,328.54998779296875,2909600,BRK-B
2023-05-01,329.1600036621094,331.8399963378906,328.57000732421875,330.1700134277344,2461300,BRK-B
2023-05-02,330.1499938964844,330.25,322.760009765625,325.8599853515625,3366500,BRK-B
2023-05-03,327.1300048828125,328.07000732421875,323.05999755859375,323.2200012207031,2653800,BRK-B
2023-05-04,323.44000244140625,325.989990234375,317.4100036621094,320.0,3185600,BRK-B
2023-05-05,323.3599853515625,325.1600036621094,322.6199951171875,323.8800048828125,3869500,BRK-B
2023-05-08,328.260009765625,330.69000244140625,325.7900085449219,326.1400146484375,3302400,BRK-B
2023-05-09,324.8699951171875,326.8800048828125,323.4800109863281,324.8699951171875,2283400,BRK-B
2023-05-10,326.0799865722656,326.1600036621094,320.1499938964844,322.989990234375,2639800,BRK-B
2023-05-11,321.0,322.9599914550781,319.80999755859375,322.6400146484375,2548900,BRK-B
2023-05-12,323.82000732421875,324.239990234375,320.5400085449219,322.489990234375,1937300,BRK-B
2023-05-15,322.8900146484375,323.8299865722656,320.1300048828125,323.5299987792969,2190000,BRK-B
2023-05-16,322.4599914550781,324.69000244140625,322.3599853515625,323.75,2139500,BRK-B
2023-05-17,325.0199890136719,328.260009765625,324.82000732421875,327.3900146484375,3046800,BRK-B
2023-05-18,326.8699951171875,329.9800109863281,325.8500061035156,329.760009765625,2805000,BRK-B
2023-05-19,331.0,333.94000244140625,329.1199951171875,330.3900146484375,4322900,BRK-B
2023-05-22,330.75,331.489990234375,328.3500061035156,329.1300048828125,2762500,BRK-B
2023-05-23,328.19000244140625,329.2699890136719,322.9700012207031,323.1099853515625,4029300,BRK-B
2023-05-24,322.7099914550781,323.0,319.55999755859375,320.20001220703125,3071500,BRK-B
2023-05-25,320.55999755859375,320.55999755859375,317.7099914550781,319.0199890136719,4245400,BRK-B
2023-05-26,320.44000244140625,322.6300048828125,319.6700134277344,320.6000061035156,3229400,BRK-B
2023-05-30,321.8599853515625,322.4700012207031,319.0,322.19000244140625,3231800,BRK-B
2023-05-31,321.1199951171875,322.4100036621094,319.3900146484375,321.0799865722656,6175000,BRK-B
2023-06-01,321.4200134277344,323.2200012207031,319.5299987792969,323.1199951171875,3375300,BRK-B
2023-06-02,325.1600036621094,330.6700134277344,324.4200134277344,329.4800109863281,3962200,BRK-B
2023-06-05,330.8900146484375,330.8900146484375,327.57000732421875,328.5799865722656,3091800,BRK-B
2023-06-06,329.0400085449219,334.1600036621094,328.67999267578125,333.4100036621094,3181400,BRK-B
2023-06-07,334.010009765625,335.82000732421875,331.42999267578125,335.4200134277344,3727800,BRK-B
2023-06-08,335.489990234375,336.32000732421875,334.1000061035156,335.95001220703125,2759300,BRK-B
2023-06-09,335.760009765625,337.5899963378906,334.9200134277344,335.2900085449219,2619200,BRK-B
2023-06-12,335.1600036621094,335.3500061035156,332.2200012207031,333.6000061035156,2873400,BRK-B
2023-06-13,333.2200012207031,336.6199951171875,332.20001220703125,336.3900146484375,2953000,BRK-B
2023-06-14,337.2200012207031,340.3800048828125,334.0899963378906,335.8999938964844,5164600,BRK-B
2023-06-15,335.9700012207031,341.67999267578125,335.5400085449219,339.82000732421875,4095200,BRK-B
2023-06-16,341.0199890136719,341.29998779296875,337.6600036621094,338.30999755859375,8486200,BRK-B
2023-06-20,338.1499938964844,339.2799987792969,336.6199951171875,338.6700134277344,3751700,BRK-B
2023-06-21,337.29998779296875,341.3500061035156,336.3699951171875,338.6099853515625,4507000,BRK-B
2023-06-22,338.8399963378906,338.8500061035156,335.6600036621094,336.9599914550781,3303300,BRK-B
2023-06-23,335.1000061035156,337.4700012207031,334.19000244140625,335.25,4451700,BRK-B
2023-06-26,335.1700134277344,335.8299865722656,331.8399963378906,334.1199951171875,3220900,BRK-B
2023-06-27,334.3900146484375,336.7300109863281,334.3699951171875,335.3399963378906,2625600,BRK-B
2023-06-28,336.04998779296875,336.3999938964844,332.6099853515625,334.1499938964844,3175100,BRK-B
2023-06-29,334.260009765625,337.010009765625,334.1400146484375,336.9100036621094,2498900,BRK-B
2023-06-30,338.7799987792969,342.5,338.3999938964844,341.0,4520600,BRK-B
2023-07-03,340.75,342.0799865722656,338.4100036621094,342.0,2047400,BRK-B
2023-07-05,340.04998779296875,341.8900146484375,338.70001220703125,341.55999755859375,2870700,BRK-B
2023-07-06,339.75,341.79998779296875,338.9100036621094,341.4599914550781,2548300,BRK-B
2023-07-07,340.5199890136719,344.07000732421875,340.3900146484375,340.8999938964844,2940800,BRK-B
2023-07-10,340.4800109863281,343.4800109863281,339.8699951171875,341.1300048828125,2966500,BRK-B
2023-07-11,341.2300109863281,343.8399963378906,340.92999267578125,343.3699951171875,2754900,BRK-B
2023-07-12,345.2900085449219,346.44000244140625,344.30999755859375,345.3500061035156,2897100,BRK-B
2023-07-13,345.6000061035156,346.2099914550781,343.45001220703125,343.5400085449219,2831800,BRK-B
2023-07-14,344.989990234375,345.0,340.510009765625,341.0899963378906,2669300,BRK-B
2023-07-17,341.0899963378906,345.7200012207031,341.0899963378906,344.25,2359500,BRK-B
2023-07-18,344.04998779296875,347.25,343.5400085449219,345.3399963378906,2565300,BRK-B
2023-07-19,344.2099914550781,345.3800048828125,341.989990234375,342.42999267578125,3032100,BRK-B
2023-07-20,343.0899963378906,346.7900085449219,342.8500061035156,346.6099853515625,3146000,BRK-B
2023-07-21,346.760009765625,347.6199951171875,345.1000061035156,345.760009765625,3301900,BRK-B
2023-07-24,346.7699890136719,351.19000244140625,346.2799987792969,349.6300048828125,3269400,BRK-B
2023-07-25,349.32000732421875,349.6600036621094,345.5400085449219,347.5799865722656,3014000,BRK-B
2023-07-26,347.55999755859375,351.0899963378906,347.5199890136719,349.79998779296875,2682900,BRK-B
2023-07-27,350.69000244140625,351.2699890136719,348.6000061035156,349.30999755859375,2706700,BRK-B
2023-07-28,349.92999267578125,351.0,348.32000732421875,349.80999755859375,2473300,BRK-B
2023-07-31,350.7300109863281,352.3299865722656,350.2099914550781,351.9599914550781,2621600,BRK-B
2023-08-01,352.0299987792969,353.4200134277344,351.25,352.260009765625,2293300,BRK-B
2023-08-02,351.45001220703125,352.8900146484375,349.69000244140625,351.19000244140625,3085900,BRK-B
2023-08-03,350.2900085449219,354.4700012207031,349.4200134277344,353.80999755859375,2942000,BRK-B
2023-08-04,353.989990234375,355.1099853515625,349.3900146484375,349.989990234375,2842000,BRK-B
2023-08-07,355.7300109863281,364.6300048828125,355.1499938964844,362.5799865722656,5379900,BRK-B
2023-08-08,359.4200134277344,364.25,358.8500061035156,363.7300109863281,3428800,BRK-B
2023-08-09,364.20001220703125,364.42999267578125,356.05999755859375,358.0199890136719,4424600,BRK-B
2023-08-10,359.3599853515625,362.3500061035156,355.9200134277344,356.9800109863281,3098800,BRK-B
2023-08-11,356.260009765625,359.25,353.20001220703125,358.3500061035156,2475200,BRK-B
2023-08-14,358.25,358.95001220703125,356.80999755859375,358.4800109863281,1990700,BRK-B
2023-08-15,357.0,357.9200134277344,353.6700134277344,354.5,2863700,BRK-B
2023-08-16,354.6000061035156,358.7200012207031,353.3800048828125,354.1099853515625,2196100,BRK-B
2023-08-17,354.010009765625,356.29998779296875,351.8800048828125,353.19000244140625,2847700,BRK-B
2023-08-18,351.4700012207031,354.29998779296875,351.25,352.55999755859375,2870600,BRK-B
2023-08-21,354.0899963378906,354.17999267578125,349.6099853515625,352.0899963378906,2540000,BRK-B
2023-08-22,353.010009765625,353.5,349.6600036621094,350.57000732421875,2363300,BRK-B
2023-08-23,351.6300048828125,354.32000732421875,351.5400085449219,354.260009765625,2239500,BRK-B
2023-08-24,354.3500061035156,357.2300109863281,354.1300048828125,354.29998779296875,2521100,BRK-B
2023-08-25,354.989990234375,357.3500061035156,352.9200134277344,355.92999267578125,2136800,BRK-B
2023-08-28,357.8900146484375,358.4100036621094,354.5299987792969,355.54998779296875,1728000,BRK-B
2023-08-29,355.0400085449219,358.5899963378906,354.010009765625,358.2900085449219,2285600,BRK-B
2023-08-30,358.6300048828125,362.67999267578125,358.6000061035156,361.05999755859375,3058300,BRK-B
2023-08-31,362.17999267578125,362.4700012207031,359.25,360.20001220703125,2842300,BRK-B
2023-09-01,362.0,363.3900146484375,360.6000061035156,362.4599914550781,2637900,BRK-B
2023-09-05,363.8800048828125,366.4700012207031,360.0,360.4700012207031,2976800,BRK-B
2023-09-06,360.0199890136719,362.79998779296875,359.260009765625,361.6700134277344,2655800,BRK-B
2023-09-07,360.9599914550781,363.29998779296875,360.8699951171875,361.79998779296875,3263800,BRK-B
2023-09-08,362.5199890136719,364.8299865722656,361.7699890136719,363.1499938964844,3019100,BRK-B
2023-09-11,364.8699951171875,366.6099853515625,364.510009765625,365.5199890136719,2921600,BRK-B
2023-09-12,365.6499938964844,370.42999267578125,365.4700012207031,367.7799987792969,2898400,BRK-B
2023-09-13,369.3299865722656,370.8399963378906,365.9700012207031,367.82000732421875,3261400,BRK-B
2023-09-14,370.1000061035156,370.2200012207031,368.260009765625,369.5,3670100,BRK-B
2023-09-15,368.5199890136719,370.20001220703125,367.5199890136719,367.8599853515625,11595000,BRK-B
2023-09-18,369.3299865722656,371.3299865722656,367.7900085449219,370.42999267578125,3130900,BRK-B
2023-09-19,371.6400146484375,373.3399963378906,368.4599914550781,370.4800109863281,2603700,BRK-B
2023-09-20,371.3299865722656,371.3399963378906,366.7300109863281,366.82000732421875,2268400,BRK-B
2023-09-21,366.55999755859375,367.20001220703125,362.94000244140625,363.2799987792969,3178600,BRK-B
2023-09-22,362.7799987792969,363.4200134277344,359.760009765625,360.1600036621094,3969400,BRK-B
2023-09-25,359.010009765625,361.8900146484375,357.2699890136719,361.7099914550781,2556200,BRK-B
2023-09-26,359.79998779296875,360.7900085449219,357.95001220703125,359.4200134277344,3063900,BRK-B
2023-09-27,360.010009765625,360.5199890136719,354.2699890136719,357.7799987792969,3535400,BRK-B
2023-09-28,357.79998779296875,359.4700012207031,356.6700134277344,357.05999755859375,2731700,BRK-B
2023-09-29,357.29998779296875,357.5,348.54998779296875,350.29998779296875,4932900,BRK-B
2023-10-02,349.6400146484375,350.0,345.4100036621094,348.0799865722656,3527600,BRK-B
2023-10-03,347.3900146484375,348.239990234375,342.1300048828125,343.0400085449219,3151700,BRK-B
2023-10-04,342.9200134277344,344.010009765625,339.510009765625,343.69000244140625,3244600,BRK-B
2023-10-05,343.70001220703125,345.94000244140625,342.3699951171875,345.05999755859375,3027300,BRK-B
2023-10-06,344.1000061035156,348.760009765625,341.8599853515625,346.3399963378906,3174700,BRK-B
2023-10-09,344.239990234375,345.8999938964844,342.8299865722656,345.45001220703125,2762800,BRK-B
2023-10-10,347.0,349.510009765625,345.5,348.55999755859375,2858600,BRK-B
2023-10-11,349.3800048828125,349.6000061035156,344.9200134277344,348.42999267578125,2620800,BRK-B
2023-10-12,348.2099914550781,348.6600036621094,343.0199890136719,345.6600036621094,2677500,BRK-B
2023-10-13,346.0,348.44000244140625,343.8800048828125,345.0899963378906,2804800,BRK-B
2023-10-16,348.0,349.94000244140625,345.8299865722656,346.2300109863281,3117800,BRK-B
2023-10-17,346.17999267578125,348.4100036621094,344.1499938964844,345.3900146484375,2998600,BRK-B
2023-10-18,344.7200012207031,344.8299865722656,339.9599914550781,340.8900146484375,2977100,BRK-B
2023-10-19,340.30999755859375,342.69000244140625,338.45001220703125,338.6600036621094,2741300,BRK-B
2023-10-20,338.1499938964844,340.0,334.3500061035156,335.8599853515625,3466100,BRK-B
2023-10-23,334.07000732421875,338.8800048828125,333.489990234375,336.8399963378906,2794200,BRK-B
2023-10-24,338.17999267578125,339.8500061035156,337.7699890136719,338.6300048828125,2355700,BRK-B
2023-10-25,338.5899963378906,339.6199951171875,336.54998779296875,336.8999938964844,2623200,BRK-B
2023-10-26,337.07000732421875,338.32000732421875,335.4599914550781,336.1600036621094,2685400,BRK-B
2023-10-27,336.1199951171875,336.19000244140625,330.5799865722656,331.7099914550781,3608200,BRK-B
2023-10-30,332.9599914550781,338.3599853515625,332.17999267578125,337.4100036621094,2634700,BRK-B
2023-10-31,337.95001220703125,341.489990234375,337.5,341.3299865722656,3066900,BRK-B
2023-11-01,341.2099914550781,345.3299865722656,340.5799865722656,343.75,2789700,BRK-B
2023-11-02,346.3900146484375,349.3900146484375,344.5,349.0199890136719,3433700,BRK-B
2023-11-03,350.1700134277344,354.3500061035156,349.7900085449219,351.80999755859375,4409100,BRK-B
2023-11-06,354.0299987792969,354.0299987792969,344.05999755859375,346.6300048828125,5486200,BRK-B
2023-11-07,346.80999755859375,346.95001220703125,344.29998779296875,346.1700134277344,3062900,BRK-B
2023-11-08,346.8500061035156,348.0,344.69000244140625,346.29998779296875,2602400,BRK-B
2023-11-09,347.6400146484375,350.1099853515625,346.8800048828125,348.17999267578125,3052100,BRK-B
2023-11-10,349.6000061035156,351.20001220703125,348.6000061035156,350.55999755859375,3701100,BRK-B
2023-11-13,350.0899963378906,350.6499938964844,348.80999755859375,350.010009765625,2196200,BRK-B
2023-11-14,352.5199890136719,355.95001220703125,351.25,354.25,3387500,BRK-B
2023-11-15,355.0199890136719,357.30999755859375,354.4800109863281,356.7900085449219,3572900,BRK-B
2023-11-16,357.7900085449219,360.0,357.2300109863281,359.8599853515625,2822500,BRK-B
2023-11-17,360.4700012207031,360.55999755859375,358.07000732421875,358.92999267578125,3260000,BRK-B
2023-11-20,359.3500061035156,362.6099853515625,358.17999267578125,361.3299865722656,3215300,BRK-B
2023-11-21,360.5799865722656,363.0299987792969,360.25,361.0,2918800,BRK-B
2023-11-22,361.760009765625,362.4599914550781,360.04998779296875,361.79998779296875,2110200,BRK-B
2023-11-24,362.510009765625,363.19000244140625,361.239990234375,362.67999267578125,1282000,BRK-B
2023-11-27,362.6400146484375,362.6400146484375,359.5799865722656,361.3399963378906,2580300,BRK-B
2023-11-28,361.54998779296875,362.1199951171875,359.2099914550781,360.04998779296875,2953500,BRK-B
2023-11-29,360.95001220703125,361.5199890136719,358.29998779296875,358.69000244140625,3141100,BRK-B
2023-11-30,359.45001220703125,360.42999267578125,358.4200134277344,360.0,4606800,BRK-B
2023-12-01,359.94000244140625,360.239990234375,355.29998779296875,357.07000732421875,4705700,BRK-B
2023-12-04,355.9100036621094,357.8299865722656,353.7900085449219,356.6600036621094,3053400,BRK-B
2023-12-05,355.2300109863281,356.6000061035156,352.2900085449219,355.0299987792969,3061200,BRK-B
2023-12-06,356.1499938964844,357.45001220703125,351.8900146484375,352.3800048828125,3039100,BRK-B
2023-12-07,352.0,353.0199890136719,350.8500061035156,352.70001220703125,2830000,BRK-B
2023-12-08,353.0,353.6700134277344,351.0199890136719,353.0799865722656,3289000,BRK-B
2023-12-11,355.0,357.489990234375,354.2099914550781,357.05999755859375,3108400,BRK-B
2023-12-12,357.8999938964844,360.4100036621094,356.760009765625,360.0199890136719,3188800,BRK-B
2023-12-13,360.19000244140625,362.1499938964844,359.0400085449219,362.0299987792969,3132700,BRK-B
2023-12-14,364.04998779296875,364.04998779296875,356.3800048828125,358.1199951171875,5512300,BRK-B
2023-12-15,357.6300048828125,358.0,354.20001220703125,356.5,8578200,BRK-B
2023-12-18,357.4200134277344,361.1400146484375,357.0,359.6499938964844,4526400,BRK-B
2023-12-19,360.1499938964844,362.54998779296875,359.0899963378906,361.79998779296875,3084600,BRK-B
2023-12-20,361.5199890136719,361.6600036621094,355.1199951171875,355.3500061035156,3926700,BRK-B
2023-12-21,356.0199890136719,357.20001220703125,353.6300048828125,356.1400146484375,2851200,BRK-B
2023-12-22,356.5,358.260009765625,355.4100036621094,356.4700012207031,2332200,BRK-B
2023-12-26,356.8999938964844,357.7699890136719,356.0799865722656,356.8299865722656,1964400,BRK-B
2023-12-27,355.92999267578125,357.0799865722656,355.5,356.95001220703125,2478500,BRK-B
2023-12-28,357.4800109863281,358.67999267578125,356.7300109863281,357.57000732421875,2740600,BRK-B
2023-12-29,357.55999755859375,357.8599853515625,355.30999755859375,356.6600036621094,3269400,BRK-B
2024-01-02,356.32000732421875,362.57000732421875,355.94000244140625,362.4599914550781,4737000,BRK-B
2024-01-03,362.0799865722656,367.8500061035156,361.07000732421875,366.75,4321800,BRK-B
2024-01-04,367.4100036621094,369.3699951171875,363.4100036621094,363.67999267578125,4142800,BRK-B
2024-01-05,364.8299865722656,366.29998779296875,364.19000244140625,365.5899963378906,2965200,BRK-B
2024-01-08,366.010009765625,368.29998779296875,364.20001220703125,368.17999267578125,3445700,BRK-B
2024-01-09,368.0,368.0,364.7699890136719,366.8999938964844,2998800,BRK-B
2024-01-10,366.260009765625,368.8299865722656,365.75,367.9200134277344,2448100,BRK-B
2024-01-11,367.80999755859375,367.8900146484375,362.1300048828125,363.3399963378906,3577800,BRK-B
2024-01-12,366.510009765625,366.8500061035156,362.57000732421875,363.6199951171875,2623100,BRK-B
2024-01-16,362.94000244140625,363.6000061035156,359.8900146484375,361.1000061035156,3046500,BRK-B
2024-01-17,359.010009765625,362.5299987792969,357.9800109863281,359.2900085449219,2550300,BRK-B
2024-01-18,359.25,362.6400146484375,358.29998779296875,362.3800048828125,3007800,BRK-B
2024-01-19,362.25,368.30999755859375,361.0199890136719,366.989990234375,4063700,BRK-B
2024-01-22,368.04998779296875,369.2699890136719,366.5299987792969,368.05999755859375,3552500,BRK-B
2024-01-23,368.0199890136719,372.4200134277344,367.7099914550781,372.1400146484375,2896300,BRK-B
2024-01-24,372.5299987792969,377.7900085449219,372.0299987792969,376.5899963378906,4589300,BRK-B
2024-01-25,379.239990234375,380.989990234375,377.8900146484375,380.8500061035156,4055800,BRK-B
2024-01-26,381.04998779296875,385.7300109863281,380.0,385.3999938964844,3621400,BRK-B
2024-01-29,385.489990234375,385.70001220703125,379.1700134277344,383.17999267578125,3797400,BRK-B
2024-01-30,383.239990234375,387.6400146484375,380.0799865722656,387.1499938964844,3090900,BRK-B
2024-01-31,386.5299987792969,387.9200134277344,383.54998779296875,383.739990234375,3856400,BRK-B
2024-02-01,384.0,386.54998779296875,381.4800109863281,386.44000244140625,2947100,BRK-B
2024-02-02,386.67999267578125,392.07000732421875,386.44000244140625,390.75,3806800,BRK-B
2024-02-05,389.95001220703125,393.3699951171875,389.2900085449219,390.760009765625,3651900,BRK-B
2024-02-06,390.2900085449219,393.92999267578125,390.0,393.739990234375,2573400,BRK-B
2024-02-07,394.6000061035156,399.1499938964844,394.3599853515625,397.6600036621094,3426800,BRK-B
2024-02-08,397.2200012207031,398.6499938964844,394.8500061035156,397.489990234375,3357700,BRK-B
2024-02-09,397.30999755859375,398.3599853515625,395.82000732421875,398.3599853515625,2509800,BRK-B
2024-02-12,398.6499938964844,399.4800109863281,396.19000244140625,397.7099914550781,2817900,BRK-B
2024-02-13,397.17999267578125,399.7099914550781,392.1000061035156,394.79998779296875,3458500,BRK-B
2024-02-14,395.1499938964844,398.8599853515625,393.54998779296875,398.67999267578125,2669200,BRK-B
2024-02-15,399.1400146484375,404.2699890136719,398.29998779296875,403.45001220703125,3076000,BRK-B
2024-02-16,404.44000244140625,406.739990234375,402.5899963378906,405.989990234375,3532200,BRK-B
2024-02-20,406.4700012207031,411.1099853515625,406.05999755859375,407.1499938964844,3530700,BRK-B
2024-02-21,408.260009765625,409.4800109863281,406.70001220703125,409.25,2717600,BRK-B
2024-02-22,411.29998779296875,416.260009765625,411.0,415.1600036621094,3687600,BRK-B
2024-02-23,417.67999267578125,420.55999755859375,416.5199890136719,417.2200012207031,4015600,BRK-B
2024-02-26,422.0,430.0,408.8500061035156,409.1400146484375,7432300,BRK-B
2024-02-27,409.2099914550781,409.9599914550781,401.7099914550781,408.9100036621094,4609100,BRK-B
2024-02-28,408.5,414.6700134277344,407.7099914550781,412.1400146484375,4067400,BRK-B
2024-02-29,413.1000061035156,413.7900085449219,408.3800048828125,409.3999938964844,4845200,BRK-B
2024-03-01,409.4800109863281,410.3900146484375,405.45001220703125,407.1099853515625,3282100,BRK-B
2024-03-04,405.0,405.95001220703125,401.42999267578125,403.3900146484375,4179400,BRK-B
2024-03-05,402.54998779296875,403.3299865722656,398.7799987792969,400.739990234375,4711700,BRK-B
2024-03-06,402.17999267578125,407.44000244140625,401.70001220703125,403.9599914550781,3839100,BRK-B
2024-03-07,406.1099853515625,406.3999938964844,399.57000732421875,402.3900146484375,4181300,BRK-B
2024-03-08,401.0799865722656,403.3599853515625,400.010009765625,403.1499938964844,3410600,BRK-B
2024-03-11,403.29998779296875,405.010009765625,402.739990234375,404.760009765625,2431700,BRK-B
2024-03-12,406.7799987792969,407.20001220703125,404.1000061035156,404.9800109863281,2616700,BRK-B
2024-03-13,405.29998779296875,409.0,404.1499938964844,408.1300048828125,3584600,BRK-B
2024-03-14,409.0799865722656,409.0799865722656,403.3399963378906,406.7300109863281,3734700,BRK-B
2024-03-15,404.2699890136719,408.4599914550781,402.5,408.1300048828125,7548800,BRK-B
2024-03-18,408.70001220703125,410.6000061035156,406.0,408.4100036621094,3775700,BRK-B
2024-03-19,409.0799865722656,412.19000244140625,408.0899963378906,411.760009765625,2795800,BRK-B
2024-03-20,412.0199890136719,416.30999755859375,411.54998779296875,416.1099853515625,2932900,BRK-B
2024-03-21,416.70001220703125,417.8299865722656,413.510009765625,413.7799987792969,3401600,BRK-B
2024-03-22,413.0,414.3500061035156,411.3999938964844,411.6000061035156,2999600,BRK-B
2024-03-25,410.6700134277344,411.07000732421875,408.9200134277344,409.9200134277344,2804200,BRK-B
2024-03-26,410.0,412.6600036621094,408.6000061035156,411.57000732421875,2935100,BRK-B
2024-03-27,413.6499938964844,417.2099914550781,413.3999938964844,416.92999267578125,2926000,BRK-B
2024-03-28,417.79998779296875,421.44000244140625,415.8500061035156,420.5199890136719,4377400,BRK-B
2024-04-01,421.489990234375,421.6600036621094,417.80999755859375,420.20001220703125,2716100,BRK-B
2024-04-02,419.75,421.010009765625,418.0899963378906,418.9200134277344,3174900,BRK-B
2024-04-03,419.0,421.9100036621094,418.5199890136719,420.239990234375,2740800,BRK-B
2024-04-04,423.8399963378906,424.5199890136719,414.54998779296875,415.32000732421875,3800600,BRK-B
2024-04-05,416.55999755859375,419.2699890136719,415.4100036621094,418.6199951171875,2738300,BRK-B
2024-04-08,418.32000732421875,418.57000732421875,415.6300048828125,415.9700012207031,2485700,BRK-B
2024-04-09,416.5799865722656,417.32000732421875,412.1199951171875,414.69000244140625,2233100,BRK-B
2024-04-10,412.739990234375,413.55999755859375,407.5299987792969,409.1099853515625,3121300,BRK-B
2024-04-11,408.3999938964844,411.1499938964844,404.04998779296875,407.6099853515625,2889900,BRK-B
2024-04-12,405.0,407.2099914550781,401.44000244140625,403.260009765625,3467300,BRK-B
2024-04-15,406.989990234375,409.05999755859375,399.8599853515625,400.260009765625,3002300,BRK-B
2024-04-16,400.9700012207031,401.25,396.5,396.9200134277344,3435500,BRK-B
2024-04-17,398.94000244140625,399.2799987792969,395.6600036621094,397.739990234375,2465600,BRK-B
2024-04-18,399.70001220703125,402.989990234375,399.1000061035156,399.8900146484375,2669500,BRK-B
2024-04-19,401.0400085449219,405.57000732421875,400.1700134277344,405.0799865722656,3996100,BRK-B
2024-04-22,406.8399963378906,411.3500061035156,406.25,408.7799987792969,2980600,BRK-B
2024-04-23,410.25,410.7200012207031,405.6400146484375,408.739990234375,2287600,BRK-B
2024-04-24,407.1000061035156,407.6199951171875,403.8800048828125,405.95001220703125,2506900,BRK-B
2024-04-25,404.8500061035156,406.1400146484375,400.3500061035156,404.9100036621094,2670200,BRK-B
2024-04-26,403.9200134277344,404.75,401.4100036621094,402.1000061035156,3023100,BRK-B
2024-04-29,402.6600036621094,404.8699951171875,400.0799865722656,400.9599914550781,2363600,BRK-B
2024-04-30,400.5799865722656,400.6000061035156,396.3699951171875,396.7300109863281,3070500,BRK-B
2024-05-01,396.6099853515625,402.32000732421875,396.3500061035156,398.5799865722656,2605000,BRK-B
2024-05-02,401.0,401.55999755859375,397.8800048828125,400.6000061035156,2672200,BRK-B
2024-05-03,404.5,404.5,399.2099914550781,400.8699951171875,4119100,BRK-B
2024-05-06,403.9599914550781,405.1499938964844,399.260009765625,404.9200134277344,3918900,BRK-B
2024-05-07,406.92999267578125,407.260009765625,403.6099853515625,406.1400146484375,3084200,BRK-B
2024-05-08,406.4700012207031,407.2300109863281,403.75,406.3699951171875,2398100,BRK-B
2024-05-09,406.25,408.8699951171875,405.4599914550781,408.82000732421875,2356600,BRK-B
2024-05-10,409.8500061035156,412.3800048828125,409.20001220703125,412.04998779296875,3084500,BRK-B
2024-05-13,414.05999755859375,414.29998779296875,410.19000244140625,411.2200012207031,2710300,BRK-B
2024-05-14,410.45001220703125,411.55999755859375,408.1700134277344,410.239990234375,2672400,BRK-B
2024-05-15,410.510009765625,413.3999938964844,410.1000061035156,412.760009765625,2854600,BRK-B
2024-05-16,413.79998779296875,416.3399963378906,412.9100036621094,413.1199951171875,3549700,BRK-B
2024-05-17,413.9800109863281,417.3299865722656,413.70001220703125,416.94000244140625,2988700,BRK-B
2024-05-20,417.0400085449219,417.2799987792969,412.6199951171875,413.0,3287900,BRK-B
2024-05-21,413.5899963378906,415.70001220703125,412.55999755859375,414.3699951171875,2731900,BRK-B
2024-05-22,414.95001220703125,417.260009765625,412.9599914550781,413.989990234375,2664400,BRK-B
2024-05-23,413.25,413.25,404.8699951171875,405.8800048828125,3392300,BRK-B
2024-05-24,406.8999938964844,407.9599914550781,405.5,407.4100036621094,2067700,BRK-B
2024-05-28,408.239990234375,408.239990234375,401.8699951171875,403.8999938964844,3315400,BRK-B
2024-05-29,403.0,405.8699951171875,401.5799865722656,404.0899963378906,3426800,BRK-B
2024-05-30,403.7699890136719,409.0400085449219,402.7699890136719,408.6099853515625,2905300,BRK-B
2024-05-31,408.0899963378906,415.3999938964844,406.8800048828125,414.3999938964844,5190000,BRK-B
2024-06-03,414.8900146484375,416.7200012207031,408.7799987792969,414.7900085449219,4903000,BRK-B
2024-06-04,414.8500061035156,415.8900146484375,406.44000244140625,409.5299987792969,4154800,BRK-B
2024-06-05,410.1000061035156,410.2799987792969,405.7699890136719,409.8500061035156,2634400,BRK-B
2024-06-06,410.4200134277344,411.239990234375,407.3800048828125,411.0799865722656,3438900,BRK-B
2024-06-07,411.2799987792969,415.8800048828125,409.8500061035156,413.7200012207031,2942100,BRK-B
2024-06-10,413.3399963378906,413.94000244140625,409.2699890136719,410.80999755859375,2667300,BRK-B
2024-06-11,408.8800048828125,408.9100036621094,406.1099853515625,408.5,3605900,BRK-B
2024-06-12,411.0899963378906,411.8900146484375,407.1600036621094,408.7699890136719,3551900,BRK-B
2024-06-13,407.6300048828125,408.0,403.57000732421875,405.9200134277344,4563300,BRK-B
2024-06-14,404.8999938964844,406.3399963378906,403.3299865722656,405.5400085449219,2768600,BRK-B
2024-06-17,405.17999267578125,407.82000732421875,403.54998779296875,407.32000732421875,3406500,BRK-B
2024-06-18,406.75,408.5,405.2799987792969,407.95001220703125,4005300,BRK-B
2024-06-20,407.25,411.0,404.04998779296875,409.1499938964844,4844700,BRK-B
2024-06-21,409.82000732421875,410.4700012207031,407.67999267578125,409.6199951171875,9009400,BRK-B
2024-06-24,410.70001220703125,417.0,410.0,413.9800109863281,4933300,BRK-B
2024-06-25,414.0,414.25,409.6199951171875,410.9700012207031,3879800,BRK-B
2024-06-26,410.0199890136719,410.67999267578125,407.25,410.260009765625,3334300,BRK-B
2024-06-27,410.260009765625,410.260009765625,406.3399963378906,407.95001220703125,3218600,BRK-B
2024-06-28,408.25,410.04998779296875,405.7900085449219,406.79998779296875,6819800,BRK-B
2024-07-01,408.0899963378906,409.6700134277344,403.82000732421875,405.19000244140625,2974100,BRK-B
2024-07-02,404.0199890136719,407.3900146484375,403.9200134277344,407.1000061035156,3220900,BRK-B
2024-07-03,407.1600036621094,407.1600036621094,404.2200012207031,405.7699890136719,1970300,BRK-B
2024-07-05,406.239990234375,411.3999938964844,405.0299987792969,411.1700134277344,5149200,BRK-B
2024-07-08,411.2699890136719,413.7900085449219,408.0,409.0799865722656,3559500,BRK-B
2024-07-09,409.4200134277344,413.7099914550781,408.6400146484375,410.5199890136719,2989700,BRK-B
2024-07-10,410.80999755859375,413.9599914550781,409.3999938964844,413.7900085449219,3791800,BRK-B
2024-07-11,413.989990234375,419.20001220703125,412.0,418.7799987792969,4065200,BRK-B
2024-07-12,420.2300109863281,427.45001220703125,419.70001220703125,424.44000244140625,4834600,BRK-B
2024-07-15,425.5899963378906,434.7099914550781,425.29998779296875,434.4200134277344,4594900,BRK-B
2024-07-16,437.3999938964844,439.04998779296875,434.0199890136719,438.8999938964844,4293700,BRK-B
2024-07-17,437.8500061035156,446.1499938964844,437.8399963378906,445.6099853515625,4776600,BRK-B
2024-07-18,445.6199951171875,449.25,439.57000732421875,441.82000732421875,4638300,BRK-B
2024-07-19,442.6700134277344,442.79998779296875,433.3500061035156,434.4700012207031,4158800,BRK-B
2024-07-22,435.04998779296875,438.1099853515625,432.1199951171875,435.9800109863281,2995700,BRK-B
2024-07-23,437.3399963378906,437.9200134277344,433.4700012207031,434.010009765625,2393000,BRK-B
2024-07-24,433.989990234375,435.4100036621094,430.7300109863281,432.79998779296875,3143700,BRK-B
2024-07-25,431.6000061035156,439.6300048828125,431.6000061035156,433.2900085449219,3334300,BRK-B
2024-07-26,435.6600036621094,439.0,434.1000061035156,437.6600036621094,2717600,BRK-B
2024-07-29,438.010009765625,439.44000244140625,435.489990234375,438.30999755859375,2620000,BRK-B
2024-07-30,439.510009765625,443.8900146484375,439.1400146484375,441.260009765625,3736400,BRK-B
2024-07-31,439.8500061035156,440.8500061035156,437.739990234375,438.5,3798800,BRK-B
2024-08-01,439.6700134277344,440.6099853515625,430.95001220703125,431.80999755859375,3892300,BRK-B
2024-08-02,429.7699890136719,436.25,423.489990234375,428.3599853515625,4251500,BRK-B
2024-08-05,413.42999267578125,417.82000732421875,406.1099853515625,413.7200012207031,7695100,BRK-B
2024-08-06,416.4100036621094,427.4599914550781,415.1000061035156,422.1400146484375,5138700,BRK-B
2024-08-07,426.07000732421875,433.1700134277344,425.6000061035156,427.0199890136719,4745600,BRK-B
2024-08-08,429.239990234375,432.260009765625,427.6000061035156,431.5400085449219,3150000,BRK-B
2024-08-09,431.9200134277344,434.75,430.2099914550781,431.6700134277344,2602600,BRK-B
2024-08-12,434.1600036621094,434.1600036621094,429.010009765625,430.3900146484375,2376000,BRK-B
2024-08-13,431.8299865722656,432.80999755859375,425.8999938964844,432.4100036621094,3472000,BRK-B
2024-08-14,433.0,438.9800109863281,431.7099914550781,438.4700012207031,2860200,BRK-B
2024-08-15,441.79998779296875,442.5899963378906,438.7200012207031,440.8399963378906,3226400,BRK-B
2024-08-16,441.54998779296875,445.20001220703125,440.45001220703125,444.510009765625,3345000,BRK-B
2024-08-19,446.010009765625,450.45001220703125,445.7300109863281,448.7699890136719,3385300,BRK-B
2024-08-20,449.29998779296875,450.5,446.3800048828125,448.3599853515625,2906500,BRK-B
2024-08-21,449.8399963378906,451.2799987792969,443.8399963378906,446.6000061035156,3028500,BRK-B
2024-08-22,446.29998779296875,449.6000061035156,444.6499938964844,449.0299987792969,3502800,BRK-B
2024-08-23,450.0,453.7200012207031,448.80999755859375,453.3800048828125,2805400,BRK-B
2024-08-26,455.30999755859375,459.2699890136719,453.3399963378906,454.489990234375,3575800,BRK-B
2024-08-27,455.94000244140625,462.1000061035156,454.6199951171875,460.6300048828125,3764700,BRK-B
2024-08-28,461.1700134277344,466.6000061035156,460.7799987792969,464.5899963378906,4838100,BRK-B
2024-08-29,467.1099853515625,469.8500061035156,463.0,468.3699951171875,4459400,BRK-B
2024-08-30,470.5199890136719,476.95001220703125,470.0,475.9200134277344,7465800,BRK-B
2024-09-03,475.0,482.8900146484375,473.7200012207031,476.8299865722656,7511900,BRK-B
2024-09-04,478.67999267578125,484.82000732421875,474.2200012207031,478.57000732421875,5309400,BRK-B
2024-09-05,479.42999267578125,479.42999267578125,462.8800048828125,464.9200134277344,6213200,BRK-B
2024-09-06,463.82000732421875,468.1700134277344,458.54998779296875,459.4200134277344,4400300,BRK-B
2024-09-09,463.9700012207031,466.0,459.260009765625,459.6099853515625,4571000,BRK-B
2024-09-10,461.82000732421875,464.32000732421875,456.2099914550781,458.9200134277344,3544100,BRK-B
2024-09-11,457.6199951171875,457.6199951171875,445.25,453.1000061035156,5772700,BRK-B
2024-09-12,454.8399963378906,455.0,449.2699890136719,450.8699951171875,3848700,BRK-B
2024-09-13,451.5799865722656,452.42999267578125,447.2099914550781,447.6099853515625,3882600,BRK-B
2024-09-16,448.79998779296875,452.989990234375,448.3399963378906,451.7799987792969,3264400,BRK-B
2024-09-17,453.5,461.1000061035156,453.2900085449219,456.67999267578125,3824300,BRK-B
2024-09-18,458.0799865722656,459.8399963378906,454.8800048828125,456.6000061035156,3065200,BRK-B
2024-09-19,462.0,462.19000244140625,457.25,459.7099914550781,3891300,BRK-B
2024-09-20,457.760009765625,457.95001220703125,454.04998779296875,455.30999755859375,8468800,BRK-B
2024-09-23,457.30999755859375,459.6499938964844,453.4200134277344,454.9800109863281,3485100,BRK-B
2024-09-24,454.3299865722656,455.6000061035156,451.7699890136719,454.55999755859375,3009900,BRK-B
2024-09-25,454.8999938964844,455.80999755859375,451.2099914550781,452.3599853515625,2843300,BRK-B
2024-09-26,452.739990234375,457.0,451.3399963378906,454.17999267578125,3262000,BRK-B
2024-09-27,456.0400085449219,458.2699890136719,455.0400085449219,457.4700012207031,2728000,BRK-B
2024-09-30,458.3999938964844,460.6300048828125,454.54998779296875,460.260009765625,3631100,BRK-B
2024-10-01,459.1099853515625,459.7900085449219,454.82000732421875,457.4100036621094,3043700,BRK-B
2024-10-02,458.70001220703125,458.70001220703125,454.19000244140625,456.6700134277344,2803400,BRK-B
2024-10-03,455.4700012207031,455.9700012207031,450.9200134277344,452.9599914550781,2564700,BRK-B
2024-10-04,455.010009765625,462.17999267578125,453.80999755859375,461.9700012207031,3090200,BRK-B
2024-10-07,462.3399963378906,462.3399963378906,452.4100036621094,453.5,3222100,BRK-B
2024-10-08,455.9599914550781,457.55999755859375,452.8500061035156,453.79998779296875,2234100,BRK-B
2024-10-09,452.75,457.8800048828125,452.3599853515625,455.8999938964844,2206100,BRK-B
2024-10-10,457.5,457.510009765625,452.7200012207031,454.92999267578125,2375800,BRK-B
2024-10-11,455.8999938964844,463.45001220703125,455.8999938964844,460.2099914550781,3242000,BRK-B
2024-10-14,461.9200134277344,462.0,458.1000061035156,459.9800109863281,2969800,BRK-B
2024-10-15,460.989990234375,466.6600036621094,460.510009765625,462.67999267578125,3929900,BRK-B
2024-10-16,463.25,466.0,462.20001220703125,465.69000244140625,3166300,BRK-B
2024-10-17,466.1000061035156,467.8399963378906,464.2699890136719,465.8500061035156,2520900,BRK-B
2024-10-18,467.0,467.0,463.25,464.79998779296875,5635500,BRK-B
2024-10-21,464.5299987792969,465.7900085449219,461.67999267578125,464.1600036621094,3131500,BRK-B
2024-10-22,464.1099853515625,465.1499938964844,457.6000061035156,461.45001220703125,3315200,BRK-B
2024-10-23,460.1499938964844,463.260009765625,458.75,460.6099853515625,3655200,BRK-B
2024-10-24,460.8999938964844,461.04998779296875,453.9599914550781,457.7699890136719,3793500,BRK-B
2024-10-25,458.6000061035156,459.45001220703125,453.0299987792969,454.010009765625,2838900,BRK-B
2024-10-28,455.5899963378906,459.239990234375,455.0,458.489990234375,4103400,BRK-B
2024-10-29,458.6000061035156,458.9200134277344,454.3900146484375,454.6199951171875,3985200,BRK-B
2024-10-30,454.6700134277344,457.6700134277344,453.82000732421875,454.9599914550781,2692100,BRK-B
2024-10-31,455.19000244140625,456.8399963378906,450.57000732421875,450.9200134277344,3660300,BRK-B
2024-11-01,451.489990234375,455.1199951171875,450.70001220703125,452.1400146484375,2971300,BRK-B
2024-11-04,450.3699951171875,450.70001220703125,437.8999938964844,442.2900085449219,5733200,BRK-B
2024-11-05,442.2900085449219,445.2300109863281,441.1000061035156,445.05999755859375,3154400,BRK-B
2024-11-06,461.0,469.260009765625,459.4800109863281,468.8999938964844,6906800,BRK-B
2024-11-07,468.2699890136719,468.4599914550781,460.1000061035156,460.1300048828125,4238000,BRK-B
2024-11-08,461.9800109863281,466.3500061035156,459.5,463.4100036621094,3541300,BRK-B
2024-11-11,466.010009765625,470.510009765625,464.0,467.3599853515625,4119100,BRK-B
2024-11-12,467.69000244140625,468.4200134277344,465.1499938964844,466.2900085449219,4400500,BRK-B
2024-11-13,466.4100036621094,468.3999938964844,464.0,468.1000061035156,2861700,BRK-B
2024-11-14,468.80999755859375,469.45001220703125,466.0,467.70001220703125,3777300,BRK-B
2024-11-15,466.739990234375,472.260009765625,465.19000244140625,470.2799987792969,5817700,BRK-B
2024-11-18,470.9800109863281,472.6700134277344,468.3599853515625,472.20001220703125,3357100,BRK-B
2024-11-19,470.7699890136719,470.7699890136719,465.010009765625,468.8599853515625,3656200,BRK-B
2024-11-20,470.0,470.6099853515625,466.1099853515625,468.8299865722656,3019500,BRK-B
2024-11-21,469.45001220703125,474.6600036621094,467.0,472.05999755859375,4116800,BRK-B
2024-11-22,472.2699890136719,477.44000244140625,471.6099853515625,476.57000732421875,3885200,BRK-B
2024-11-25,479.1300048828125,482.5,476.7900085449219,477.42999267578125,5246600,BRK-B
2024-11-26,478.20001220703125,479.3999938964844,472.8500061035156,478.55999755859375,3332000,BRK-B
2024-11-27,481.0,491.6700134277344,480.8699951171875,483.0799865722656,5359300,BRK-B
2024-11-29,485.3699951171875,486.010009765625,482.04998779296875,483.0199890136719,2969700,BRK-B
2024-12-02,484.79998779296875,485.0899963378906,474.75,477.3299865722656,5031500,BRK-B
2024-12-03,478.1600036621094,478.29998779296875,468.80999755859375,470.19000244140625,4931600,BRK-B
2024-12-04,471.0899963378906,471.3399963378906,466.5,468.32000732421875,3941100,BRK-B
2024-12-05,468.7799987792969,472.739990234375,468.7200012207031,470.57000732421875,3320200,BRK-B
2024-12-06,470.5799865722656,472.0799865722656,467.82000732421875,470.5,3270900,BRK-B
2024-12-09,470.6000061035156,471.70001220703125,463.4200134277344,463.8699951171875,3748200,BRK-B
2024-12-10,464.4200134277344,464.989990234375,459.5,462.489990234375,3648500,BRK-B
2024-12-11,463.3299865722656,465.4800109863281,458.7699890136719,461.3900146484375,3876900,BRK-B
2024-12-12,462.1600036621094,463.57000732421875,458.0799865722656,458.6300048828125,2571300,BRK-B
2024-12-13,460.510009765625,460.510009765625,457.010009765625,457.8999938964844,3474300,BRK-B
2024-12-16,459.1700134277344,460.4200134277344,454.5799865722656,455.20001220703125,4514000,BRK-B
2024-12-17,454.70001220703125,456.6199951171875,452.05999755859375,455.6600036621094,5057500,BRK-B
2024-12-18,457.05999755859375,458.7300109863281,446.0899963378906,446.5899963378906,4361900,BRK-B
2024-12-19,451.7300109863281,453.79998779296875,448.8900146484375,449.3399963378906,4645200,BRK-B
2024-12-20,449.1099853515625,458.6499938964844,447.19000244140625,453.20001220703125,12943900,BRK-B
2024-12-23,453.19000244140625,454.54998779296875,449.82000732421875,454.3500061035156,3836000,BRK-B
2024-12-24,455.4100036621094,458.989990234375,454.07000732421875,458.6600036621094,1761200,BRK-B
2024-12-26,457.2699890136719,459.4800109863281,455.79998779296875,459.0799865722656,2159600,BRK-B
2024-12-27,457.29998779296875,461.1300048828125,454.4800109863281,456.510009765625,3237700,BRK-B
2024-12-30,454.25,454.69000244140625,449.17999267578125,452.1600036621094,2831400,BRK-B
2024-12-31,452.2099914550781,454.3299865722656,451.1099853515625,453.2799987792969,3380700,BRK-B
2025-01-02,455.9599914550781,456.8900146484375,450.0299987792969,451.1000061035156,3746400,BRK-B
2025-01-03,452.5299987792969,454.5299987792969,450.1199951171875,453.55999755859375,2884600,BRK-B
2025-01-06,453.8500061035156,456.239990234375,450.57000732421875,451.4100036621094,4072900,BRK-B
2025-01-07,452.79998779296875,456.5199890136719,451.1000061035156,452.9200134277344,3507200,BRK-B
2025-01-08,453.6300048828125,454.0,449.6300048828125,451.8399963378906,3933300,BRK-B
2025-01-10,452.6600036621094,453.0,440.1000061035156,442.6600036621094,5471900,BRK-B
2025-01-13,442.0400085449219,445.0,441.1499938964844,443.9100036621094,3639200,BRK-B
2025-01-14,445.5,450.29998779296875,443.9200134277344,450.0299987792969,4055600,BRK-B
2025-01-15,455.54998779296875,459.0899963378906,453.2699890136719,458.510009765625,4719400,BRK-B
2025-01-16,458.92999267578125,462.9599914550781,458.29998779296875,462.80999755859375,3475700,BRK-B
2025-01-17,464.7099914550781,470.17999267578125,462.45001220703125,467.95001220703125,6467000,BRK-B
2025-01-21,471.0,473.1700134277344,467.7200012207031,468.57000732421875,4910200,BRK-B
2025-01-22,468.5899963378906,468.8900146484375,455.2799987792969,460.510009765625,5838500,BRK-B
2025-01-23,461.67999267578125,464.760009765625,458.0,459.8299865722656,4424500,BRK-B
2025-01-24,459.20001220703125,463.80999755859375,457.0799865722656,463.19000244140625,3070300,BRK-B
2025-01-27,464.29998779296875,474.92999267578125,464.29998779296875,474.70001220703125,4535600,BRK-B
2025-01-28,473.92999267578125,473.92999267578125,469.29998779296875,469.9700012207031,3261300,BRK-B
2025-01-29,469.8800048828125,473.9200134277344,468.0,469.260009765625,2524200,BRK-B
2025-01-30,472.20001220703125,474.05999755859375,469.1499938964844,472.3500061035156,2552200,BRK-B
2025-01-31,471.8399963378906,472.54998779296875,467.010009765625,468.6700134277344,5439800,BRK-B
2025-02-03,461.29998779296875,466.739990234375,454.6000061035156,464.6099853515625,4232000,BRK-B
2025-02-04,464.94000244140625,467.9100036621094,462.70001220703125,467.489990234375,3238400,BRK-B
2025-02-05,469.80999755859375,474.239990234375,468.8900146484375,473.7300109863281,3782800,BRK-B
2025-02-06,475.4599914550781,478.0,473.2799987792969,477.2200012207031,3832700,BRK-B
2025-02-07,477.4100036621094,478.25,472.3399963378906,472.739990234375,3205100,BRK-B
2025-02-10,473.9599914550781,474.20001220703125,469.3699951171875,470.1700134277344,2907300,BRK-B
2025-02-11,470.04998779296875,473.04998779296875,466.7200012207031,472.6099853515625,2322600,BRK-B
2025-02-12,470.44000244140625,472.1499938964844,468.0899963378906,471.7300109863281,3297600,BRK-B
2025-02-13,471.54998779296875,481.19000244140625,471.20001220703125,480.489990234375,3274700,BRK-B
2025-02-14,481.4700012207031,484.54998779296875,479.45001220703125,479.5899963378906,2825800,BRK-B
2025-02-18,480.3999938964844,484.05999755859375,477.6300048828125,482.82000732421875,3351000,BRK-B
2025-02-19,482.82000732421875,484.7200012207031,480.67999267578125,483.7699890136719,2436500,BRK-B
2025-02-20,484.1300048828125,484.20001220703125,478.1400146484375,481.79998779296875,2651000,BRK-B
2025-02-21,480.95001220703125,483.6400146484375,477.739990234375,478.739990234375,4085100,BRK-B
2025-02-24,483.5,503.9599914550781,483.239990234375,498.4200134277344,9862400,BRK-B
2025-02-25,503.1499938964844,507.0,491.8999938964844,499.82000732421875,6757500,BRK-B
2025-02-26,499.1199951171875,499.8999938964844,493.04998779296875,494.1000061035156,3543500,BRK-B
2025-02-27,496.45001220703125,504.95001220703125,495.6099853515625,502.4100036621094,4507700,BRK-B
2025-02-28,507.4599914550781,515.3699951171875,504.3299865722656,513.8300170898438,6850300,BRK-B
2025-03-03,516.219970703125,518.77001953125,506.4800109863281,510.0799865722656,5112300,BRK-B
2025-03-04,507.2699890136719,508.7300109863281,493.6099853515625,495.8599853515625,6126600,BRK-B
2025-03-05,496.0,500.92999267578125,492.32000732421875,498.5,4715800,BRK-B
2025-03-06,496.8399963378906,499.1000061035156,491.6300048828125,497.8399963378906,3989700,BRK-B
2025-03-07,496.2900085449219,498.2699890136719,490.1099853515625,495.6199951171875,3842200,BRK-B
2025-03-10,490.0,500.45001220703125,490.0,497.1000061035156,6262000,BRK-B
2025-03-11,496.0,499.1499938964844,491.30999755859375,496.25,5358300,BRK-B
2025-03-12,497.6000061035156,498.32000732421875,488.75,495.94000244140625,3871100,BRK-B
2025-03-13,496.4599914550781,507.3999938964844,494.75,504.25,5104200,BRK-B
2025-03-14,506.95001220703125,515.8400268554688,502.9200134277344,514.5999755859375,5775600,BRK-B
2025-03-17,514.6199951171875,524.7100219726562,513.2100219726562,523.010009765625,5343400,BRK-B
2025-03-18,525.4500122070312,528.3800048828125,521.4199829101562,523.1400146484375,4857800,BRK-B
2025-03-19,525.6900024414062,526.7100219726562,520.6599731445312,525.27001953125,3798000,BRK-B
2025-03-20,524.0,530.6099853515625,522.6699829101562,528.72998046875,4065400,BRK-B
2025-03-21,528.3099975585938,528.9600219726562,520.72998046875,521.9099731445312,8546300,BRK-B
2025-03-24,523.0999755859375,527.2999877929688,521.47998046875,525.8499755859375,4858900,BRK-B
2025-03-25,527.1799926757812,533.2899780273438,525.8800048828125,528.8699951171875,3964800,BRK-B
2025-03-26,531.0,537.6300048828125,530.97998046875,533.2100219726562,5004400,BRK-B
2025-03-27,533.25,537.3800048828125,529.3499755859375,534.52001953125,5154600,BRK-B
2025-03-28,535.3499755859375,536.0,524.6799926757812,526.3099975585938,5321400,BRK-B
2025-03-31,521.4000244140625,536.52001953125,519.0,532.5800170898438,7139300,BRK-B
2025-04-01,531.8800048828125,536.4099731445312,527.5,532.989990234375,4130600,BRK-B
2025-04-02,532.1300048828125,539.0,530.8200073242188,537.719970703125,4079000,BRK-B
2025-04-03,527.6199951171875,538.7999877929688,525.1400146484375,530.1599731445312,6410900,BRK-B
2025-04-04,519.0,521.0,492.9800109863281,493.5400085449219,12605000,BRK-B
2025-04-07,467.4200134277344,505.8500061035156,462.1000061035156,490.3800048828125,12749700,BRK-B
2025-04-08,509.0299987792969,516.0,484.19000244140625,492.6400146484375,9470100,BRK-B
2025-04-09,490.0,523.9299926757812,485.55999755859375,521.4099731445312,10153700,BRK-B
2025-04-10,518.2999877929688,521.4099731445312,498.6099853515625,515.8099975585938,7475900,BRK-B
2025-04-11,515.0,526.5800170898438,510.7699890136719,524.1099853515625,6231000,BRK-B
2025-04-14,531.0,536.52001953125,526.97998046875,529.52001953125,5512100,BRK-B
2025-04-15,532.6199951171875,535.9199829101562,527.3599853515625,528.1699829101562,4329200,BRK-B
2025-04-16,529.2999877929688,530.1300048828125,512.8900146484375,516.4500122070312,5889300,BRK-B
2025-04-17,518.9000244140625,523.8800048828125,514.5700073242188,518.2100219726562,5322200,BRK-B
2025-04-21,517.530029296875,518.6699829101562,498.0799865722656,506.9200134277344,4908400,BRK-B
2025-04-22,514.22998046875,522.219970703125,511.6499938964844,520.7899780273438,4768500,BRK-B
2025-04-23,527.5,532.27001953125,523.8900146484375,526.8099975585938,4294500,BRK-B
2025-04-24,526.8099975585938,533.1300048828125,523.1599731445312,531.6400146484375,3173400,BRK-B
2025-04-25,531.75,532.4400024414062,526.7899780273438,530.9600219726562,2742800,BRK-B
2025-04-28,533.6300048828125,536.8200073242188,526.5800170898438,530.9400024414062,4238700,BRK-B
2025-04-29,531.0,535.3400268554688,528.2899780273438,534.5700073242188,3177700,BRK-B
2025-04-30,531.510009765625,535.719970703125,524.0,533.25,5251600,BRK-B
2025-05-01,531.0,533.27001953125,528.2999877929688,530.22998046875,4693100,BRK-B
2025-05-02,536.75,542.0700073242188,535.260009765625,539.7999877929688,4945600,BRK-B
2025-05-05,520.0800170898438,521.1799926757812,502.79998779296875,512.1500244140625,16380200,BRK-B
2025-05-06,509.57000732421875,515.75,507.989990234375,512.3300170898438,6088600,BRK-B
2025-05-07,515.02001953125,520.25,513.0,518.219970703125,5573800,BRK-B
2025-05-08,520.97998046875,521.260009765625,513.0399780273438,513.25,5018600,BRK-B
2025-05-09,514.25,515.9099731445312,510.25,513.739990234375,3621400,BRK-B
2025-05-12,520.2999877929688,520.2999877929688,510.25,514.2999877929688,6368000,BRK-B
2025-05-13,515.6400146484375,515.75,511.79998779296875,511.8800048828125,4504100,BRK-B
2025-05-14,511.8500061035156,511.8500061035156,502.79998779296875,503.3999938964844,6384100,BRK-B
2025-05-15,502.3800048828125,509.7799987792969,501.6199951171875,507.3299865722656,5040900,BRK-B
2025-05-16,509.6300048828125,514.3300170898438,506.79998779296875,514.3099975585938,4997300,BRK-B
2025-05-19,513.6199951171875,513.7899780273438,510.1000061035156,512.3900146484375,3441500,BRK-B
2025-05-20,511.1099853515625,512.0800170898438,506.54998779296875,508.739990234375,3737000,BRK-B
2025-05-21,507.4100036621094,510.0,505.3999938964844,507.0299987792969,3815800,BRK-B
2025-05-22,505.1000061035156,507.3999938964844,502.6400146484375,503.57000732421875,3244800,BRK-B
2025-05-23,501.010009765625,505.5,500.25,503.4599914550781,3166800,BRK-B
2025-05-27,506.42999267578125,509.75,505.010009765625,509.1600036621094,4928300,BRK-B
2025-05-28,508.3900146484375,509.1000061035156,502.8299865722656,503.1099853515625,3613900,BRK-B
2025-05-29,504.0,506.54998779296875,501.20001220703125,506.17999267578125,3656000,BRK-B
2025-05-30,505.19000244140625,505.7200012207031,500.19000244140625,503.9599914550781,9153100,BRK-B
2025-06-02,501.70001220703125,503.2300109863281,499.4700012207031,502.80999755859375,4914000,BRK-B
2025-06-03,501.0,502.7900085449219,493.510009765625,497.8299865722656,5923100,BRK-B
2025-06-04,496.94000244140625,496.989990234375,490.8800048828125,491.0,5297600,BRK-B
2025-06-05,490.75,491.0,485.6000061035156,488.739990234375,5154900,BRK-B
2025-06-06,491.6300048828125,496.1000061035156,491.6300048828125,493.5299987792969,3948300,BRK-B
2025-06-09,493.70001220703125,494.5299987792969,488.8800048828125,493.3299865722656,3987500,BRK-B
2025-06-10,492.6600036621094,492.8999938964844,489.5,491.1300048828125,3951500,BRK-B
2025-06-11,491.04998779296875,492.25,486.6700134277344,488.1400146484375,4595900,BRK-B
2025-06-12,486.239990234375,490.44000244140625,483.7799987792969,490.3399963378906,3535200,BRK-B
2025-06-13,486.2699890136719,491.0799865722656,485.8500061035156,487.5400085449219,4001000,BRK-B
2025-06-16,489.7300109863281,491.8500061035156,488.5400085449219,490.2300109863281,3937600,BRK-B
2025-06-17,489.1099853515625,489.3999938964844,483.25,483.4800109863281,3956300,BRK-B
2025-06-18,484.1000061035156,486.70001220703125,482.75,485.1400146484375,4893600,BRK-B
2025-06-20,484.95001220703125,486.67999267578125,483.42999267578125,484.8500061035156,7620400,BRK-B
2025-06-23,485.4200134277344,488.5,481.7200012207031,487.7699890136719,4141000,BRK-B
2025-06-24,489.42999267578125,497.739990234375,488.8900146484375,493.4800109863281,5111700,BRK-B
2025-06-25,494.5,496.0,486.1400146484375,486.2099914550781,4260600,BRK-B
2025-06-26,486.5400085449219,487.9800109863281,484.25,485.04998779296875,4212900,BRK-B
2025-06-27,485.7699890136719,489.67999267578125,484.3999938964844,485.67999267578125,6129300,BRK-B
2025-06-30,485.8999938964844,487.6499938964844,483.44000244140625,485.7699890136719,6384300,BRK-B
2025-07-01,485.7799987792969,491.0899963378906,483.79998779296875,489.6099853515625,4776000,BRK-B
2025-07-02,489.42999267578125,489.92999267578125,478.6199951171875,480.4800109863281,6707200,BRK-B
2025-07-03,480.8900146484375,486.54998779296875,480.3599853515625,485.0,3443300,BRK-B
2025-07-07,484.4200134277344,486.0799865722656,476.79998779296875,478.0299987792969,4674400,BRK-B
2025-07-08,477.3500061035156,480.0,473.5799865722656,477.4700012207031,4116200,BRK-B
2025-07-09,477.0,479.489990234375,475.8299865722656,478.9100036621094,3367400,BRK-B
2025-07-10,477.8699951171875,478.54998779296875,475.5,478.2699890136719,4573300,BRK-B
2025-07-11,476.25,476.8500061035156,471.3999938964844,475.8599853515625,4416600,BRK-B
2025-07-14,474.32000732421875,478.1300048828125,473.4599914550781,476.30999755859375,4294700,BRK-B
2025-07-15,475.29998779296875,475.7200012207031,470.0,470.1300048828125,4482300,BRK-B
2025-07-16,471.20001220703125,472.9200134277344,468.8800048828125,471.30999755859375,3796900,BRK-B
2025-07-17,470.07000732421875,474.1499938964844,467.6499938964844,473.3999938964844,4040000,BRK-B
2025-07-18,474.0,478.6400146484375,473.5,473.79998779296875,4015800,BRK-B
2025-07-21,473.0400085449219,478.3500061035156,472.0,474.4100036621094,3791300,BRK-B
2025-07-22,475.5,483.1400146484375,475.0,478.1300048828125,4521500,BRK-B
2025-07-23,480.25,484.45001220703125,479.20001220703125,482.6300048828125,4385600,BRK-B
2025-07-24,482.6700134277344,486.1700134277344,480.6000061035156,480.6000061035156,5044800,BRK-B
2025-07-25,481.6700134277344,484.92999267578125,479.6600036621094,484.07000732421875,4220500,BRK-B
2025-07-28,484.3500061035156,486.8999938964844,481.1000061035156,481.70001220703125,3626100,BRK-B
2025-07-29,482.57000732421875,485.0,476.2799987792969,476.55999755859375,4193200,BRK-B
2025-07-30,475.1300048828125,479.4100036621094,473.8800048828125,476.0,3803000,BRK-B
2025-07-31,472.6099853515625,477.70001220703125,471.8800048828125,471.8800048828125,6315300,BRK-B
2025-08-01,473.4700012207031,475.9599914550781,470.6199951171875,472.8399963378906,5287500,BRK-B
2025-08-04,468.04998779296875,468.8699951171875,455.19000244140625,459.1099853515625,10874300,BRK-B
2025-08-05,460.6000061035156,467.5799865722656,460.3800048828125,464.19000244140625,6780700,BRK-B
2025-08-06,465.0,469.54998779296875,463.0,468.9100036621094,4557100,BRK-B
2025-08-07,469.20001220703125,472.70001220703125,461.3699951171875,461.4700012207031,5755700,BRK-B
2025-08-08,462.94000244140625,465.8299865722656,462.54998779296875,465.3999938964844,3330600,BRK-B
2025-08-11,466.4599914550781,468.489990234375,463.5,464.7300109863281,3712100,BRK-B
2025-08-12,465.5299987792969,472.4700012207031,465.05999755859375,470.3900146484375,3767300,BRK-B
2025-08-13,471.70001220703125,479.6000061035156,471.5,477.30999755859375,4629400,BRK-B
2025-08-14,478.3500061035156,479.2200012207031,474.4200134277344,479.2200012207031,4187100,BRK-B
2025-08-15,482.3500061035156,482.4800109863281,476.2900085449219,477.20001220703125,5229800,BRK-B
2025-08-18,477.9700012207031,479.0,474.6600036621094,478.5199890136719,3911300,BRK-B
2025-08-19,479.7699890136719,485.8999938964844,479.7699890136719,485.30999755859375,4726400,BRK-B
2025-08-20,487.0,492.2200012207031,485.8299865722656,488.67999267578125,4779800,BRK-B
2025-08-21,487.239990234375,489.04998779296875,483.67999267578125,488.5899963378906,3082200,BRK-B
2025-08-22,491.5,493.1400146484375,486.57000732421875,489.0,4205100,BRK-B
2025-08-25,489.010009765625,489.0199890136719,481.8299865722656,486.17999267578125,3935100,BRK-B
2025-08-26,485.0199890136719,492.7900085449219,484.5299987792969,492.2099914550781,8217500,BRK-B
2025-08-27,491.0799865722656,497.2099914550781,490.6000061035156,495.7200012207031,4385900,BRK-B
2025-08-28,498.0299987792969,500.1400146484375,496.07000732421875,499.8599853515625,4530400,BRK-B
2025-08-29,500.8500061035156,506.7200012207031,500.8500061035156,502.9800109863281,4663600,BRK-B
2025-09-02,504.239990234375,505.8999938964844,497.6199951171875,501.1400146484375,4977800,BRK-B
2025-09-03,499.54998779296875,502.1099853515625,496.5899963378906,501.489990234375,3206200,BRK-B
2025-09-04,502.8999938964844,507.3800048828125,501.260009765625,506.9100036621094,2976700,BRK-B
2025-09-05,506.0,507.6600036621094,497.75,499.7699890136719,4222900,BRK-B
2025-09-08,499.0,499.6499938964844,493.4599914550781,493.7799987792969,5146300,BRK-B
2025-09-09,492.45001220703125,496.8500061035156,491.7200012207031,492.7200012207031,3748700,BRK-B
2025-09-10,490.0,491.70001220703125,486.2699890136719,490.0799865722656,5561600,BRK-B
2025-09-11,489.3299865722656,497.239990234375,489.0299987792969,496.9100036621094,3669000,BRK-B
2025-09-12,495.75,497.6300048828125,493.3399963378906,493.739990234375,2951700,BRK-B
2025-09-15,493.6000061035156,495.2699890136719,489.5,491.5400085449219,3629800,BRK-B
2025-09-16,491.2699890136719,491.9200134277344,487.20001220703125,490.989990234375,4070000,BRK-B
2025-09-17,490.94000244140625,495.989990234375,490.29998779296875,492.3299865722656,5060700,BRK-B
2025-09-18,489.6400146484375,494.8800048828125,488.0,490.5,4058900,BRK-B
2025-09-19,491.8699951171875,494.5,488.8800048828125,492.8500061035156,7356300,BRK-B
2025-09-22,490.57000732421875,494.7099914550781,489.2300109863281,493.7099914550781,3582900,BRK-B
2025-09-23,493.7699890136719,499.2799987792969,493.5199890136719,494.1000061035156,3933200,BRK-B
2025-09-24,493.29998779296875,497.1600036621094,493.1099853515625,497.0899963378906,2811500,BRK-B
2025-09-25,496.1499938964844,499.0,494.7300109863281,494.9599914550781,4056100,BRK-B
2025-09-26,496.94000244140625,502.1000061035156,496.6499938964844,500.0299987792969,3707600,BRK-B
2025-09-29,500.0,500.25,495.0199890136719,499.25,5161900,BRK-B
2025-09-30,497.6400146484375,503.7799987792969,497.0,502.739990234375,3873500,BRK-B
2025-10-01,502.5,502.8699951171875,495.8999938964844,498.20001220703125,4481100,BRK-B
2025-10-02,496.9599914550781,499.6099853515625,493.2200012207031,495.9200134277344,3461400,BRK-B
2025-10-03,495.8999938964844,502.54998779296875,495.04998779296875,498.75,4678800,BRK-B
2025-10-06,499.5,504.9700012207031,498.0199890136719,500.0199890136719,3519500,BRK-B
2025-10-07,500.1600036621094,504.4599914550781,498.6099853515625,502.29998779296875,3057400,BRK-B
2025-10-08,502.7099914550781,503.5,498.55999755859375,499.8399963378906,2944600,BRK-B
2025-10-09,499.9800109863281,501.2200012207031,494.510009765625,496.739990234375,3172200,BRK-B
2025-10-10,497.25,497.989990234375,489.05999755859375,489.1300048828125,4763800,BRK-B
2025-10-13,488.1499938964844,493.79998779296875,487.82000732421875,491.92999267578125,3183500,BRK-B
2025-10-14,490.0,497.05999755859375,489.95001220703125,495.9700012207031,3056000,BRK-B
2025-10-15,493.8999938964844,496.7300109863281,490.3500061035156,496.3900146484375,3566200,BRK-B
2025-10-16,495.6000061035156,496.0,485.79998779296875,488.80999755859375,4254300,BRK-B
2025-10-17,490.0,493.45001220703125,489.25,492.4200134277344,3794300,BRK-B
2025-10-20,492.3599853515625,494.4200134277344,490.32000732421875,494.0799865722656,4605300,BRK-B
2025-10-21,493.70001220703125,495.70001220703125,491.25,491.2900085449219,2714500,BRK-B
2025-10-22,491.7300109863281,492.9800109863281,488.19000244140625,491.80999755859375,3376000,BRK-B
2025-10-23,492.19000244140625,492.45001220703125,488.1099853515625,490.1600036621094,3063000,BRK-B
2025-10-24,490.9100036621094,492.9800109863281,489.3999938964844,492.1000061035156,3166800,BRK-B
2025-10-27,491.9200134277344,492.29998779296875,484.54998779296875,488.07000732421875,6451500,BRK-B
2025-10-28,484.9599914550781,485.6700134277344,481.1099853515625,481.44000244140625,5029100,BRK-B
2025-10-29,477.32000732421875,478.79998779296875,473.7200012207031,475.760009765625,6204500,BRK-B
2025-10-30,474.8399963378906,480.9100036621094,474.8399963378906,478.5199890136719,4786600,BRK-B
2025-10-31,476.79998779296875,478.7099914550781,475.30999755859375,477.5400085449219,7146400,BRK-B
2025-11-03,479.510009765625,479.989990234375,473.1499938964844,475.67999267578125,5868100,BRK-B
2025-11-04,475.5,488.7900085449219,475.5,487.6600036621094,7803200,BRK-B
2025-11-05,487.3399963378906,493.8900146484375,487.3399963378906,488.7699890136719,6551200,BRK-B
2025-11-06,490.0,494.0299987792969,486.75,493.1499938964844,4964700,BRK-B
2025-11-07,494.92999267578125,500.1600036621094,493.3500061035156,499.05999755859375,6377800,BRK-B
2025-11-10,497.0799865722656,501.2799987792969,495.1300048828125,496.9800109863281,5084000,BRK-B
2025-11-11,498.5899963378906,499.69000244140625,494.20001220703125,497.07000732421875,2960200,BRK-B
2025-11-12,497.1600036621094,504.45001220703125,496.989990234375,502.3999938964844,5456000,BRK-B
2025-11-13,504.82000732421875,514.260009765625,504.82000732421875,513.1099853515625,7340700,BRK-B
2025-11-14,514.7000122070312,516.5499877929688,506.3500061035156,508.94000244140625,5462500,BRK-B
2025-11-17,510.7300109863281,511.260009765625,502.8399963378906,503.260009765625,5371000,BRK-B
2025-11-18,503.3900146484375,506.6400146484375,500.6000061035156,504.3699951171875,5457400,BRK-B
2025-11-19,503.69000244140625,504.25,495.54998779296875,501.260009765625,4695000,BRK-B
2025-11-20,501.1099853515625,506.45001220703125,500.80999755859375,501.1199951171875,5486900,BRK-B
2025-11-21,503.2799987792969,507.8399963378906,502.489990234375,504.0400085449219,6059000,BRK-B
2025-11-24,501.8999938964844,509.20001220703125,497.1700134277344,507.80999755859375,13404500,BRK-B
2025-11-25,508.92999267578125,512.3599853515625,506.8599853515625,508.57000732421875,4064000,BRK-B
2025-11-26,509.25,512.7000122070312,507.6499938964844,511.2300109863281,3686700,BRK-B
2025-11-28,511.8900146484375,516.8499755859375,511.55999755859375,513.8099975585938,2312200,BRK-B
2025-12-01,513.6500244140625,514.489990234375,508.17999267578125,508.54998779296875,3995200,BRK-B
2025-12-02,507.5899963378906,508.1099853515625,503.1099853515625,506.6499938964844,3378000,BRK-B
2025-12-03,507.5199890136719,509.6000061035156,503.6000061035156,503.6000061035156,3803200,BRK-B
2025-12-04,504.3800048828125,506.5,500.70001220703125,503.2300109863281,3574800,BRK-B
2025-12-05,503.8599853515625,505.760009765625,500.5400085449219,504.3399963378906,3463700,BRK-B
2025-12-08,502.1000061035156,502.9700012207031,490.6199951171875,497.2300109863281,7032200,BRK-B
2025-12-09,497.6300048828125,499.2200012207031,490.8299865722656,491.42999267578125,4574000,BRK-B
2025-12-10,490.8599853515625,495.8800048828125,488.9200134277344,490.42999267578125,4558800,BRK-B
2025-12-11,491.8299865722656,498.1499938964844,491.8299865722656,495.8500061035156,4493400,BRK-B
2025-12-12,496.7099914550781,500.0,494.5,499.5199890136719,4113700,BRK-B
2025-12-15,500.4200134277344,506.6199951171875,500.2799987792969,506.3800048828125,5173900,BRK-B
2025-12-16,507.04998779296875,508.1000061035156,499.4599914550781,499.8399963378906,4376700,BRK-B
2025-12-17,499.8999938964844,505.19000244140625,499.5,504.2699890136719,4128600,BRK-B
2025-12-18,502.2300109863281,505.42999267578125,501.010009765625,503.3900146484375,3646700,BRK-B
2025-12-19,503.04998779296875,503.82000732421875,494.5299987792969,494.5299987792969,14652800,BRK-B
2025-12-22,496.3399963378906,500.30999755859375,495.54998779296875,499.95001220703125,4070000,BRK-B
2025-12-23,500.4800109863281,502.3299865722656,498.1600036621094,500.510009765625,3680800,BRK-B
2025-12-24,500.2900085449219,501.510009765625,499.25,501.3399963378906,2000200,BRK-B
2025-12-26,500.45001220703125,501.55999755859375,496.8299865722656,498.29998779296875,2247600,BRK-B
2025-12-29,499.20001220703125,501.5,497.2099914550781,501.04998779296875,3056200,BRK-B
2025-12-30,500.9800109863281,505.1099853515625,500.3299865722656,503.7099914550781,2897100,BRK-B
2025-12-31,503.9200134277344,505.8900146484375,502.4800109863281,502.6499938964844,3105200,BRK-B
2026-01-02,500.9599914550781,501.8800048828125,492.9100036621094,496.8500061035156,5876600,BRK-B
2026-01-05,494.94000244140625,503.42999267578125,494.5,498.5199890136719,5145300,BRK-B
2026-01-06,496.79998779296875,500.6700134277344,496.05999755859375,499.04998779296875,4040000,BRK-B
2026-01-07,497.8800048828125,499.1499938964844,493.0899963378906,496.1199951171875,4445100,BRK-B
2026-01-08,494.9700012207031,504.0799865722656,494.1099853515625,499.7699890136719,4807700,BRK-B
2026-01-09,498.94000244140625,500.2799987792969,496.4100036621094,499.1000061035156,3432100,BRK-B
2026-01-12,497.3999938964844,500.0199890136719,495.1000061035156,498.6700134277344,4209300,BRK-B
2026-01-13,497.6199951171875,498.0,493.3399963378906,495.239990234375,4257600,BRK-B
2026-01-14,494.1700134277344,497.6199951171875,492.0,493.1499938964844,5033700,BRK-B
2026-01-15,492.95001220703125,495.6300048828125,490.75,492.6199951171875,4165200,BRK-B
2026-01-16,491.6700134277344,495.1600036621094,490.8999938964844,493.2900085449219,4807400,BRK-B
2026-01-20,490.79998779296875,490.9700012207031,482.7200012207031,485.3900146484375,5521500,BRK-B
2026-01-21,484.0,488.0,481.57000732421875,483.8299865722656,5730200,BRK-B
2026-01-22,483.260009765625,485.8800048828125,481.7200012207031,484.489990234375,4054200,BRK-B
2026-01-23,482.260009765625,483.4200134277344,478.44000244140625,478.9700012207031,5436600,BRK-B
2026-01-26,478.4700012207031,484.8900146484375,477.0799865722656,483.4700012207031,5077200,BRK-B
2026-01-27,482.6000061035156,483.5,474.6700134277344,474.6700134277344,6314500,BRK-B
2026-01-28,473.010009765625,476.8800048828125,471.9100036621094,473.489990234375,4563900,BRK-B
2026-01-29,473.7300109863281,477.32000732421875,473.0799865722656,476.7900085449219,5380500,BRK-B
2026-01-30,476.29998779296875,481.5,476.1300048828125,480.5299987792969,5082200,BRK-B
2026-02-02,481.29998779296875,488.07000732421875,478.54998779296875,487.2900085449219,5064600,BRK-B
2026-02-03,483.95001220703125,496.0400085449219,482.20001220703125,493.739990234375,6641200,BRK-B
2026-02-04,495.79998779296875,512.1300048828125,495.6700134277344,503.8299865722656,10591700,BRK-B
2026-02-05,505.9100036621094,506.6300048828125,497.6099853515625,503.8900146484375,5033900,BRK-B
2026-02-06,504.17999267578125,509.6600036621094,502.8900146484375,508.0899963378906,4421600,BRK-B
2026-02-09,507.32000732421875,507.6099853515625,497.2900085449219,498.0799865722656,4573000,BRK-B
2026-02-10,497.8999938964844,501.3299865722656,497.29998779296875,500.29998779296875,3789100,BRK-B
2026-02-11,499.3500061035156,503.30999755859375,497.2799987792969,500.0199890136719,3614400,BRK-B
2026-02-12,501.2099914550781,507.7099914550781,499.8800048828125,500.010009765625,4689900,BRK-B
2026-02-13,500.1499938964844,502.3800048828125,495.5,497.54998779296875,4685900,BRK-B
2026-02-17,500.0199890136719,506.0899963378906,499.2099914550781,503.4100036621094,4263300,BRK-B
2026-02-18,504.739990234375,505.2699890136719,497.67999267578125,499.07000732421875,3732500,BRK-B
2026-02-19,497.8699951171875,500.5,495.67999267578125,496.94000244140625,2610400,BRK-B
2026-02-20,496.6499938964844,498.3399963378906,491.80999755859375,498.20001220703125,4326700,BRK-B
2026-02-23,496.5,503.54998779296875,493.7300109863281,494.0899963378906,3556500,BRK-B
2026-02-24,493.489990234375,495.2200012207031,488.260009765625,494.510009765625,3224300,BRK-B
2026-02-25,495.6199951171875,497.2300109863281,490.8999938964844,493.989990234375,3475500,BRK-B
2026-02-26,494.6499938964844,503.7200012207031,494.45001220703125,502.6700134277344,4577000,BRK-B
2026-02-27,502.94000244140625,506.5199890136719,501.1600036621094,504.95001220703125,6364900,BRK-B
2026-03-02,495.2300109863281,495.75,477.9100036621094,480.1700134277344,11725300,BRK-B
2026-03-03,477.0799865722656,483.4800109863281,472.5199890136719,481.3599853515625,6348700,BRK-B
2026-03-04,481.0,489.17999267578125,479.8800048828125,487.4800109863281,4369100,BRK-B
2026-03-05,493.75,500.8599853515625,492.510009765625,500.3999938964844,8963400,BRK-B
2026-03-06,499.25,500.70001220703125,491.8800048828125,498.9800109863281,5564400,BRK-B
2026-03-09,494.8999938964844,498.82000732421875,490.2099914550781,497.20001220703125,5833600,BRK-B
2026-03-10,495.1300048828125,498.6700134277344,492.30999755859375,494.1400146484375,3598700,BRK-B
2026-03-11,493.0899963378906,493.79998779296875,489.25,493.57000732421875,3845700,BRK-B
2026-03-12,492.3500061035156,493.3999938964844,489.0199890136719,491.8900146484375,4170900,BRK-B
2026-03-13,493.32000732421875,494.45001220703125,489.7699890136719,490.0299987792969,3565700,BRK-B
2026-03-16,492.7699890136719,496.6300048828125,491.0799865722656,492.2099914550781,3752000,BRK-B
2026-03-17,494.8399963378906,496.9599914550781,491.4100036621094,492.5799865722656,4424900,BRK-B
2026-03-18,491.1400146484375,491.3800048828125,483.79998779296875,484.4700012207031,4356400,BRK-B
2026-03-19,483.8999938964844,484.25,478.80999755859375,481.4800109863281,4045600,BRK-B
2026-03-20,481.6300048828125,485.1199951171875,479.6600036621094,480.94000244140625,7786400,BRK-B
2026-03-23,483.5,485.9800109863281,479.0,479.9800109863281,4958000,BRK-B
2026-03-24,478.0,483.5,477.54998779296875,479.3299865722656,3434400,BRK-B
2026-03-25,482.6300048828125,483.2300109863281,475.7300109863281,476.19000244140625,4402000,BRK-B
2026-03-26,476.44000244140625,478.3800048828125,474.5,475.2699890136719,3774600,BRK-B
2026-03-27,474.19000244140625,474.79998779296875,467.2099914550781,468.489990234375,5382300,BRK-B
2026-03-30,470.67999267578125,477.69000244140625,470.6499938964844,474.6600036621094,4590900,BRK-B
2026-03-31,477.7799987792969,479.80999755859375,474.7699890136719,479.20001220703125,4725300,BRK-B
2026-04-01,478.9800109863281,481.1000061035156,477.25,478.5,3600800,BRK-B
2026-04-02,477.82000732421875,479.7699890136719,475.67999267578125,477.3500061035156,2972800,BRK-B
2026-04-06,475.6600036621094,479.5,475.3500061035156,476.3800048828125,3663500,BRK-B
2026-04-07,475.7099914550781,479.75,474.32000732421875,478.0799865722656,3206500,BRK-B
2026-04-08,483.75,483.75,477.67999267578125,479.75,4655100,BRK-B
2026-04-09,478.2099914550781,487.95001220703125,477.2900085449219,485.20001220703125,3518500,BRK-B
2026-04-10,484.0199890136719,484.8599853515625,478.9200134277344,479.8999938964844,3758900,BRK-B
2026-04-13,478.8999938964844,481.1099853515625,477.3999938964844,480.19000244140625,3612400,BRK-B
2026-04-14,479.80999755859375,480.489990234375,476.0,477.5400085449219,4864000,BRK-B
2026-04-15,478.0,478.7699890136719,473.739990234375,474.0899963378906,6993900,BRK-B
2026-04-16,474.0199890136719,476.260009765625,464.010009765625,475.1199951171875,4534000,BRK-B
2026-04-17,475.489990234375,479.69000244140625,474.1499938964844,474.5799865722656,6492900,BRK-B
2026-04-20,474.3800048828125,476.0400085449219,471.3699951171875,472.0799865722656,5147000,BRK-B
2026-04-21,472.5400085449219,474.19000244140625,468.05999755859375,468.5,5919000,BRK-B
2026-04-22,468.8599853515625,470.989990234375,464.6199951171875,465.3999938964844,5720500,BRK-B
2026-04-23,466.7200012207031,473.0,466.7200012207031,470.54998779296875,4749100,BRK-B
2026-04-24,468.79998779296875,470.2799987792969,466.5799865722656,469.32000732421875,3857000,BRK-B
2026-04-27,469.79998779296875,475.5,469.3500061035156,472.80999755859375,4888000,BRK-B
2026-04-28,476.7900085449219,479.7699890136719,475.6700134277344,478.1600036621094,4902400,BRK-B
2026-04-29,476.45001220703125,477.9700012207031,474.510009765625,475.3800048828125,3175600,BRK-B
2026-04-30,473.4599914550781,477.54998779296875,470.8900146484375,473.6000061035156,5109300,BRK-B
2026-05-01,475.0799865722656,479.1000061035156,473.0,473.010009765625,4818300,BRK-B
2026-05-04,473.0299987792969,479.8699951171875,465.7900085449219,468.5199890136719,6895400,BRK-B
2026-05-05,468.5299987792969,469.6600036621094,464.3399963378906,465.5199890136719,5372700,BRK-B
2026-05-06,466.010009765625,470.6300048828125,465.6400146484375,469.8299865722656,5698900,BRK-B
2026-05-07,469.260009765625,477.19000244140625,468.9700012207031,475.0799865722656,5899500,BRK-B
2026-05-08,474.8500061035156,478.8800048828125,474.4800109863281,475.94000244140625,5225600,BRK-B
2026-05-11,476.3999938964844,480.3999938964844,475.8999938964844,479.54998779296875,4290700,BRK-B
2026-05-12,481.67999267578125,489.4200134277344,478.8999938964844,484.9599914550781,5622300,BRK-B
2026-05-13,482.4700012207031,487.1400146484375,480.80999755859375,485.5199890136719,4432500,BRK-B
2026-05-14,487.1000061035156,487.1000061035156,481.5,484.05999755859375,3375100,BRK-B
2026-05-15,486.70001220703125,488.29998779296875,481.760009765625,482.70001220703125,4680300,BRK-B
2026-05-18,481.1300048828125,489.3599853515625,481.0,488.3800048828125,5030700,BRK-B
2026-05-19,487.0,488.1300048828125,480.1099853515625,480.4599914550781,5599900,BRK-B
2026-05-20,482.0,482.7200012207031,477.6199951171875,480.8999938964844,4647500,BRK-B
2026-05-21,479.989990234375,480.5,475.5,479.9800109863281,3294000,BRK-B
2026-05-22,479.6499938964844,487.19000244140625,479.489990234375,486.3800048828125,4338200,BRK-B
2026-05-26,485.5,487.7799987792969,483.2099914550781,483.6199951171875,4348600,BRK-B
2026-05-27,482.6700134277344,486.25,479.0199890136719,479.9200134277344,4152500,BRK-B
2026-05-28,479.3599853515625,481.80999755859375,477.0,477.4200134277344,4120000,BRK-B
2026-05-29,476.9100036621094,477.2900085449219,472.2699890136719,474.4800109863281,7902300,BRK-B
2026-06-01,473.04998779296875,473.3900146484375,467.9599914550781,470.2900085449219,6203600,BRK-B
2026-06-02,470.0,473.8800048828125,468.2099914550781,471.510009765625,4704700,BRK-B
2026-06-03,470.8900146484375,480.5899963378906,470.4100036621094,475.3699951171875,6586300,BRK-B
2026-06-04,481.6000061035156,482.94000244140625,474.6499938964844,478.6300048828125,5276000,BRK-B
2026-06-05,480.989990234375,491.0,479.3500061035156,488.1300048828125,8475800,BRK-B
2026-06-08,486.1300048828125,490.760009765625,484.9200134277344,487.0,5188400,BRK-B
2026-06-09,486.44000244140625,490.7900085449219,484.6000061035156,487.7699890136719,4912200,BRK-B
2026-06-10,488.1300048828125,490.29998779296875,483.1099853515625,483.67999267578125,5062700,BRK-B
2026-06-11,482.8800048828125,486.4700012207031,481.05999755859375,485.7900085449219,5664300,BRK-B
2026-06-12,486.6700134277344,489.989990234375,484.510009765625,489.25,4591300,BRK-B
2026-06-15,487.55999755859375,497.1099853515625,487.55999755859375,495.5199890136719,6253600,BRK-B
2026-06-16,497.0,499.7900085449219,492.42999267578125,494.95001220703125,4345900,BRK-B
2026-06-17,493.239990234375,494.7699890136719,487.8999938964844,491.2799987792969,5412000,BRK-B
2026-06-18,492.75,493.57000732421875,485.7699890136719,489.4599914550781,8882300,BRK-B
2026-06-22,488.75,492.4800109863281,487.3599853515625,488.69000244140625,6076300,BRK-B
2026-06-23,490.9200134277344,494.3399963378906,490.0,492.80999755859375,4428100,BRK-B
2026-06-24,492.989990234375,498.5,491.5,494.80999755859375,4707800,BRK-B
2026-06-25,493.0799865722656,496.0,486.5,487.80999755859375,7054100,BRK-B
2026-06-26,490.239990234375,498.6600036621094,489.2799987792969,498.6600036621094,7250800,BRK-B
2026-06-29,497.7900085449219,500.0199890136719,495.0,496.0,5200700,BRK-B
2026-06-30,496.5,500.5799865722656,494.7900085449219,500.3900146484375,5910500,BRK-B
2026-07-01,501.8299865722656,503.8299865722656,499.0799865722656,499.739990234375,4101300,BRK-B
2026-07-02,502.20001220703125,507.92999267578125,500.3299865722656,507.7799987792969,4386500,BRK-B
2026-07-06,506.5,508.0,504.1000061035156,506.5799865722656,4126100,BRK-B
2026-07-07,508.9700012207031,512.5800170898438,503.75,504.0,3761400,BRK-B
2026-07-08,504.55999755859375,504.9100036621094,494.3399963378906,494.7900085449219,4429600,BRK-B
2026-07-09,494.6099853515625,497.8500061035156,493.20001220703125,495.45001220703125,3393300,BRK-B
2026-07-10,496.1499938964844,497.29998779296875,490.70001220703125,493.7099914550781,2736900,BRK-B
2026-07-13,495.8500061035156,501.5,493.80999755859375,496.8500061035156,3228900,BRK-B
2026-07-14,493.9599914550781,497.0799865722656,491.0,491.0899963378906,4110200,BRK-B
2026-07-15,490.1000061035156,492.75,487.57000732421875,488.3500061035156,5134500,BRK-B
2026-07-16,489.92999267578125,493.1499938964844,486.1700134277344,493.1199951171875,4195000,BRK-B
2026-07-17,495.510009765625,502.989990234375,490.4800109863281,490.9100036621094,5591300,BRK-B
2026-07-20,490.489990234375,492.25,488.9100036621094,491.25,3426600,BRK-B
2026-07-21,489.0,491.20001220703125,487.3800048828125,489.6499938964844,4473100,BRK-B
2026-07-22,490.5,492.32000732421875,487.80999755859375,489.3900146484375,3179300,BRK-B
2026-07-23,488.3999938964844,491.0,486.05999755859375,490.8500061035156,2883000,BRK-B
2026-07-24,491.42999267578125,497.2900085449219,490.25,494.92999267578125,3933000,BRK-B
2026-07-27,497.25,498.7699890136719,493.9700012207031,497.17999267578125,3482400,BRK-B
2026-07-28,500.3299865722656,513.4400024414062,499.5,512.3699951171875,6362100,BRK-B
2026-07-29,511.44000244140625,513.3599853515625,507.20001220703125,509.1600036621094,5057500,BRK-B
2026-07-30,505.9800109863281,509.9100036621094,501.2699890136719,509.67999267578125,4055100,BRK-B
2026-07-31,508.989990234375,513.030029296875,506.70001220703125,511.5400085449219,3939800,BRK-B
2026-08-03,514.9299926757812,520.6699829101562,510.8299865722656,513.1400146484375,4249000,BRK-B
2026-08-04,512.0700073242188,517.77001953125,508.80999755859375,517.219970703125,4771300,BRK-B
2026-08-05,519.0,519.77001953125,512.2000122070312,518.8499755859375,3749400,BRK-B
2026-08-06,524.1099853515625,525.4400024414062,517.2100219726562,524.6099853515625,4352800,BRK-B
2026-08-07,520.260009765625,521.989990234375,517.4299926757812,521.7999877929688,3645100,BRK-B
2026-08-10,524.5999755859375,537.739990234375,523.0,529.4199829101562,6094800,BRK-B
2026-08-11,528.760009765625,530.2999877929688,515.6500244140625,516.3800048828125,4718600,BRK-B
2026-08-12,513.97998046875,514.3800048828125,507.9599914550781,510.0,4599100,BRK-B
2026-08-13,511.2900085449219,512.010009765625,505.55999755859375,506.92999267578125,4713400,BRK-B
2026-08-14,507.239990234375,509.1700134277344,503.7699890136719,504.0299987792969,3969500,BRK-B
2026-08-17,504.45001220703125,505.30999755859375,498.07000732421875,498.2300109863281,4789800,BRK-B
2026-08-18,501.0400085449219,504.5,499.6000061035156,502.9599914550781,3380700,BRK-B
2026-08-19,503.4100036621094,507.07000732421875,499.4100036621094,499.6199951171875,3562300,BRK-B
2026-08-20,499.6499938964844,500.44000244140625,496.4800109863281,496.8599853515625,3288700,BRK-B
2026-08-21,498.5,501.0,495.67999267578125,495.82000732421875,4645800,BRK-B
2026-08-24,498.1300048828125,504.4599914550781,498.1099853515625,504.32000732421875,3194900,BRK-B
2026-08-25,503.95001220703125,504.75,501.1600036621094,504.32000732421875,3032800,BRK-B
2026-08-26,505.92999267578125,506.70001220703125,503.6499938964844,504.9100036621094,3002200,BRK-B
2026-08-27,500.5,505.3999938964844,499.2200012207031,503.70001220703125,6302000,BRK-B
2026-08-28,504.8999938964844,506.5799865722656,502.94000244140625,505.0,4851200,BRK-B
2026-08-31,504.05999755859375,505.29998779296875,502.20001220703125,504.0299987792969,5127900,BRK-B
2026-09-01,506.0,506.75,501.2699890136719,502.3299865722656,4839100,BRK-B
2026-09-02,503.4599914550781,508.92999267578125,502.6000061035156,505.239990234375,3298400,BRK-B
2026-09-03,506.6000061035156,508.95001220703125,505.2099914550781,508.1300048828125,3847300,BRK-B
2026-09-04,505.30999755859375,507.5,504.29998779296875,506.0299987792969,3277400,BRK-B
2026-09-08,503.0,507.29998779296875,500.70001220703125,505.8299865722656,4398000,BRK-B
2026-09-09,504.1000061035156,509.510009765625,501.2099914550781,506.7200012207031,3359600,BRK-B
2026-09-10,508.739990234375,510.5799865722656,504.739990234375,507.0,3805200,BRK-B
2026-09-11,508.8500061035156,510.6300048828125,506.0,510.3699951171875,3587200,BRK-B
2026-09-14,512.7999877929688,516.4500122070312,510.5,514.9500122070312,3964400,BRK-B
2026-09-15,515.0,516.8699951171875,512.4099731445312,516.760009765625,3761300,BRK-B
2026-09-16,516.3599853515625,523.739990234375,515.2999877929688,519.7999877929688,5254600,BRK-B
2026-09-17,518.9500122070312,520.0,508.7799987792969,509.20001220703125,5993400,BRK-B
2026-09-18,507.1600036621094,512.0700073242188,506.1300048828125,509.7699890136719,12497100,BRK-B
2026-09-21,507.92999267578125,510.5,501.9800109863281,502.010009765625,4807400,BRK-B
2026-09-22,503.3299865722656,505.5799865722656,501.4100036621094,503.489990234375,4704000,BRK-B
2026-09-23,503.8599853515625,511.2799987792969,502.80999755859375,507.1700134277344,5400400,BRK-B
2026-09-24,509.5799865722656,510.0,504.9800109863281,505.17999267578125,2701200,BRK-B
2026-09-25,505.25,505.8699951171875,502.239990234375,505.4800109863281,2992300,BRK-B
2026-09-28,505.0,507.239990234375,502.57000732421875,503.0899963378906,3867200,BRK-B
2026-09-29,501.5299987792969,503.8599853515625,500.2300109863281,502.3500061035156,3242600,BRK-B
2026-09-30,501.42999267578125,502.1199951171875,497.95001220703125,497.95001220703125,7043200,BRK-B
2026-10-01,497.25,501.5299987792969,495.9599914550781,500.5,4594800,BRK-B
2026-10-02,500.1000061035156,503.6199951171875,499.010009765625,502.6499938964844,4189700,BRK-B
