time,open,high,low,close,volume,symbol
2010-01-04,59.130001068115234,60.06999969482422,59.130001068115234,59.40999984741211,3280200,COST
2010-01-05,59.2599983215332,59.41999816894531,58.84000015258789,59.22999954223633,2775800,COST
2010-01-06,59.06999969482422,60.04999923706055,59.0,60.0,3722900,COST
2010-01-07,60.08000183105469,60.439998626708984,59.2599983215332,59.709999084472656,4527600,COST
2010-01-08,59.470001220703125,59.61000061035156,59.099998474121094,59.279998779296875,2348300,COST
2010-01-11,59.209999084472656,59.41999816894531,59.0,59.349998474121094,1830400,COST
2010-01-12,59.22999954223633,59.38999938964844,58.720001220703125,59.029998779296875,2113300,COST
2010-01-13,59.11000061035156,59.59000015258789,58.939998626708984,59.400001525878906,2051500,COST
2010-01-14,59.119998931884766,59.25,58.709999084472656,58.720001220703125,2145700,COST
2010-01-15,58.9900016784668,58.9900016784668,58.43000030517578,58.790000915527344,3081700,COST
2010-01-19,59.16999816894531,59.279998779296875,58.790000915527344,58.95000076293945,2558200,COST
2010-01-20,58.47999954223633,58.68000030517578,57.619998931884766,58.27000045776367,4484600,COST
2010-01-21,58.130001068115234,58.599998474121094,57.349998474121094,57.52000045776367,3456800,COST
2010-01-22,57.400001525878906,57.959999084472656,57.040000915527344,57.06999969482422,4220600,COST
2010-01-25,57.349998474121094,57.81999969482422,56.75,57.54999923706055,2690600,COST
2010-01-26,57.20000076293945,58.47999954223633,57.13999938964844,57.93000030517578,3530500,COST
2010-01-27,57.709999084472656,58.040000915527344,57.279998779296875,57.529998779296875,3776200,COST
2010-01-28,57.59000015258789,57.81999969482422,57.060001373291016,57.349998474121094,3197000,COST
2010-01-29,57.59000015258789,58.540000915527344,57.400001525878906,57.43000030517578,5413900,COST
2010-02-01,57.79999923706055,57.91999816894531,57.36000061035156,57.90999984741211,4295300,COST
2010-02-02,58.0,58.880001068115234,57.599998474121094,58.77000045776367,5231500,COST
2010-02-03,58.59000015258789,58.95000076293945,58.380001068115234,58.41999816894531,5269100,COST
2010-02-04,58.16999816894531,58.939998626708984,58.099998474121094,58.52000045776367,5962700,COST
2010-02-05,58.59000015258789,58.900001525878906,58.06999969482422,58.58000183105469,4793600,COST
2010-02-08,58.27000045776367,58.779998779296875,58.130001068115234,58.13999938964844,3319800,COST
2010-02-09,58.79999923706055,59.0,58.20000076293945,58.7599983215332,3486900,COST
2010-02-10,58.65999984741211,59.31999969482422,58.380001068115234,59.150001525878906,4520500,COST
2010-02-11,58.86000061035156,59.779998779296875,58.66999816894531,59.66999816894531,4030800,COST
2010-02-12,59.189998626708984,59.41999816894531,58.95000076293945,59.279998779296875,4337600,COST
2010-02-16,59.619998931884766,60.849998474121094,59.29999923706055,60.66999816894531,4052300,COST
2010-02-17,60.790000915527344,61.29999923706055,60.7400016784668,61.04999923706055,2663100,COST
2010-02-18,60.93000030517578,61.130001068115234,60.58000183105469,60.959999084472656,2275200,COST
2010-02-19,60.72999954223633,61.36000061035156,60.65999984741211,61.13999938964844,2510100,COST
2010-02-22,61.400001525878906,61.45000076293945,60.689998626708984,60.790000915527344,3004300,COST
2010-02-23,60.63999938964844,60.91999816894531,60.40999984741211,60.5099983215332,3081200,COST
2010-02-24,60.79999923706055,61.220001220703125,60.61000061035156,60.86000061035156,2908200,COST
2010-02-25,60.290000915527344,61.52000045776367,60.209999084472656,61.400001525878906,3534000,COST
2010-02-26,61.36000061035156,61.470001220703125,60.779998779296875,60.970001220703125,3681600,COST
2010-03-01,61.0,62.11000061035156,60.68000030517578,61.650001525878906,4031100,COST
2010-03-02,62.119998931884766,62.119998931884766,61.20000076293945,61.380001068115234,4126100,COST
2010-03-03,59.75,61.58000183105469,59.63999938964844,60.68000030517578,10153500,COST
2010-03-04,60.75,61.15999984741211,60.47999954223633,60.79999923706055,3286100,COST
2010-03-05,60.849998474121094,60.970001220703125,60.5,60.68000030517578,3514800,COST
2010-03-08,60.540000915527344,61.0,60.52000045776367,60.66999816894531,3020400,COST
2010-03-09,60.380001068115234,60.56999969482422,60.040000915527344,60.130001068115234,3187000,COST
2010-03-10,60.209999084472656,60.40999984741211,59.7599983215332,59.84000015258789,3248400,COST
2010-03-11,59.779998779296875,60.060001373291016,59.77000045776367,59.900001525878906,3957200,COST
2010-03-12,59.880001068115234,60.47999954223633,59.810001373291016,60.16999816894531,3938700,COST
2010-03-15,60.06999969482422,60.619998931884766,60.04999923706055,60.54999923706055,2584700,COST
2010-03-16,60.709999084472656,60.959999084472656,60.59000015258789,60.90999984741211,2480600,COST
2010-03-17,60.959999084472656,61.459999084472656,60.900001525878906,61.33000183105469,3115300,COST
2010-03-18,61.0,61.43000030517578,60.91999816894531,61.27000045776367,3156200,COST
2010-03-19,61.380001068115234,61.5,60.4900016784668,60.720001220703125,4687500,COST
2010-03-22,60.540000915527344,61.09000015258789,60.43000030517578,60.880001068115234,2369000,COST
2010-03-23,60.7599983215332,60.88999938964844,60.36000061035156,60.7599983215332,2937800,COST
2010-03-24,60.540000915527344,60.7400016784668,60.02000045776367,60.06999969482422,2910000,COST
2010-03-25,60.41999816894531,60.41999816894531,60.0099983215332,60.04999923706055,2591500,COST
2010-03-26,60.25,60.41999816894531,59.90999984741211,60.130001068115234,2302000,COST
2010-03-29,60.13999938964844,60.43000030517578,59.959999084472656,60.13999938964844,2375500,COST
2010-03-30,60.27000045776367,60.5,60.040000915527344,60.16999816894531,2121500,COST
2010-03-31,60.060001373291016,60.11000061035156,59.68000030517578,59.709999084472656,2548200,COST
2010-04-01,59.72999954223633,60.29999923706055,59.709999084472656,60.13999938964844,2638300,COST
2010-04-05,60.33000183105469,60.869998931884766,60.0,60.81999969482422,2146100,COST
2010-04-06,61.04999923706055,61.849998474121094,60.75,61.7400016784668,3589100,COST
2010-04-07,61.650001525878906,61.959999084472656,61.5,61.720001220703125,3897200,COST
2010-04-08,61.599998474121094,61.619998931884766,60.81999969482422,60.97999954223633,4471500,COST
2010-04-09,61.040000915527344,61.40999984741211,60.91999816894531,61.209999084472656,2804500,COST
2010-04-12,60.88999938964844,61.209999084472656,60.2599983215332,60.349998474121094,4550700,COST
2010-04-13,60.220001220703125,60.54999923706055,59.7599983215332,59.88999938964844,4191400,COST
2010-04-14,59.790000915527344,59.869998931884766,58.939998626708984,59.619998931884766,6763100,COST
2010-04-15,59.40999984741211,59.439998626708984,58.900001525878906,59.029998779296875,5754400,COST
2010-04-16,58.959999084472656,59.52000045776367,58.93000030517578,59.189998626708984,5443700,COST
2010-04-19,59.290000915527344,59.529998779296875,58.61000061035156,59.470001220703125,4040700,COST
2010-04-20,59.70000076293945,59.91999816894531,59.33000183105469,59.4900016784668,3703300,COST
2010-04-21,59.400001525878906,59.560001373291016,59.040000915527344,59.5099983215332,3033200,COST
2010-04-22,59.22999954223633,60.40999984741211,59.119998931884766,60.220001220703125,3929700,COST
2010-04-23,60.06999969482422,60.47999954223633,60.0,60.20000076293945,4017400,COST
2010-04-26,60.20000076293945,60.29999923706055,60.0099983215332,60.06999969482422,2874600,COST
2010-04-27,60.25,60.25,59.11000061035156,59.16999816894531,3948900,COST
2010-04-28,59.29999923706055,59.4900016784668,58.7400016784668,58.849998474121094,3462400,COST
2010-04-29,59.0099983215332,59.45000076293945,58.91999816894531,59.349998474121094,2883800,COST
2010-04-30,59.130001068115234,59.68000030517578,59.02000045776367,59.08000183105469,4960700,COST
2010-05-03,59.029998779296875,59.5,58.900001525878906,59.310001373291016,4051400,COST
2010-05-04,58.83000183105469,60.369998931884766,58.310001373291016,59.880001068115234,6046200,COST
2010-05-05,59.75,60.83000183105469,59.720001220703125,60.36000061035156,6438700,COST
2010-05-06,58.95000076293945,59.11000061035156,55.0,58.029998779296875,11175500,COST
2010-05-07,57.86000061035156,58.70000076293945,56.83000183105469,57.310001373291016,9286700,COST
2010-05-10,58.619998931884766,58.9900016784668,57.099998474121094,57.52000045776367,8378900,COST
2010-05-11,57.400001525878906,58.29999923706055,57.33000183105469,57.939998626708984,5442100,COST
2010-05-12,58.060001373291016,58.189998626708984,57.65999984741211,57.880001068115234,4151100,COST
2010-05-13,57.810001373291016,58.4900016784668,57.599998474121094,57.66999816894531,5007700,COST
2010-05-14,57.27000045776367,58.119998931884766,57.209999084472656,57.7400016784668,4890500,COST
2010-05-17,57.81999969482422,58.439998626708984,57.529998779296875,58.349998474121094,4129100,COST
2010-05-18,58.63999938964844,58.9900016784668,57.68000030517578,57.779998779296875,4308800,COST
2010-05-19,57.4900016784668,58.47999954223633,57.4900016784668,57.77000045776367,4350200,COST
2010-05-20,57.0,57.52000045776367,56.54999923706055,56.59000015258789,6755600,COST
2010-05-21,55.93000030517578,57.72999954223633,55.790000915527344,57.439998626708984,5966100,COST
2010-05-24,57.18000030517578,57.40999984741211,56.68000030517578,56.7599983215332,3376800,COST
2010-05-25,55.959999084472656,56.5,55.38999938964844,56.5,6120300,COST
2010-05-26,56.599998474121094,56.70000076293945,55.709999084472656,55.97999954223633,6146600,COST
2010-05-27,57.34000015258789,59.2599983215332,57.040000915527344,58.7400016784668,8764500,COST
2010-05-28,58.790000915527344,58.91999816894531,58.02000045776367,58.25,3501100,COST
2010-06-01,58.18000030517578,58.849998474121094,57.72999954223633,57.97999954223633,3200400,COST
2010-06-02,58.34000015258789,58.97999954223633,57.95000076293945,58.95000076293945,3898900,COST
2010-06-03,58.22999954223633,59.15999984741211,57.29999923706055,57.93000030517578,7219000,COST
2010-06-04,57.45000076293945,57.45000076293945,56.0099983215332,56.16999816894531,5499000,COST
2010-06-07,56.0099983215332,56.619998931884766,55.7599983215332,55.849998474121094,3414800,COST
2010-06-08,55.689998626708984,56.720001220703125,55.54999923706055,56.65999984741211,3726500,COST
2010-06-09,56.68000030517578,57.75,56.58000183105469,57.400001525878906,4926900,COST
2010-06-10,57.81999969482422,58.060001373291016,57.29999923706055,57.650001525878906,3270300,COST
2010-06-11,57.18000030517578,57.650001525878906,57.0,57.52000045776367,3093000,COST
2010-06-14,57.63999938964844,57.900001525878906,57.29999923706055,57.52000045776367,2510800,COST
2010-06-15,57.93000030517578,59.18000030517578,57.91999816894531,59.15999984741211,5099900,COST
2010-06-16,58.470001220703125,58.88999938964844,58.119998931884766,58.34000015258789,2876900,COST
2010-06-17,58.59000015258789,58.720001220703125,57.9900016784668,58.58000183105469,2829000,COST
2010-06-18,58.5,58.72999954223633,58.04999923706055,58.209999084472656,3657100,COST
2010-06-21,58.5,58.70000076293945,57.54999923706055,57.779998779296875,2795600,COST
2010-06-22,57.9900016784668,58.310001373291016,57.540000915527344,57.61000061035156,2716300,COST
2010-06-23,57.59000015258789,57.68000030517578,57.02000045776367,57.439998626708984,2541200,COST
2010-06-24,57.16999816894531,57.45000076293945,56.0,56.220001220703125,3772600,COST
2010-06-25,56.16999816894531,56.86000061035156,55.869998931884766,56.439998626708984,4488900,COST
2010-06-28,56.59000015258789,57.20000076293945,56.220001220703125,56.650001525878906,3043600,COST
2010-06-29,56.18000030517578,56.369998931884766,55.38999938964844,55.630001068115234,4298400,COST
2010-06-30,55.52000045776367,55.66999816894531,54.689998626708984,54.83000183105469,4609600,COST
2010-07-01,54.72999954223633,55.15999984741211,54.220001220703125,54.900001525878906,5376600,COST
2010-07-02,55.18000030517578,55.18000030517578,53.7599983215332,54.22999954223633,3385200,COST
2010-07-06,54.689998626708984,54.709999084472656,53.5099983215332,54.0,3364700,COST
2010-07-07,53.7599983215332,54.33000183105469,53.40999984741211,54.290000915527344,4813000,COST
2010-07-08,54.779998779296875,55.790000915527344,54.52000045776367,55.709999084472656,7592700,COST
2010-07-09,56.290000915527344,56.290000915527344,55.599998474121094,56.189998626708984,3895600,COST
2010-07-12,56.04999923706055,56.43000030517578,55.72999954223633,55.93000030517578,2644600,COST
2010-07-13,56.150001525878906,56.75,56.150001525878906,56.5099983215332,3207300,COST
2010-07-14,56.38999938964844,56.400001525878906,55.869998931884766,56.349998474121094,3428200,COST
2010-07-15,56.369998931884766,56.59000015258789,55.849998474121094,56.54999923706055,2949400,COST
2010-07-16,56.59000015258789,56.599998474121094,54.95000076293945,54.97999954223633,5020200,COST
2010-07-19,55.130001068115234,55.290000915527344,54.599998474121094,54.81999969482422,3575000,COST
2010-07-20,54.369998931884766,55.09000015258789,54.11000061035156,55.09000015258789,6343500,COST
2010-07-21,55.06999969482422,55.099998474121094,53.4900016784668,53.61000061035156,4973800,COST
2010-07-22,54.09000015258789,55.08000183105469,53.84000015258789,54.900001525878906,5284100,COST
2010-07-23,55.0,56.0,54.779998779296875,55.95000076293945,4905800,COST
2010-07-26,55.790000915527344,56.0,55.45000076293945,55.709999084472656,3494400,COST
2010-07-27,56.4900016784668,57.36000061035156,56.38999938964844,57.209999084472656,6930000,COST
2010-07-28,57.220001220703125,57.400001525878906,56.40999984741211,56.5099983215332,3077800,COST
2010-07-29,56.7400016784668,57.0,55.77000045776367,56.209999084472656,3439800,COST
2010-07-30,55.709999084472656,56.88999938964844,55.709999084472656,56.709999084472656,2973900,COST
2010-08-02,57.060001373291016,57.34000015258789,56.7599983215332,56.84000015258789,3588100,COST
2010-08-03,56.619998931884766,56.90999984741211,56.380001068115234,56.54999923706055,3246800,COST
2010-08-04,56.4900016784668,57.61000061035156,56.2400016784668,57.400001525878906,4364600,COST
2010-08-05,56.7400016784668,56.7400016784668,55.86000061035156,56.459999084472656,4358300,COST
2010-08-06,56.25,56.63999938964844,55.7599983215332,56.540000915527344,3030000,COST
2010-08-09,56.54999923706055,57.4900016784668,56.540000915527344,57.15999984741211,2391800,COST
2010-08-10,56.790000915527344,57.310001373291016,56.630001068115234,56.97999954223633,2433600,COST
2010-08-11,56.5099983215332,56.619998931884766,55.810001373291016,55.869998931884766,2847500,COST
2010-08-12,55.4900016784668,55.959999084472656,55.369998931884766,55.66999816894531,3269000,COST
2010-08-13,55.40999984741211,55.709999084472656,55.060001373291016,55.310001373291016,2270600,COST
2010-08-16,55.13999938964844,55.5,55.0,55.369998931884766,2395400,COST
2010-08-17,55.5099983215332,56.290000915527344,55.380001068115234,55.83000183105469,2641600,COST
2010-08-18,55.25,55.9900016784668,54.9900016784668,55.68000030517578,2909200,COST
2010-08-19,55.439998626708984,55.630001068115234,54.61000061035156,55.0099983215332,2946200,COST
2010-08-20,54.72999954223633,55.119998931884766,54.47999954223633,55.040000915527344,2896200,COST
2010-08-23,55.33000183105469,55.650001525878906,54.849998474121094,54.900001525878906,2407500,COST
2010-08-24,54.52000045776367,55.66999816894531,54.04999923706055,55.599998474121094,6658600,COST
2010-08-25,55.369998931884766,57.400001525878906,55.20000076293945,57.06999969482422,5946600,COST
2010-08-26,57.130001068115234,57.150001525878906,56.150001525878906,56.279998779296875,3854500,COST
2010-08-27,56.38999938964844,56.529998779296875,55.40999984741211,56.189998626708984,4254700,COST
2010-08-30,56.209999084472656,56.849998474121094,56.06999969482422,56.06999969482422,2843100,COST
2010-08-31,55.86000061035156,57.060001373291016,55.7400016784668,56.5,4358700,COST
2010-09-01,56.93000030517578,57.88999938964844,56.7599983215332,57.790000915527344,3966400,COST
2010-09-02,58.40999984741211,58.83000183105469,57.650001525878906,58.59000015258789,5011300,COST
2010-09-03,59.04999923706055,59.04999923706055,58.189998626708984,58.56999969482422,2779400,COST
2010-09-07,58.25,59.0,58.20000076293945,58.63999938964844,2598500,COST
2010-09-08,59.369998931884766,59.41999816894531,58.79999923706055,59.209999084472656,3412700,COST
2010-09-09,59.5,59.5099983215332,58.83000183105469,58.939998626708984,2622900,COST
2010-09-10,59.29999923706055,59.790000915527344,59.13999938964844,59.540000915527344,2608600,COST
2010-09-13,59.81999969482422,60.22999954223633,59.40999984741211,60.04999923706055,3107800,COST
2010-09-14,60.0,61.209999084472656,59.939998626708984,61.040000915527344,4134800,COST
2010-09-15,61.040000915527344,61.27000045776367,60.90999984741211,61.189998626708984,3523100,COST
2010-09-16,61.15999984741211,61.33000183105469,60.81999969482422,61.2400016784668,2230600,COST
2010-09-17,61.5,61.5,60.95000076293945,61.290000915527344,3495800,COST
2010-09-20,61.5099983215332,61.779998779296875,60.970001220703125,61.279998779296875,3472500,COST
2010-09-21,61.209999084472656,61.529998779296875,60.86000061035156,61.27000045776367,3198500,COST
2010-09-22,61.52000045776367,62.45000076293945,61.52000045776367,62.33000183105469,4806500,COST
2010-09-23,62.04999923706055,62.81999969482422,61.880001068115234,62.5,3399200,COST
2010-09-24,63.0,64.30999755859375,62.779998779296875,64.05000305175781,4481600,COST
2010-09-27,63.81999969482422,64.13999938964844,63.630001068115234,63.72999954223633,4704400,COST
2010-09-28,63.86000061035156,65.11000061035156,63.689998626708984,65.0,5453500,COST
2010-09-29,64.93000030517578,65.22000122070312,64.38999938964844,64.66999816894531,3585200,COST
2010-09-30,64.87000274658203,65.0,64.06999969482422,64.48999786376953,4090300,COST
2010-10-01,64.91999816894531,65.25,64.5,65.05000305175781,4037200,COST
2010-10-04,65.05999755859375,65.23999786376953,64.52999877929688,64.55999755859375,4502900,COST
2010-10-05,65.0,65.0,64.33000183105469,64.66000366210938,5698600,COST
2010-10-06,63.0,65.45999908447266,62.810001373291016,65.41000366210938,11502200,COST
2010-10-07,65.22000122070312,65.2699966430664,64.43000030517578,65.26000213623047,5048000,COST
2010-10-08,64.4000015258789,64.94999694824219,63.939998626708984,64.29000091552734,5632000,COST
2010-10-11,63.38999938964844,64.48999786376953,63.279998779296875,64.31999969482422,2584800,COST
2010-10-12,64.02999877929688,64.08999633789062,63.310001373291016,63.34000015258789,4454400,COST
2010-10-13,63.20000076293945,63.959999084472656,63.0,63.36000061035156,5006500,COST
2010-10-14,63.119998931884766,63.86000061035156,62.90999984741211,63.18000030517578,4214500,COST
2010-10-15,63.459999084472656,63.77000045776367,63.209999084472656,63.70000076293945,4033400,COST
2010-10-18,63.41999816894531,63.810001373291016,63.130001068115234,63.209999084472656,2417000,COST
2010-10-19,62.65999984741211,63.13999938964844,61.900001525878906,62.209999084472656,3970600,COST
2010-10-20,62.349998474121094,63.06999969482422,62.25,62.61000061035156,2785800,COST
2010-10-21,62.560001373291016,63.88999938964844,62.540000915527344,63.599998474121094,4190700,COST
2010-10-22,63.84000015258789,64.0999984741211,63.220001220703125,64.02999877929688,2406400,COST
2010-10-25,64.12000274658203,64.7699966430664,64.01000213623047,64.11000061035156,2764000,COST
2010-10-26,63.52000045776367,64.19000244140625,63.439998626708984,63.68000030517578,2826200,COST
2010-10-27,63.380001068115234,63.380001068115234,62.5099983215332,62.97999954223633,3378700,COST
2010-10-28,63.060001373291016,63.25,62.5,62.79999923706055,2385400,COST
2010-10-29,62.61000061035156,62.900001525878906,62.52000045776367,62.77000045776367,2350900,COST
2010-11-01,63.04999923706055,63.619998931884766,62.779998779296875,63.279998779296875,2790600,COST
2010-11-02,63.54999923706055,64.18000030517578,63.349998474121094,63.720001220703125,2988400,COST
2010-11-03,63.529998779296875,63.86000061035156,62.709999084472656,63.15999984741211,4080900,COST
2010-11-04,63.88999938964844,65.62999725341797,63.88999938964844,65.4800033569336,5801500,COST
2010-11-05,65.52999877929688,66.04000091552734,65.2300033569336,65.4000015258789,3039900,COST
2010-11-08,64.86000061035156,64.87000274658203,64.23999786376953,64.80999755859375,2613500,COST
2010-11-09,64.69999694824219,64.77999877929688,63.959999084472656,64.22000122070312,2600000,COST
2010-11-10,64.0199966430664,64.5,63.939998626708984,64.44999694824219,2680800,COST
2010-11-11,64.0999984741211,65.41999816894531,63.90999984741211,65.3499984741211,3798400,COST
2010-11-12,64.87999725341797,65.69999694824219,64.6500015258789,65.19999694824219,3703200,COST
2010-11-15,65.44999694824219,65.98999786376953,65.4000015258789,65.4800033569336,2949000,COST
2010-11-16,65.19000244140625,66.4000015258789,64.56999969482422,65.73999786376953,6198600,COST
2010-11-17,66.0199966430664,67.12999725341797,66.0199966430664,67.0199966430664,5484600,COST
2010-11-18,67.25,67.48999786376953,66.31999969482422,66.41000366210938,3671100,COST
2010-11-19,66.26000213623047,66.72000122070312,66.12000274658203,66.55999755859375,2710300,COST
2010-11-22,66.2699966430664,67.33999633789062,66.18000030517578,67.26000213623047,2827200,COST
2010-11-23,66.97000122070312,67.06999969482422,66.2699966430664,66.9000015258789,2985800,COST
2010-11-24,67.16999816894531,68.0,67.16999816894531,67.54000091552734,2688000,COST
2010-11-26,67.11000061035156,67.47000122070312,67.02999877929688,67.22000122070312,952900,COST
2010-11-29,66.9000015258789,67.0,66.33000183105469,66.97000122070312,2350200,COST
2010-11-30,66.58999633789062,67.91999816894531,66.51000213623047,67.61000061035156,3305000,COST
2010-12-01,68.20999908447266,68.80000305175781,68.01000213623047,68.30999755859375,3038100,COST
2010-12-02,68.5199966430664,69.11000061035156,68.12999725341797,69.01000213623047,3288800,COST
2010-12-03,68.87000274658203,69.26000213623047,68.23999786376953,68.38999938964844,3092300,COST
2010-12-06,68.33000183105469,69.41000366210938,68.33000183105469,69.19000244140625,3366000,COST
2010-12-07,69.69999694824219,70.05999755859375,69.12000274658203,69.63999938964844,5115400,COST
2010-12-08,69.37999725341797,69.70999908447266,68.52999877929688,69.25,3691400,COST
2010-12-09,69.69999694824219,71.12999725341797,69.27999877929688,71.0199966430664,6777000,COST
2010-12-10,70.75,71.27999877929688,70.62000274658203,71.25,3555900,COST
2010-12-13,71.12999725341797,71.48999786376953,70.52999877929688,70.73999786376953,5797100,COST
2010-12-14,70.69999694824219,71.54000091552734,70.5999984741211,71.20999908447266,2682500,COST
2010-12-15,71.01000213623047,71.44999694824219,70.88999938964844,71.05000305175781,3522600,COST
2010-12-16,71.05000305175781,72.2300033569336,71.01000213623047,72.12000274658203,3449700,COST
2010-12-17,71.93000030517578,72.44000244140625,71.69999694824219,71.83999633789062,6457100,COST
2010-12-20,71.88999938964844,72.55000305175781,71.76000213623047,72.30999755859375,2631800,COST
2010-12-21,72.56999969482422,72.7699966430664,72.26000213623047,72.31999969482422,2200500,COST
2010-12-22,72.33000183105469,72.54000091552734,72.0,72.2699966430664,1947900,COST
2010-12-23,72.16000366210938,72.44999694824219,71.94000244140625,72.23999786376953,1379400,COST
2010-12-27,71.87999725341797,72.2699966430664,71.72000122070312,72.08000183105469,1155800,COST
2010-12-28,72.2300033569336,72.87000274658203,72.13999938964844,72.70999908447266,1974500,COST
2010-12-29,72.88999938964844,73.16000366210938,72.56999969482422,72.69999694824219,1526400,COST
2010-12-30,72.70999908447266,72.97000122070312,72.61000061035156,72.8499984741211,1424800,COST
2010-12-31,72.69000244140625,72.98999786376953,72.19000244140625,72.20999908447266,1304200,COST
2011-01-03,72.75,73.44999694824219,72.38999938964844,72.47000122070312,3405500,COST
2011-01-04,72.52999877929688,72.52999877929688,71.76000213623047,72.33000183105469,3966700,COST
2011-01-05,71.98999786376953,72.0999984741211,70.9000015258789,70.98999786376953,4270100,COST
2011-01-06,70.36000061035156,71.25,70.01000213623047,70.6500015258789,3280400,COST
2011-01-07,70.94999694824219,71.19000244140625,70.44999694824219,70.6500015258789,2342700,COST
2011-01-10,70.27999877929688,70.5999984741211,70.0199966430664,70.4800033569336,2073200,COST
2011-01-11,70.55000305175781,71.25,70.31999969482422,71.06999969482422,2065500,COST
2011-01-12,71.19999694824219,71.68000030517578,71.11000061035156,71.48999786376953,1629900,COST
2011-01-13,71.31999969482422,71.75,71.25,71.5999984741211,1923100,COST
2011-01-14,71.3499984741211,72.5199966430664,71.20999908447266,72.51000213623047,2454700,COST
2011-01-18,72.54000091552734,72.91000366210938,72.27999877929688,72.5999984741211,2416600,COST
2011-01-19,72.37999725341797,72.48999786376953,71.86000061035156,72.06999969482422,2310500,COST
2011-01-20,71.79000091552734,72.93000030517578,71.79000091552734,72.36000061035156,2306800,COST
2011-01-21,72.4800033569336,72.95999908447266,72.33999633789062,72.7699966430664,2182900,COST
2011-01-24,72.86000061035156,72.88999938964844,72.38999938964844,72.62000274658203,2212600,COST
2011-01-25,72.51000213623047,72.61000061035156,71.70999908447266,72.45999908447266,2820000,COST
2011-01-26,72.47000122070312,72.9800033569336,72.22000122070312,72.62000274658203,2093700,COST
2011-01-27,72.83999633789062,73.69999694824219,72.76000213623047,73.12000274658203,2854500,COST
2011-01-28,73.33000183105469,73.58000183105469,71.75,71.93000030517578,2426000,COST
2011-01-31,72.23999786376953,72.43000030517578,71.61000061035156,71.83999633789062,2309000,COST
2011-02-01,72.22000122070312,72.62999725341797,71.9000015258789,72.43000030517578,1997700,COST
2011-02-02,72.1500015258789,72.4800033569336,70.54000091552734,70.8499984741211,4454800,COST
2011-02-03,71.7699966430664,74.23999786376953,71.7699966430664,74.02999877929688,3780100,COST
2011-02-04,74.12000274658203,74.41999816894531,73.47000122070312,74.12999725341797,1874300,COST
2011-02-07,73.95999908447266,74.27999877929688,73.62000274658203,74.25,2447000,COST
2011-02-08,74.2300033569336,74.81999969482422,74.12000274658203,74.80000305175781,1771400,COST
2011-02-09,74.36000061035156,74.7699966430664,74.12000274658203,74.66999816894531,1746000,COST
2011-02-10,74.44000244140625,74.6500015258789,73.94000244140625,74.55000305175781,1938600,COST
2011-02-11,74.05999755859375,75.05999755859375,74.05999755859375,75.04000091552734,1678200,COST
2011-02-14,75.05000305175781,75.11000061035156,74.5199966430664,74.66000366210938,1220000,COST
2011-02-15,74.3499984741211,74.54000091552734,74.12000274658203,74.33000183105469,1460200,COST
2011-02-16,74.51000213623047,75.0999984741211,74.4000015258789,74.95999908447266,1435000,COST
2011-02-17,74.27999877929688,75.01000213623047,74.05999755859375,74.83999633789062,1360100,COST
2011-02-18,74.81999969482422,75.4800033569336,74.30000305175781,75.43000030517578,2130900,COST
2011-02-22,75.11000061035156,75.41000366210938,73.83999633789062,73.88999938964844,2115700,COST
2011-02-23,73.80000305175781,73.80000305175781,72.41000366210938,72.83999633789062,2783600,COST
2011-02-24,72.79000091552734,73.52999877929688,72.30000305175781,72.9800033569336,1848000,COST
2011-02-25,73.25,74.02999877929688,73.23999786376953,73.56999969482422,1818100,COST
2011-02-28,73.93000030517578,74.94999694824219,73.8499984741211,74.79000091552734,3306600,COST
2011-03-01,75.11000061035156,75.38999938964844,73.43000030517578,73.62000274658203,3507200,COST
2011-03-02,73.5,73.7699966430664,70.86000061035156,71.76000213623047,6197500,COST
2011-03-03,72.25,72.5999984741211,71.62000274658203,72.48999786376953,2985400,COST
2011-03-04,72.5,72.86000061035156,72.20999908447266,72.80999755859375,2678000,COST
2011-03-07,72.98999786376953,72.98999786376953,72.02999877929688,72.19000244140625,3105000,COST
2011-03-08,72.08999633789062,74.05999755859375,72.08999633789062,73.62000274658203,2615800,COST
2011-03-09,73.4800033569336,74.25,73.08000183105469,74.16000366210938,1926400,COST
2011-03-10,73.51000213623047,74.18000030517578,73.12000274658203,73.37999725341797,2372300,COST
2011-03-11,73.08999633789062,73.62000274658203,72.54000091552734,72.55000305175781,2068600,COST
2011-03-14,72.25,72.47000122070312,71.54000091552734,71.83999633789062,2217400,COST
2011-03-15,70.76000213623047,71.97000122070312,70.66000366210938,71.55999755859375,2542200,COST
2011-03-16,71.13999938964844,71.19000244140625,69.54000091552734,69.76000213623047,3980200,COST
2011-03-17,70.45999908447266,70.98999786376953,70.08000183105469,70.45999908447266,2346600,COST
2011-03-18,71.02999877929688,71.2300033569336,70.1500015258789,70.66000366210938,4766800,COST
2011-03-21,71.11000061035156,71.19000244140625,70.37000274658203,71.04000091552734,2553200,COST
2011-03-22,71.05999755859375,71.88999938964844,70.91999816894531,71.55000305175781,1929300,COST
2011-03-23,71.48999786376953,71.54000091552734,70.4000015258789,70.91999816894531,2494900,COST
2011-03-24,71.19000244140625,72.33000183105469,71.0999984741211,72.11000061035156,2118700,COST
2011-03-25,72.23999786376953,72.37000274658203,71.41000366210938,71.45999908447266,2122100,COST
2011-03-28,71.48999786376953,71.80999755859375,70.98999786376953,71.26000213623047,1328200,COST
2011-03-29,71.23999786376953,71.94999694824219,70.77999877929688,71.9000015258789,1334600,COST
2011-03-30,72.2699966430664,72.9800033569336,72.2699966430664,72.80999755859375,1769700,COST
2011-03-31,72.55999755859375,73.45999908447266,72.08000183105469,73.31999969482422,2323500,COST
2011-04-01,73.16000366210938,74.33000183105469,73.13999938964844,74.25,2474600,COST
2011-04-04,74.62000274658203,74.87999725341797,73.94000244140625,74.16999816894531,1287100,COST
2011-04-05,74.3499984741211,75.81999969482422,74.3499984741211,74.93000030517578,3386300,COST
2011-04-06,75.30999755859375,75.94000244140625,74.75,74.98999786376953,1980700,COST
2011-04-07,76.37000274658203,78.45999908447266,76.33999633789062,77.81999969482422,5923000,COST
2011-04-08,77.16999816894531,77.29000091552734,76.20999908447266,76.41000366210938,2933400,COST
2011-04-11,76.16000366210938,76.62000274658203,75.66999816894531,76.19999694824219,2423900,COST
2011-04-12,75.75,76.83999633789062,75.73999786376953,76.44999694824219,2108000,COST
2011-04-13,76.73999786376953,76.73999786376953,75.95999908447266,76.41000366210938,1285900,COST
2011-04-14,75.95999908447266,76.47000122070312,75.66000366210938,76.33999633789062,1590700,COST
2011-04-15,76.33999633789062,77.02999877929688,76.23999786376953,76.97000122070312,2137000,COST
2011-04-18,76.0,77.05999755859375,76.0,76.9000015258789,1641500,COST
2011-04-19,77.08000183105469,77.1500015258789,76.45999908447266,76.70999908447266,1794500,COST
2011-04-20,77.51000213623047,78.66999816894531,77.4000015258789,78.55999755859375,2477700,COST
2011-04-21,78.6500015258789,78.95999908447266,78.05000305175781,78.87000274658203,1790700,COST
2011-04-25,78.63999938964844,78.87000274658203,78.36000061035156,78.66000366210938,1610300,COST
2011-04-26,78.94000244140625,80.0,78.3499984741211,79.77999877929688,2800000,COST
2011-04-27,80.30999755859375,81.29000091552734,80.16999816894531,81.0999984741211,3069400,COST
2011-04-28,80.93000030517578,81.5,80.86000061035156,81.45999908447266,2500000,COST
2011-04-29,81.18000030517578,81.48999786376953,80.54000091552734,80.88999938964844,6513700,COST
2011-05-02,81.20999908447266,81.27999877929688,80.55999755859375,81.04000091552734,2154800,COST
2011-05-03,80.91999816894531,81.16000366210938,80.12999725341797,80.51000213623047,2700000,COST
2011-05-04,80.2699966430664,80.91999816894531,80.11000061035156,80.13999938964844,2187700,COST
2011-05-05,80.05000305175781,80.91999816894531,79.37000274658203,79.61000061035156,3300000,COST
2011-05-06,80.44000244140625,80.81999969482422,80.06999969482422,80.44999694824219,2214700,COST
2011-05-09,80.47000122070312,81.5,80.33000183105469,81.4000015258789,1519700,COST
2011-05-10,81.68000030517578,82.69999694824219,81.55000305175781,82.2300033569336,2069300,COST
2011-05-11,82.02999877929688,82.2699966430664,81.19000244140625,81.69999694824219,1600000,COST
2011-05-12,81.7300033569336,83.4000015258789,81.48999786376953,83.31999969482422,2500000,COST
2011-05-13,83.2699966430664,83.58999633789062,82.56999969482422,82.72000122070312,2215700,COST
2011-05-16,82.55000305175781,82.6500015258789,82.0999984741211,82.30999755859375,1768100,COST
2011-05-17,82.16999816894531,82.87999725341797,82.05000305175781,82.70999908447266,1538300,COST
2011-05-18,82.62999725341797,83.37000274658203,82.05000305175781,83.23999786376953,1630900,COST
2011-05-19,83.33999633789062,83.9000015258789,83.0999984741211,83.86000061035156,1137300,COST
2011-05-20,83.7699966430664,83.94999694824219,82.30999755859375,83.4000015258789,2223400,COST
2011-05-23,82.62000274658203,83.27999877929688,82.27999877929688,82.63999938964844,2400000,COST
2011-05-24,82.97000122070312,82.97000122070312,81.2699966430664,81.3499984741211,3623100,COST
2011-05-25,80.33000183105469,80.7699966430664,79.13999938964844,80.31999969482422,5232000,COST
2011-05-26,80.05999755859375,80.91999816894531,79.61000061035156,80.80999755859375,2353600,COST
2011-05-27,80.93000030517578,81.80999755859375,80.80999755859375,81.52999877929688,1736000,COST
2011-05-31,81.94000244140625,82.5,81.66000366210938,82.4800033569336,2230300,COST
2011-06-01,82.33999633789062,82.51000213623047,80.13999938964844,80.20999908447266,2708800,COST
2011-06-02,80.83000183105469,80.86000061035156,78.97000122070312,79.0,4003400,COST
2011-06-03,78.5999984741211,78.8499984741211,77.76000213623047,77.80999755859375,3377400,COST
2011-06-06,77.55000305175781,78.1500015258789,77.30999755859375,77.69000244140625,2496700,COST
2011-06-07,78.08000183105469,78.94999694824219,77.83000183105469,78.36000061035156,2467000,COST
2011-06-08,78.37000274658203,79.66000366210938,78.25,78.93000030517578,2517700,COST
2011-06-09,79.0,79.69999694824219,78.63999938964844,79.02999877929688,1843700,COST
2011-06-10,79.0999984741211,79.27999877929688,78.2300033569336,78.30000305175781,2121900,COST
2011-06-13,78.18000030517578,79.0199966430664,78.05000305175781,78.44999694824219,1381100,COST
2011-06-14,79.13999938964844,79.41999816894531,78.80000305175781,79.23999786376953,1746900,COST
2011-06-15,78.55000305175781,78.95999908447266,77.73999786376953,77.93000030517578,1765800,COST
2011-06-16,77.87999725341797,78.91000366210938,77.75,78.8499984741211,2191800,COST
2011-06-17,79.9800033569336,80.66000366210938,79.2300033569336,79.62999725341797,4217400,COST
2011-06-20,79.70999908447266,81.30000305175781,79.63999938964844,81.25,2178600,COST
2011-06-21,81.38999938964844,81.44000244140625,80.54000091552734,81.38999938964844,2242000,COST
2011-06-22,81.0999984741211,81.36000061035156,80.5,80.5199966430664,1545700,COST
2011-06-23,79.75,80.58999633789062,79.31999969482422,80.4000015258789,2315900,COST
2011-06-24,81.12999725341797,81.12999725341797,79.12999725341797,79.12999725341797,2462600,COST
2011-06-27,78.94999694824219,80.05999755859375,78.91999816894531,79.8499984741211,1841200,COST
2011-06-28,79.98999786376953,80.16999816894531,79.62999725341797,79.98999786376953,1786600,COST
2011-06-29,80.19999694824219,80.68000030517578,79.87999725341797,80.02999877929688,2262000,COST
2011-06-30,80.2699966430664,81.33999633789062,79.9800033569336,81.23999786376953,2410500,COST
2011-07-01,81.5,81.69999694824219,81.04000091552734,81.54000091552734,2087500,COST
2011-07-05,81.69000244140625,81.94999694824219,80.97000122070312,81.29000091552734,1860800,COST
2011-07-06,81.37000274658203,82.94000244140625,81.37000274658203,82.63999938964844,2155600,COST
2011-07-07,83.19999694824219,83.44999694824219,81.61000061035156,82.05999755859375,3197400,COST
2011-07-08,81.58999633789062,82.0,80.91000366210938,81.41000366210938,1992300,COST
2011-07-11,80.68000030517578,81.08000183105469,80.44000244140625,80.68000030517578,1590300,COST
2011-07-12,80.88999938964844,81.76000213623047,80.6500015258789,80.70999908447266,1725100,COST
2011-07-13,80.98999786376953,81.55999755859375,80.30999755859375,80.83999633789062,1448500,COST
2011-07-14,80.87000274658203,81.47000122070312,80.12999725341797,80.33000183105469,1558500,COST
2011-07-15,80.36000061035156,80.56999969482422,79.4000015258789,79.86000061035156,2212200,COST
2011-07-18,79.52999877929688,79.80999755859375,78.80999755859375,79.11000061035156,1486900,COST
2011-07-19,79.76000213623047,80.94999694824219,79.69999694824219,80.80999755859375,1839400,COST
2011-07-20,80.81999969482422,80.87999725341797,79.8499984741211,80.69000244140625,1562400,COST
2011-07-21,80.87000274658203,82.12000274658203,80.66999816894531,81.5199966430664,1729600,COST
2011-07-22,81.66999816894531,81.83000183105469,81.1500015258789,81.66999816894531,991500,COST
2011-07-25,81.19999694824219,81.58999633789062,81.05999755859375,81.16000366210938,1174200,COST
2011-07-26,80.95999908447266,81.56999969482422,80.41999816894531,80.55000305175781,1127100,COST
2011-07-27,80.05999755859375,80.29000091552734,78.33000183105469,78.38999938964844,2309200,COST
2011-07-28,78.38999938964844,79.31999969482422,78.25,78.33000183105469,1985600,COST
2011-07-29,77.5,78.91999816894531,77.19000244140625,78.25,2434000,COST
2011-08-01,79.31999969482422,79.3499984741211,77.05999755859375,77.70999908447266,2554400,COST
2011-08-02,77.30000305175781,77.75,75.7699966430664,75.83000183105469,3445100,COST
2011-08-03,75.93000030517578,77.30000305175781,75.11000061035156,77.08000183105469,3809400,COST
2011-08-04,76.11000061035156,78.27999877929688,75.80000305175781,76.51000213623047,5799000,COST
2011-08-05,77.44999694824219,77.52999877929688,74.77999877929688,76.73999786376953,3586500,COST
2011-08-08,75.5999984741211,76.47000122070312,70.45999908447266,70.62000274658203,8417500,COST
2011-08-09,71.62000274658203,74.66000366210938,70.70999908447266,74.66000366210938,5714800,COST
2011-08-10,72.97000122070312,73.13999938964844,70.22000122070312,70.38999938964844,4918600,COST
2011-08-11,70.5999984741211,73.38999938964844,70.30999755859375,72.61000061035156,4324100,COST
2011-08-12,73.0199966430664,73.41000366210938,71.69999694824219,72.79000091552734,3012700,COST
2011-08-15,73.16999816894531,74.08000183105469,72.68000030517578,74.08000183105469,2615200,COST
2011-08-16,73.93000030517578,75.61000061035156,73.37000274658203,75.13999938964844,2847500,COST
2011-08-17,75.62000274658203,77.4000015258789,75.33000183105469,76.12000274658203,3584500,COST
2011-08-18,74.5199966430664,75.37999725341797,72.45999908447266,74.36000061035156,4974400,COST
2011-08-19,73.4000015258789,75.48999786376953,73.4000015258789,74.36000061035156,3734400,COST
2011-08-22,75.97000122070312,75.98999786376953,73.7300033569336,74.41999816894531,2455700,COST
2011-08-23,74.58999633789062,76.83000183105469,74.16000366210938,76.22000122070312,3399300,COST
2011-08-24,76.22000122070312,77.52999877929688,75.75,77.48999786376953,2488100,COST
2011-08-25,77.7699966430664,78.5199966430664,75.7699966430664,75.86000061035156,2077600,COST
2011-08-26,75.77999877929688,77.66999816894531,75.05000305175781,77.20999908447266,2177700,COST
2011-08-29,77.86000061035156,78.11000061035156,77.37999725341797,77.79000091552734,2613600,COST
2011-08-30,77.5999984741211,78.54000091552734,77.22000122070312,78.06999969482422,2241100,COST
2011-08-31,78.23999786376953,79.04000091552734,78.0199966430664,78.54000091552734,2693400,COST
2011-09-01,78.9800033569336,80.91000366210938,78.77999877929688,79.4800033569336,3998300,COST
2011-09-02,78.2300033569336,79.68000030517578,78.08000183105469,78.55999755859375,2459300,COST
2011-09-06,77.02999877929688,78.52999877929688,76.58999633789062,78.4000015258789,2242600,COST
2011-09-07,79.2699966430664,80.61000061035156,78.87999725341797,80.61000061035156,2038400,COST
2011-09-08,80.29000091552734,81.47000122070312,80.16999816894531,80.76000213623047,2340900,COST
2011-09-09,79.94999694824219,80.08000183105469,78.5,78.9000015258789,2494400,COST
2011-09-12,78.02999877929688,79.87999725341797,78.0199966430664,79.72000122070312,2215800,COST
2011-09-13,80.06999969482422,80.79000091552734,79.30000305175781,80.70999908447266,2353600,COST
2011-09-14,80.94000244140625,82.5199966430664,79.93000030517578,81.9000015258789,2738300,COST
2011-09-15,82.88999938964844,83.29000091552734,82.0999984741211,83.01000213623047,2440300,COST
2011-09-16,83.26000213623047,84.95999908447266,82.95999908447266,84.23999786376953,4399100,COST
2011-09-19,83.54000091552734,85.33999633789062,83.41999816894531,85.02999877929688,2567700,COST
2011-09-20,85.1500015258789,86.33999633789062,84.69999694824219,85.06999969482422,3318300,COST
2011-09-21,85.06999969482422,86.18000030517578,84.38999938964844,84.43000030517578,2639000,COST
2011-09-22,82.7300033569336,83.77999877929688,81.7300033569336,83.18000030517578,4549800,COST
2011-09-23,82.69999694824219,83.9000015258789,82.47000122070312,83.37000274658203,2827400,COST
2011-09-26,83.80000305175781,84.75,83.36000061035156,84.44999694824219,3125000,COST
2011-09-27,85.61000061035156,85.94000244140625,83.94999694824219,84.33000183105469,2494200,COST
2011-09-28,84.58999633789062,85.30000305175781,83.7699966430664,83.79000091552734,2141000,COST
2011-09-29,84.9800033569336,85.2699966430664,81.98999786376953,82.9800033569336,2434200,COST
2011-09-30,82.37999725341797,83.68000030517578,82.0199966430664,82.12999725341797,2764100,COST
2011-10-03,81.72000122070312,83.22000122070312,81.18000030517578,81.62999725341797,3235000,COST
2011-10-04,80.66999816894531,81.77999877929688,78.61000061035156,81.6500015258789,4717800,COST
2011-10-05,80.98999786376953,81.77999877929688,78.62000274658203,80.25,5043100,COST
2011-10-06,79.80999755859375,80.0,78.41000366210938,79.19999694824219,4214800,COST
2011-10-07,79.30999755859375,79.69000244140625,78.72000122070312,79.0199966430664,3353600,COST
2011-10-10,80.0,81.31999969482422,79.8499984741211,81.2300033569336,2324400,COST
2011-10-11,80.9800033569336,81.05999755859375,80.25,80.9000015258789,1983800,COST
2011-10-12,81.51000213623047,82.5,81.20999908447266,81.41999816894531,2454000,COST
2011-10-13,81.44000244140625,81.94999694824219,81.27999877929688,81.66999816894531,1839100,COST
2011-10-14,82.06999969482422,82.80999755859375,81.19000244140625,81.7699966430664,2227700,COST
2011-10-17,81.56999969482422,82.52999877929688,81.54000091552734,82.36000061035156,2278000,COST
2011-10-18,82.3499984741211,85.0,82.19000244140625,84.56999969482422,3544500,COST
2011-10-19,84.38999938964844,84.98999786376953,84.16999816894531,84.37999725341797,2704000,COST
2011-10-20,84.37999725341797,85.3499984741211,83.77999877929688,84.26000213623047,2419600,COST
2011-10-21,84.7699966430664,85.30000305175781,84.31999969482422,85.30000305175781,2957200,COST
2011-10-24,84.83000183105469,85.18000030517578,84.16000366210938,84.4800033569336,3025600,COST
2011-10-25,83.44999694824219,84.5,83.05000305175781,83.2300033569336,2193000,COST
2011-10-26,83.41000366210938,84.12999725341797,82.11000061035156,83.7300033569336,2421100,COST
2011-10-27,85.0,86.13999938964844,84.05999755859375,85.22000122070312,3728300,COST
2011-10-28,84.6500015258789,85.18000030517578,84.26000213623047,84.93000030517578,1904900,COST
2011-10-31,84.55000305175781,85.30000305175781,83.25,83.25,3073100,COST
2011-11-01,82.37000274658203,84.23999786376953,81.98999786376953,83.3499984741211,2790400,COST
2011-11-02,84.04000091552734,84.7699966430664,83.55999755859375,84.43000030517578,2620900,COST
2011-11-03,83.88999938964844,84.76000213623047,82.87999725341797,84.69999694824219,2623300,COST
2011-11-04,84.5199966430664,84.68000030517578,83.5,83.80999755859375,2097100,COST
2011-11-07,83.69000244140625,84.29000091552734,83.20999908447266,84.16000366210938,2055200,COST
2011-11-08,84.13999938964844,85.02999877929688,83.33999633789062,85.0,2499400,COST
2011-11-09,83.56999969482422,84.04000091552734,82.7699966430664,83.41000366210938,2850300,COST
2011-11-10,84.0199966430664,84.12000274658203,82.44999694824219,82.72000122070312,2502500,COST
2011-11-11,83.3499984741211,83.70999908447266,82.68000030517578,83.04000091552734,2500700,COST
2011-11-14,82.73999786376953,83.98999786376953,82.72000122070312,83.44999694824219,1539500,COST
2011-11-15,83.41000366210938,84.7300033569336,83.1500015258789,84.4800033569336,1724100,COST
2011-11-16,83.94000244140625,84.36000061035156,82.86000061035156,82.94000244140625,2459300,COST
2011-11-17,82.63999938964844,83.16999816894531,81.19000244140625,81.9800033569336,2312000,COST
2011-11-18,82.05999755859375,82.23999786376953,81.44000244140625,81.72000122070312,2355900,COST
2011-11-21,81.22000122070312,81.80999755859375,80.79000091552734,81.29000091552734,1872400,COST
2011-11-22,81.22000122070312,82.11000061035156,81.05000305175781,81.80999755859375,1635300,COST
2011-11-23,81.29000091552734,81.62999725341797,80.41000366210938,80.76000213623047,2183600,COST
2011-11-25,80.3499984741211,81.62999725341797,80.30000305175781,80.81999969482422,826800,COST
2011-11-28,82.76000213623047,82.81999969482422,81.73999786376953,82.2300033569336,2005400,COST
2011-11-29,82.63999938964844,83.66000366210938,82.01000213623047,83.51000213623047,1917300,COST
2011-11-30,84.93000030517578,85.81999969482422,84.5,85.30000305175781,3558500,COST
2011-12-01,85.0,87.68000030517578,84.95999908447266,87.08999633789062,3572400,COST
2011-12-02,87.6500015258789,88.68000030517578,86.62000274658203,86.7300033569336,2616600,COST
2011-12-05,87.79000091552734,88.19000244140625,86.6500015258789,87.19999694824219,1818900,COST
2011-12-06,87.55999755859375,88.4000015258789,86.93000030517578,88.05999755859375,2350500,COST
2011-12-07,87.69000244140625,87.9800033569336,86.19000244140625,87.47000122070312,2715800,COST
2011-12-08,84.87000274658203,86.94999694824219,84.0,85.76000213623047,4377800,COST
2011-12-09,84.68000030517578,85.30000305175781,84.12999725341797,84.37000274658203,3893100,COST
2011-12-12,84.0999984741211,84.5999984741211,83.5199966430664,84.1500015258789,2535900,COST
2011-12-13,84.5999984741211,84.70999908447266,83.37999725341797,83.62999725341797,2491200,COST
2011-12-14,83.56999969482422,83.91999816894531,82.75,82.75,1891000,COST
2011-12-15,83.0999984741211,83.33000183105469,82.5,82.56999969482422,1912000,COST
2011-12-16,83.06999969482422,83.62999725341797,82.31999969482422,82.56999969482422,3874600,COST
2011-12-19,82.80000305175781,83.37999725341797,81.8499984741211,82.05999755859375,2236700,COST
2011-12-20,83.1500015258789,83.91000366210938,82.91000366210938,83.63999938964844,2909500,COST
2011-12-21,83.58999633789062,84.41000366210938,82.95999908447266,83.79000091552734,2642200,COST
2011-12-22,83.94999694824219,84.0,83.19000244140625,83.7699966430664,1677900,COST
2011-12-23,83.69000244140625,84.69999694824219,83.52999877929688,84.66000366210938,1043100,COST
2011-12-27,84.5,84.75,83.86000061035156,84.58000183105469,986700,COST
2011-12-28,84.58000183105469,84.66000366210938,84.02999877929688,84.18000030517578,1142900,COST
2011-12-29,84.19999694824219,84.4000015258789,83.5999984741211,84.33999633789062,1021300,COST
2011-12-30,84.12000274658203,84.33999633789062,83.27999877929688,83.31999969482422,1235500,COST
2012-01-03,84.27999877929688,85.08000183105469,84.16000366210938,84.5999984741211,2339500,COST
2012-01-04,84.66999816894531,84.94999694824219,84.01000213623047,84.06999969482422,2260200,COST
2012-01-05,83.56999969482422,83.63999938964844,82.0999984741211,83.26000213623047,3590500,COST
2012-01-06,83.16999816894531,83.16999816894531,81.12000274658203,81.12999725341797,3397400,COST
2012-01-09,80.33999633789062,81.0,78.80999755859375,79.01000213623047,4798300,COST
2012-01-10,79.37000274658203,79.72000122070312,79.12999725341797,79.1500015258789,3647500,COST
2012-01-11,79.31999969482422,80.16000366210938,78.9800033569336,79.98999786376953,2415500,COST
2012-01-12,80.19000244140625,80.47000122070312,79.7699966430664,79.94999694824219,2502900,COST
2012-01-13,79.87000274658203,80.79000091552734,79.29000091552734,80.61000061035156,2658200,COST
2012-01-17,81.23999786376953,81.75,80.61000061035156,81.41999816894531,2747800,COST
2012-01-18,81.29000091552734,81.76000213623047,80.58999633789062,81.76000213623047,2418100,COST
2012-01-19,81.69999694824219,81.75,81.11000061035156,81.20999908447266,1994100,COST
2012-01-20,81.30000305175781,81.68000030517578,80.88999938964844,81.41000366210938,2304400,COST
2012-01-23,81.30000305175781,82.0,81.22000122070312,81.63999938964844,1916800,COST
2012-01-24,81.26000213623047,81.87999725341797,81.1500015258789,81.7300033569336,1642900,COST
2012-01-25,81.38999938964844,82.80000305175781,81.2300033569336,82.72000122070312,2558300,COST
2012-01-26,82.83000183105469,83.08000183105469,81.80000305175781,82.05999755859375,1952500,COST
2012-01-27,82.12999725341797,82.44000244140625,81.37999725341797,81.62000274658203,2312100,COST
2012-01-30,81.19999694824219,81.66999816894531,81.0,81.44000244140625,1973300,COST
2012-01-31,81.7699966430664,82.30000305175781,81.12000274658203,82.2699966430664,1844900,COST
2012-02-01,82.91999816894531,83.94000244140625,82.77999877929688,83.22000122070312,3036300,COST
2012-02-02,83.76000213623047,85.88999938964844,83.76000213623047,85.51000213623047,4697900,COST
2012-02-03,86.11000061035156,86.18000030517578,84.97000122070312,85.36000061035156,2347900,COST
2012-02-06,84.66999816894531,85.19999694824219,84.6500015258789,85.04000091552734,1379000,COST
2012-02-07,84.66000366210938,85.0,84.37999725341797,84.55999755859375,1574900,COST
2012-02-08,84.44999694824219,84.58999633789062,83.8499984741211,84.27999877929688,1662600,COST
2012-02-09,84.2699966430664,84.5999984741211,84.06999969482422,84.52999877929688,1317300,COST
2012-02-10,84.12000274658203,84.30999755859375,83.68000030517578,84.19999694824219,1689300,COST
2012-02-13,84.55000305175781,84.61000061035156,83.23999786376953,83.87000274658203,1556200,COST
2012-02-14,83.47000122070312,84.0999984741211,83.30000305175781,84.0999984741211,1186000,COST
2012-02-15,84.4800033569336,84.5199966430664,83.04000091552734,83.23999786376953,1570300,COST
2012-02-16,83.51000213623047,84.05000305175781,83.51000213623047,84.05000305175781,1771900,COST
2012-02-17,83.94000244140625,84.51000213623047,83.80000305175781,84.47000122070312,1966300,COST
2012-02-21,84.5999984741211,84.69000244140625,83.6500015258789,84.26000213623047,2345800,COST
2012-02-22,84.3499984741211,84.73999786376953,83.72000122070312,84.30999755859375,1955300,COST
2012-02-23,84.30999755859375,84.95999908447266,83.80000305175781,84.7699966430664,1996900,COST
2012-02-24,84.98999786376953,84.98999786376953,84.05000305175781,84.4000015258789,1262000,COST
2012-02-27,84.16999816894531,85.25,84.01000213623047,85.08999633789062,2344500,COST
2012-02-28,85.02999877929688,85.86000061035156,84.58000183105469,85.2699966430664,3529700,COST
2012-02-29,86.19000244140625,87.19999694824219,85.7300033569336,86.05999755859375,5345100,COST
2012-03-01,86.54000091552734,86.79000091552734,85.69000244140625,86.16000366210938,3051100,COST
2012-03-02,85.70999908447266,86.30000305175781,85.70999908447266,86.2300033569336,1956300,COST
2012-03-05,86.0,87.66999816894531,85.83000183105469,87.62999725341797,3040500,COST
2012-03-06,87.11000061035156,87.94999694824219,86.94999694824219,87.58000183105469,3181300,COST
2012-03-07,87.9000015258789,87.93000030517578,87.19999694824219,87.88999938964844,2173900,COST
2012-03-08,88.01000213623047,88.5,87.83999633789062,88.30000305175781,1614200,COST
2012-03-09,88.47000122070312,89.5199966430664,88.37999725341797,89.33999633789062,1724100,COST
2012-03-12,89.27999877929688,89.72000122070312,89.05999755859375,89.43000030517578,1354700,COST
2012-03-13,89.77999877929688,90.0,89.29000091552734,89.9800033569336,1735400,COST
2012-03-14,89.47000122070312,90.95999908447266,89.45999908447266,90.9000015258789,2066800,COST
2012-03-15,90.81999969482422,91.5999984741211,90.2699966430664,91.45999908447266,1834300,COST
2012-03-16,91.26000213623047,91.5,90.26000213623047,90.44000244140625,3556600,COST
2012-03-19,90.75,90.76000213623047,89.58000183105469,90.0199966430664,1608300,COST
2012-03-20,89.9000015258789,90.48999786376953,89.58000183105469,90.26000213623047,1500400,COST
2012-03-21,90.36000061035156,90.94999694824219,90.20999908447266,90.63999938964844,1693900,COST
2012-03-22,90.25,91.08999633789062,90.05000305175781,90.5,1499300,COST
2012-03-23,90.48999786376953,90.62999725341797,89.83000183105469,90.2699966430664,1601400,COST
2012-03-26,90.62999725341797,91.52999877929688,90.37999725341797,91.5199966430664,1884800,COST
2012-03-27,91.52999877929688,91.77999877929688,90.97000122070312,91.27999877929688,1310700,COST
2012-03-28,91.23999786376953,91.48999786376953,90.12999725341797,90.62000274658203,1609000,COST
2012-03-29,90.16000366210938,90.72000122070312,89.33000183105469,89.83999633789062,2245600,COST
2012-03-30,90.04000091552734,91.1500015258789,90.01000213623047,90.80000305175781,2556600,COST
2012-04-02,90.94000244140625,92.0999984741211,90.83000183105469,91.83999633789062,2705100,COST
2012-04-03,91.44999694824219,91.76000213623047,90.01000213623047,90.38999938964844,2823000,COST
2012-04-04,90.13999938964844,90.5,88.97000122070312,89.04000091552734,2529400,COST
2012-04-05,87.41000366210938,88.87000274658203,87.4000015258789,88.6500015258789,2752600,COST
2012-04-09,87.68000030517578,88.13999938964844,87.02999877929688,87.87999725341797,1817700,COST
2012-04-10,87.54000091552734,87.58999633789062,86.37000274658203,86.88999938964844,2812100,COST
2012-04-11,87.5,87.58999633789062,87.05999755859375,87.31999969482422,1912600,COST
2012-04-12,87.51000213623047,87.55999755859375,86.94999694824219,87.18000030517578,2509800,COST
2012-04-13,86.91000366210938,87.13999938964844,86.02999877929688,86.31999969482422,2737800,COST
2012-04-16,86.66000366210938,87.12000274658203,86.30000305175781,86.87999725341797,1956700,COST
2012-04-17,87.16999816894531,87.86000061035156,87.13999938964844,87.66999816894531,1732900,COST
2012-04-18,87.30000305175781,88.48999786376953,87.19000244140625,88.06999969482422,1620100,COST
2012-04-19,87.94000244140625,87.94000244140625,86.69000244140625,87.12000274658203,1762800,COST
2012-04-20,87.37999725341797,88.06999969482422,87.26000213623047,87.58000183105469,2203100,COST
2012-04-23,87.22000122070312,87.30000305175781,86.38999938964844,86.62000274658203,1712500,COST
2012-04-24,86.80999755859375,87.19999694824219,86.22000122070312,86.43000030517578,1796800,COST
2012-04-25,86.7699966430664,87.44999694824219,86.5199966430664,87.27999877929688,2301900,COST
2012-04-26,87.26000213623047,88.45999908447266,87.0,88.08000183105469,2443100,COST
2012-04-27,88.38999938964844,89.22000122070312,88.13999938964844,88.69000244140625,1597500,COST
2012-04-30,88.69999694824219,89.0,88.12999725341797,88.18000030517578,1790700,COST
2012-05-01,86.91000366210938,88.0,86.37999725341797,86.97000122070312,2970500,COST
2012-05-02,86.88999938964844,86.94999694824219,86.23999786376953,86.63999938964844,2432800,COST
2012-05-03,85.86000061035156,85.94000244140625,83.94000244140625,84.23999786376953,4696600,COST
2012-05-04,84.20999908447266,84.43000030517578,83.31999969482422,83.38999938964844,2796800,COST
2012-05-07,83.37999725341797,83.73999786376953,83.0,83.1500015258789,2042900,COST
2012-05-08,83.0199966430664,83.31999969482422,81.9800033569336,82.63999938964844,2609500,COST
2012-05-09,82.22000122070312,83.0999984741211,82.0999984741211,82.62000274658203,2416000,COST
2012-05-10,83.4000015258789,84.36000061035156,83.11000061035156,83.87999725341797,2600000,COST
2012-05-11,83.83999633789062,85.05000305175781,83.69999694824219,84.5999984741211,2863800,COST
2012-05-14,84.26000213623047,84.72000122070312,83.76000213623047,84.30000305175781,1656500,COST
2012-05-15,84.0999984741211,85.13999938964844,84.08000183105469,84.58000183105469,2165200,COST
2012-05-16,84.87999725341797,85.26000213623047,84.56999969482422,84.91000366210938,2149600,COST
2012-05-17,84.86000061035156,85.20999908447266,83.47000122070312,83.47000122070312,2022500,COST
2012-05-18,83.69999694824219,84.19000244140625,82.66000366210938,82.94000244140625,3152700,COST
2012-05-21,83.19000244140625,83.87999725341797,82.75,83.7300033569336,1598800,COST
2012-05-22,83.47000122070312,84.26000213623047,83.01000213623047,83.37999725341797,2244800,COST
2012-05-23,82.9800033569336,83.36000061035156,82.26000213623047,83.30999755859375,2915900,COST
2012-05-24,84.25,85.2699966430664,83.4800033569336,84.4800033569336,3558300,COST
2012-05-25,84.9000015258789,85.06999969482422,84.0,84.4800033569336,2379600,COST
2012-05-29,85.11000061035156,86.68000030517578,85.08000183105469,86.63999938964844,3151400,COST
2012-05-30,85.9000015258789,86.43000030517578,85.7699966430664,85.80999755859375,3111900,COST
2012-05-31,85.58999633789062,87.05000305175781,85.58000183105469,86.38999938964844,3564700,COST
2012-06-01,86.0,86.16000366210938,85.16999816894531,85.48999786376953,3096100,COST
2012-06-04,85.44000244140625,86.5999984741211,85.37000274658203,86.55999755859375,2404300,COST
2012-06-05,86.29000091552734,86.95999908447266,85.73999786376953,86.7699966430664,2143800,COST
2012-06-06,86.98999786376953,87.83000183105469,86.87999725341797,87.77999877929688,2187100,COST
2012-06-07,88.05000305175781,88.69999694824219,87.94999694824219,88.12999725341797,1909700,COST
2012-06-08,88.01000213623047,89.19999694824219,87.69999694824219,88.73999786376953,1888800,COST
2012-06-11,89.05999755859375,89.1500015258789,87.83999633789062,87.91000366210938,1569500,COST
2012-06-12,88.23999786376953,88.55999755859375,87.58000183105469,88.5,1822500,COST
2012-06-13,88.11000061035156,88.41000366210938,87.25,87.43000030517578,1405000,COST
2012-06-14,87.8499984741211,90.08000183105469,87.80999755859375,89.83000183105469,3117300,COST
2012-06-15,90.3499984741211,91.63999938964844,90.08999633789062,91.44000244140625,3911800,COST
2012-06-18,91.37000274658203,92.08999633789062,91.01000213623047,92.02999877929688,1570900,COST
2012-06-19,91.93000030517578,92.66999816894531,91.44000244140625,91.86000061035156,1821400,COST
2012-06-20,91.68000030517578,91.93000030517578,90.87000274658203,91.48999786376953,1929900,COST
2012-06-21,91.5,92.3499984741211,90.27999877929688,90.4000015258789,2631700,COST
2012-06-22,90.79000091552734,91.29000091552734,90.41999816894531,90.93000030517578,1539800,COST
2012-06-25,90.75,91.25,90.38999938964844,90.87000274658203,1592600,COST
2012-06-26,91.1500015258789,91.79000091552734,90.69999694824219,91.69000244140625,2600100,COST
2012-06-27,91.9800033569336,92.20999908447266,91.0,91.31999969482422,2087600,COST
2012-06-28,90.83000183105469,93.0,89.91000366210938,92.91999816894531,4408300,COST
2012-06-29,93.51000213623047,95.11000061035156,93.43000030517578,95.0,3438000,COST
2012-07-02,95.0,95.55000305175781,94.2300033569336,94.4000015258789,2279300,COST
2012-07-03,94.51000213623047,94.62000274658203,94.0999984741211,94.41999816894531,1120600,COST
2012-07-05,93.45999908447266,94.52999877929688,93.44000244140625,94.0,1902200,COST
2012-07-06,94.05999755859375,94.69999694824219,93.45999908447266,93.68000030517578,1722000,COST
2012-07-09,94.0,94.33999633789062,93.18000030517578,93.97000122070312,1511300,COST
2012-07-10,94.47000122070312,94.75,93.6500015258789,93.80000305175781,1867600,COST
2012-07-11,93.87999725341797,94.72000122070312,93.75,94.5,2074100,COST
2012-07-12,94.08999633789062,94.23999786376953,93.11000061035156,94.0199966430664,1895200,COST
2012-07-13,94.11000061035156,94.97000122070312,93.73999786376953,94.80999755859375,1510000,COST
2012-07-16,94.54000091552734,95.36000061035156,94.0999984741211,95.1500015258789,1313900,COST
2012-07-17,95.30000305175781,96.3499984741211,94.91000366210938,96.05999755859375,1767900,COST
2012-07-18,95.68000030517578,96.43000030517578,95.5199966430664,95.95999908447266,1788400,COST
2012-07-19,96.0199966430664,96.37999725341797,95.06999969482422,95.94999694824219,1602300,COST
2012-07-20,95.80000305175781,96.4000015258789,95.08999633789062,95.61000061035156,2024400,COST
2012-07-23,95.11000061035156,95.11000061035156,93.87000274658203,94.38999938964844,1546900,COST
2012-07-24,94.5199966430664,94.5199966430664,93.43000030517578,94.08000183105469,1278300,COST
2012-07-25,94.19000244140625,94.25,93.19999694824219,93.75,1462300,COST
2012-07-26,94.94999694824219,96.12999725341797,94.86000061035156,95.91000366210938,1562100,COST
2012-07-27,96.1500015258789,97.76000213623047,96.06999969482422,97.11000061035156,1564700,COST
2012-07-30,97.11000061035156,97.30000305175781,96.13999938964844,96.45999908447266,1838100,COST
2012-07-31,96.13999938964844,96.58000183105469,95.55999755859375,96.18000030517578,1361900,COST
2012-08-01,96.43000030517578,97.16999816894531,95.62999725341797,95.94000244140625,2839100,COST
2012-08-02,95.5999984741211,96.33999633789062,95.0,95.69999694824219,1373500,COST
2012-08-03,97.0,97.37999725341797,96.70999908447266,97.20999908447266,1371600,COST
2012-08-06,97.18000030517578,97.19999694824219,96.41999816894531,96.5,1071400,COST
2012-08-07,96.72000122070312,96.93000030517578,95.75,95.80000305175781,1705400,COST
2012-08-08,95.94000244140625,96.3499984741211,95.44000244140625,95.62999725341797,1369700,COST
2012-08-09,95.81999969482422,95.9000015258789,95.05000305175781,95.37000274658203,1007000,COST
2012-08-10,95.0199966430664,95.43000030517578,94.51000213623047,95.30000305175781,1214900,COST
2012-08-13,95.08000183105469,95.62999725341797,94.83999633789062,95.62999725341797,830500,COST
2012-08-14,96.0,96.0,95.37000274658203,95.66999816894531,1187400,COST
2012-08-15,95.83999633789062,96.88999938964844,95.51000213623047,96.47000122070312,1082300,COST
2012-08-16,96.2300033569336,96.61000061035156,95.69999694824219,96.4800033569336,1638100,COST
2012-08-17,96.79000091552734,96.83999633789062,95.86000061035156,96.13999938964844,1520600,COST
2012-08-20,96.0,96.12000274658203,95.63999938964844,96.0199966430664,684400,COST
2012-08-21,95.94999694824219,96.12999725341797,95.16000366210938,95.29000091552734,1256200,COST
2012-08-22,95.33000183105469,95.9800033569336,95.05000305175781,95.52999877929688,842300,COST
2012-08-23,95.18000030517578,95.48999786376953,94.69000244140625,94.73999786376953,1155700,COST
2012-08-24,94.68000030517578,96.41000366210938,94.38999938964844,96.25,1257400,COST
2012-08-27,96.1500015258789,96.8499984741211,95.83000183105469,96.63999938964844,1112100,COST
2012-08-28,96.31999969482422,97.12999725341797,96.20999908447266,96.56999969482422,908000,COST
2012-08-29,95.5999984741211,97.2699966430664,95.5999984741211,97.11000061035156,1494700,COST
2012-08-30,97.55999755859375,99.05999755859375,96.55000305175781,98.58999633789062,2426400,COST
2012-08-31,99.27999877929688,99.27999877929688,97.70999908447266,97.87000274658203,1692600,COST
2012-09-04,97.79000091552734,98.61000061035156,97.06999969482422,98.1500015258789,1184800,COST
2012-09-05,98.25,98.4800033569336,97.7699966430664,98.22000122070312,1156500,COST
2012-09-06,98.72000122070312,99.98999786376953,98.72000122070312,99.9800033569336,1462500,COST
2012-09-07,100.0,100.0,99.16999816894531,99.72000122070312,937600,COST
2012-09-10,99.48999786376953,100.70999908447266,99.33999633789062,100.44999694824219,1288500,COST
2012-09-11,100.37000274658203,100.54000091552734,99.45999908447266,99.5199966430664,1626900,COST
2012-09-12,99.98999786376953,100.95999908447266,99.5,100.88999938964844,1770600,COST
2012-09-13,100.79000091552734,102.88999938964844,100.54000091552734,102.75,1901900,COST
2012-09-14,102.68000030517578,102.87999725341797,101.94999694824219,102.18000030517578,3195300,COST
2012-09-17,102.0999984741211,102.77999877929688,101.9800033569336,102.25,1306900,COST
2012-09-18,102.19999694824219,102.20999908447266,101.69999694824219,101.98999786376953,1464100,COST
2012-09-19,102.4000015258789,102.41999816894531,101.70999908447266,101.87999725341797,1664000,COST
2012-09-20,101.58000183105469,102.68000030517578,101.5,102.63999938964844,1356100,COST
2012-09-21,102.76000213623047,103.51000213623047,102.08000183105469,102.36000061035156,3328600,COST
2012-09-24,102.75,102.94999694824219,102.22000122070312,102.61000061035156,1223800,COST
2012-09-25,102.4800033569336,103.11000061035156,101.43000030517578,101.44000244140625,1790400,COST
2012-09-26,101.86000061035156,102.7699966430664,100.95999908447266,101.0,1635200,COST
2012-09-27,101.05999755859375,101.69999694824219,100.12999725341797,100.30000305175781,1821100,COST
2012-09-28,100.22000122070312,100.45999908447266,99.75,100.16000366210938,1788700,COST
2012-10-01,100.62999725341797,101.87000274658203,100.29000091552734,100.51000213623047,1873600,COST
2012-10-02,100.86000061035156,101.37000274658203,99.33000183105469,99.48999786376953,2050700,COST
2012-10-03,99.25,99.95999908447266,98.75,99.62000274658203,2787900,COST
2012-10-04,100.0,101.69000244140625,99.95999908447266,101.4800033569336,2051800,COST
2012-10-05,101.80000305175781,102.4000015258789,101.54000091552734,101.79000091552734,1192300,COST
2012-10-08,101.58999633789062,101.7699966430664,101.05999755859375,101.3499984741211,813100,COST
2012-10-09,101.3499984741211,101.7699966430664,99.55999755859375,99.63999938964844,1606500,COST
2012-10-10,102.4000015258789,104.43000030517578,101.30000305175781,101.55999755859375,5739800,COST
2012-10-11,101.83000183105469,102.0,98.30000305175781,98.31999969482422,4753200,COST
2012-10-12,98.05999755859375,98.4800033569336,96.18000030517578,97.55000305175781,7552500,COST
2012-10-15,98.06999969482422,98.12999725341797,96.44000244140625,96.51000213623047,4005200,COST
2012-10-16,96.97000122070312,97.5199966430664,96.51000213623047,97.0,3788300,COST
2012-10-17,97.1500015258789,97.36000061035156,95.77999877929688,96.77999877929688,4113700,COST
2012-10-18,96.87000274658203,97.36000061035156,96.25,96.33000183105469,2804300,COST
2012-10-19,96.0999984741211,96.2300033569336,94.45999908447266,94.77999877929688,3859900,COST
2012-10-22,94.68000030517578,95.31999969482422,94.12999725341797,95.0,3097700,COST
2012-10-23,94.47000122070312,95.80999755859375,93.83999633789062,95.18000030517578,3357400,COST
2012-10-24,95.04000091552734,96.25,94.5,95.62000274658203,4327600,COST
2012-10-25,96.0,96.62999725341797,95.7699966430664,96.62000274658203,2734800,COST
2012-10-26,96.41999816894531,97.5199966430664,96.12000274658203,96.94000244140625,2998900,COST
2012-10-31,97.88999938964844,98.77999877929688,97.4000015258789,98.43000030517578,3534300,COST
2012-11-01,98.58999633789062,98.80000305175781,97.12999725341797,97.12999725341797,2941200,COST
2012-11-02,97.8499984741211,98.12000274658203,96.04000091552734,96.12000274658203,2025500,COST
2012-11-05,95.76000213623047,97.80000305175781,95.44999694824219,97.7300033569336,2199500,COST
2012-11-06,97.9800033569336,99.5999984741211,97.91999816894531,98.79000091552734,2410300,COST
2012-11-07,97.93000030517578,98.12000274658203,96.05999755859375,97.30000305175781,2620100,COST
2012-11-08,96.95999908447266,97.44000244140625,94.73999786376953,94.73999786376953,2906000,COST
2012-11-09,94.51000213623047,96.19999694824219,94.43000030517578,95.45999908447266,2542800,COST
2012-11-12,95.41999816894531,96.16000366210938,95.08999633789062,95.9800033569336,1632800,COST
2012-11-13,95.45999908447266,96.62999725341797,95.25,95.69000244140625,2328400,COST
2012-11-14,95.5999984741211,95.97000122070312,94.16000366210938,94.47000122070312,3587500,COST
2012-11-15,94.0,95.87999725341797,93.51000213623047,95.69999694824219,2445500,COST
2012-11-16,95.5199966430664,96.2300033569336,94.63999938964844,95.69000244140625,3105400,COST
2012-11-19,96.68000030517578,96.83000183105469,95.37000274658203,96.56999969482422,2877500,COST
2012-11-20,96.79000091552734,97.12000274658203,96.19999694824219,97.12000274658203,1783200,COST
2012-11-21,97.22000122070312,97.4000015258789,96.47000122070312,96.73999786376953,1045500,COST
2012-11-23,97.0,97.93000030517578,96.55999755859375,97.91999816894531,671900,COST
2012-11-26,97.36000061035156,97.52999877929688,95.83000183105469,96.26000213623047,1531200,COST
2012-11-27,96.30000305175781,97.33000183105469,95.7699966430664,96.51000213623047,2428000,COST
2012-11-28,100.44000244140625,102.62000274658203,100.0,102.58000183105469,10407800,COST
2012-11-29,103.08000183105469,103.20999908447266,101.55999755859375,101.87999725341797,6360500,COST
2012-11-30,102.4800033569336,104.5,101.66000366210938,103.91999816894531,4951400,COST
2012-12-03,104.81999969482422,104.81999969482422,103.9000015258789,104.58999633789062,4268800,COST
2012-12-04,104.55000305175781,104.91999816894531,104.0199966430664,104.4000015258789,3850200,COST
2012-12-05,104.55999755859375,105.97000122070312,104.30000305175781,105.94999694824219,8470800,COST
2012-12-06,98.44000244140625,99.62999725341797,98.08000183105469,98.47000122070312,5057500,COST
2012-12-07,98.87999725341797,99.01000213623047,98.16999816894531,98.55999755859375,3093800,COST
2012-12-10,98.9000015258789,99.2699966430664,98.55000305175781,98.94999694824219,2317000,COST
2012-12-11,99.0,99.6500015258789,98.06999969482422,98.30999755859375,4021200,COST
2012-12-12,99.0199966430664,99.38999938964844,97.25,97.72000122070312,5390300,COST
2012-12-13,98.05000305175781,98.87000274658203,97.33999633789062,97.8499984741211,2715100,COST
2012-12-14,97.0,97.95999908447266,96.8499984741211,96.91999816894531,2160800,COST
2012-12-17,97.01000213623047,98.9000015258789,97.0,98.77999877929688,2847800,COST
2012-12-18,98.9000015258789,99.95999908447266,98.63999938964844,99.86000061035156,2900500,COST
2012-12-19,99.48999786376953,100.22000122070312,98.63999938964844,98.68000030517578,3153300,COST
2012-12-20,99.22000122070312,99.43000030517578,98.13999938964844,99.19999694824219,1964100,COST
2012-12-21,98.43000030517578,99.55000305175781,97.63999938964844,99.48999786376953,4167700,COST
2012-12-24,99.12000274658203,99.94000244140625,98.77999877929688,99.44000244140625,933700,COST
2012-12-26,99.26000213623047,99.69999694824219,98.12000274658203,98.68000030517578,1456300,COST
2012-12-27,98.5199966430664,98.72000122070312,97.12999725341797,97.91999816894531,2057400,COST
2012-12-28,97.16999816894531,97.88999938964844,96.94000244140625,96.97000122070312,1651300,COST
2012-12-31,96.8499984741211,98.93000030517578,96.51000213623047,98.7300033569336,2412700,COST
2013-01-02,100.5999984741211,101.44999694824219,100.20999908447266,101.44999694824219,3153800,COST
2013-01-03,102.11000061035156,103.0199966430664,101.76000213623047,102.48999786376953,3872400,COST
2013-01-04,102.55000305175781,102.91000366210938,101.55000305175781,102.16000366210938,1989000,COST
2013-01-07,101.08999633789062,101.7300033569336,100.9000015258789,101.37000274658203,1663900,COST
2013-01-08,101.0,101.79000091552734,100.7300033569336,101.18000030517578,2189900,COST
2013-01-09,101.02999877929688,101.5,100.75,101.2300033569336,1834400,COST
2013-01-10,101.3499984741211,101.5,100.12999725341797,100.73999786376953,2328500,COST
2013-01-11,101.0,101.48999786376953,100.06999969482422,100.27999877929688,2206300,COST
2013-01-14,100.33999633789062,101.9000015258789,99.69999694824219,100.37000274658203,2155100,COST
2013-01-15,99.8499984741211,101.5199966430664,99.80999755859375,101.1500015258789,1725200,COST
2013-01-16,100.7300033569336,101.61000061035156,100.6500015258789,101.52999877929688,1201700,COST
2013-01-17,101.56999969482422,101.75,100.95999908447266,100.95999908447266,2095400,COST
2013-01-18,100.9000015258789,101.44999694824219,100.62000274658203,101.19999694824219,2341600,COST
2013-01-22,101.43000030517578,102.16999816894531,101.16999816894531,102.1500015258789,2004500,COST
2013-01-23,102.30000305175781,102.75,101.7699966430664,102.12000274658203,1442800,COST
2013-01-24,102.38999938964844,103.52999877929688,102.29000091552734,102.88999938964844,1515400,COST
2013-01-25,102.95999908447266,103.12999725341797,102.01000213623047,102.36000061035156,1612800,COST
2013-01-28,102.62000274658203,102.75,102.0,102.48999786376953,1631700,COST
2013-01-29,102.1500015258789,103.52999877929688,102.0999984741211,103.36000061035156,2073100,COST
2013-01-30,103.0,103.11000061035156,102.30000305175781,102.52999877929688,1939800,COST
2013-01-31,102.5,103.1500015258789,102.11000061035156,102.33999633789062,1656300,COST
2013-02-01,102.88999938964844,104.3499984741211,102.58999633789062,104.1500015258789,2316000,COST
2013-02-04,104.11000061035156,104.11000061035156,102.33999633789062,102.4800033569336,1728600,COST
2013-02-05,102.75,103.97000122070312,102.27999877929688,103.30999755859375,1842400,COST
2013-02-06,102.87999725341797,103.19000244140625,100.94000244140625,101.69999694824219,3192000,COST
2013-02-07,101.7699966430664,102.30999755859375,101.19999694824219,101.8499984741211,3007300,COST
2013-02-08,102.37999725341797,102.95999908447266,101.80999755859375,102.79000091552734,1726400,COST
2013-02-11,102.87000274658203,102.94000244140625,101.76000213623047,101.98999786376953,1457400,COST
2013-02-12,102.20999908447266,102.2300033569336,101.52999877929688,101.76000213623047,1203200,COST
2013-02-13,101.9800033569336,102.37000274658203,100.94999694824219,101.62999725341797,1224400,COST
2013-02-14,101.04000091552734,102.05999755859375,101.01000213623047,102.0199966430664,2211200,COST
2013-02-15,101.79000091552734,103.12999725341797,101.02999877929688,102.16999816894531,4239800,COST
2013-02-19,102.3499984741211,102.4000015258789,101.47000122070312,101.9000015258789,1894200,COST
2013-02-20,102.18000030517578,102.62999725341797,101.05000305175781,101.08000183105469,1915100,COST
2013-02-21,101.16999816894531,101.41999816894531,100.26000213623047,100.69000244140625,2730500,COST
2013-02-22,101.06999969482422,101.30000305175781,100.2300033569336,101.16000366210938,1576200,COST
2013-02-25,101.63999938964844,102.12999725341797,100.05999755859375,100.08999633789062,1644000,COST
2013-02-26,100.0999984741211,100.76000213623047,99.30999755859375,99.44999694824219,2915100,COST
2013-02-27,99.66999816894531,101.54000091552734,98.94999694824219,100.7300033569336,2511000,COST
2013-02-28,101.06999969482422,102.37000274658203,100.79000091552734,101.29000091552734,2213200,COST
2013-03-01,100.81999969482422,101.6500015258789,100.26000213623047,101.41999816894531,1790100,COST
2013-03-04,101.26000213623047,103.45999908447266,101.16000366210938,103.43000030517578,1942000,COST
2013-03-05,103.68000030517578,103.87999725341797,102.75,103.1500015258789,1611700,COST
2013-03-06,103.1500015258789,103.48999786376953,102.36000061035156,102.55999755859375,1254400,COST
2013-03-07,103.55000305175781,103.9800033569336,101.9000015258789,101.97000122070312,2603300,COST
2013-03-08,102.58000183105469,103.26000213623047,101.86000061035156,103.04000091552734,1549200,COST
2013-03-11,103.55000305175781,103.69000244140625,102.3499984741211,102.44000244140625,2120800,COST
2013-03-12,103.61000061035156,105.5199966430664,103.26000213623047,103.75,3795000,COST
2013-03-13,103.98999786376953,104.19000244140625,102.91000366210938,103.41999816894531,2459100,COST
2013-03-14,103.2699966430664,104.02999877929688,102.91000366210938,102.91000366210938,2316700,COST
2013-03-15,102.55000305175781,102.98999786376953,101.51000213623047,101.75,4001800,COST
2013-03-18,101.33999633789062,102.01000213623047,101.01000213623047,101.68000030517578,2138000,COST
2013-03-19,101.86000061035156,102.54000091552734,101.12999725341797,102.12000274658203,2240300,COST
2013-03-20,102.44000244140625,103.36000061035156,102.33999633789062,103.08000183105469,2316400,COST
2013-03-21,102.8499984741211,103.97000122070312,102.68000030517578,103.5199966430664,2216900,COST
2013-03-22,103.45999908447266,105.12000274658203,103.44000244140625,105.11000061035156,2036100,COST
2013-03-25,105.19000244140625,105.7699966430664,104.55999755859375,105.47000122070312,2315300,COST
2013-03-26,105.69000244140625,106.01000213623047,105.44000244140625,105.97000122070312,1452800,COST
2013-03-27,105.23999786376953,106.7699966430664,105.04000091552734,106.63999938964844,1971500,COST
2013-03-28,106.66000366210938,107.05999755859375,105.61000061035156,106.11000061035156,1672900,COST
2013-04-01,106.0,106.58999633789062,105.37999725341797,105.80999755859375,1005700,COST
2013-04-02,106.2699966430664,107.75,106.02999877929688,107.68000030517578,1831900,COST
2013-04-03,107.5,107.73999786376953,106.0,106.36000061035156,1833200,COST
2013-04-04,106.26000213623047,106.88999938964844,105.45999908447266,106.36000061035156,1575700,COST
2013-04-05,105.30000305175781,105.97000122070312,104.44999694824219,105.80000305175781,1678900,COST
2013-04-08,106.44999694824219,107.08999633789062,105.87000274658203,107.04000091552734,1077600,COST
2013-04-09,107.25,107.27999877929688,105.58999633789062,105.79000091552734,1947300,COST
2013-04-10,105.7300033569336,106.5199966430664,105.52999877929688,105.75,1757200,COST
2013-04-11,105.87999725341797,106.4000015258789,105.19000244140625,106.01000213623047,2319400,COST
2013-04-12,106.13999938964844,106.79000091552734,105.6500015258789,106.12999725341797,1437700,COST
2013-04-15,105.44999694824219,106.22000122070312,104.12999725341797,104.20999908447266,1818400,COST
2013-04-16,104.7300033569336,105.79000091552734,104.55000305175781,105.55000305175781,2796500,COST
2013-04-17,104.7699966430664,105.25,104.33999633789062,104.7699966430664,1882600,COST
2013-04-18,104.76000213623047,105.12000274658203,103.33000183105469,103.61000061035156,1854300,COST
2013-04-19,103.19999694824219,104.6500015258789,103.19999694824219,104.44999694824219,2215600,COST
2013-04-22,104.43000030517578,105.77999877929688,104.2699966430664,105.16000366210938,2048400,COST
2013-04-23,105.73999786376953,107.3499984741211,105.54000091552734,107.25,1731100,COST
2013-04-24,107.45999908447266,108.3499984741211,107.30000305175781,107.83000183105469,2234300,COST
2013-04-25,108.3499984741211,109.33999633789062,107.80000305175781,109.12999725341797,1848100,COST
2013-04-26,108.9000015258789,109.75,108.37999725341797,109.2699966430664,2146700,COST
2013-04-29,109.30000305175781,109.47000122070312,108.47000122070312,108.62999725341797,1728300,COST
2013-04-30,108.12000274658203,108.56999969482422,107.68000030517578,108.43000030517578,1561400,COST
2013-05-01,108.12999725341797,109.0,107.95999908447266,108.22000122070312,1199400,COST
2013-05-02,108.16999816894531,109.29000091552734,107.72000122070312,108.69000244140625,1442900,COST
2013-05-03,109.93000030517578,110.41000366210938,109.01000213623047,109.75,1407600,COST
2013-05-06,109.70999908447266,110.25,109.02999877929688,109.08999633789062,1112700,COST
2013-05-07,109.0199966430664,109.77999877929688,108.66000366210938,109.70999908447266,1617400,COST
2013-05-08,109.9000015258789,110.25,109.4000015258789,109.61000061035156,863800,COST
2013-05-09,109.87999725341797,110.1500015258789,108.87999725341797,109.13999938964844,1306300,COST
2013-05-10,109.41000366210938,110.1500015258789,109.16999816894531,109.98999786376953,1239600,COST
2013-05-13,109.69000244140625,110.31999969482422,109.5999984741211,110.01000213623047,1246600,COST
2013-05-14,110.29000091552734,111.72000122070312,109.88999938964844,111.38999938964844,1932800,COST
2013-05-15,110.86000061035156,112.94999694824219,110.69000244140625,112.81999969482422,1810600,COST
2013-05-16,112.58999633789062,113.0,111.22000122070312,111.51000213623047,1533600,COST
2013-05-17,112.20999908447266,113.19000244140625,111.63999938964844,113.05000305175781,1678300,COST
2013-05-20,113.05999755859375,113.12999725341797,111.94999694824219,112.0199966430664,1664300,COST
2013-05-21,112.4800033569336,113.95999908447266,112.20999908447266,113.4800033569336,1946000,COST
2013-05-22,113.33000183105469,114.72000122070312,112.93000030517578,113.37999725341797,2524300,COST
2013-05-23,112.7300033569336,114.19999694824219,111.8499984741211,113.19000244140625,2225200,COST
2013-05-24,112.4800033569336,114.69000244140625,112.25,114.38999938964844,1769800,COST
2013-05-28,115.0999984741211,115.7699966430664,114.02999877929688,114.83000183105469,2693700,COST
2013-05-29,114.52999877929688,114.6500015258789,112.73999786376953,112.94999694824219,1834000,COST
2013-05-30,114.27999877929688,115.48999786376953,111.87000274658203,111.87999725341797,3459400,COST
2013-05-31,112.12000274658203,112.73999786376953,109.62999725341797,109.62999725341797,3537200,COST
2013-06-03,109.91999816894531,111.05000305175781,108.56999969482422,110.87999725341797,2341400,COST
2013-06-04,110.86000061035156,111.80999755859375,109.9000015258789,110.66000366210938,1855200,COST
2013-06-05,110.12000274658203,110.58999633789062,108.87999725341797,109.16999816894531,2018400,COST
2013-06-06,109.54000091552734,111.12999725341797,109.37999725341797,111.08999633789062,2186800,COST
2013-06-07,111.23999786376953,111.94999694824219,110.16999816894531,110.58000183105469,2013400,COST
2013-06-10,110.93000030517578,111.02999877929688,109.63999938964844,110.30999755859375,1563900,COST
2013-06-11,109.75,111.0,109.5199966430664,110.0199966430664,1066300,COST
2013-06-12,110.75,110.81999969482422,109.11000061035156,109.4000015258789,1320200,COST
2013-06-13,109.16999816894531,111.13999938964844,109.0199966430664,110.87999725341797,1230500,COST
2013-06-14,110.37000274658203,111.62000274658203,110.33000183105469,111.0,1318000,COST
2013-06-17,111.75,112.5,110.94000244140625,111.69999694824219,1441700,COST
2013-06-18,111.54000091552734,112.19999694824219,111.19999694824219,112.08999633789062,1250200,COST
2013-06-19,112.2300033569336,112.58999633789062,110.13999938964844,110.19000244140625,1458600,COST
2013-06-20,109.7300033569336,109.7300033569336,107.37999725341797,107.55999755859375,2211900,COST
2013-06-21,108.38999938964844,109.58000183105469,107.9000015258789,108.6500015258789,3111500,COST
2013-06-24,107.45999908447266,110.5999984741211,107.44000244140625,109.63999938964844,1832300,COST
2013-06-25,110.68000030517578,110.68000030517578,109.23999786376953,110.25,1607800,COST
2013-06-26,110.44999694824219,111.47000122070312,110.0999984741211,111.18000030517578,1539200,COST
2013-06-27,111.56999969482422,112.3499984741211,111.23999786376953,111.48999786376953,922200,COST
2013-06-28,111.20999908447266,112.22000122070312,110.5199966430664,110.56999969482422,1853600,COST
2013-07-01,111.55000305175781,111.80999755859375,110.31999969482422,110.43000030517578,1112700,COST
2013-07-02,110.62999725341797,111.87000274658203,110.44999694824219,110.8499984741211,1279700,COST
2013-07-03,110.43000030517578,111.29000091552734,110.05999755859375,110.91000366210938,752200,COST
2013-07-05,112.23999786376953,112.30999755859375,110.70999908447266,111.76000213623047,1366700,COST
2013-07-08,112.33999633789062,112.97000122070312,112.06999969482422,112.62000274658203,1525200,COST
2013-07-09,113.08999633789062,113.5999984741211,112.75,113.3499984741211,1360800,COST
2013-07-10,113.4800033569336,114.04000091552734,113.30999755859375,113.6500015258789,1274300,COST
2013-07-11,114.83999633789062,115.94000244140625,114.33999633789062,115.88999938964844,1549900,COST
2013-07-12,115.47000122070312,116.87999725341797,115.19999694824219,116.45999908447266,2233300,COST
2013-07-15,116.0,116.23999786376953,115.12000274658203,115.88999938964844,1156500,COST
2013-07-16,116.16999816894531,116.73999786376953,115.55000305175781,116.52999877929688,1295200,COST
2013-07-17,116.95999908447266,117.69999694824219,116.3499984741211,117.4000015258789,1276900,COST
2013-07-18,117.33999633789062,117.5999984741211,116.4000015258789,117.05999755859375,1180700,COST
2013-07-19,117.58000183105469,118.13999938964844,116.56999969482422,118.06999969482422,1639200,COST
2013-07-22,118.81999969482422,118.83000183105469,117.6500015258789,118.05000305175781,1158000,COST
2013-07-23,118.37000274658203,119.1500015258789,118.29000091552734,119.0999984741211,1079600,COST
2013-07-24,119.0,119.38999938964844,117.25,117.9000015258789,1726900,COST
2013-07-25,117.08999633789062,117.68000030517578,116.66000366210938,117.44999694824219,1352200,COST
2013-07-26,116.7699966430664,117.0,115.54000091552734,116.56999969482422,1863100,COST
2013-07-29,116.4800033569336,117.69999694824219,116.23999786376953,117.13999938964844,1198100,COST
2013-07-30,117.83999633789062,118.30999755859375,116.7699966430664,116.93000030517578,1162500,COST
2013-07-31,117.55000305175781,118.0999984741211,116.97000122070312,117.41999816894531,1925200,COST
2013-08-01,118.06999969482422,118.5999984741211,117.6500015258789,118.33999633789062,1255700,COST
2013-08-02,118.30000305175781,119.5,117.91999816894531,119.37000274658203,1503600,COST
2013-08-05,119.44999694824219,120.19999694824219,118.94000244140625,120.06999969482422,1336700,COST
2013-08-06,119.23999786376953,119.91999816894531,119.0199966430664,119.5,1308500,COST
2013-08-07,119.1500015258789,119.5199966430664,118.45999908447266,119.33999633789062,1297600,COST
2013-08-08,118.05999755859375,118.91000366210938,116.08000183105469,117.38999938964844,2372700,COST
2013-08-09,116.86000061035156,117.25,115.37000274658203,115.62999725341797,1676800,COST
2013-08-12,115.58999633789062,116.20999908447266,115.0199966430664,115.7300033569336,1596800,COST
2013-08-13,116.33999633789062,116.3499984741211,114.75,115.6500015258789,1230300,COST
2013-08-14,115.1500015258789,115.25,113.58999633789062,113.77999877929688,1656500,COST
2013-08-15,112.45999908447266,112.77999877929688,111.51000213623047,111.79000091552734,1656600,COST
2013-08-16,111.7699966430664,112.51000213623047,111.6500015258789,111.9000015258789,1651000,COST
2013-08-19,111.9000015258789,112.94000244140625,111.80000305175781,112.08000183105469,1259500,COST
2013-08-20,112.23999786376953,113.29000091552734,112.0999984741211,112.83999633789062,1448500,COST
2013-08-21,112.62999725341797,112.87000274658203,111.8499984741211,111.95999908447266,1329300,COST
2013-08-22,112.05000305175781,112.58000183105469,111.9000015258789,112.23999786376953,998500,COST
2013-08-23,112.58999633789062,113.48999786376953,111.66000366210938,113.06999969482422,1444900,COST
2013-08-26,113.0,113.12000274658203,111.83999633789062,111.87000274658203,1031500,COST
2013-08-27,111.2300033569336,111.87000274658203,111.02999877929688,111.66999816894531,1415500,COST
2013-08-28,111.72000122070312,111.72000122070312,110.36000061035156,110.45999908447266,1648900,COST
2013-08-29,110.29000091552734,111.88999938964844,110.19000244140625,111.38999938964844,1388000,COST
2013-08-30,111.73999786376953,112.19000244140625,111.1500015258789,111.87000274658203,1207700,COST
2013-09-03,112.80999755859375,113.12999725341797,111.55000305175781,111.9800033569336,1204600,COST
2013-09-04,111.98999786376953,112.27999877929688,111.3499984741211,111.5,1397900,COST
2013-09-05,113.0,115.0999984741211,113.0,114.62000274658203,2564100,COST
2013-09-06,114.30000305175781,115.01000213623047,113.12000274658203,114.3499984741211,2232000,COST
2013-09-09,114.16999816894531,115.47000122070312,113.93000030517578,115.3499984741211,1262000,COST
2013-09-10,115.8499984741211,117.55999755859375,115.52999877929688,117.31999969482422,1665400,COST
2013-09-11,117.56999969482422,119.33999633789062,117.5,119.25,1808600,COST
2013-09-12,119.05999755859375,119.33000183105469,117.86000061035156,118.19000244140625,1371000,COST
2013-09-13,118.52999877929688,118.56999969482422,116.91000366210938,117.02999877929688,1661000,COST
2013-09-16,118.36000061035156,118.45999908447266,116.95999908447266,117.3499984741211,1767100,COST
2013-09-17,117.30000305175781,118.5199966430664,117.08999633789062,117.91000366210938,990900,COST
2013-09-18,117.68000030517578,119.05999755859375,116.95999908447266,118.63999938964844,1858800,COST
2013-09-19,119.06999969482422,119.47000122070312,118.63999938964844,119.19999694824219,1219500,COST
2013-09-20,119.36000061035156,119.44999694824219,117.61000061035156,117.94000244140625,2587100,COST
2013-09-23,117.08000183105469,118.16999816894531,117.05000305175781,117.56999969482422,1762600,COST
2013-09-24,117.31999969482422,118.08000183105469,116.31999969482422,116.33999633789062,1650000,COST
2013-09-25,116.44999694824219,116.56999969482422,115.0,115.41000366210938,2268800,COST
2013-09-26,115.88999938964844,116.4800033569336,115.23999786376953,116.4000015258789,1039100,COST
2013-09-27,115.61000061035156,116.20999908447266,115.41999816894531,115.72000122070312,897500,COST
2013-09-30,115.02999877929688,115.55999755859375,114.73999786376953,115.16999816894531,1829000,COST
2013-10-01,115.11000061035156,115.16999816894531,114.6500015258789,115.0,1452200,COST
2013-10-02,114.62000274658203,115.08999633789062,114.31999969482422,114.81999969482422,1640200,COST
2013-10-03,114.33999633789062,115.13999938964844,113.9000015258789,114.41999816894531,1608000,COST
2013-10-04,114.18000030517578,114.94999694824219,114.02999877929688,114.44000244140625,1084900,COST
2013-10-07,113.80999755859375,114.16999816894531,113.36000061035156,113.41000366210938,1293900,COST
2013-10-08,113.48999786376953,113.79000091552734,112.12000274658203,112.20999908447266,2148600,COST
2013-10-09,111.08000183105469,115.2300033569336,110.1500015258789,114.58999633789062,5852500,COST
2013-10-10,114.9800033569336,115.95999908447266,114.12999725341797,115.69999694824219,2388300,COST
2013-10-11,115.16000366210938,116.0,114.73999786376953,115.9000015258789,1563000,COST
2013-10-14,115.01000213623047,116.30000305175781,115.01000213623047,116.26000213623047,1195100,COST
2013-10-15,115.76000213623047,116.11000061035156,115.2699966430664,115.36000061035156,1503100,COST
2013-10-16,116.2699966430664,117.48999786376953,115.62000274658203,117.36000061035156,1854900,COST
2013-10-17,117.2300033569336,118.69999694824219,117.0999984741211,118.26000213623047,2099700,COST
2013-10-18,118.31999969482422,118.3499984741211,116.62999725341797,117.63999938964844,2727100,COST
2013-10-21,117.41000366210938,117.5,116.75,117.37999725341797,1454600,COST
2013-10-22,117.18000030517578,118.88999938964844,117.08999633789062,117.80999755859375,1386000,COST
2013-10-23,117.25,118.02999877929688,117.0199966430664,117.16000366210938,1183200,COST
2013-10-24,115.54000091552734,116.80000305175781,115.18000030517578,116.23999786376953,2250100,COST
2013-10-25,115.97000122070312,116.45999908447266,115.29000091552734,116.44000244140625,1840100,COST
2013-10-28,116.19999694824219,118.29000091552734,116.19999694824219,117.3499984741211,1802400,COST
2013-10-29,117.66999816894531,118.98999786376953,117.37000274658203,118.75,1881000,COST
2013-10-30,118.58999633789062,118.9000015258789,117.20999908447266,117.76000213623047,1108600,COST
2013-10-31,117.86000061035156,118.5999984741211,117.47000122070312,118.0,1587700,COST
2013-11-01,118.70999908447266,119.80000305175781,118.55000305175781,119.62000274658203,2185100,COST
2013-11-04,120.0,120.4000015258789,119.26000213623047,120.33999633789062,1588900,COST
2013-11-05,120.1500015258789,120.43000030517578,119.0999984741211,120.12999725341797,1419700,COST
2013-11-06,120.44000244140625,124.55999755859375,120.31999969482422,124.06999969482422,3059000,COST
2013-11-07,124.73999786376953,124.73999786376953,122.51000213623047,122.77999877929688,2459500,COST
2013-11-08,122.20999908447266,122.88999938964844,121.12000274658203,122.77999877929688,2314300,COST
2013-11-11,122.73999786376953,123.66999816894531,122.0999984741211,123.0199966430664,1275700,COST
2013-11-12,121.61000061035156,122.7300033569336,121.5199966430664,122.44999694824219,1588000,COST
2013-11-13,121.91000366210938,123.16999816894531,121.5999984741211,123.16999816894531,1679300,COST
2013-11-14,123.38999938964844,124.05999755859375,122.8499984741211,123.73999786376953,1488000,COST
2013-11-15,123.66000366210938,124.69000244140625,123.38999938964844,124.29000091552734,1784200,COST
2013-11-18,124.66000366210938,124.66000366210938,122.91999816894531,123.30999755859375,1327600,COST
2013-11-19,123.54000091552734,124.0999984741211,123.12000274658203,123.62999725341797,1233600,COST
2013-11-20,124.0,124.20999908447266,122.43000030517578,122.76000213623047,1135900,COST
2013-11-21,122.94999694824219,124.19999694824219,122.30999755859375,123.88999938964844,1164200,COST
2013-11-22,124.26000213623047,125.3499984741211,124.0,125.20999908447266,1502000,COST
2013-11-25,125.66999816894531,126.12000274658203,124.9000015258789,125.16999816894531,1391900,COST
2013-11-26,125.20999908447266,126.12000274658203,125.04000091552734,125.18000030517578,1597700,COST
2013-11-27,125.6500015258789,125.88999938964844,125.19999694824219,125.37999725341797,873400,COST
2013-11-29,125.69999694824219,126.02999877929688,125.13999938964844,125.43000030517578,725400,COST
2013-12-02,125.66000366210938,125.69000244140625,123.44999694824219,123.69000244140625,1444900,COST
2013-12-03,123.72000122070312,123.97000122070312,122.97000122070312,123.81999969482422,1767900,COST
2013-12-04,123.26000213623047,124.45999908447266,122.36000061035156,122.97000122070312,1644000,COST
2013-12-05,121.5,122.3499984741211,120.5,120.94999694824219,3329000,COST
2013-12-06,122.0,122.1500015258789,121.0199966430664,122.05999755859375,1734800,COST
2013-12-09,122.81999969482422,122.83999633789062,121.37999725341797,121.66000366210938,2192500,COST
2013-12-10,121.19000244140625,121.4800033569336,119.97000122070312,120.04000091552734,3163300,COST
2013-12-11,118.0999984741211,120.30000305175781,116.97000122070312,118.56999969482422,6113600,COST
2013-12-12,118.5199966430664,119.4000015258789,118.0999984741211,118.22000122070312,2023600,COST
2013-12-13,119.01000213623047,119.05000305175781,117.41000366210938,117.91000366210938,1722600,COST
2013-12-16,117.91999816894531,118.9000015258789,117.52999877929688,118.0,2069500,COST
2013-12-17,118.16999816894531,118.36000061035156,117.0199966430664,117.55000305175781,1722800,COST
2013-12-18,117.77999877929688,118.5999984741211,115.8499984741211,118.5,3167600,COST
2013-12-19,117.83999633789062,118.44000244140625,117.25,117.98999786376953,2339400,COST
2013-12-20,117.69000244140625,119.05000305175781,117.69000244140625,118.52999877929688,3007000,COST
2013-12-23,119.0999984741211,119.12999725341797,118.12999725341797,118.69000244140625,1181600,COST
2013-12-24,118.69000244140625,118.8499984741211,118.18000030517578,118.69000244140625,612500,COST
2013-12-26,118.68000030517578,119.11000061035156,118.58999633789062,118.62999725341797,1169900,COST
2013-12-27,118.87000274658203,119.30999755859375,118.25,118.52999877929688,995100,COST
2013-12-30,118.94999694824219,119.37000274658203,118.56999969482422,118.7699966430664,812800,COST
2013-12-31,119.19000244140625,119.70999908447266,118.70999908447266,119.0199966430664,1181700,COST
2014-01-02,118.70999908447266,119.30000305175781,117.73999786376953,117.80999755859375,1618400,COST
2014-01-03,118.20999908447266,118.36000061035156,117.12999725341797,117.29000091552734,1293500,COST
2014-01-06,117.48999786376953,117.75,115.88999938964844,116.4000015258789,2120200,COST
2014-01-07,116.38999938964844,116.55999755859375,115.37999725341797,115.86000061035156,2292500,COST
2014-01-08,116.04000091552734,116.04000091552734,113.91999816894531,114.05000305175781,4600000,COST
2014-01-09,116.19999694824219,119.0999984741211,114.05000305175781,118.51000213623047,5759400,COST
2014-01-10,118.19999694824219,118.6500015258789,116.66000366210938,117.8499984741211,2790200,COST
2014-01-13,117.05999755859375,117.52999877929688,114.58000183105469,114.7699966430664,3164200,COST
2014-01-14,115.19999694824219,116.83000183105469,115.12000274658203,116.2300033569336,2320600,COST
2014-01-15,116.06999969482422,116.69000244140625,115.25,116.23999786376953,1847500,COST
2014-01-16,116.44000244140625,116.47000122070312,115.30000305175781,115.55999755859375,1938200,COST
2014-01-17,115.5999984741211,116.61000061035156,115.43000030517578,116.29000091552734,2708100,COST
2014-01-21,115.61000061035156,116.11000061035156,114.83999633789062,114.93000030517578,2110800,COST
2014-01-22,115.01000213623047,115.16000366210938,113.69000244140625,113.75,2501600,COST
2014-01-23,113.5,113.52999877929688,112.4000015258789,112.80000305175781,2162300,COST
2014-01-24,112.69000244140625,112.87000274658203,111.91999816894531,112.12999725341797,3183100,COST
2014-01-27,112.55999755859375,113.7300033569336,112.02999877929688,113.08000183105469,3784900,COST
2014-01-28,113.52999877929688,114.76000213623047,113.44000244140625,114.37999725341797,2362100,COST
2014-01-29,114.05000305175781,114.19000244140625,112.11000061035156,112.2300033569336,2356000,COST
2014-01-30,112.75,113.48999786376953,112.08999633789062,112.7300033569336,1625800,COST
2014-01-31,111.29000091552734,113.27999877929688,111.12999725341797,112.36000061035156,2143600,COST
2014-02-03,112.95999908447266,113.0,110.05000305175781,110.18000030517578,3111900,COST
2014-02-04,110.7300033569336,111.33000183105469,109.5,110.88999938964844,2529600,COST
2014-02-05,110.22000122070312,110.80000305175781,109.80000305175781,110.51000213623047,2374200,COST
2014-02-06,113.01000213623047,114.58000183105469,113.0,114.26000213623047,3738900,COST
2014-02-07,114.08000183105469,114.61000061035156,113.37999725341797,114.04000091552734,2194100,COST
2014-02-10,114.04000091552734,114.0999984741211,112.58000183105469,113.8499984741211,1871700,COST
2014-02-11,113.91000366210938,115.1500015258789,113.5,114.98999786376953,1768900,COST
2014-02-12,114.87999725341797,115.43000030517578,114.30000305175781,114.80999755859375,1737700,COST
2014-02-13,114.13999938964844,115.93000030517578,114.13999938964844,115.80999755859375,1583300,COST
2014-02-14,115.16000366210938,116.48999786376953,114.5,116.0999984741211,1517900,COST
2014-02-18,116.30000305175781,116.41000366210938,114.91999816894531,115.36000061035156,2056500,COST
2014-02-19,115.11000061035156,115.30000305175781,114.2699966430664,114.91000366210938,1802600,COST
2014-02-20,114.56999969482422,115.55000305175781,113.87999725341797,115.05999755859375,1837100,COST
2014-02-21,115.4000015258789,115.48999786376953,112.91999816894531,113.19000244140625,3654300,COST
2014-02-24,113.45999908447266,114.80999755859375,113.19999694824219,113.94000244140625,2281900,COST
2014-02-25,114.0,115.88999938964844,114.0,115.45999908447266,1920800,COST
2014-02-26,115.5,116.83000183105469,115.37000274658203,115.87999725341797,1924500,COST
2014-02-27,116.02999877929688,116.41999816894531,115.27999877929688,116.22000122070312,1374400,COST
2014-02-28,116.5,117.47000122070312,115.88999938964844,116.80000305175781,2103000,COST
2014-03-03,116.22000122070312,117.06999969482422,115.11000061035156,115.75,1667000,COST
2014-03-04,116.61000061035156,116.91000366210938,115.8499984741211,116.6500015258789,1808300,COST
2014-03-05,116.56999969482422,116.94999694824219,115.80999755859375,116.47000122070312,2305700,COST
2014-03-06,113.1500015258789,114.63999938964844,112.2699966430664,113.26000213623047,8921900,COST
2014-03-07,113.80000305175781,114.01000213623047,113.13999938964844,113.5,2905600,COST
2014-03-10,113.20999908447266,114.58999633789062,113.0,114.58999633789062,2319100,COST
2014-03-11,114.55999755859375,114.75,113.91999816894531,114.70999908447266,2201800,COST
2014-03-12,114.38999938964844,115.62000274658203,114.25,115.20999908447266,2173400,COST
2014-03-13,115.66000366210938,115.79000091552734,114.19000244140625,114.41000366210938,2519600,COST
2014-03-14,114.94999694824219,114.94999694824219,113.33000183105469,113.44999694824219,2290000,COST
2014-03-17,114.13999938964844,114.45999908447266,113.38999938964844,113.45999908447266,2189200,COST
2014-03-18,113.9000015258789,114.12000274658203,113.0199966430664,113.8499984741211,2501000,COST
2014-03-19,113.54000091552734,114.25,112.45999908447266,112.8499984741211,1635600,COST
2014-03-20,112.55999755859375,113.22000122070312,112.12999725341797,113.16000366210938,1408200,COST
2014-03-21,114.41000366210938,114.58000183105469,113.30000305175781,113.83000183105469,4442300,COST
2014-03-24,113.98999786376953,114.0,112.88999938964844,113.37000274658203,2501700,COST
2014-03-25,113.81999969482422,114.45999908447266,113.79000091552734,113.93000030517578,2199400,COST
2014-03-26,114.27999877929688,114.47000122070312,112.45999908447266,112.48999786376953,1905900,COST
2014-03-27,112.5,112.94000244140625,111.81999969482422,112.02999877929688,2039500,COST
2014-03-28,112.3499984741211,112.79000091552734,111.1500015258789,111.66000366210938,2795500,COST
2014-03-31,111.94000244140625,112.27999877929688,111.56999969482422,111.68000030517578,2119500,COST
2014-04-01,112.20999908447266,112.55000305175781,111.51000213623047,111.86000061035156,2566200,COST
2014-04-02,111.9000015258789,112.01000213623047,110.94000244140625,111.55000305175781,3296800,COST
2014-04-03,111.73999786376953,112.1500015258789,111.27999877929688,111.69999694824219,2328900,COST
2014-04-04,111.94999694824219,112.0,110.62999725341797,110.6500015258789,2716200,COST
2014-04-07,110.7300033569336,111.12999725341797,110.36000061035156,110.79000091552734,3119400,COST
2014-04-08,110.55999755859375,112.73999786376953,110.37999725341797,112.66000366210938,3863900,COST
2014-04-09,112.72000122070312,113.13999938964844,112.11000061035156,113.05000305175781,2899600,COST
2014-04-10,114.12000274658203,114.44000244140625,111.94000244140625,112.08000183105469,3305100,COST
2014-04-11,111.44000244140625,112.77999877929688,111.4000015258789,112.08000183105469,3097800,COST
2014-04-14,112.48999786376953,113.0,111.52999877929688,112.55999755859375,2519000,COST
2014-04-15,112.58000183105469,112.95999908447266,111.44999694824219,112.05999755859375,2123700,COST
2014-04-16,112.80000305175781,113.63999938964844,112.2699966430664,113.48999786376953,2455000,COST
2014-04-17,113.5199966430664,114.02999877929688,113.12000274658203,113.5,1659000,COST
2014-04-21,113.51000213623047,114.0999984741211,113.4000015258789,114.0999984741211,1826800,COST
2014-04-22,114.0,114.2300033569336,113.51000213623047,113.55999755859375,2315100,COST
2014-04-23,113.4800033569336,114.98999786376953,113.33000183105469,114.79000091552734,1991200,COST
2014-04-24,114.9000015258789,115.30999755859375,114.13999938964844,115.02999877929688,1939300,COST
2014-04-25,114.8499984741211,115.30000305175781,114.19999694824219,115.01000213623047,1721200,COST
2014-04-28,115.0999984741211,116.61000061035156,115.0999984741211,115.58999633789062,3018800,COST
2014-04-29,115.37999725341797,115.94999694824219,115.16000366210938,115.4000015258789,1580300,COST
2014-04-30,115.04000091552734,115.76000213623047,114.76000213623047,115.68000030517578,1633800,COST
2014-05-01,115.68000030517578,116.0,114.94000244140625,115.55999755859375,1168000,COST
2014-05-02,116.13999938964844,116.13999938964844,115.05999755859375,115.1500015258789,1321100,COST
2014-05-05,115.05999755859375,115.05999755859375,113.93000030517578,114.48999786376953,1398000,COST
2014-05-06,114.27999877929688,114.48999786376953,112.7699966430664,112.83000183105469,1945300,COST
2014-05-07,112.83000183105469,113.08999633789062,111.61000061035156,111.9800033569336,2950600,COST
2014-05-08,113.08000183105469,114.81999969482422,112.97000122070312,114.7300033569336,2556900,COST
2014-05-09,114.55000305175781,115.66999816894531,114.30000305175781,115.38999938964844,1954600,COST
2014-05-12,115.77999877929688,116.91000366210938,115.58000183105469,116.51000213623047,1940500,COST
2014-05-13,116.31999969482422,116.5999984741211,116.08000183105469,116.29000091552734,1229400,COST
2014-05-14,115.7300033569336,116.0999984741211,114.86000061035156,115.12999725341797,1255300,COST
2014-05-15,114.76000213623047,114.80000305175781,113.62000274658203,114.3499984741211,1883200,COST
2014-05-16,114.58000183105469,115.81999969482422,114.36000061035156,115.61000061035156,2145300,COST
2014-05-19,115.08999633789062,116.55000305175781,114.87000274658203,116.37000274658203,2212800,COST
2014-05-20,115.79000091552734,116.11000061035156,114.9800033569336,115.12999725341797,2126900,COST
2014-05-21,115.0999984741211,115.31999969482422,114.16000366210938,114.5199966430664,1712700,COST
2014-05-22,114.52999877929688,115.0,114.4000015258789,114.7300033569336,1059900,COST
2014-05-23,115.06999969482422,115.1500015258789,114.51000213623047,114.94000244140625,1100300,COST
2014-05-27,115.0,115.22000122070312,113.62000274658203,113.87000274658203,2583900,COST
2014-05-28,114.0,114.94999694824219,113.95999908447266,114.23999786376953,2388800,COST
2014-05-29,114.58000183105469,115.19000244140625,113.51000213623047,114.13999938964844,2976700,COST
2014-05-30,114.61000061035156,116.08999633789062,114.01000213623047,116.0199966430664,2622400,COST
2014-06-02,115.83999633789062,116.13999938964844,115.54000091552734,115.68000030517578,1082100,COST
2014-06-03,115.47000122070312,116.0,115.2699966430664,115.51000213623047,1127400,COST
2014-06-04,115.29000091552734,116.48999786376953,115.2699966430664,116.30999755859375,1293000,COST
2014-06-05,117.0,117.94000244140625,116.72000122070312,117.75,2614300,COST
2014-06-06,117.69000244140625,118.23999786376953,117.58000183105469,118.2300033569336,1664800,COST
2014-06-09,118.20999908447266,118.8499984741211,117.47000122070312,117.77999877929688,1623100,COST
2014-06-10,117.37000274658203,117.7300033569336,116.9000015258789,117.0999984741211,1089100,COST
2014-06-11,116.45999908447266,116.94000244140625,115.9800033569336,116.23999786376953,1117100,COST
2014-06-12,116.12999725341797,116.43000030517578,115.06999969482422,115.44000244140625,1423400,COST
2014-06-13,115.69999694824219,115.69999694824219,114.66999816894531,115.30000305175781,1230000,COST
2014-06-16,115.31999969482422,115.45999908447266,114.94999694824219,115.43000030517578,1503100,COST
2014-06-17,115.4000015258789,115.79000091552734,115.13999938964844,115.44999694824219,1505800,COST
2014-06-18,115.66000366210938,116.33999633789062,115.06999969482422,116.2699966430664,2113100,COST
2014-06-19,116.56999969482422,116.58000183105469,115.77999877929688,116.26000213623047,1635800,COST
2014-06-20,116.6500015258789,116.6500015258789,115.08999633789062,115.36000061035156,2958000,COST
2014-06-23,115.19999694824219,115.31999969482422,114.51000213623047,115.22000122070312,1501600,COST
2014-06-24,115.52999877929688,116.51000213623047,115.08000183105469,116.30999755859375,1906600,COST
2014-06-25,116.0,116.44999694824219,115.68000030517578,116.2699966430664,1188700,COST
2014-06-26,116.23999786376953,116.5,115.27999877929688,115.63999938964844,1252100,COST
2014-06-27,115.62999725341797,115.75,115.01000213623047,115.48999786376953,2477300,COST
2014-06-30,115.62000274658203,116.08999633789062,115.0999984741211,115.16000366210938,1386600,COST
2014-07-01,115.54000091552734,115.69999694824219,114.9000015258789,115.44000244140625,1501700,COST
2014-07-02,115.25,115.91000366210938,115.25,115.75,1122200,COST
2014-07-03,115.86000061035156,116.58999633789062,115.80000305175781,116.3499984741211,976000,COST
2014-07-07,116.33000183105469,116.48999786376953,115.87999725341797,116.31999969482422,1576900,COST
2014-07-08,116.44999694824219,117.6500015258789,116.11000061035156,117.45999908447266,2584200,COST
2014-07-09,117.20999908447266,117.98999786376953,117.11000061035156,117.91999816894531,2328100,COST
2014-07-10,117.5,118.63999938964844,117.5,118.08000183105469,2266400,COST
2014-07-11,118.12999725341797,118.25,117.08999633789062,118.01000213623047,1684700,COST
2014-07-14,118.20999908447266,118.48999786376953,117.30000305175781,117.36000061035156,1695500,COST
2014-07-15,118.16000366210938,118.25,117.18000030517578,117.81999969482422,2634200,COST
2014-07-16,118.08999633789062,118.44000244140625,117.66000366210938,117.8499984741211,1531200,COST
2014-07-17,117.3499984741211,117.54000091552734,116.58000183105469,116.79000091552734,1433300,COST
2014-07-18,117.31999969482422,117.80000305175781,116.61000061035156,117.73999786376953,2148600,COST
2014-07-21,117.43000030517578,117.91000366210938,116.86000061035156,117.04000091552734,1334400,COST
2014-07-22,117.27999877929688,118.04000091552734,117.0999984741211,117.55000305175781,1769000,COST
2014-07-23,117.41000366210938,117.76000213623047,117.2699966430664,117.58999633789062,1155200,COST
2014-07-24,117.5,118.27999877929688,117.45999908447266,118.13999938964844,1347700,COST
2014-07-25,117.95999908447266,118.02999877929688,117.06999969482422,117.55000305175781,1543700,COST
2014-07-28,117.44000244140625,117.66000366210938,116.80999755859375,117.12000274658203,1402600,COST
2014-07-29,118.93000030517578,119.5999984741211,118.52999877929688,118.9000015258789,2544900,COST
2014-07-30,118.79000091552734,119.06999969482422,117.44000244140625,118.18000030517578,2024900,COST
2014-07-31,117.54000091552734,118.33999633789062,117.27999877929688,117.54000091552734,2476800,COST
2014-08-01,117.80000305175781,118.33000183105469,117.45999908447266,117.87999725341797,2089500,COST
2014-08-04,117.55000305175781,118.37999725341797,117.11000061035156,118.1500015258789,1683800,COST
2014-08-05,117.5,118.19999694824219,117.29000091552734,118.05000305175781,1798600,COST
2014-08-06,117.94999694824219,119.97000122070312,117.80000305175781,119.58999633789062,2859800,COST
2014-08-07,118.22000122070312,119.0,117.47000122070312,117.80000305175781,2698200,COST
2014-08-08,117.95999908447266,119.4000015258789,117.80999755859375,119.16000366210938,2319900,COST
2014-08-11,119.4000015258789,119.51000213623047,118.69999694824219,119.18000030517578,1227600,COST
2014-08-12,118.7699966430664,119.2699966430664,118.55000305175781,119.01000213623047,1082100,COST
2014-08-13,119.0,119.0999984741211,118.25,118.63999938964844,1449700,COST
2014-08-14,118.51000213623047,119.2699966430664,118.30999755859375,119.26000213623047,1067900,COST
2014-08-15,119.91000366210938,119.94999694824219,117.77999877929688,118.56999969482422,2019900,COST
2014-08-18,119.0,119.68000030517578,118.94999694824219,119.45999908447266,1232900,COST
2014-08-19,119.37999725341797,120.75,119.23999786376953,120.61000061035156,1708900,COST
2014-08-20,120.44999694824219,121.2300033569336,120.08999633789062,120.91000366210938,1287200,COST
2014-08-21,120.79000091552734,121.87999725341797,120.72000122070312,121.62000274658203,1544300,COST
2014-08-22,121.9000015258789,122.05999755859375,121.1500015258789,121.29000091552734,1401400,COST
2014-08-25,121.79000091552734,122.0,121.12000274658203,121.38999938964844,1097300,COST
2014-08-26,121.43000030517578,121.58999633789062,120.86000061035156,121.08999633789062,1385400,COST
2014-08-27,121.58000183105469,121.58000183105469,120.83000183105469,121.23999786376953,1028200,COST
2014-08-28,121.01000213623047,121.25,120.69999694824219,120.97000122070312,799400,COST
2014-08-29,121.68000030517578,121.68000030517578,120.58000183105469,121.08000183105469,1047300,COST
2014-09-02,121.0,121.62999725341797,120.9000015258789,121.55999755859375,1469900,COST
2014-09-03,121.69999694824219,121.94000244140625,121.11000061035156,121.3499984741211,1901000,COST
2014-09-04,123.0,125.16999816894531,122.55999755859375,125.1500015258789,4440300,COST
2014-09-05,125.04000091552734,127.02999877929688,124.70999908447266,127.01000213623047,2910600,COST
2014-09-08,127.05000305175781,127.31999969482422,126.26000213623047,126.5999984741211,2057400,COST
2014-09-09,126.13999938964844,126.48999786376953,125.73999786376953,126.11000061035156,1500500,COST
2014-09-10,126.30999755859375,126.48999786376953,125.87000274658203,126.16999816894531,1014900,COST
2014-09-11,126.16000366210938,126.52999877929688,125.63999938964844,125.94000244140625,1511200,COST
2014-09-12,126.25,126.25,125.0199966430664,125.37000274658203,1598300,COST
2014-09-15,125.56999969482422,126.52999877929688,125.44999694824219,125.70999908447266,1615300,COST
2014-09-16,125.5999984741211,126.79000091552734,125.5199966430664,126.43000030517578,1684400,COST
2014-09-17,126.02999877929688,126.55999755859375,125.66999816894531,126.01000213623047,1594000,COST
2014-09-18,126.20999908447266,126.80000305175781,125.95999908447266,126.4800033569336,1401500,COST
2014-09-19,127.29000091552734,127.29000091552734,126.47000122070312,126.5,3018500,COST
2014-09-22,126.37000274658203,126.5,125.58000183105469,125.83000183105469,1453700,COST
2014-09-23,125.95999908447266,125.98999786376953,125.20999908447266,125.51000213623047,1563100,COST
2014-09-24,126.08999633789062,127.77999877929688,125.58000183105469,127.62000274658203,2076300,COST
2014-09-25,127.44999694824219,127.55000305175781,125.5999984741211,125.66000366210938,1819900,COST
2014-09-26,125.41000366210938,125.66999816894531,124.37999725341797,125.54000091552734,2045300,COST
2014-09-29,125.02999877929688,125.5999984741211,124.77999877929688,125.31999969482422,1171000,COST
2014-09-30,124.86000061035156,125.5999984741211,124.7699966430664,125.31999969482422,1665300,COST
2014-10-01,125.25,125.68000030517578,124.44999694824219,124.76000213623047,1408700,COST
2014-10-02,124.98999786376953,126.20999908447266,124.81999969482422,125.79000091552734,1545800,COST
2014-10-03,126.19999694824219,127.6500015258789,126.01000213623047,127.08999633789062,1770300,COST
2014-10-06,127.55999755859375,127.66999816894531,125.93000030517578,126.20999908447266,1907500,COST
2014-10-07,125.3499984741211,125.83000183105469,124.75,125.2699966430664,2334100,COST
2014-10-08,128.1999969482422,128.9499969482422,127.16000366210938,128.72999572753906,4262500,COST
2014-10-09,128.22000122070312,130.74000549316406,128.19000244140625,128.41000366210938,2962700,COST
2014-10-10,128.25999450683594,131.41000366210938,128.25999450683594,128.89999389648438,3353000,COST
2014-10-13,128.57000732421875,128.85000610351562,126.88999938964844,126.97000122070312,2445200,COST
2014-10-14,127.5,127.9800033569336,125.2699966430664,126.25,4003500,COST
2014-10-15,125.0999984741211,125.69999694824219,123.27999877929688,124.30000305175781,3784300,COST
2014-10-16,122.68000030517578,123.8499984741211,122.05000305175781,122.94999694824219,3542900,COST
2014-10-17,123.7699966430664,125.75,123.18000030517578,124.6500015258789,3198900,COST
2014-10-20,124.83000183105469,128.8699951171875,124.6500015258789,128.4199981689453,3499800,COST
2014-10-21,128.94000244140625,130.64999389648438,128.1699981689453,130.27999877929688,2105600,COST
2014-10-22,130.55999755859375,131.58999633789062,130.32000732421875,130.5399932861328,1880000,COST
2014-10-23,131.02999877929688,131.47999572753906,130.35000610351562,130.58999633789062,1763600,COST
2014-10-24,128.5800018310547,130.5399932861328,128.55999755859375,130.44000244140625,2490300,COST
2014-10-27,129.24000549316406,131.25999450683594,129.24000549316406,130.9199981689453,1629600,COST
2014-10-28,130.97000122070312,131.5,130.16000366210938,131.05999755859375,1439700,COST
2014-10-29,131.2899932861328,132.0,130.92999267578125,131.92999267578125,1705800,COST
2014-10-30,131.5,133.30999755859375,131.3300018310547,133.0,1302100,COST
2014-10-31,134.4499969482422,134.5,132.7100067138672,133.3699951171875,2373900,COST
2014-11-03,133.82000732421875,134.2899932861328,133.3699951171875,134.27000427246094,1947000,COST
2014-11-04,134.61000061035156,136.72000122070312,133.99000549316406,136.5500030517578,2802500,COST
2014-11-05,137.49000549316406,137.80999755859375,136.02999877929688,136.5,2116800,COST
2014-11-06,137.38999938964844,137.6699981689453,136.60000610351562,137.08999633789062,1685900,COST
2014-11-07,137.0500030517578,137.91000366210938,136.52000427246094,137.7100067138672,1589400,COST
2014-11-10,137.85000610351562,137.88999938964844,135.97999572753906,137.69000244140625,1958000,COST
2014-11-11,137.77999877929688,137.9499969482422,136.66000366210938,137.0500030517578,1495500,COST
2014-11-12,136.6999969482422,137.35000610351562,136.14999389648438,136.89999389648438,1910200,COST
2014-11-13,137.63999938964844,138.75999450683594,137.33999633789062,138.7100067138672,2235900,COST
2014-11-14,138.92999267578125,138.92999267578125,138.07000732421875,138.47999572753906,1598600,COST
2014-11-17,137.2100067138672,138.5,137.2100067138672,138.47000122070312,1228100,COST
2014-11-18,138.47999572753906,139.33999633789062,138.0399932861328,139.2100067138672,1574600,COST
2014-11-19,139.08999633789062,140.13999938964844,139.08999633789062,140.00999450683594,1362600,COST
2014-11-20,139.05999755859375,140.00999450683594,139.02000427246094,139.25,1518300,COST
2014-11-21,140.8000030517578,140.8300018310547,139.22999572753906,139.72000122070312,1849200,COST
2014-11-24,139.3300018310547,139.99000549316406,139.19000244140625,139.8000030517578,1645800,COST
2014-11-25,140.10000610351562,140.35000610351562,138.74000549316406,138.8699951171875,1865800,COST
2014-11-26,139.5,140.8800048828125,139.0399932861328,139.75,1631900,COST
2014-11-28,141.3000030517578,142.97000122070312,140.30999755859375,142.1199951171875,1442600,COST
2014-12-01,143.32000732421875,143.32000732421875,141.27000427246094,141.97999572753906,1952100,COST
2014-12-02,142.42999267578125,143.35000610351562,141.75999450683594,143.05999755859375,1765400,COST
2014-12-03,142.97999572753906,143.3000030517578,141.97999572753906,142.69000244140625,1793900,COST
2014-12-04,143.49000549316406,143.49000549316406,142.02000427246094,143.02000427246094,1315900,COST
2014-12-05,143.17999267578125,143.30999755859375,141.9600067138672,143.25,1198000,COST
2014-12-08,143.0500030517578,143.0500030517578,141.9499969482422,142.3300018310547,1945100,COST
2014-12-09,142.1300048828125,143.1300048828125,140.8800048828125,143.0399932861328,2090300,COST
2014-12-10,144.94000244140625,146.82000732421875,139.39999389648438,140.25,4910300,COST
2014-12-11,141.08999633789062,142.67999267578125,140.6699981689453,141.41000366210938,2401300,COST
2014-12-12,139.99000549316406,141.36000061035156,137.8300018310547,137.8800048828125,3663400,COST
2014-12-15,138.64999389648438,139.5,137.05999755859375,138.19000244140625,2451200,COST
2014-12-16,138.52999877929688,139.3000030517578,136.5500030517578,137.30999755859375,2470100,COST
2014-12-17,137.30999755859375,139.6199951171875,136.77999877929688,139.3300018310547,2428500,COST
2014-12-18,140.17999267578125,141.55999755859375,139.2899932861328,141.55999755859375,2903400,COST
2014-12-19,141.5,142.5,141.3300018310547,141.77000427246094,4030000,COST
2014-12-22,142.33999633789062,143.27000427246094,141.85000610351562,143.2100067138672,1776900,COST
2014-12-23,144.52999877929688,144.97000122070312,143.6699981689453,144.14999389648438,1459700,COST
2014-12-24,144.55999755859375,144.8699951171875,143.60000610351562,143.64999389648438,738700,COST
2014-12-26,143.61000061035156,143.8699951171875,143.0800018310547,143.44000244140625,1233100,COST
2014-12-29,143.35000610351562,143.85000610351562,142.74000549316406,143.33999633789062,1356400,COST
2014-12-30,143.0,144.08999633789062,143.0,143.49000549316406,1158800,COST
2014-12-31,143.49000549316406,144.1300048828125,141.69000244140625,141.75,1477900,COST
2015-01-02,141.8699951171875,143.14999389648438,140.80999755859375,141.61000061035156,1471000,COST
2015-01-05,141.69000244140625,142.16000366210938,139.8000030517578,140.0,1748500,COST
2015-01-06,140.61000061035156,142.94000244140625,139.85000610351562,141.85000610351562,3185200,COST
2015-01-07,142.60000610351562,144.42999267578125,142.36000061035156,144.32000732421875,2171600,COST
2015-01-08,145.55999755859375,146.10000610351562,144.94000244140625,145.55999755859375,2937700,COST
2015-01-09,144.47999572753906,145.0500030517578,143.22000122070312,143.32000732421875,1727000,COST
2015-01-12,143.5800018310547,144.16000366210938,142.1199951171875,142.52000427246094,1344800,COST
2015-01-13,142.1999969482422,144.41000366210938,140.38999938964844,141.08999633789062,2198500,COST
2015-01-14,140.00999450683594,140.2100067138672,138.24000549316406,139.30999755859375,2207900,COST
2015-01-15,139.9499969482422,140.1699981689453,138.6199951171875,139.30999755859375,1819600,COST
2015-01-16,139.0399932861328,139.9600067138672,138.22000122070312,139.72000122070312,1784800,COST
2015-01-20,140.72000122070312,141.27000427246094,138.36000061035156,139.3800048828125,1836100,COST
2015-01-21,138.85000610351562,139.6999969482422,138.3800048828125,139.13999938964844,1682000,COST
2015-01-22,139.5,141.27999877929688,138.38999938964844,141.27000427246094,1897500,COST
2015-01-23,141.58999633789062,142.30999755859375,140.8699951171875,142.0500030517578,1696800,COST
2015-01-26,141.66000366210938,143.0500030517578,141.57000732421875,142.91000366210938,1482800,COST
2015-01-27,142.75,142.8000030517578,140.8699951171875,140.99000549316406,1786500,COST
2015-01-28,141.60000610351562,142.4499969482422,139.55999755859375,139.6199951171875,2016300,COST
2015-01-29,140.16000366210938,140.69000244140625,138.91000366210938,140.63999938964844,1873400,COST
2015-01-30,143.08999633789062,143.8000030517578,141.33999633789062,142.99000549316406,5169000,COST
2015-02-02,144.0,146.22999572753906,140.1300048828125,146.0,4797500,COST
2015-02-03,146.36000061035156,153.88999938964844,144.77000427246094,153.75,10302900,COST
2015-02-04,152.0800018310547,156.85000610351562,152.07000732421875,155.9199981689453,11006300,COST
2015-02-05,149.5,151.10000610351562,147.52000427246094,149.08999633789062,6986700,COST
2015-02-06,149.2100067138672,149.9499969482422,148.16000366210938,148.6999969482422,2927400,COST
2015-02-09,148.6999969482422,149.16000366210938,146.82000732421875,147.5399932861328,2740200,COST
2015-02-10,147.99000549316406,148.47999572753906,147.0,148.22000122070312,1703400,COST
2015-02-11,148.38999938964844,148.47999572753906,146.5500030517578,147.4600067138672,2295800,COST
2015-02-12,148.00999450683594,148.38999938964844,146.86000061035156,147.75999450683594,1712200,COST
2015-02-13,148.22999572753906,148.8000030517578,146.94000244140625,147.10000610351562,1926800,COST
2015-02-17,147.0,147.61000061035156,145.66000366210938,147.52999877929688,1541500,COST
2015-02-18,147.16000366210938,147.47999572753906,146.52999877929688,147.22999572753906,1541000,COST
2015-02-19,146.89999389648438,147.50999450683594,146.4600067138672,146.6699981689453,1273700,COST
2015-02-20,146.6699981689453,147.7899932861328,145.89999389648438,147.5399932861328,1595600,COST
2015-02-23,148.0,148.4600067138672,147.02999877929688,148.38999938964844,1587300,COST
2015-02-24,149.3800048828125,149.39999389648438,148.0,148.2100067138672,1844200,COST
2015-02-25,147.6999969482422,148.60000610351562,147.19000244140625,147.47999572753906,1602700,COST
2015-02-26,147.07000732421875,147.61000061035156,146.1999969482422,146.64999389648438,1892600,COST
2015-02-27,147.55999755859375,147.55999755859375,145.8300018310547,146.9600067138672,3036200,COST
2015-03-02,147.32000732421875,148.49000549316406,147.32000732421875,147.94000244140625,2108600,COST
2015-03-03,147.94000244140625,148.13999938964844,146.66000366210938,147.3699951171875,1514300,COST
2015-03-04,147.83999633789062,147.97999572753906,145.77999877929688,147.1699981689453,2208600,COST
2015-03-05,150.77000427246094,151.75,149.0,151.1699981689453,4471100,COST
2015-03-06,149.2899932861328,150.14999389648438,148.1699981689453,149.5399932861328,3014900,COST
2015-03-09,149.7899932861328,150.99000549316406,149.5500030517578,150.67999267578125,1727900,COST
2015-03-10,149.75,150.14999389648438,148.14999389648438,148.16000366210938,2128100,COST
2015-03-11,148.3300018310547,148.99000549316406,147.33999633789062,147.39999389648438,1734300,COST
2015-03-12,148.3800048828125,149.63999938964844,147.39999389648438,149.44000244140625,1564000,COST
2015-03-13,149.08999633789062,149.91000366210938,148.14999389648438,149.27999877929688,1470100,COST
2015-03-16,149.72000122070312,151.0,149.27999877929688,149.99000549316406,2532700,COST
2015-03-17,149.38999938964844,150.1999969482422,148.42999267578125,150.02999877929688,1972500,COST
2015-03-18,150.0,151.6300048828125,148.25,150.92999267578125,2772500,COST
2015-03-19,151.0,151.5,150.32000732421875,151.30999755859375,1862900,COST
2015-03-20,152.1300048828125,153.14999389648438,151.75,152.58999633789062,5859300,COST
2015-03-23,153.14999389648438,153.55999755859375,152.6999969482422,152.92999267578125,1665900,COST
2015-03-24,152.9499969482422,154.22999572753906,152.88999938964844,153.13999938964844,1637000,COST
2015-03-25,153.5500030517578,153.9600067138672,151.08999633789062,151.08999633789062,2266800,COST
2015-03-26,149.32000732421875,150.77000427246094,149.1699981689453,150.05999755859375,1554800,COST
2015-03-27,150.2100067138672,151.22000122070312,150.02000427246094,150.47000122070312,1329900,COST
2015-03-30,150.91000366210938,152.58999633789062,150.8000030517578,152.3699951171875,1463800,COST
2015-03-31,151.83999633789062,153.0,151.25,151.5,1886100,COST
2015-04-01,151.8300018310547,151.8699951171875,149.6999969482422,150.24000549316406,1795000,COST
2015-04-02,150.47000122070312,152.0,150.36000061035156,151.6300048828125,1095300,COST
2015-04-06,151.3699951171875,152.83999633789062,150.60000610351562,152.5,1767600,COST
2015-04-07,152.52999877929688,152.9499969482422,151.72000122070312,151.77999877929688,1391700,COST
2015-04-08,152.22999572753906,152.6699981689453,151.19000244140625,152.0,1483000,COST
2015-04-09,150.57000732421875,151.0,148.27000427246094,148.80999755859375,3401800,COST
2015-04-10,149.39999389648438,150.02999877929688,148.6199951171875,149.63999938964844,1572900,COST
2015-04-13,149.44000244140625,150.33999633789062,148.92999267578125,149.02000427246094,1120200,COST
2015-04-14,149.0,150.10000610351562,147.72000122070312,149.52000427246094,1540800,COST
2015-04-15,149.5800018310547,150.6699981689453,149.0500030517578,149.07000732421875,1404700,COST
2015-04-16,148.75999450683594,148.89999389648438,146.91000366210938,147.11000061035156,2680600,COST
2015-04-17,146.5800018310547,146.72999572753906,143.10000610351562,144.57000732421875,4369300,COST
2015-04-20,146.64999389648438,147.25,145.75,146.30999755859375,2881900,COST
2015-04-21,146.97999572753906,148.0800018310547,146.60000610351562,147.33999633789062,1616700,COST
2015-04-22,147.92999267578125,147.92999267578125,146.27999877929688,146.97999572753906,1423500,COST
2015-04-23,146.60000610351562,147.9499969482422,146.27000427246094,147.3000030517578,1351800,COST
2015-04-24,147.3300018310547,148.39999389648438,146.8699951171875,148.1199951171875,1421100,COST
2015-04-27,148.3000030517578,148.50999450683594,146.86000061035156,146.9600067138672,1717000,COST
2015-04-28,146.88999938964844,147.19000244140625,146.0500030517578,146.61000061035156,1302100,COST
2015-04-29,145.8800048828125,146.25,143.8699951171875,144.4600067138672,1719000,COST
2015-04-30,143.85000610351562,144.89999389648438,142.5399932861328,143.0500030517578,2523200,COST
2015-05-01,143.4600067138672,145.74000549316406,143.22000122070312,145.38999938964844,1504700,COST
2015-05-04,145.38999938964844,146.2100067138672,144.61000061035156,145.75,1288800,COST
2015-05-05,145.1199951171875,145.74000549316406,144.2899932861328,144.5,1769600,COST
2015-05-06,145.35000610351562,145.83999633789062,144.00999450683594,144.77000427246094,1737300,COST
2015-05-07,144.52000427246094,145.61000061035156,144.00999450683594,144.55999755859375,2564500,COST
2015-05-08,146.0,147.55999755859375,145.8000030517578,145.8800048828125,1728700,COST
2015-05-11,145.5399932861328,146.3300018310547,144.1999969482422,144.27000427246094,1905800,COST
2015-05-12,144.0,145.0,143.4199981689453,144.07000732421875,1923900,COST
2015-05-13,143.8800048828125,145.2899932861328,142.72000122070312,143.24000549316406,2135900,COST
2015-05-14,144.1300048828125,144.1300048828125,141.52999877929688,142.60000610351562,3023400,COST
2015-05-15,143.22000122070312,144.9600067138672,142.74000549316406,144.8300018310547,2357000,COST
2015-05-18,144.74000549316406,145.2899932861328,144.0500030517578,145.05999755859375,1451700,COST
2015-05-19,144.80999755859375,145.5,144.30999755859375,144.74000549316406,1332700,COST
2015-05-20,145.05999755859375,145.05999755859375,143.25999450683594,143.49000549316406,1640900,COST
2015-05-21,143.3699951171875,144.58999633789062,142.85000610351562,143.94000244140625,1539400,COST
2015-05-22,143.89999389648438,144.75999450683594,143.39999389648438,143.67999267578125,1189500,COST
2015-05-26,144.0800018310547,144.41000366210938,143.0800018310547,143.25,2477400,COST
2015-05-27,143.6300048828125,145.63999938964844,143.11000061035156,145.4199981689453,2954100,COST
2015-05-28,144.32000732421875,145.97000122070312,143.16000366210938,144.25999450683594,3206200,COST
2015-05-29,143.77999877929688,143.9499969482422,141.77000427246094,142.58999633789062,3027100,COST
2015-06-01,143.0500030517578,143.25,141.89999389648438,142.38999938964844,2182700,COST
2015-06-02,141.97000122070312,142.6699981689453,140.88999938964844,141.39999389648438,1963500,COST
2015-06-03,141.6699981689453,142.50999450683594,141.17999267578125,142.1300048828125,1858200,COST
2015-06-04,141.3699951171875,142.5,140.3300018310547,140.64999389648438,2898600,COST
2015-06-05,140.74000549316406,140.80999755859375,138.74000549316406,138.77999877929688,3203200,COST
2015-06-08,138.91000366210938,138.91000366210938,138.02000427246094,138.0500030517578,1879700,COST
2015-06-09,137.9199981689453,138.75999450683594,137.80999755859375,138.0399932861328,2039100,COST
2015-06-10,138.32000732421875,139.94000244140625,138.25999450683594,139.42999267578125,1725600,COST
2015-06-11,139.63999938964844,140.47000122070312,139.19000244140625,139.32000732421875,1342300,COST
2015-06-12,139.05999755859375,139.3000030517578,138.50999450683594,138.77999877929688,1290700,COST
2015-06-15,137.94000244140625,138.32000732421875,137.14999389648438,137.22999572753906,1939500,COST
2015-06-16,137.1999969482422,138.24000549316406,137.14999389648438,137.97999572753906,1553600,COST
2015-06-17,137.94000244140625,139.32000732421875,137.8800048828125,138.8800048828125,1508100,COST
2015-06-18,139.49000549316406,141.10000610351562,139.22000122070312,140.5,2074100,COST
2015-06-19,140.58999633789062,141.47999572753906,140.17999267578125,140.3000030517578,2758200,COST
2015-06-22,140.83999633789062,141.1699981689453,140.0800018310547,140.19000244140625,1415700,COST
2015-06-23,140.44000244140625,140.89999389648438,139.52999877929688,139.64999389648438,1489400,COST
2015-06-24,139.33999633789062,139.86000061035156,138.27999877929688,138.33999633789062,1965900,COST
2015-06-25,138.4499969482422,139.91000366210938,137.4199981689453,137.4499969482422,1660900,COST
2015-06-26,137.94000244140625,138.63999938964844,137.52999877929688,138.05999755859375,2248900,COST
2015-06-29,137.00999450683594,137.82000732421875,135.66000366210938,135.69000244140625,1963200,COST
2015-06-30,136.3800048828125,136.7100067138672,134.72999572753906,135.05999755859375,2454300,COST
2015-07-01,135.7899932861328,136.57000732421875,135.5399932861328,136.49000549316406,1707000,COST
2015-07-02,137.0,137.1999969482422,136.27999877929688,136.38999938964844,1148400,COST
2015-07-06,135.14999389648438,136.83999633789062,135.05999755859375,135.8800048828125,2450400,COST
2015-07-07,136.3000030517578,140.8699951171875,136.02999877929688,140.5,3790000,COST
2015-07-08,139.97999572753906,140.52999877929688,139.27000427246094,139.89999389648438,2917100,COST
2015-07-09,141.35000610351562,141.5,137.7100067138672,139.4499969482422,3317600,COST
2015-07-10,141.7100067138672,143.42999267578125,141.1699981689453,142.72000122070312,2846000,COST
2015-07-13,143.86000061035156,145.07000732421875,143.5,144.05999755859375,1847800,COST
2015-07-14,143.64999389648438,144.2899932861328,143.16000366210938,143.92999267578125,1512800,COST
2015-07-15,143.92999267578125,144.17999267578125,142.9199981689453,143.6300048828125,1306700,COST
2015-07-16,144.14999389648438,144.49000549316406,143.44000244140625,144.3300018310547,1148100,COST
2015-07-17,144.1199951171875,144.88999938964844,143.16000366210938,144.67999267578125,1842100,COST
2015-07-20,144.5800018310547,145.22999572753906,144.02000427246094,145.0399932861328,1243600,COST
2015-07-21,145.19000244140625,145.39999389648438,144.42999267578125,144.94000244140625,1587800,COST
2015-07-22,145.22000122070312,146.47999572753906,145.02000427246094,146.3800048828125,1612000,COST
2015-07-23,146.85000610351562,147.0,145.3800048828125,145.60000610351562,1356100,COST
2015-07-24,145.7100067138672,145.92999267578125,144.88999938964844,144.99000549316406,1272700,COST
2015-07-27,144.77999877929688,144.88999938964844,143.52999877929688,144.25,1431300,COST
2015-07-28,144.52999877929688,144.6999969482422,142.91000366210938,144.5500030517578,1376500,COST
2015-07-29,144.8000030517578,146.75999450683594,144.75,145.3800048828125,1840500,COST
2015-07-30,145.14999389648438,145.86000061035156,144.02000427246094,145.3000030517578,1392700,COST
2015-07-31,146.19000244140625,146.19000244140625,145.00999450683594,145.3000030517578,1386700,COST
2015-08-03,145.77999877929688,146.11000061035156,144.64999389648438,145.52000427246094,1328100,COST
2015-08-04,145.11000061035156,145.82000732421875,144.19000244140625,144.83999633789062,1315300,COST
2015-08-05,145.8300018310547,147.0399932861328,145.64999389648438,146.88999938964844,1687800,COST
2015-08-06,147.14999389648438,147.58999633789062,145.97999572753906,146.44000244140625,1948000,COST
2015-08-07,146.02000427246094,146.44000244140625,144.35000610351562,145.25999450683594,1228300,COST
2015-08-10,146.3000030517578,146.7899932861328,145.67999267578125,146.25,1072600,COST
2015-08-11,145.27999877929688,146.2899932861328,145.00999450683594,145.88999938964844,1260700,COST
2015-08-12,144.9499969482422,146.72000122070312,143.35000610351562,146.49000549316406,1963800,COST
2015-08-13,146.36000061035156,146.97999572753906,145.17999267578125,145.27000427246094,1114000,COST
2015-08-14,144.8800048828125,146.4199981689453,144.8800048828125,146.08999633789062,1210400,COST
2015-08-17,145.14999389648438,146.24000549316406,144.97999572753906,146.08999633789062,912600,COST
2015-08-18,146.16000366210938,146.47999572753906,145.1199951171875,145.6300048828125,1099100,COST
2015-08-19,145.38999938964844,145.94000244140625,143.63999938964844,145.1699981689453,1436100,COST
2015-08-20,144.2899932861328,144.8800048828125,143.2899932861328,143.7100067138672,1785100,COST
2015-08-21,142.22000122070312,143.3300018310547,138.99000549316406,138.99000549316406,3611400,COST
2015-08-24,131.97000122070312,137.16000366210938,117.02999877929688,132.97000122070312,5205800,COST
2015-08-25,136.77999877929688,138.3800048828125,132.64999389648438,132.7100067138672,4645100,COST
2015-08-26,136.11000061035156,138.27999877929688,133.35000610351562,138.16000366210938,3094900,COST
2015-08-27,140.47000122070312,140.75,137.58999633789062,140.2100067138672,2603100,COST
2015-08-28,139.75,140.3000030517578,138.63999938964844,139.9499969482422,1850900,COST
2015-08-31,139.25,140.22999572753906,138.50999450683594,140.0500030517578,3005700,COST
2015-09-01,137.5800018310547,139.89999389648438,137.5,138.3000030517578,2968200,COST
2015-09-02,139.8300018310547,140.8699951171875,138.4199981689453,140.4199981689453,1809900,COST
2015-09-03,140.94000244140625,141.6999969482422,140.10000610351562,140.47999572753906,1615600,COST
2015-09-04,138.8000030517578,139.4600067138672,138.17999267578125,138.47999572753906,2124500,COST
2015-09-08,140.5399932861328,141.47999572753906,139.1199951171875,141.42999267578125,1638000,COST
2015-09-09,142.35000610351562,142.35000610351562,139.38999938964844,139.67999267578125,1390800,COST
2015-09-10,139.0399932861328,140.9600067138672,138.99000549316406,140.00999450683594,1350700,COST
2015-09-11,139.85000610351562,141.1999969482422,139.27999877929688,141.0500030517578,1452300,COST
2015-09-14,141.17999267578125,141.41000366210938,140.24000549316406,141.14999389648438,1123300,COST
2015-09-15,141.32000732421875,142.9600067138672,140.24000549316406,142.42999267578125,1349600,COST
2015-09-16,142.2100067138672,143.86000061035156,141.75,143.61000061035156,1374300,COST
2015-09-17,143.89999389648438,145.0399932861328,143.16000366210938,143.35000610351562,1535300,COST
2015-09-18,142.13999938964844,144.33999633789062,141.6999969482422,141.80999755859375,2833900,COST
2015-09-21,142.36000061035156,143.77999877929688,142.08999633789062,143.2100067138672,1004800,COST
2015-09-22,141.82000732421875,142.9499969482422,140.80999755859375,142.64999389648438,1787200,COST
2015-09-23,143.4600067138672,145.6300048828125,142.64999389648438,145.42999267578125,2310200,COST
2015-09-24,144.3699951171875,145.4199981689453,143.64999389648438,144.8699951171875,1974900,COST
2015-09-25,145.9499969482422,146.89999389648438,145.00999450683594,145.5500030517578,1845700,COST
2015-09-28,145.38999938964844,145.8000030517578,143.2899932861328,143.5500030517578,2553500,COST
2015-09-29,143.0399932861328,144.13999938964844,142.25,143.72000122070312,2513100,COST
2015-09-30,143.5399932861328,144.9499969482422,142.88999938964844,144.57000732421875,2549200,COST
2015-10-01,144.85000610351562,144.85000610351562,142.5,144.55999755859375,2657300,COST
2015-10-02,143.25,145.91000366210938,142.19000244140625,145.86000061035156,2591500,COST
2015-10-05,146.24000549316406,148.22000122070312,146.00999450683594,148.07000732421875,2273000,COST
2015-10-06,148.14999389648438,148.6999969482422,147.36000061035156,148.41000366210938,2091000,COST
2015-10-07,148.72000122070312,149.32000732421875,147.42999267578125,147.9600067138672,2340800,COST
2015-10-08,147.61000061035156,151.6999969482422,147.61000061035156,151.66000366210938,2370900,COST
2015-10-09,150.75999450683594,154.25999450683594,150.44000244140625,153.97000122070312,3715500,COST
2015-10-12,153.97000122070312,154.47999572753906,153.08999633789062,153.6300048828125,1200100,COST
2015-10-13,153.22999572753906,154.07000732421875,152.22000122070312,152.27999877929688,1493700,COST
2015-10-14,152.30999755859375,152.77000427246094,149.10000610351562,149.83999633789062,3044900,COST
2015-10-15,150.8300018310547,151.89999389648438,150.22000122070312,151.77000427246094,1697000,COST
2015-10-16,152.32000732421875,152.97000122070312,151.27999877929688,152.05999755859375,1647500,COST
2015-10-19,152.0500030517578,153.38999938964844,151.9199981689453,153.22000122070312,1543700,COST
2015-10-20,153.72000122070312,154.8800048828125,153.16000366210938,154.55999755859375,1875700,COST
2015-10-21,154.8000030517578,155.94000244140625,154.30999755859375,155.2100067138672,1797300,COST
2015-10-22,155.42999267578125,158.33999633789062,155.0800018310547,158.14999389648438,2192400,COST
2015-10-23,158.6999969482422,158.8000030517578,154.91000366210938,155.74000549316406,2273400,COST
2015-10-26,152.05999755859375,157.41000366210938,151.25999450683594,156.72999572753906,2500000,COST
2015-10-27,157.27000427246094,158.3000030517578,155.55999755859375,157.75999450683594,1675100,COST
2015-10-28,157.5,157.92999267578125,155.50999450683594,157.75999450683594,1778800,COST
2015-10-29,157.05999755859375,158.3800048828125,156.52999877929688,158.27999877929688,1547000,COST
2015-10-30,158.0,159.39999389648438,157.3000030517578,158.1199951171875,2050000,COST
2015-11-02,158.99000549316406,159.30999755859375,157.64999389648438,159.14999389648438,1260700,COST
2015-11-03,158.39999389648438,159.22000122070312,157.3800048828125,158.8000030517578,1531100,COST
2015-11-04,159.0,159.02999877929688,156.89999389648438,157.14999389648438,1653100,COST
2015-11-05,154.14999389648438,156.80999755859375,154.02000427246094,156.27000427246094,2550300,COST
2015-11-06,156.49000549316406,157.9600067138672,155.6699981689453,157.5500030517578,1749800,COST
2015-11-09,156.80999755859375,157.10000610351562,153.88999938964844,155.16000366210938,2291100,COST
2015-11-10,155.1300048828125,156.4600067138672,154.60000610351562,156.41000366210938,1701800,COST
2015-11-11,155.97999572753906,157.42999267578125,155.17999267578125,156.38999938964844,1864200,COST
2015-11-12,156.1199951171875,156.97999572753906,155.39999389648438,156.0,1657400,COST
2015-11-13,155.07000732421875,155.25,153.22999572753906,153.6699981689453,2459900,COST
2015-11-16,153.80999755859375,156.47000122070312,153.24000549316406,156.4499969482422,1778400,COST
2015-11-17,157.35000610351562,159.9199981689453,157.02000427246094,158.88999938964844,2500000,COST
2015-11-18,158.88999938964844,161.39999389648438,157.82000732421875,161.25,2152000,COST
2015-11-19,161.69000244140625,163.1999969482422,161.44000244140625,162.8300018310547,2959300,COST
2015-11-20,164.16000366210938,164.47000122070312,162.75,163.10000610351562,2051100,COST
2015-11-23,163.52999877929688,163.89999389648438,162.72999572753906,163.4499969482422,1174300,COST
2015-11-24,162.25999450683594,163.9199981689453,161.0,162.19000244140625,2799500,COST
2015-11-25,162.0399932861328,163.0,161.13999938964844,162.38999938964844,1828000,COST
2015-11-27,163.11000061035156,164.41000366210938,162.49000549316406,163.5800018310547,866300,COST
2015-11-30,164.1699981689453,164.44000244140625,160.7899932861328,161.4199981689453,3063800,COST
2015-12-01,162.02000427246094,163.0399932861328,160.74000549316406,161.2899932861328,1939700,COST
2015-12-02,161.7100067138672,162.44000244140625,160.6300048828125,161.08999633789062,1585700,COST
2015-12-03,164.50999450683594,166.10000610351562,163.30999755859375,163.6699981689453,3440000,COST
2015-12-04,164.1199951171875,167.24000549316406,164.00999450683594,166.8000030517578,2578600,COST
2015-12-07,167.3300018310547,167.5,165.5500030517578,167.1199951171875,2791900,COST
2015-12-08,166.74000549316406,169.72999572753906,165.8699951171875,168.8699951171875,3158500,COST
2015-12-09,162.72000122070312,163.88999938964844,158.22000122070312,159.72000122070312,9527000,COST
2015-12-10,160.92999267578125,163.41000366210938,160.61000061035156,161.86000061035156,3653300,COST
2015-12-11,159.72999572753906,161.1999969482422,159.36000061035156,160.02000427246094,2511200,COST
2015-12-14,160.08999633789062,161.8800048828125,159.41000366210938,161.83999633789062,2427300,COST
2015-12-15,163.32000732421875,163.74000549316406,160.72000122070312,161.2899932861328,2378700,COST
2015-12-16,161.9499969482422,163.25,160.0,162.75999450683594,2196300,COST
2015-12-17,162.44000244140625,163.5800018310547,160.60000610351562,160.67999267578125,1703900,COST
2015-12-18,159.7899932861328,160.67999267578125,157.60000610351562,157.6999969482422,4295800,COST
2015-12-21,158.80999755859375,159.42999267578125,157.3300018310547,159.38999938964844,1453500,COST
2015-12-22,159.89999389648438,161.38999938964844,159.02999877929688,161.22999572753906,1742100,COST
2015-12-23,162.42999267578125,162.42999267578125,160.77999877929688,161.7100067138672,1581000,COST
2015-12-24,161.85000610351562,162.3300018310547,161.44000244140625,161.75,491000,COST
2015-12-28,161.0500030517578,162.25999450683594,160.39999389648438,161.16000366210938,1124700,COST
2015-12-29,161.89999389648438,163.22999572753906,161.52000427246094,162.66000366210938,1169600,COST
2015-12-30,162.9600067138672,163.4499969482422,162.50999450683594,162.7100067138672,889900,COST
2015-12-31,162.0800018310547,164.0,161.5,161.5,1873400,COST
2016-01-04,159.80999755859375,160.10000610351562,157.8699951171875,159.5399932861328,2640800,COST
2016-01-05,160.1699981689453,161.22999572753906,159.4499969482422,159.92999267578125,2127700,COST
2016-01-06,158.36000061035156,159.8000030517578,157.6300048828125,158.4499969482422,2033400,COST
2016-01-07,154.85000610351562,157.05999755859375,153.5500030517578,154.82000732421875,3826000,COST
2016-01-08,155.27999877929688,155.3000030517578,151.80999755859375,152.11000061035156,3156200,COST
2016-01-11,152.3000030517578,155.9600067138672,152.1199951171875,154.72000122070312,2164500,COST
2016-01-12,155.7100067138672,156.42999267578125,154.94000244140625,156.05999755859375,2215600,COST
2016-01-13,155.97000122070312,156.02000427246094,151.8800048828125,152.1199951171875,2157500,COST
2016-01-14,151.9600067138672,154.16000366210938,151.3300018310547,153.17999267578125,2281500,COST
2016-01-15,149.2899932861328,151.52000427246094,148.25,150.38999938964844,2975400,COST
2016-01-19,151.7899932861328,152.0,149.5800018310547,150.47000122070312,2242600,COST
2016-01-20,148.4600067138672,150.0,144.91000366210938,148.82000732421875,3796800,COST
2016-01-21,148.97000122070312,151.24000549316406,148.11000061035156,150.3800048828125,2211800,COST
2016-01-22,152.17999267578125,153.7100067138672,151.64999389648438,153.69000244140625,2544100,COST
2016-01-25,154.07000732421875,154.47999572753906,150.5500030517578,150.77999877929688,1820600,COST
2016-01-26,150.77999877929688,151.72000122070312,148.3000030517578,148.5,2828600,COST
2016-01-27,149.2899932861328,149.58999633789062,146.72000122070312,147.72999572753906,2189500,COST
2016-01-28,148.5500030517578,149.97000122070312,147.80999755859375,149.58999633789062,2076100,COST
2016-01-29,149.5,151.6199951171875,146.91000366210938,151.1199951171875,3221300,COST
2016-02-01,150.83999633789062,152.19000244140625,150.19000244140625,151.25,2142000,COST
2016-02-02,149.99000549316406,150.7899932861328,148.11000061035156,148.5,1931400,COST
2016-02-03,149.27999877929688,149.97999572753906,145.4499969482422,146.6999969482422,2546900,COST
2016-02-04,145.0,145.13999938964844,141.7899932861328,143.27999877929688,5340500,COST
2016-02-05,143.27000427246094,145.1999969482422,142.39999389648438,143.99000549316406,4079300,COST
2016-02-08,142.74000549316406,147.5500030517578,141.6199951171875,147.02000427246094,3782000,COST
2016-02-09,146.24000549316406,149.72000122070312,146.22999572753906,147.94000244140625,3228300,COST
2016-02-10,149.3699951171875,150.1699981689453,147.5800018310547,148.0500030517578,2189600,COST
2016-02-11,147.1300048828125,148.38999938964844,144.75999450683594,146.64999389648438,2198100,COST
2016-02-12,147.97999572753906,149.27000427246094,147.0,148.64999389648438,1951800,COST
2016-02-16,149.35000610351562,150.63999938964844,147.6999969482422,149.11000061035156,2186400,COST
2016-02-17,149.75,151.97999572753906,148.91000366210938,150.91000366210938,2174600,COST
2016-02-18,149.1300048828125,149.83999633789062,146.82000732421875,148.64999389648438,2894300,COST
2016-02-19,149.0,149.13999938964844,146.85000610351562,148.6999969482422,2471700,COST
2016-02-22,149.6300048828125,150.17999267578125,148.49000549316406,150.05999755859375,2161300,COST
2016-02-23,149.88999938964844,151.75999450683594,149.1199951171875,150.36000061035156,1850600,COST
2016-02-24,150.02999877929688,154.41000366210938,149.66000366210938,153.8699951171875,2590100,COST
2016-02-25,154.69000244140625,154.8800048828125,152.86000061035156,154.72000122070312,1746900,COST
2016-02-26,153.08999633789062,153.41000366210938,148.75999450683594,149.67999267578125,3800800,COST
2016-02-29,149.99000549316406,152.3000030517578,149.69000244140625,150.02999877929688,3115800,COST
2016-03-01,150.39999389648438,151.1999969482422,149.3800048828125,150.52000427246094,2681400,COST
2016-03-02,151.1300048828125,152.9499969482422,150.38999938964844,152.7899932861328,2947600,COST
2016-03-03,148.55999755859375,151.9600067138672,147.3800048828125,151.60000610351562,5552600,COST
2016-03-04,151.74000549316406,151.77000427246094,150.02999877929688,150.89999389648438,2155600,COST
2016-03-07,149.9600067138672,150.88999938964844,147.60000610351562,148.1699981689453,3159600,COST
2016-03-08,147.66000366210938,151.9199981689453,147.10000610351562,150.9499969482422,3156300,COST
2016-03-09,151.35000610351562,153.5,151.30999755859375,153.0500030517578,2395300,COST
2016-03-10,153.2100067138672,154.69000244140625,151.0500030517578,152.8699951171875,1413000,COST
2016-03-11,153.85000610351562,154.0,151.39999389648438,152.7100067138672,1829900,COST
2016-03-14,152.25999450683594,153.3000030517578,151.64999389648438,152.6699981689453,1218400,COST
2016-03-15,151.8000030517578,154.4199981689453,151.8000030517578,154.17999267578125,1398500,COST
2016-03-16,153.6999969482422,155.0,152.6300048828125,154.05999755859375,1485500,COST
2016-03-17,153.82000732421875,154.74000549316406,153.58999633789062,153.83999633789062,1583200,COST
2016-03-18,154.5800018310547,154.6999969482422,152.77000427246094,153.14999389648438,3611700,COST
2016-03-21,152.82000732421875,154.35000610351562,152.47000122070312,153.94000244140625,1367400,COST
2016-03-22,153.2100067138672,153.80999755859375,152.0,152.22999572753906,1943100,COST
2016-03-23,152.17999267578125,153.92999267578125,151.63999938964844,153.50999450683594,2127300,COST
2016-03-24,153.24000549316406,154.0800018310547,150.85000610351562,151.42999267578125,2506500,COST
2016-03-28,151.8000030517578,153.94000244140625,151.77999877929688,152.6699981689453,1767400,COST
2016-03-29,152.77000427246094,155.4600067138672,152.52000427246094,155.25999450683594,1655400,COST
2016-03-30,155.91000366210938,158.24000549316406,155.64999389648438,157.60000610351562,2642700,COST
2016-03-31,157.9600067138672,159.8000030517578,157.52000427246094,157.5800018310547,2692400,COST
2016-04-01,157.8699951171875,159.08999633789062,157.0,158.25,1531500,COST
2016-04-04,158.67999267578125,158.99000549316406,156.4600067138672,157.72999572753906,1458400,COST
2016-04-05,157.88999938964844,158.0,155.72000122070312,155.99000549316406,1855600,COST
2016-04-06,155.80999755859375,157.41000366210938,155.22000122070312,156.77000427246094,1572600,COST
2016-04-07,154.4199981689453,154.5800018310547,151.47999572753906,152.02999877929688,4050100,COST
2016-04-08,152.97999572753906,152.97999572753906,150.9199981689453,151.64999389648438,2008500,COST
2016-04-11,151.33999633789062,151.94000244140625,148.97000122070312,149.0500030517578,2279000,COST
2016-04-12,149.60000610351562,150.67999267578125,148.50999450683594,150.52000427246094,2268300,COST
2016-04-13,151.57000732421875,152.0800018310547,150.58999633789062,151.8800048828125,2078800,COST
2016-04-14,152.58999633789062,152.91000366210938,151.13999938964844,151.39999389648438,2420000,COST
2016-04-15,151.9600067138672,153.80999755859375,151.83999633789062,153.1699981689453,2675900,COST
2016-04-18,152.77999877929688,153.7100067138672,152.27000427246094,153.3000030517578,1335800,COST
2016-04-19,153.77999877929688,153.89999389648438,152.49000549316406,153.67999267578125,1579000,COST
2016-04-20,153.72000122070312,153.88999938964844,152.60000610351562,152.74000549316406,1308700,COST
2016-04-21,152.49000549316406,152.74000549316406,150.69000244140625,151.4199981689453,2097600,COST
2016-04-22,151.0500030517578,151.80999755859375,149.36000061035156,149.9199981689453,2233900,COST
2016-04-25,149.97999572753906,151.67999267578125,149.47000122070312,151.50999450683594,1249000,COST
2016-04-26,152.0800018310547,153.4499969482422,151.6699981689453,152.60000610351562,1552900,COST
2016-04-27,152.24000549316406,152.50999450683594,150.60000610351562,151.77000427246094,1492800,COST
2016-04-28,152.00999450683594,153.64999389648438,151.13999938964844,151.44000244140625,2198100,COST
2016-04-29,150.00999450683594,150.97999572753906,147.4600067138672,148.1300048828125,3588800,COST
2016-05-02,148.75999450683594,151.4199981689453,147.75,150.92999267578125,3361500,COST
2016-05-03,150.0800018310547,152.52999877929688,149.60000610351562,151.41000366210938,2201300,COST
2016-05-04,150.1199951171875,152.0,149.44000244140625,151.50999450683594,2111600,COST
2016-05-05,148.97999572753906,150.3800048828125,146.3699951171875,147.83999633789062,4869300,COST
2016-05-06,147.05999755859375,147.5,144.74000549316406,146.44000244140625,3692200,COST
2016-05-09,146.8300018310547,148.97000122070312,146.50999450683594,148.58999633789062,2843800,COST
2016-05-10,149.3800048828125,149.97999572753906,148.75,149.55999755859375,1943900,COST
2016-05-11,148.38999938964844,148.69000244140625,146.5800018310547,147.1199951171875,2812700,COST
2016-05-12,147.32000732421875,147.77000427246094,146.32000732421875,146.72000122070312,2860400,COST
2016-05-13,146.3300018310547,146.72000122070312,144.3000030517578,144.5,2993600,COST
2016-05-16,144.5,146.5800018310547,143.39999389648438,145.7899932861328,2615000,COST
2016-05-17,145.5,146.24000549316406,143.22000122070312,143.60000610351562,2928900,COST
2016-05-18,140.17999267578125,141.66000366210938,138.57000732421875,141.2899932861328,5717000,COST
2016-05-19,142.4499969482422,143.0800018310547,141.4199981689453,142.6999969482422,2830500,COST
2016-05-20,142.72999572753906,143.5,142.02000427246094,142.69000244140625,2088400,COST
2016-05-23,142.83999633789062,144.0,141.91000366210938,142.00999450683594,1828400,COST
2016-05-24,142.57000732421875,143.47999572753906,142.3800048828125,142.57000732421875,2813100,COST
2016-05-25,142.6199951171875,145.67999267578125,142.50999450683594,144.5399932861328,4156700,COST
2016-05-26,149.00999450683594,153.8800048828125,147.6999969482422,149.7100067138672,7679400,COST
2016-05-27,150.24000549316406,150.77000427246094,148.11000061035156,149.0800018310547,3349800,COST
2016-05-31,149.57000732421875,149.8800048828125,147.6300048828125,148.77000427246094,3738900,COST
2016-06-01,150.5,153.0,150.32000732421875,152.52000427246094,3487300,COST
2016-06-02,150.0500030517578,151.50999450683594,148.5500030517578,151.50999450683594,3957600,COST
2016-06-03,150.3000030517578,151.77999877929688,150.27000427246094,151.7100067138672,1964200,COST
2016-06-06,151.8300018310547,152.49000549316406,151.7100067138672,152.24000549316406,1961600,COST
2016-06-07,152.0800018310547,153.85000610351562,151.89999389648438,152.6199951171875,2113000,COST
2016-06-08,152.67999267578125,153.47000122070312,152.0500030517578,153.3699951171875,1528300,COST
2016-06-09,153.0,154.13999938964844,152.9199981689453,154.0500030517578,1812100,COST
2016-06-10,153.0,155.14999389648438,152.94000244140625,154.8699951171875,3266500,COST
2016-06-13,154.75999450683594,155.9600067138672,154.57000732421875,154.9499969482422,2576600,COST
2016-06-14,154.5500030517578,156.36000061035156,153.57000732421875,155.8699951171875,3274700,COST
2016-06-15,155.6999969482422,156.77999877929688,154.66000366210938,154.86000061035156,2228500,COST
2016-06-16,154.86000061035156,156.5,154.11000061035156,156.4199981689453,1937400,COST
2016-06-17,157.02999877929688,157.25,155.75999450683594,155.88999938964844,2858200,COST
2016-06-20,157.3800048828125,158.3800048828125,156.4499969482422,156.47999572753906,2090800,COST
2016-06-21,157.07000732421875,157.89999389648438,156.66000366210938,157.1999969482422,1909700,COST
2016-06-22,157.61000061035156,158.4199981689453,157.16000366210938,158.1199951171875,2094800,COST
2016-06-23,158.60000610351562,158.7899932861328,156.33999633789062,157.02999877929688,2912400,COST
2016-06-24,153.16000366210938,157.69000244140625,153.10000610351562,155.55999755859375,3996100,COST
2016-06-27,154.24000549316406,154.92999267578125,152.5500030517578,154.25999450683594,2790800,COST
2016-06-28,154.66000366210938,155.92999267578125,153.7100067138672,155.60000610351562,2156300,COST
2016-06-29,156.44000244140625,157.27999877929688,155.88999938964844,157.0800018310547,1942500,COST
2016-06-30,156.9600067138672,157.82000732421875,155.5,157.0399932861328,3091100,COST
2016-07-01,157.19000244140625,157.19000244140625,155.39999389648438,156.11000061035156,2317200,COST
2016-07-05,156.0800018310547,156.14999389648438,154.6999969482422,155.25,2807400,COST
2016-07-06,155.1999969482422,156.5500030517578,154.6699981689453,156.00999450683594,2133200,COST
2016-07-07,158.3300018310547,164.16000366210938,158.0,163.6999969482422,6497900,COST
2016-07-08,164.83999633789062,166.10000610351562,164.49000549316406,165.44000244140625,3932000,COST
2016-07-11,165.05999755859375,167.49000549316406,165.05999755859375,166.72000122070312,2634300,COST
2016-07-12,166.49000549316406,166.9199981689453,165.82000732421875,166.27999877929688,1642100,COST
2016-07-13,167.0,167.19000244140625,166.02000427246094,166.77999877929688,1479800,COST
2016-07-14,167.14999389648438,168.0,166.27999877929688,166.94000244140625,2150100,COST
2016-07-15,167.44000244140625,167.44000244140625,165.60000610351562,166.41000366210938,1962300,COST
2016-07-18,166.55999755859375,167.86000061035156,165.9199981689453,167.50999450683594,1993800,COST
2016-07-19,167.5,168.55999755859375,167.38999938964844,168.1199951171875,1487800,COST
2016-07-20,168.25,168.25999450683594,166.9499969482422,168.0399932861328,1336900,COST
2016-07-21,167.42999267578125,167.75,166.3000030517578,167.0500030517578,1384600,COST
2016-07-22,167.67999267578125,167.6999969482422,166.9600067138672,167.47000122070312,1335100,COST
2016-07-25,167.1699981689453,168.1999969482422,166.39999389648438,167.97000122070312,1732200,COST
2016-07-26,167.60000610351562,168.82000732421875,166.6999969482422,167.57000732421875,1593900,COST
2016-07-27,167.16000366210938,167.5,165.75,166.14999389648438,1440000,COST
2016-07-28,166.25999450683594,166.86000061035156,165.8000030517578,166.35000610351562,1866500,COST
2016-07-29,166.63999938964844,167.67999267578125,166.3800048828125,167.22000122070312,1359700,COST
2016-08-01,167.14999389648438,168.0,166.89999389648438,167.55999755859375,986800,COST
2016-08-02,167.07000732421875,167.5399932861328,164.58999633789062,166.5,2107300,COST
2016-08-03,165.9199981689453,166.3300018310547,165.10000610351562,166.1199951171875,1837100,COST
2016-08-04,166.0399932861328,167.74000549316406,165.88999938964844,166.5500030517578,1638300,COST
2016-08-05,166.86000061035156,168.3300018310547,166.0800018310547,167.6999969482422,1526500,COST
2016-08-08,167.25,167.5500030517578,166.47000122070312,167.39999389648438,1294400,COST
2016-08-09,167.74000549316406,168.60000610351562,166.8800048828125,167.86000061035156,1286700,COST
2016-08-10,167.44000244140625,168.5,167.0500030517578,168.2899932861328,1104300,COST
2016-08-11,169.11000061035156,169.58999633789062,167.3300018310547,167.8800048828125,1497800,COST
2016-08-12,167.16000366210938,169.41000366210938,167.16000366210938,169.0399932861328,1399100,COST
2016-08-15,169.0399932861328,169.27000427246094,168.58999633789062,168.72999572753906,918600,COST
2016-08-16,167.8800048828125,168.8000030517578,167.8800048828125,168.41000366210938,1023000,COST
2016-08-17,167.4499969482422,168.36000061035156,166.9199981689453,167.9600067138672,1382500,COST
2016-08-18,168.4199981689453,168.7100067138672,167.1999969482422,167.75,1353400,COST
2016-08-19,167.2100067138672,168.3300018310547,167.10000610351562,168.02000427246094,1764800,COST
2016-08-22,168.33999633789062,168.69000244140625,167.6199951171875,167.94000244140625,955000,COST
2016-08-23,168.08999633789062,168.4499969482422,167.30999755859375,167.36000061035156,1003700,COST
2016-08-24,167.13999938964844,167.8800048828125,166.75999450683594,167.57000732421875,1363800,COST
2016-08-25,167.1999969482422,167.41000366210938,164.63999938964844,164.86000061035156,1817700,COST
2016-08-26,165.38999938964844,165.64999389648438,163.47000122070312,163.92999267578125,2009900,COST
2016-08-29,164.47000122070312,164.83999633789062,163.39999389648438,163.97999572753906,1819200,COST
2016-08-30,164.07000732421875,164.27999877929688,161.74000549316406,161.9600067138672,2010700,COST
2016-08-31,161.8699951171875,162.57000732421875,161.14999389648438,162.08999633789062,1933200,COST
2016-09-01,159.0,159.0,155.5399932861328,156.2100067138672,6038500,COST
2016-09-02,156.80999755859375,159.27999877929688,156.8000030517578,157.97999572753906,2679000,COST
2016-09-06,158.1300048828125,158.14999389648438,156.02000427246094,158.05999755859375,2716900,COST
2016-09-07,157.63999938964844,157.8699951171875,155.39999389648438,155.63999938964844,2984100,COST
2016-09-08,155.19000244140625,155.49000549316406,152.94000244140625,153.47000122070312,2993100,COST
2016-09-09,152.58999633789062,152.7899932861328,150.6999969482422,150.6999969482422,2993900,COST
2016-09-12,150.5,151.99000549316406,150.25999450683594,151.69000244140625,2982400,COST
2016-09-13,151.17999267578125,151.5800018310547,150.07000732421875,150.74000549316406,2148600,COST
2016-09-14,150.7100067138672,152.25,150.1999969482422,150.69000244140625,2188900,COST
2016-09-15,150.72000122070312,152.97000122070312,150.11000061035156,152.6699981689453,2284300,COST
2016-09-16,151.9600067138672,152.66000366210938,151.13999938964844,152.35000610351562,2842000,COST
2016-09-19,152.1300048828125,153.02999877929688,151.60000610351562,151.7899932861328,1321300,COST
2016-09-20,152.42999267578125,152.7100067138672,151.6699981689453,152.1699981689453,1396700,COST
2016-09-21,152.58999633789062,152.89999389648438,151.25,152.6999969482422,1535100,COST
2016-09-22,153.02999877929688,154.27999877929688,152.67999267578125,153.14999389648438,2502200,COST
2016-09-23,153.14999389648438,153.77000427246094,152.1699981689453,152.52999877929688,2282100,COST
2016-09-26,152.0800018310547,152.27999877929688,151.00999450683594,151.19000244140625,1862200,COST
2016-09-27,151.4199981689453,151.77000427246094,150.0,150.4499969482422,2569000,COST
2016-09-28,150.60000610351562,150.6699981689453,148.94000244140625,149.41000366210938,2626300,COST
2016-09-29,149.19000244140625,149.69000244140625,147.1999969482422,147.49000549316406,4501300,COST
2016-09-30,151.7899932861328,154.85000610351562,151.60000610351562,152.50999450683594,7318100,COST
2016-10-03,152.22000122070312,152.25,150.32000732421875,151.00999450683594,3197100,COST
2016-10-04,151.47000122070312,151.6199951171875,149.49000549316406,150.47999572753906,2840500,COST
2016-10-05,150.6300048828125,150.9199981689453,149.8300018310547,149.97999572753906,2377700,COST
2016-10-06,150.22999572753906,150.63999938964844,149.0,149.47000122070312,2465500,COST
2016-10-07,149.77000427246094,150.19000244140625,148.7899932861328,149.99000549316406,2282100,COST
2016-10-10,150.35000610351562,150.85000610351562,149.75,150.27999877929688,1587700,COST
2016-10-11,149.6699981689453,151.13999938964844,149.50999450683594,151.00999450683594,2596800,COST
2016-10-12,150.97000122070312,151.49000549316406,150.38999938964844,150.4600067138672,1664500,COST
2016-10-13,149.92999267578125,151.33999633789062,149.72000122070312,150.22000122070312,1795300,COST
2016-10-14,150.17999267578125,151.0,149.27999877929688,150.14999389648438,1745000,COST
2016-10-17,150.0800018310547,150.1999969482422,148.6300048828125,148.6999969482422,1988400,COST
2016-10-18,149.50999450683594,149.6199951171875,148.41000366210938,149.11000061035156,1847800,COST
2016-10-19,150.6999969482422,151.32000732421875,149.30999755859375,149.4499969482422,1812000,COST
2016-10-20,149.85000610351562,150.77999877929688,149.60000610351562,150.0399932861328,2251200,COST
2016-10-21,149.50999450683594,150.2899932861328,148.5,148.97000122070312,2188000,COST
2016-10-24,149.35000610351562,152.32000732421875,149.2899932861328,152.1199951171875,2432800,COST
2016-10-25,149.89999389648438,151.97000122070312,149.89999389648438,150.99000549316406,2060600,COST
2016-10-26,150.35000610351562,151.41000366210938,150.27999877929688,150.97999572753906,2246100,COST
2016-10-27,150.8300018310547,151.4600067138672,149.82000732421875,150.86000061035156,1993500,COST
2016-10-28,150.44000244140625,150.86000061035156,149.3800048828125,149.75999450683594,1843900,COST
2016-10-31,148.88999938964844,149.35000610351562,147.10000610351562,147.8699951171875,3239400,COST
2016-11-01,148.47999572753906,148.6300048828125,146.3800048828125,146.66000366210938,2112000,COST
2016-11-02,146.42999267578125,147.33999633789062,146.1199951171875,146.27000427246094,2260500,COST
2016-11-03,146.6999969482422,146.6999969482422,144.13999938964844,144.4499969482422,2168200,COST
2016-11-04,143.0,145.0,142.11000061035156,142.24000549316406,2702100,COST
2016-11-07,143.3800048828125,143.66000366210938,142.75,143.5399932861328,3010100,COST
2016-11-08,143.88999938964844,146.6300048828125,143.8000030517578,146.08999633789062,3505200,COST
2016-11-09,143.5399932861328,147.38999938964844,143.5399932861328,146.7899932861328,3170200,COST
2016-11-10,147.05999755859375,150.0,146.61000061035156,146.6999969482422,3944200,COST
2016-11-11,146.61000061035156,149.6199951171875,145.3800048828125,149.36000061035156,3218000,COST
2016-11-14,150.9199981689453,152.13999938964844,149.5,152.0,3890800,COST
2016-11-15,151.97999572753906,152.0,150.2899932861328,151.14999389648438,2799900,COST
2016-11-16,152.19000244140625,152.5500030517578,151.8000030517578,152.13999938964844,2152300,COST
2016-11-17,151.22999572753906,151.39999389648438,149.5500030517578,151.1999969482422,2098700,COST
2016-11-18,150.83999633789062,151.1999969482422,149.52000427246094,150.36000061035156,2020500,COST
2016-11-21,150.5500030517578,151.2899932861328,150.1199951171875,151.1699981689453,1181200,COST
2016-11-22,151.92999267578125,153.0500030517578,151.2100067138672,152.6699981689453,1954200,COST
2016-11-23,152.75,153.33999633789062,151.17999267578125,151.60000610351562,2166900,COST
2016-11-25,151.88999938964844,153.4199981689453,151.7100067138672,151.8800048828125,886800,COST
2016-11-28,151.0500030517578,152.42999267578125,151.00999450683594,151.25,1733500,COST
2016-11-29,151.6199951171875,152.22000122070312,151.3300018310547,151.47999572753906,1496800,COST
2016-11-30,151.1300048828125,151.5399932861328,150.07000732421875,150.11000061035156,2750500,COST
2016-12-01,150.11000061035156,152.8800048828125,150.11000061035156,151.74000549316406,2305200,COST
2016-12-02,151.99000549316406,152.8699951171875,151.42999267578125,152.08999633789062,1829200,COST
2016-12-05,152.08999633789062,152.22999572753906,150.77999877929688,151.77000427246094,2432100,COST
2016-12-06,151.85000610351562,152.0800018310547,150.4199981689453,151.00999450683594,2245400,COST
2016-12-07,150.60000610351562,153.91000366210938,150.47999572753906,153.85000610351562,2811300,COST
2016-12-08,156.63999938964844,160.89999389648438,156.60000610351562,157.58999633789062,5504300,COST
2016-12-09,157.27999877929688,159.8300018310547,157.25999450683594,159.6999969482422,2614700,COST
2016-12-12,158.60000610351562,161.27999877929688,158.55999755859375,160.3300018310547,2299200,COST
2016-12-13,160.85000610351562,162.0399932861328,159.13999938964844,159.77000427246094,3583300,COST
2016-12-14,160.0500030517578,160.4499969482422,158.25,158.99000549316406,2119100,COST
2016-12-15,159.35000610351562,161.5,159.07000732421875,160.11000061035156,1811100,COST
2016-12-16,160.49000549316406,161.25,159.85000610351562,160.41000366210938,3767100,COST
2016-12-19,162.00999450683594,164.52999877929688,161.64999389648438,163.4600067138672,3231900,COST
2016-12-20,164.32000732421875,164.9499969482422,163.5,163.86000061035156,2204600,COST
2016-12-21,163.60000610351562,164.02999877929688,163.02000427246094,163.0399932861328,1313400,COST
2016-12-22,163.66000366210938,163.6699981689453,161.9199981689453,162.07000732421875,1965900,COST
2016-12-23,162.1699981689453,162.6699981689453,161.52999877929688,162.0800018310547,1254100,COST
2016-12-27,162.05999755859375,162.75999450683594,161.8000030517578,162.0500030517578,1301100,COST
2016-12-28,162.02000427246094,162.85000610351562,160.5500030517578,161.00999450683594,1281000,COST
2016-12-29,160.64999389648438,161.44000244140625,160.64999389648438,161.1300048828125,858200,COST
2016-12-30,160.88999938964844,160.99000549316406,159.6699981689453,160.11000061035156,1472300,COST
2017-01-03,160.64999389648438,160.99000549316406,158.50999450683594,159.72999572753906,2099000,COST
2017-01-04,159.8000030517578,160.49000549316406,158.94000244140625,159.75999450683594,2163600,COST
2017-01-05,160.9499969482422,163.35000610351562,160.6300048828125,162.91000366210938,2880900,COST
2017-01-06,162.6699981689453,162.9499969482422,161.1300048828125,162.8300018310547,2167000,COST
2017-01-09,162.3300018310547,162.47999572753906,160.72000122070312,160.97000122070312,2318300,COST
2017-01-10,160.5800018310547,162.41000366210938,160.50999450683594,161.66000366210938,1477900,COST
2017-01-11,161.47000122070312,162.3800048828125,160.35000610351562,161.5399932861328,1378300,COST
2017-01-12,161.35000610351562,161.9600067138672,160.6699981689453,161.8699951171875,1296900,COST
2017-01-13,161.99000549316406,162.1300048828125,161.35000610351562,161.86000061035156,1250100,COST
2017-01-17,161.85000610351562,164.25,161.6699981689453,163.80999755859375,2430500,COST
2017-01-18,163.64999389648438,164.3800048828125,162.58999633789062,164.27000427246094,1834700,COST
2017-01-19,164.17999267578125,164.8000030517578,163.55999755859375,163.6999969482422,1980400,COST
2017-01-20,164.38999938964844,164.77000427246094,163.22999572753906,164.24000549316406,1897100,COST
2017-01-23,164.0500030517578,164.35000610351562,162.1699981689453,163.00999450683594,1421600,COST
2017-01-24,163.22999572753906,163.82000732421875,162.9600067138672,163.6699981689453,1347400,COST
2017-01-25,164.1999969482422,164.75,163.89999389648438,164.13999938964844,1299200,COST
2017-01-26,164.33999633789062,164.44000244140625,163.39999389648438,164.07000732421875,1180000,COST
2017-01-27,164.55999755859375,164.5800018310547,160.7100067138672,162.05999755859375,2341100,COST
2017-01-30,162.02999877929688,163.2899932861328,160.60000610351562,163.25,2149800,COST
2017-01-31,162.49000549316406,164.0,162.35000610351562,163.9499969482422,1796600,COST
2017-02-01,163.83999633789062,163.9499969482422,161.80999755859375,161.86000061035156,2219700,COST
2017-02-02,166.83999633789062,168.8800048828125,166.16000366210938,168.14999389648438,5816300,COST
2017-02-03,167.72000122070312,168.83999633789062,167.14999389648438,168.32000732421875,3227700,COST
2017-02-06,168.17999267578125,168.17999267578125,166.7100067138672,167.02999877929688,2172800,COST
2017-02-07,167.52999877929688,168.0800018310547,166.52999877929688,167.52000427246094,2732600,COST
2017-02-08,167.5,168.57000732421875,167.5,168.4199981689453,2089900,COST
2017-02-09,168.4499969482422,171.4199981689453,168.1699981689453,170.9600067138672,2606900,COST
2017-02-10,171.64999389648438,172.27000427246094,170.27000427246094,172.0,2070000,COST
2017-02-13,172.49000549316406,172.49000549316406,170.77999877929688,171.9600067138672,2272200,COST
2017-02-14,171.66000366210938,173.63999938964844,171.5500030517578,173.6300048828125,2244700,COST
2017-02-15,173.17999267578125,175.0,173.05999755859375,175.0,2346500,COST
2017-02-16,175.10000610351562,175.8300018310547,174.50999450683594,175.75,2206500,COST
2017-02-17,175.47000122070312,176.5,174.47999572753906,175.86000061035156,2424400,COST
2017-02-21,176.5500030517578,177.0,176.0,176.94000244140625,2317000,COST
2017-02-22,177.07000732421875,177.08999633789062,175.07000732421875,176.50999450683594,1815200,COST
2017-02-23,176.52000427246094,177.0399932861328,175.2100067138672,175.85000610351562,2599900,COST
2017-02-24,175.22000122070312,177.7100067138672,175.1199951171875,177.55999755859375,1684300,COST
2017-02-27,177.3300018310547,177.85000610351562,176.5500030517578,177.6199951171875,2340400,COST
2017-02-28,176.9499969482422,177.8699951171875,175.47999572753906,177.17999267578125,2992100,COST
2017-03-01,177.3699951171875,178.7100067138672,177.22000122070312,177.86000061035156,2352300,COST
2017-03-02,177.5,178.25,176.50999450683594,177.97999572753906,3190300,COST
2017-03-03,170.6999969482422,171.88999938964844,169.89999389648438,170.25999450683594,10396500,COST
2017-03-06,169.41000366210938,170.3300018310547,166.11000061035156,166.72999572753906,5793600,COST
2017-03-07,166.5399932861328,168.6199951171875,166.5399932861328,167.0,2811900,COST
2017-03-08,167.0,167.41000366210938,166.16000366210938,166.24000549316406,2375900,COST
2017-03-09,166.39999389648438,166.7899932861328,165.1199951171875,165.77000427246094,1993700,COST
2017-03-10,166.49000549316406,166.5,164.97999572753906,165.3699951171875,2164200,COST
2017-03-13,164.85000610351562,165.11000061035156,164.3000030517578,164.5500030517578,2127700,COST
2017-03-14,164.2100067138672,165.32000732421875,164.10000610351562,165.24000549316406,1974400,COST
2017-03-15,165.57000732421875,166.5399932861328,164.8300018310547,166.5399932861328,2079700,COST
2017-03-16,166.77999877929688,167.6699981689453,166.25999450683594,167.05999755859375,2726600,COST
2017-03-17,168.05999755859375,168.35000610351562,167.07000732421875,167.80999755859375,3976000,COST
2017-03-20,167.75999450683594,168.2899932861328,166.8000030517578,167.44000244140625,1603300,COST
2017-03-21,167.50999450683594,168.8000030517578,166.64999389648438,166.77999877929688,2241900,COST
2017-03-22,167.32000732421875,167.97000122070312,167.0399932861328,167.67999267578125,1534200,COST
2017-03-23,168.0,168.4199981689453,166.42999267578125,166.89999389648438,1430500,COST
2017-03-24,167.3699951171875,167.4600067138672,165.66000366210938,166.02000427246094,1410400,COST
2017-03-27,165.52999877929688,166.32000732421875,165.32000732421875,166.14999389648438,1212300,COST
2017-03-28,166.11000061035156,167.0500030517578,165.14999389648438,166.77000427246094,1446400,COST
2017-03-29,166.27999877929688,167.47999572753906,166.14999389648438,167.42999267578125,1216700,COST
2017-03-30,167.3000030517578,168.17999267578125,166.75999450683594,167.88999938964844,1034000,COST
2017-03-31,167.58999633789062,168.1699981689453,167.1300048828125,167.69000244140625,1720300,COST
2017-04-03,167.74000549316406,168.3000030517578,166.39999389648438,166.6999969482422,1547900,COST
2017-04-04,166.60000610351562,167.32000732421875,166.11000061035156,167.25,1322400,COST
2017-04-05,167.2899932861328,168.39999389648438,166.72000122070312,167.0,1715200,COST
2017-04-06,169.67999267578125,172.11000061035156,169.30999755859375,170.02000427246094,3313800,COST
2017-04-07,169.6999969482422,171.0,169.42999267578125,170.6199951171875,1510000,COST
2017-04-10,170.1999969482422,171.57000732421875,169.85000610351562,171.22000122070312,2002300,COST
2017-04-11,170.7899932861328,171.44000244140625,169.6300048828125,170.6300048828125,1191400,COST
2017-04-12,171.42999267578125,171.4499969482422,169.69000244140625,170.1699981689453,1422300,COST
2017-04-13,170.0500030517578,170.6199951171875,168.8000030517578,168.83999633789062,1422500,COST
2017-04-17,168.77000427246094,169.75,168.7100067138672,169.6999969482422,1504100,COST
2017-04-18,170.0500030517578,170.32000732421875,169.47000122070312,170.1300048828125,1542700,COST
2017-04-19,170.8800048828125,170.92999267578125,169.82000732421875,170.05999755859375,1441300,COST
2017-04-20,170.3300018310547,171.17999267578125,169.9499969482422,170.14999389648438,1933600,COST
2017-04-21,171.52000427246094,171.8800048828125,170.63999938964844,170.77000427246094,2257900,COST
2017-04-24,172.0,172.61000061035156,171.3300018310547,172.3300018310547,1906900,COST
2017-04-25,172.91000366210938,173.0399932861328,172.2899932861328,172.67999267578125,1503000,COST
2017-04-26,178.0500030517578,178.27000427246094,175.4199981689453,176.8000030517578,4591300,COST
2017-04-27,177.32000732421875,177.7899932861328,176.4199981689453,177.4499969482422,2148700,COST
2017-04-28,178.07000732421875,178.07000732421875,176.92999267578125,177.52000427246094,2364500,COST
2017-05-01,178.5,178.5,177.3300018310547,177.86000061035156,3328000,COST
2017-05-02,178.72000122070312,178.94000244140625,177.94000244140625,178.58999633789062,2505300,COST
2017-05-03,178.74000549316406,180.4600067138672,178.6999969482422,179.82000732421875,2900500,COST
2017-05-04,180.0500030517578,183.17999267578125,180.0,182.4499969482422,3762200,COST
2017-05-05,182.77000427246094,182.9199981689453,179.75999450683594,180.1999969482422,3713600,COST
2017-05-08,174.66000366210938,174.6999969482422,171.60000610351562,172.63999938964844,3538000,COST
2017-05-09,173.61000061035156,173.9199981689453,172.30999755859375,172.67999267578125,2662100,COST
2017-05-10,172.02999877929688,172.08999633789062,170.66000366210938,171.35000610351562,2554500,COST
2017-05-11,170.77999877929688,171.5500030517578,170.10000610351562,171.25999450683594,2106000,COST
2017-05-12,171.2899932861328,171.85000610351562,170.32000732421875,170.8800048828125,1586800,COST
2017-05-15,170.3000030517578,171.97999572753906,170.3000030517578,171.57000732421875,1733600,COST
2017-05-16,171.9600067138672,171.9600067138672,170.6300048828125,171.0,1129200,COST
2017-05-17,170.66000366210938,171.5,169.05999755859375,169.14999389648438,2201400,COST
2017-05-18,170.0800018310547,171.02000427246094,169.69000244140625,170.72000122070312,1589700,COST
2017-05-19,171.35000610351562,172.42999267578125,170.80999755859375,171.63999938964844,1871800,COST
2017-05-22,172.24000549316406,173.24000549316406,171.6300048828125,172.39999389648438,1594100,COST
2017-05-23,172.97000122070312,173.5399932861328,172.32000732421875,172.47000122070312,1788000,COST
2017-05-24,172.9499969482422,173.1300048828125,171.8000030517578,173.00999450683594,1420800,COST
2017-05-25,173.47000122070312,175.0500030517578,173.3000030517578,174.72999572753906,2726900,COST
2017-05-26,180.25,180.33999633789062,177.52000427246094,177.86000061035156,4471300,COST
2017-05-30,177.67999267578125,179.38999938964844,177.5,178.9199981689453,2086300,COST
2017-05-31,179.24000549316406,180.47000122070312,178.77999877929688,180.42999267578125,2456200,COST
2017-06-01,180.80999755859375,181.10000610351562,179.86000061035156,180.6300048828125,2028300,COST
2017-06-02,180.5800018310547,181.25,179.8699951171875,180.97000122070312,2239900,COST
2017-06-05,181.10000610351562,182.2100067138672,180.60000610351562,182.0800018310547,1561100,COST
2017-06-06,181.6999969482422,182.72000122070312,181.00999450683594,181.4499969482422,2248900,COST
2017-06-07,181.44000244140625,182.24000549316406,181.13999938964844,182.1999969482422,1246200,COST
2017-06-08,181.9199981689453,182.5,180.83999633789062,181.41000366210938,1823600,COST
2017-06-09,181.7100067138672,181.92999267578125,179.9199981689453,180.3800048828125,2167600,COST
2017-06-12,179.5800018310547,180.8699951171875,178.7899932861328,179.63999938964844,2395200,COST
2017-06-13,179.89999389648438,180.7899932861328,179.02999877929688,180.50999450683594,1745400,COST
2017-06-14,180.8300018310547,181.9600067138672,180.22999572753906,181.6699981689453,1440400,COST
2017-06-15,180.38999938964844,181.3300018310547,178.3699951171875,180.05999755859375,1753800,COST
2017-06-16,170.39999389648438,170.60000610351562,165.0,167.11000061035156,24233000,COST
2017-06-19,167.0500030517578,167.3800048828125,162.38999938964844,164.33999633789062,13809100,COST
2017-06-20,165.5,165.5,162.42999267578125,162.89999389648438,7337600,COST
2017-06-21,163.49000549316406,163.77000427246094,162.75,163.14999389648438,3421700,COST
2017-06-22,163.1699981689453,163.3000030517578,159.00999450683594,159.7899932861328,8043100,COST
2017-06-23,159.39999389648438,159.8000030517578,156.55999755859375,157.1300048828125,9506700,COST
2017-06-26,158.14999389648438,160.99000549316406,158.10000610351562,160.1999969482422,6473900,COST
2017-06-27,160.66000366210938,161.5500030517578,159.1999969482422,159.25999450683594,5533800,COST
2017-06-28,159.58999633789062,160.5,159.5,160.1699981689453,3234400,COST
2017-06-29,160.2100067138672,160.47000122070312,157.8000030517578,158.67999267578125,3664200,COST
2017-06-30,159.60000610351562,160.5399932861328,158.7899932861328,159.92999267578125,4755100,COST
2017-07-03,160.2100067138672,160.52999877929688,158.69000244140625,158.82000732421875,1994300,COST
2017-07-05,158.92999267578125,159.5,157.86000061035156,158.02000427246094,3770400,COST
2017-07-06,161.11000061035156,161.35000610351562,157.0500030517578,157.08999633789062,6963400,COST
2017-07-07,157.36000061035156,157.5500030517578,154.08999633789062,154.11000061035156,7688400,COST
2017-07-10,153.50999450683594,153.60000610351562,150.9600067138672,151.0,8999800,COST
2017-07-11,151.4499969482422,153.08999633789062,150.92999267578125,151.11000061035156,6275600,COST
2017-07-12,151.4600067138672,152.89999389648438,151.4199981689453,151.75,5112200,COST
2017-07-13,153.22999572753906,153.92999267578125,152.6199951171875,153.60000610351562,5673500,COST
2017-07-14,154.25999450683594,154.27000427246094,152.89999389648438,153.0,4368400,COST
2017-07-17,153.0,153.44000244140625,152.52000427246094,152.83999633789062,3096500,COST
2017-07-18,152.61000061035156,152.83999633789062,150.94000244140625,151.5,3256900,COST
2017-07-19,151.80999755859375,152.16000366210938,150.89999389648438,151.24000549316406,4100000,COST
2017-07-20,151.47000122070312,152.19000244140625,150.8800048828125,150.99000549316406,3207400,COST
2017-07-21,150.94000244140625,151.22999572753906,150.0,150.44000244140625,4078000,COST
2017-07-24,150.4499969482422,151.47000122070312,150.11000061035156,151.0,3655600,COST
2017-07-25,151.41000366210938,153.6999969482422,151.39999389648438,153.1699981689453,4605700,COST
2017-07-26,153.41000366210938,153.5,151.5500030517578,152.08999633789062,3017200,COST
2017-07-27,152.00999450683594,152.99000549316406,151.44000244140625,152.52000427246094,3637900,COST
2017-07-28,152.6699981689453,153.3000030517578,152.11000061035156,152.88999938964844,2779500,COST
2017-07-31,153.0800018310547,158.66000366210938,153.02999877929688,158.50999450683594,6937100,COST
2017-08-01,159.10000610351562,159.97000122070312,157.91000366210938,159.72000122070312,4787500,COST
2017-08-02,159.1300048828125,161.5500030517578,158.44000244140625,161.27999877929688,5486300,COST
2017-08-03,161.61000061035156,162.35000610351562,157.05999755859375,157.91000366210938,5562600,COST
2017-08-04,158.33999633789062,158.44000244140625,155.8300018310547,156.44000244140625,3117900,COST
2017-08-07,156.5,157.5800018310547,155.33999633789062,156.9499969482422,2629500,COST
2017-08-08,157.10000610351562,159.44000244140625,157.02999877929688,157.75,2569200,COST
2017-08-09,157.13999938964844,157.57000732421875,156.1999969482422,156.86000061035156,2157600,COST
2017-08-10,156.1699981689453,157.57000732421875,155.3699951171875,156.63999938964844,2764600,COST
2017-08-11,156.50999450683594,157.8000030517578,156.41000366210938,156.64999389648438,1887000,COST
2017-08-14,157.58999633789062,158.1999969482422,156.5399932861328,157.91000366210938,2028400,COST
2017-08-15,158.0,158.3800048828125,156.7899932861328,156.8800048828125,1869100,COST
2017-08-16,157.27999877929688,159.8800048828125,157.11000061035156,159.75999450683594,3381800,COST
2017-08-17,158.47999572753906,159.9499969482422,157.63999938964844,158.57000732421875,2650000,COST
2017-08-18,157.97999572753906,158.69000244140625,156.9199981689453,157.0800018310547,2747900,COST
2017-08-21,157.19000244140625,158.1699981689453,155.9600067138672,157.07000732421875,1857400,COST
2017-08-22,157.52999877929688,159.4499969482422,157.52999877929688,158.6999969482422,2204600,COST
2017-08-23,158.6199951171875,159.44000244140625,157.77999877929688,159.3699951171875,1731400,COST
2017-08-24,160.0,160.66000366210938,151.08999633789062,151.3300018310547,10301700,COST
2017-08-25,152.3699951171875,152.94000244140625,150.05999755859375,152.4499969482422,5703500,COST
2017-08-28,151.89999389648438,153.27999877929688,151.1999969482422,152.5500030517578,3776400,COST
2017-08-29,152.3800048828125,153.99000549316406,151.4600067138672,153.55999755859375,2446200,COST
2017-08-30,153.7100067138672,154.74000549316406,152.8800048828125,154.44000244140625,2493500,COST
2017-08-31,156.22000122070312,157.25999450683594,153.9499969482422,156.74000549316406,4567700,COST
2017-09-01,157.58999633789062,158.5500030517578,157.1999969482422,158.24000549316406,2833500,COST
2017-09-05,157.9600067138672,159.72000122070312,157.47000122070312,159.13999938964844,3413000,COST
2017-09-06,159.19000244140625,159.94000244140625,158.08999633789062,158.86000061035156,2873700,COST
2017-09-07,158.97000122070312,159.60000610351562,157.57000732421875,159.27999877929688,2479300,COST
2017-09-08,158.3699951171875,158.5,155.02999877929688,157.30999755859375,3364600,COST
2017-09-11,157.88999938964844,158.0,157.05999755859375,157.36000061035156,2442500,COST
2017-09-12,157.6699981689453,160.64999389648438,157.4499969482422,160.0399932861328,2988400,COST
2017-09-13,160.13999938964844,163.9499969482422,160.00999450683594,162.99000549316406,4202000,COST
2017-09-14,162.67999267578125,162.67999267578125,161.63999938964844,162.3699951171875,2493300,COST
2017-09-15,162.24000549316406,162.6699981689453,161.6999969482422,162.3000030517578,3757800,COST
2017-09-18,162.17999267578125,163.4600067138672,160.75999450683594,160.91000366210938,2047100,COST
2017-09-19,160.9600067138672,161.66000366210938,159.9499969482422,161.55999755859375,1790800,COST
2017-09-20,161.50999450683594,163.0399932861328,161.25999450683594,162.85000610351562,2432300,COST
2017-09-21,162.92999267578125,162.92999267578125,160.39999389648438,161.47999572753906,1738800,COST
2017-09-22,160.89999389648438,162.0,160.3699951171875,161.2899932861328,1535900,COST
2017-09-25,160.8300018310547,162.6999969482422,160.52000427246094,162.3300018310547,1799600,COST
2017-09-26,162.7100067138672,164.72999572753906,162.58999633789062,164.07000732421875,2370400,COST
2017-09-27,164.49000549316406,165.32000732421875,163.3800048828125,164.4199981689453,2053100,COST
2017-09-28,164.47000122070312,164.9499969482422,163.5399932861328,163.89999389648438,1730200,COST
2017-09-29,163.89999389648438,165.07000732421875,163.75999450683594,164.2899932861328,1852300,COST
2017-10-02,164.9199981689453,166.4199981689453,164.2899932861328,165.88999938964844,2267100,COST
2017-10-03,166.32000732421875,167.2899932861328,165.02999877929688,165.0800018310547,2839400,COST
2017-10-04,165.22999572753906,165.92999267578125,164.69000244140625,165.2100067138672,1918600,COST
2017-10-05,165.86000061035156,167.1199951171875,165.25,167.07000732421875,4715400,COST
2017-10-06,159.0,159.4600067138672,156.5399932861328,157.08999633789062,18001200,COST
2017-10-09,157.00999450683594,157.75,154.11000061035156,154.61000061035156,7028800,COST
2017-10-10,155.6699981689453,157.36000061035156,155.0800018310547,156.8699951171875,5420200,COST
2017-10-11,157.3000030517578,158.9600067138672,157.05999755859375,157.8699951171875,3859300,COST
2017-10-12,157.8699951171875,157.99000549316406,156.36000061035156,157.22000122070312,3596300,COST
2017-10-13,157.4199981689453,160.0800018310547,157.08999633789062,159.85000610351562,3634500,COST
2017-10-16,159.3800048828125,159.8000030517578,158.32000732421875,158.80999755859375,2453700,COST
2017-10-17,159.0,159.27000427246094,157.57000732421875,158.3800048828125,2426800,COST
2017-10-18,158.83999633789062,158.83999633789062,157.30999755859375,157.5500030517578,3011300,COST
2017-10-19,157.13999938964844,158.75999450683594,157.0,158.4600067138672,2981700,COST
2017-10-20,158.97000122070312,161.00999450683594,158.50999450683594,160.77000427246094,3993200,COST
2017-10-23,160.85000610351562,162.38999938964844,160.5800018310547,162.0399932861328,2811200,COST
2017-10-24,161.16000366210938,162.88999938964844,161.0,162.2899932861328,3040700,COST
2017-10-25,161.0,163.0,160.5800018310547,162.17999267578125,3603900,COST
2017-10-26,162.4600067138672,163.5500030517578,160.7899932861328,162.4600067138672,3038900,COST
2017-10-27,160.8000030517578,162.67999267578125,160.6999969482422,162.3800048828125,3399900,COST
2017-10-30,161.99000549316406,162.0,159.47000122070312,160.22999572753906,2550700,COST
2017-10-31,159.83999633789062,161.27000427246094,159.72000122070312,161.0800018310547,2513600,COST
2017-11-01,161.97000122070312,163.2899932861328,161.2899932861328,162.69000244140625,2129400,COST
2017-11-02,163.72999572753906,165.5500030517578,162.61000061035156,164.9499969482422,3255700,COST
2017-11-03,164.16000366210938,167.07000732421875,163.77999877929688,166.44000244140625,3112500,COST
2017-11-06,165.8000030517578,166.58999633789062,164.97999572753906,165.0500030517578,1917300,COST
2017-11-07,165.1999969482422,166.5,164.60000610351562,166.27999877929688,1944200,COST
2017-11-08,166.6300048828125,169.19000244140625,166.02000427246094,169.0500030517578,3494300,COST
2017-11-09,167.47999572753906,169.30999755859375,167.0500030517578,169.11000061035156,2094000,COST
2017-11-10,168.44000244140625,171.3800048828125,168.0800018310547,171.36000061035156,2673100,COST
2017-11-13,171.0,173.08999633789062,170.64999389648438,171.4600067138672,4093300,COST
2017-11-14,170.82000732421875,171.8300018310547,169.77000427246094,171.44000244140625,1774300,COST
2017-11-15,169.3000030517578,170.72999572753906,167.05999755859375,169.0,2439900,COST
2017-11-16,170.22999572753906,171.33999633789062,169.16000366210938,170.97999572753906,2342700,COST
2017-11-17,171.0,172.1999969482422,170.64999389648438,170.97999572753906,2100600,COST
2017-11-20,171.11000061035156,172.52999877929688,170.85000610351562,172.27999877929688,1955000,COST
2017-11-21,172.9600067138672,174.19000244140625,172.5500030517578,173.4199981689453,2360200,COST
2017-11-22,173.83999633789062,174.0,171.10000610351562,172.47999572753906,1950100,COST
2017-11-24,172.3800048828125,173.16000366210938,171.5,171.6199951171875,789400,COST
2017-11-27,172.25,173.05999755859375,171.1199951171875,172.61000061035156,2346700,COST
2017-11-28,173.32000732421875,174.17999267578125,172.5500030517578,173.64999389648438,2728400,COST
2017-11-29,174.0,177.74000549316406,173.5500030517578,177.52999877929688,4683000,COST
2017-11-30,180.42999267578125,184.89999389648438,180.22000122070312,184.42999267578125,7716600,COST
2017-12-01,183.25999450683594,185.17999267578125,181.1300048828125,185.1300048828125,4034400,COST
2017-12-04,187.22000122070312,189.8800048828125,186.55999755859375,189.55999755859375,5774200,COST
2017-12-05,189.6699981689453,191.22000122070312,186.85000610351562,187.82000732421875,3182800,COST
2017-12-06,187.6199951171875,187.97999572753906,185.50999450683594,187.22000122070312,3569200,COST
2017-12-07,186.50999450683594,187.8000030517578,185.55999755859375,186.1999969482422,2240800,COST
2017-12-08,186.7899932861328,188.52999877929688,185.9499969482422,188.07000732421875,1772500,COST
2017-12-11,188.2100067138672,188.89999389648438,187.0399932861328,188.86000061035156,1964100,COST
2017-12-12,186.9600067138672,189.1199951171875,186.8000030517578,188.3000030517578,3365700,COST
2017-12-13,188.52999877929688,190.1199951171875,187.8000030517578,188.27999877929688,3062900,COST
2017-12-14,188.5800018310547,189.74000549316406,186.1699981689453,186.52999877929688,3743200,COST
2017-12-15,193.41000366210938,195.35000610351562,192.0,192.72999572753906,8452900,COST
2017-12-18,192.6300048828125,194.35000610351562,191.89999389648438,192.30999755859375,3492300,COST
2017-12-19,192.91000366210938,193.0,187.0,188.3300018310547,3959900,COST
2017-12-20,189.0399932861328,189.25999450683594,185.39999389648438,187.50999450683594,3894400,COST
2017-12-21,188.0,188.39999389648438,186.5800018310547,186.8000030517578,1908100,COST
2017-12-22,187.27000427246094,187.47999572753906,185.97000122070312,186.6300048828125,1078300,COST
2017-12-26,186.19000244140625,187.33999633789062,186.1199951171875,186.5500030517578,1120000,COST
2017-12-27,186.85000610351562,187.05999755859375,185.8000030517578,186.3000030517578,1175200,COST
2017-12-28,186.57000732421875,187.02000427246094,186.19000244140625,186.6199951171875,1017000,COST
2017-12-29,186.4600067138672,187.60000610351562,185.92999267578125,186.1199951171875,2028000,COST
2018-01-02,187.22999572753906,190.67999267578125,186.74000549316406,188.32000732421875,2509300,COST
2018-01-03,188.82000732421875,192.10000610351562,188.3800048828125,190.5800018310547,3364400,COST
2018-01-04,192.0,192.3000030517578,187.55999755859375,189.10000610351562,3525800,COST
2018-01-05,189.42999267578125,189.67999267578125,186.72000122070312,187.75,2819000,COST
2018-01-08,187.32000732421875,188.97999572753906,187.25,188.47999572753906,1961800,COST
2018-01-09,189.00999450683594,189.3000030517578,186.14999389648438,186.2899932861328,2241900,COST
2018-01-10,185.75,186.24000549316406,183.8800048828125,185.4199981689453,2609500,COST
2018-01-11,185.42999267578125,190.6699981689453,185.02999877929688,189.3800048828125,4678600,COST
2018-01-12,190.10000610351562,192.17999267578125,190.0,191.83999633789062,3499500,COST
2018-01-16,192.35000610351562,192.83999633789062,190.88999938964844,191.52999877929688,2006600,COST
2018-01-17,192.52999877929688,192.55999755859375,191.33999633789062,192.2899932861328,2585200,COST
2018-01-18,192.22999572753906,193.02999877929688,191.22000122070312,191.50999450683594,1908000,COST
2018-01-19,191.7100067138672,192.63999938964844,191.16000366210938,192.2899932861328,2353800,COST
2018-01-22,192.5,194.75999450683594,192.05999755859375,194.3800048828125,3009100,COST
2018-01-23,193.61000061035156,194.10000610351562,192.07000732421875,193.4199981689453,2316400,COST
2018-01-24,194.42999267578125,194.75,191.92999267578125,194.24000549316406,2799200,COST
2018-01-25,195.0,198.4499969482422,194.74000549316406,197.9499969482422,3558700,COST
2018-01-26,197.75,199.22999572753906,195.69000244140625,198.91000366210938,2756200,COST
2018-01-29,198.3699951171875,199.8800048828125,197.55999755859375,198.32000732421875,2031100,COST
2018-01-30,197.58999633789062,198.7899932861328,196.0800018310547,197.91000366210938,2285000,COST
2018-01-31,197.44000244140625,198.47000122070312,194.10000610351562,194.8699951171875,2682300,COST
2018-02-01,193.41000366210938,195.39999389648438,192.44000244140625,193.47000122070312,2096600,COST
2018-02-02,191.25,193.60000610351562,190.8000030517578,190.99000549316406,2386600,COST
2018-02-05,190.66000366210938,192.10000610351562,182.52999877929688,182.77000427246094,3407200,COST
2018-02-06,178.91000366210938,185.24000549316406,176.1999969482422,185.00999450683594,4067900,COST
2018-02-07,184.60000610351562,186.19000244140625,183.07000732421875,183.19000244140625,2594800,COST
2018-02-08,184.50999450683594,184.50999450683594,178.52999877929688,178.61000061035156,3013200,COST
2018-02-09,179.77999877929688,182.07000732421875,175.7899932861328,180.72000122070312,2777200,COST
2018-02-12,181.83999633789062,183.25999450683594,180.3800048828125,181.05999755859375,1596200,COST
2018-02-13,180.22000122070312,184.60000610351562,180.0500030517578,184.14999389648438,2123900,COST
2018-02-14,182.7100067138672,188.47999572753906,182.30999755859375,187.35000610351562,2191000,COST
2018-02-15,188.08999633789062,191.7100067138672,186.57000732421875,191.47999572753906,2072900,COST
2018-02-16,191.4499969482422,194.6199951171875,191.0399932861328,191.55999755859375,1969300,COST
2018-02-20,189.8699951171875,191.47999572753906,187.6300048828125,188.1199951171875,2202100,COST
2018-02-21,188.52999877929688,189.13999938964844,185.69000244140625,185.75,1747200,COST
2018-02-22,186.35000610351562,188.3300018310547,185.66000366210938,186.58999633789062,1360100,COST
2018-02-23,187.8300018310547,189.85000610351562,185.91000366210938,189.80999755859375,1561700,COST
2018-02-26,190.10000610351562,193.10000610351562,189.92999267578125,192.80999755859375,1852400,COST
2018-02-27,193.4499969482422,195.52000427246094,190.10000610351562,190.10000610351562,2170400,COST
2018-02-28,191.60000610351562,193.75999450683594,190.88999938964844,190.89999389648438,2179800,COST
2018-03-01,191.30999755859375,192.99000549316406,187.32000732421875,189.02999877929688,2447700,COST
2018-03-02,187.47999572753906,190.38999938964844,187.22000122070312,189.3300018310547,2275900,COST
2018-03-05,188.4499969482422,191.97999572753906,187.5,191.47999572753906,2155800,COST
2018-03-06,192.13999938964844,192.25,190.07000732421875,191.4600067138672,2458700,COST
2018-03-07,189.2100067138672,189.75,184.77999877929688,187.36000061035156,5157100,COST
2018-03-08,186.19000244140625,186.35000610351562,183.0800018310547,185.69000244140625,6061500,COST
2018-03-09,186.5,188.63999938964844,184.22000122070312,188.5800018310547,3288100,COST
2018-03-12,188.27000427246094,190.10000610351562,187.5500030517578,189.3699951171875,2394100,COST
2018-03-13,190.0500030517578,190.1199951171875,186.8000030517578,187.4600067138672,1964300,COST
2018-03-14,188.77999877929688,189.00999450683594,183.5,184.6300048828125,2866000,COST
2018-03-15,184.82000732421875,186.57000732421875,184.16000366210938,185.50999450683594,1811300,COST
2018-03-16,186.17999267578125,186.25,184.47000122070312,185.8699951171875,3569400,COST
2018-03-19,185.6300048828125,185.97999572753906,182.80999755859375,184.14999389648438,2493200,COST
2018-03-20,185.10000610351562,187.5800018310547,184.60000610351562,187.35000610351562,1852500,COST
2018-03-21,186.8300018310547,187.88999938964844,186.05999755859375,186.07000732421875,2048300,COST
2018-03-22,184.89999389648438,185.5500030517578,182.5,182.63999938964844,2489800,COST
2018-03-23,183.27999877929688,184.4499969482422,180.8300018310547,180.83999633789062,2351800,COST
2018-03-26,183.02999877929688,187.55999755859375,182.33999633789062,187.22000122070312,2036600,COST
2018-03-27,187.44000244140625,187.66000366210938,182.05999755859375,183.14999389648438,2495300,COST
2018-03-28,183.61000061035156,184.6199951171875,181.22999572753906,183.61000061035156,2168700,COST
2018-03-29,184.74000549316406,188.63999938964844,184.41000366210938,188.42999267578125,3016000,COST
2018-04-02,186.91000366210938,186.91000366210938,181.0500030517578,182.75,3599200,COST
2018-04-03,183.52999877929688,184.1699981689453,181.35000610351562,182.61000061035156,2287000,COST
2018-04-04,181.1300048828125,186.35000610351562,180.94000244140625,185.52000427246094,2111000,COST
2018-04-05,186.6999969482422,187.0,184.92999267578125,186.25,1933600,COST
2018-04-06,185.33999633789062,187.25,183.10000610351562,183.9600067138672,2259000,COST
2018-04-09,185.1999969482422,187.39999389648438,183.5,184.41000366210938,1946000,COST
2018-04-10,185.75,185.97000122070312,182.1699981689453,183.5500030517578,2526000,COST
2018-04-11,182.25,186.3699951171875,182.22000122070312,184.64999389648438,1697300,COST
2018-04-12,185.5,190.0399932861328,185.49000549316406,188.82000732421875,2841600,COST
2018-04-13,189.80999755859375,189.8300018310547,187.00999450683594,188.91000366210938,1744400,COST
2018-04-16,191.83999633789062,195.8000030517578,191.3800048828125,194.5800018310547,3026800,COST
2018-04-17,195.66000366210938,196.8800048828125,194.72999572753906,196.0,2160500,COST
2018-04-18,196.3000030517578,197.77000427246094,196.1199951171875,196.50999450683594,1663100,COST
2018-04-19,196.16000366210938,196.39999389648438,193.5,195.07000732421875,2427600,COST
2018-04-20,194.42999267578125,195.6699981689453,192.75,193.55999755859375,2252800,COST
2018-04-23,193.80999755859375,194.3800048828125,192.25999450683594,193.35000610351562,1618000,COST
2018-04-24,194.5399932861328,195.36000061035156,191.14999389648438,192.50999450683594,1598900,COST
2018-04-25,192.22999572753906,194.6699981689453,191.38999938964844,193.97000122070312,1311700,COST
2018-04-26,194.1199951171875,196.44000244140625,193.33999633789062,195.25999450683594,1445800,COST
2018-04-27,194.9499969482422,196.9199981689453,194.52999877929688,196.5800018310547,1563100,COST
2018-04-30,197.10000610351562,199.0399932861328,196.38999938964844,197.16000366210938,2165000,COST
2018-05-01,196.49000549316406,197.0800018310547,193.50999450683594,196.5500030517578,1413200,COST
2018-05-02,195.47999572753906,195.5800018310547,192.4499969482422,194.0,2498100,COST
2018-05-03,193.9199981689453,193.99000549316406,190.17999267578125,193.00999450683594,1815500,COST
2018-05-04,192.83999633789062,196.39999389648438,191.27999877929688,195.19000244140625,1704500,COST
2018-05-07,195.77999877929688,195.8000030517578,192.2100067138672,193.05999755859375,2361900,COST
2018-05-08,192.99000549316406,195.1999969482422,192.4199981689453,194.47999572753906,1908600,COST
2018-05-09,194.14999389648438,196.4199981689453,193.14999389648438,196.0399932861328,1999100,COST
2018-05-10,196.0500030517578,196.92999267578125,194.1999969482422,195.4499969482422,1874200,COST
2018-05-11,195.3300018310547,195.97999572753906,194.57000732421875,195.75999450683594,1296300,COST
2018-05-14,195.9600067138672,197.27000427246094,195.4199981689453,195.8800048828125,1440900,COST
2018-05-15,194.75999450683594,196.6999969482422,193.25999450683594,195.47999572753906,2319600,COST
2018-05-16,196.07000732421875,199.35000610351562,195.0,198.7100067138672,2163200,COST
2018-05-17,199.05999755859375,201.35000610351562,197.88999938964844,199.60000610351562,2391000,COST
2018-05-18,199.5,199.52000427246094,197.77999877929688,198.9600067138672,1624600,COST
2018-05-21,199.60000610351562,201.33999633789062,199.08999633789062,199.6199951171875,1202800,COST
2018-05-22,199.72000122070312,201.77000427246094,198.8300018310547,198.97000122070312,1563600,COST
2018-05-23,199.08999633789062,199.08999633789062,196.77000427246094,198.13999938964844,1635100,COST
2018-05-24,198.2899932861328,199.08999633789062,196.82000732421875,198.88999938964844,1176300,COST
2018-05-25,198.88999938964844,200.22000122070312,197.82000732421875,198.36000061035156,1331000,COST
2018-05-29,198.10000610351562,198.83999633789062,196.0,196.74000549316406,2298100,COST
2018-05-30,198.16000366210938,200.52999877929688,197.75,199.63999938964844,2390900,COST
2018-05-31,200.22000122070312,200.6999969482422,197.6999969482422,198.24000549316406,4822800,COST
2018-06-01,195.4499969482422,198.99000549316406,195.0,197.1300048828125,4056400,COST
2018-06-04,197.32000732421875,199.0399932861328,197.25,198.6199951171875,1870600,COST
2018-06-05,199.22000122070312,199.35000610351562,196.99000549316406,197.83999633789062,1868500,COST
2018-06-06,198.00999450683594,198.39999389648438,196.6999969482422,197.66000366210938,2066900,COST
2018-06-07,200.5,202.8800048828125,199.41000366210938,202.57000732421875,2735000,COST
2018-06-08,201.50999450683594,204.00999450683594,201.0,203.75999450683594,2052500,COST
2018-06-11,203.75999450683594,204.88999938964844,203.4199981689453,204.5,1684800,COST
2018-06-12,204.25,205.0800018310547,203.22999572753906,204.8800048828125,1384800,COST
2018-06-13,204.9199981689453,205.8300018310547,203.2100067138672,204.11000061035156,1665800,COST
2018-06-14,204.8699951171875,205.72999572753906,204.2899932861328,205.1199951171875,1685000,COST
2018-06-15,205.39999389648438,207.6699981689453,204.57000732421875,207.32000732421875,3879600,COST
2018-06-18,206.0,208.11000061035156,205.14999389648438,206.2100067138672,1975000,COST
2018-06-19,204.89999389648438,207.80999755859375,204.6199951171875,207.52999877929688,1940600,COST
2018-06-20,207.75999450683594,208.58999633789062,206.9600067138672,207.97999572753906,1527700,COST
2018-06-21,208.1699981689453,211.11000061035156,208.0,209.9600067138672,1825800,COST
2018-06-22,210.3699951171875,211.77000427246094,210.02000427246094,211.10000610351562,1738600,COST
2018-06-25,210.00999450683594,212.0800018310547,209.97000122070312,211.75,2398600,COST
2018-06-26,212.3800048828125,212.4600067138672,209.97000122070312,210.08999633789062,2276700,COST
2018-06-27,210.5,212.4199981689453,209.61000061035156,210.02999877929688,2211700,COST
2018-06-28,210.0,211.19000244140625,208.0500030517578,208.7100067138672,1826700,COST
2018-06-29,209.66000366210938,210.52999877929688,208.32000732421875,208.97999572753906,2164600,COST
2018-07-02,208.4199981689453,208.82000732421875,206.0500030517578,207.99000549316406,1876100,COST
2018-07-03,208.52999877929688,209.91000366210938,206.89999389648438,207.1199951171875,842100,COST
2018-07-05,208.1999969482422,209.2899932861328,207.5500030517578,209.13999938964844,1436700,COST
2018-07-06,207.13999938964844,210.38999938964844,206.66000366210938,209.6199951171875,1523200,COST
2018-07-09,210.52000427246094,211.7899932861328,210.0,210.94000244140625,1738300,COST
2018-07-10,210.99000549316406,212.6999969482422,210.8300018310547,211.6999969482422,1687800,COST
2018-07-11,211.2100067138672,211.77999877929688,209.97000122070312,210.9499969482422,1472800,COST
2018-07-12,212.5399932861328,214.1699981689453,212.22000122070312,214.02000427246094,2222000,COST
2018-07-13,214.0,216.63999938964844,213.7100067138672,216.5399932861328,1951200,COST
2018-07-16,216.63999938964844,217.1300048828125,213.89999389648438,214.85000610351562,2078200,COST
2018-07-17,214.05999755859375,216.16000366210938,214.0,215.0,2064800,COST
2018-07-18,215.33999633789062,215.8800048828125,213.60000610351562,214.97000122070312,1869500,COST
2018-07-19,214.4600067138672,218.1999969482422,214.02999877929688,217.5399932861328,2790800,COST
2018-07-20,216.97999572753906,218.94000244140625,216.24000549316406,218.69000244140625,1793900,COST
2018-07-23,219.8800048828125,220.4600067138672,218.1999969482422,218.83999633789062,1394300,COST
2018-07-24,219.41000366210938,220.67999267578125,217.58999633789062,218.5800018310547,1453900,COST
2018-07-25,217.61000061035156,220.82000732421875,217.3699951171875,220.6999969482422,1560200,COST
2018-07-26,222.0,224.6199951171875,220.82000732421875,221.72000122070312,1820000,COST
2018-07-27,222.30999755859375,222.5,218.75999450683594,219.64999389648438,1596800,COST
2018-07-30,219.0399932861328,220.1199951171875,218.61000061035156,219.11000061035156,1292700,COST
2018-07-31,219.69000244140625,220.07000732421875,218.3300018310547,218.7100067138672,1888500,COST
2018-08-01,218.64999389648438,219.10000610351562,216.25,217.1300048828125,1841300,COST
2018-08-02,215.00999450683594,221.39999389648438,215.00999450683594,221.1199951171875,1904800,COST
2018-08-03,221.0,222.6199951171875,221.0,222.02999877929688,1195700,COST
2018-08-06,221.42999267578125,223.27000427246094,221.00999450683594,222.72000122070312,1285500,COST
2018-08-07,223.24000549316406,225.47999572753906,222.97999572753906,223.86000061035156,1428100,COST
2018-08-08,222.86000061035156,224.8800048828125,222.24000549316406,224.5800018310547,2010700,COST
2018-08-09,221.6199951171875,222.35000610351562,216.91000366210938,218.24000549316406,3637100,COST
2018-08-10,218.13999938964844,221.72000122070312,217.75,220.30999755859375,2830800,COST
2018-08-13,221.02999877929688,221.5800018310547,219.05999755859375,219.55999755859375,1518900,COST
2018-08-14,220.00999450683594,222.55999755859375,219.86000061035156,222.0,1450600,COST
2018-08-15,220.72000122070312,222.11000061035156,218.77000427246094,221.6699981689453,1844100,COST
2018-08-16,223.4499969482422,224.25999450683594,222.13999938964844,223.19000244140625,1657700,COST
2018-08-17,222.3300018310547,225.8800048828125,222.14999389648438,225.67999267578125,1980900,COST
2018-08-20,226.0,228.22000122070312,225.97000122070312,227.35000610351562,1783700,COST
2018-08-21,229.49000549316406,230.10000610351562,227.6999969482422,228.5399932861328,2066700,COST
2018-08-22,228.47999572753906,230.22999572753906,228.3800048828125,229.2100067138672,1267900,COST
2018-08-23,229.0,230.35000610351562,228.57000732421875,229.50999450683594,1337900,COST
2018-08-24,230.0,232.05999755859375,229.60000610351562,231.27999877929688,1453200,COST
2018-08-27,232.74000549316406,232.86000061035156,228.10000610351562,230.02999877929688,1904100,COST
2018-08-28,230.94000244140625,231.8300018310547,229.83999633789062,230.25999450683594,1882100,COST
2018-08-29,231.7899932861328,232.0,228.72999572753906,230.19000244140625,1793600,COST
2018-08-30,229.6199951171875,231.16000366210938,229.44000244140625,230.8300018310547,1272000,COST
2018-08-31,230.2100067138672,233.52000427246094,230.2100067138672,233.1300048828125,1881300,COST
2018-09-04,233.13999938964844,234.91000366210938,233.13999938964844,234.67999267578125,1858400,COST
2018-09-05,234.57000732421875,236.1699981689453,233.1999969482422,235.61000061035156,2126000,COST
2018-09-06,235.47000122070312,236.77000427246094,235.05999755859375,236.67999267578125,1853200,COST
2018-09-07,237.30999755859375,242.9499969482422,237.1999969482422,241.4600067138672,2722400,COST
2018-09-10,243.0,243.8000030517578,242.1199951171875,243.17999267578125,2817300,COST
2018-09-11,243.92999267578125,245.16000366210938,243.1699981689453,244.2100067138672,2185700,COST
2018-09-12,245.0,245.1199951171875,242.22999572753906,242.44000244140625,1912000,COST
2018-09-13,242.5,243.99000549316406,241.0500030517578,241.27000427246094,2078200,COST
2018-09-14,239.0,239.0,234.47000122070312,235.3800048828125,3875300,COST
2018-09-17,234.05999755859375,234.58999633789062,231.50999450683594,232.0,2884600,COST
2018-09-18,231.97999572753906,235.47000122070312,231.6999969482422,234.35000610351562,2000200,COST
2018-09-19,234.6199951171875,234.74000549316406,232.4199981689453,233.85000610351562,1581400,COST
2018-09-20,234.60000610351562,235.0,232.32000732421875,233.9199981689453,1910100,COST
2018-09-21,234.3699951171875,235.83999633789062,234.00999450683594,234.75999450683594,3717800,COST
2018-09-24,234.19000244140625,234.85000610351562,232.89999389648438,233.33999633789062,1530400,COST
2018-09-25,234.02999877929688,234.66000366210938,232.72999572753906,232.92999267578125,1889700,COST
2018-09-26,233.57000732421875,235.66000366210938,233.4499969482422,233.80999755859375,2008500,COST
2018-09-27,233.6999969482422,235.6699981689453,232.33999633789062,234.0,1421400,COST
2018-09-28,233.86000061035156,235.47000122070312,233.7899932861328,234.8800048828125,1602800,COST
2018-10-01,235.80999755859375,236.52999877929688,234.42999267578125,234.64999389648438,1673100,COST
2018-10-02,234.10000610351562,237.57000732421875,233.8699951171875,236.35000610351562,1647600,COST
2018-10-03,236.6199951171875,237.30999755859375,232.72999572753906,233.1999969482422,2322300,COST
2018-10-04,233.25999450683594,234.0,230.66000366210938,231.67999267578125,2862800,COST
2018-10-05,225.0,227.05999755859375,217.7899932861328,218.82000732421875,7379000,COST
2018-10-08,219.33999633789062,224.5,219.25999450683594,223.92999267578125,3863500,COST
2018-10-09,224.14999389648438,225.14999389648438,222.55999755859375,224.1699981689453,2502800,COST
2018-10-10,224.10000610351562,225.0,221.0399932861328,221.0500030517578,3021400,COST
2018-10-11,222.91000366210938,225.32000732421875,220.92999267578125,221.82000732421875,3650900,COST
2018-10-12,225.1999969482422,227.6199951171875,223.38999938964844,226.9499969482422,3130500,COST
2018-10-15,226.25,226.94000244140625,224.25,224.50999450683594,2441900,COST
2018-10-16,224.8699951171875,228.25999450683594,224.32000732421875,227.67999267578125,2541800,COST
2018-10-17,228.4499969482422,228.8800048828125,225.50999450683594,228.49000549316406,2129300,COST
2018-10-18,228.5399932861328,230.64999389648438,226.25,228.5800018310547,2624600,COST
2018-10-19,228.89999389648438,230.6300048828125,228.72000122070312,229.6699981689453,2099800,COST
2018-10-22,229.8800048828125,230.25,227.27000427246094,229.05999755859375,2007300,COST
2018-10-23,227.07000732421875,229.25999450683594,223.82000732421875,228.75,2656700,COST
2018-10-24,225.92999267578125,231.08999633789062,223.08999633789062,223.75999450683594,3100200,COST
2018-10-25,224.05999755859375,227.58999633789062,222.83999633789062,226.39999389648438,2218900,COST
2018-10-26,222.30999755859375,225.0,217.0,218.19000244140625,3995400,COST
2018-10-29,219.75,224.88999938964844,218.75,222.4199981689453,3801400,COST
2018-10-30,223.10000610351562,228.2100067138672,223.00999450683594,227.9199981689453,2410500,COST
2018-10-31,228.64999389648438,230.55999755859375,225.55999755859375,228.6300048828125,2674600,COST
2018-11-01,228.17999267578125,230.8000030517578,227.5399932861328,229.60000610351562,2095000,COST
2018-11-02,229.80999755859375,232.22999572753906,227.17999267578125,230.16000366210938,2167200,COST
2018-11-05,230.7100067138672,234.88999938964844,229.8000030517578,234.4499969482422,2513900,COST
2018-11-06,235.0,237.49000549316406,234.17999267578125,236.7100067138672,2101300,COST
2018-11-07,238.75,240.8800048828125,236.94000244140625,240.3699951171875,2603600,COST
2018-11-08,238.50999450683594,239.8000030517578,237.02999877929688,238.6999969482422,2140600,COST
2018-11-09,237.97000122070312,240.25999450683594,237.07000732421875,237.74000549316406,2256700,COST
2018-11-12,237.63999938964844,239.1999969482422,234.1300048828125,234.47999572753906,2301400,COST
2018-11-13,234.75,236.4199981689453,232.77000427246094,234.13999938964844,1548100,COST
2018-11-14,237.1199951171875,237.1199951171875,231.7100067138672,233.30999755859375,1896500,COST
2018-11-15,232.32000732421875,232.64999389648438,227.0,229.94000244140625,2722300,COST
2018-11-16,229.3000030517578,231.1199951171875,226.52000427246094,231.02000427246094,2822400,COST
2018-11-19,231.61000061035156,233.5,227.80999755859375,228.74000549316406,1949500,COST
2018-11-20,224.9199981689453,225.0,218.0500030517578,219.30999755859375,3704800,COST
2018-11-21,220.55999755859375,222.02999877929688,217.4499969482422,218.57000732421875,2036500,COST
2018-11-23,218.10000610351562,221.17999267578125,217.66000366210938,220.05999755859375,1007500,COST
2018-11-26,222.85000610351562,223.47999572753906,218.89999389648438,219.4499969482422,2205600,COST
2018-11-27,219.3699951171875,223.1199951171875,218.3800048828125,223.00999450683594,2369800,COST
2018-11-28,222.77999877929688,230.4600067138672,222.19000244140625,230.33999633789062,2765600,COST
2018-11-29,229.0,231.58999633789062,228.36000061035156,231.0,1478700,COST
2018-11-30,231.69000244140625,233.38999938964844,229.6999969482422,231.27999877929688,2764000,COST
2018-12-03,230.72000122070312,232.1999969482422,228.2100067138672,232.0800018310547,2481500,COST
2018-12-04,232.11000061035156,233.3000030517578,225.55999755859375,226.35000610351562,3418600,COST
2018-12-06,227.94000244140625,233.86000061035156,226.60000610351562,233.1999969482422,4029800,COST
2018-12-07,233.14999389648438,233.80999755859375,223.02999877929688,224.86000061035156,2881900,COST
2018-12-10,224.5399932861328,225.1999969482422,219.11000061035156,222.66000366210938,2650000,COST
2018-12-11,225.1199951171875,227.25,224.0,226.5,2466800,COST
2018-12-12,228.35000610351562,230.4499969482422,227.07000732421875,227.8000030517578,2891400,COST
2018-12-13,228.83999633789062,229.6199951171875,225.47999572753906,226.50999450683594,2170200,COST
2018-12-14,218.0,219.0,205.50999450683594,207.05999755859375,8822300,COST
2018-12-17,206.67999267578125,208.0,200.66000366210938,202.22999572753906,4739400,COST
2018-12-18,203.08999633789062,204.6699981689453,201.57000732421875,202.99000549316406,3308500,COST
2018-12-19,203.5,207.0,199.86000061035156,201.41000366210938,3369600,COST
2018-12-20,200.3300018310547,200.6999969482422,193.67999267578125,197.1300048828125,4250900,COST
2018-12-21,197.16000366210938,200.6999969482422,194.32000732421875,194.52000427246094,5080200,COST
2018-12-24,193.89999389648438,195.3300018310547,189.8000030517578,189.99000549316406,2031700,COST
2018-12-26,190.82000732421875,198.77999877929688,189.50999450683594,198.6300048828125,3268800,COST
2018-12-27,196.9600067138672,201.1300048828125,193.9600067138672,201.0800018310547,2705900,COST
2018-12-28,201.82000732421875,204.9499969482422,199.58999633789062,202.0399932861328,2037800,COST
2018-12-31,203.3800048828125,204.38999938964844,201.3800048828125,203.7100067138672,1729400,COST
2019-01-02,200.5,205.10000610351562,199.85000610351562,204.75999450683594,2143100,COST
2019-01-03,203.6999969482422,205.94000244140625,200.0399932861328,200.4199981689453,2877700,COST
2019-01-04,203.0800018310547,207.92999267578125,201.4499969482422,206.24000549316406,2761600,COST
2019-01-07,205.52000427246094,209.1199951171875,203.5399932861328,207.0,2226600,COST
2019-01-08,208.64999389648438,209.0800018310547,204.17999267578125,208.5500030517578,2366500,COST
2019-01-09,209.14999389648438,211.22000122070312,207.9199981689453,209.89999389648438,1862900,COST
2019-01-10,208.14999389648438,210.89999389648438,206.0,210.63999938964844,2340700,COST
2019-01-11,210.0399932861328,211.25,209.30999755859375,210.50999450683594,1861100,COST
2019-01-14,209.47000122070312,210.64999389648438,208.16000366210938,209.0,1523100,COST
2019-01-15,210.0399932861328,211.33999633789062,209.0800018310547,211.02999877929688,1681900,COST
2019-01-16,211.4600067138672,211.4600067138672,209.5,210.17999267578125,1455000,COST
2019-01-17,209.8699951171875,211.64999389648438,209.64999389648438,211.4600067138672,1517100,COST
2019-01-18,212.55999755859375,214.16000366210938,211.77000427246094,213.58999633789062,2115400,COST
2019-01-22,213.0,215.55999755859375,210.8000030517578,212.39999389648438,3310800,COST
2019-01-23,213.0,214.85000610351562,210.0,212.08999633789062,2220200,COST
2019-01-24,212.38999938964844,212.38999938964844,208.89999389648438,210.30999755859375,1994400,COST
2019-01-25,212.02999877929688,212.32000732421875,208.74000549316406,209.07000732421875,2252300,COST
2019-01-28,208.67999267578125,210.7899932861328,207.30999755859375,210.77000427246094,1999400,COST
2019-01-29,210.32000732421875,210.5399932861328,208.57000732421875,210.30999755859375,1636500,COST
2019-01-30,210.47999572753906,212.1699981689453,209.32000732421875,211.35000610351562,1589800,COST
2019-01-31,211.13999938964844,214.8800048828125,209.72000122070312,214.6300048828125,4341100,COST
2019-02-01,214.0,215.0,209.3699951171875,210.27000427246094,3453700,COST
2019-02-04,210.6999969482422,211.19000244140625,207.89999389648438,211.17999267578125,1630300,COST
2019-02-05,211.49000549316406,212.52000427246094,209.63999938964844,211.61000061035156,2074500,COST
2019-02-06,212.25999450683594,212.25999450683594,210.47999572753906,211.60000610351562,1618800,COST
2019-02-07,210.07000732421875,210.10000610351562,206.27000427246094,209.0500030517578,2526600,COST
2019-02-08,207.8300018310547,208.49000549316406,205.75,207.75,2013700,COST
2019-02-11,208.64999389648438,208.9199981689453,206.75999450683594,208.72000122070312,2376600,COST
2019-02-12,210.05999755859375,212.75,209.25999450683594,211.89999389648438,2091200,COST
2019-02-13,212.22999572753906,213.50999450683594,211.3000030517578,212.8000030517578,1703000,COST
2019-02-14,212.0,214.5500030517578,211.13999938964844,213.83999633789062,1411100,COST
2019-02-15,215.14999389648438,217.25,214.0399932861328,216.47000122070312,2635500,COST
2019-02-19,216.6699981689453,219.60000610351562,216.50999450683594,218.1199951171875,1938100,COST
2019-02-20,218.22999572753906,219.07000732421875,215.05999755859375,217.11000061035156,1785600,COST
2019-02-21,216.60000610351562,216.72000122070312,214.3300018310547,215.22999572753906,1615300,COST
2019-02-22,215.1699981689453,216.58999633789062,214.25,216.2899932861328,1542500,COST
2019-02-25,217.3699951171875,219.08999633789062,216.5500030517578,217.0500030517578,1794000,COST
2019-02-26,216.88999938964844,218.91000366210938,216.1300048828125,217.61000061035156,1884100,COST
2019-02-27,216.50999450683594,218.86000061035156,216.4499969482422,218.0500030517578,1482700,COST
2019-02-28,218.49000549316406,219.69000244140625,217.52000427246094,218.74000549316406,2055600,COST
2019-03-01,219.75999450683594,220.57000732421875,215.77000427246094,219.44000244140625,2178200,COST
2019-03-04,220.42999267578125,221.0800018310547,215.8699951171875,218.41000366210938,2444700,COST
2019-03-05,218.91000366210938,221.61000061035156,218.89999389648438,219.82000732421875,2160200,COST
2019-03-06,220.5,221.91000366210938,218.22999572753906,219.22999572753906,1985300,COST
2019-03-07,218.1300048828125,219.38999938964844,216.22000122070312,216.7899932861328,3279100,COST
2019-03-08,225.47999572753906,228.6999969482422,223.77000427246094,227.82000732421875,6782700,COST
2019-03-11,227.52999877929688,229.91000366210938,227.05999755859375,229.69000244140625,3748400,COST
2019-03-12,230.32000732421875,233.39999389648438,229.89999389648438,232.9600067138672,2647100,COST
2019-03-13,234.25,237.4499969482422,232.9499969482422,236.3800048828125,2421200,COST
2019-03-14,236.1300048828125,236.3800048828125,233.27999877929688,233.83999633789062,2300300,COST
2019-03-15,234.1699981689453,235.64999389648438,233.17999267578125,233.60000610351562,5075400,COST
2019-03-18,233.5800018310547,236.67999267578125,233.49000549316406,236.58999633789062,1735400,COST
2019-03-19,237.52000427246094,238.0500030517578,236.2899932861328,237.0500030517578,1852300,COST
2019-03-20,237.02999877929688,238.49000549316406,235.77999877929688,236.97999572753906,1499500,COST
2019-03-21,236.67999267578125,239.85000610351562,236.5500030517578,239.5399932861328,1617000,COST
2019-03-22,239.75,240.33999633789062,236.89999389648438,237.55999755859375,1873600,COST
2019-03-25,236.92999267578125,238.0800018310547,235.7899932861328,236.97000122070312,1357100,COST
2019-03-26,238.0,240.25,237.36000061035156,239.07000732421875,1193000,COST
2019-03-27,238.7100067138672,240.2100067138672,238.16000366210938,239.41000366210938,1351200,COST
2019-03-28,239.97999572753906,241.9499969482422,239.5800018310547,241.22000122070312,1396700,COST
2019-03-29,241.66000366210938,242.44000244140625,240.77000427246094,242.13999938964844,1968000,COST
2019-04-01,243.07000732421875,244.41000366210938,242.5800018310547,244.19000244140625,1610200,COST
2019-04-02,244.0,244.19000244140625,240.30999755859375,240.5,1574300,COST
2019-04-03,241.69000244140625,243.5500030517578,241.02000427246094,242.47999572753906,1663600,COST
2019-04-04,242.1699981689453,244.75999450683594,241.25,244.39999389648438,1319700,COST
2019-04-05,244.9600067138672,247.08999633789062,244.00999450683594,245.8699951171875,1616200,COST
2019-04-08,245.99000549316406,246.8300018310547,245.1999969482422,246.52000427246094,1244200,COST
2019-04-09,245.11000061035156,245.67999267578125,244.00999450683594,244.91000366210938,1450200,COST
2019-04-10,245.27999877929688,246.6699981689453,244.7100067138672,245.61000061035156,1556600,COST
2019-04-11,243.6199951171875,244.17999267578125,240.9199981689453,241.24000549316406,2719800,COST
2019-04-12,241.50999450683594,242.72000122070312,240.89999389648438,241.9499969482422,2187600,COST
2019-04-15,242.3699951171875,246.75,241.9600067138672,246.3300018310547,1859700,COST
2019-04-16,246.64999389648438,246.82000732421875,244.25,245.33999633789062,1360500,COST
2019-04-17,246.3000030517578,246.4600067138672,244.32000732421875,245.55999755859375,1363000,COST
2019-04-18,246.7899932861328,247.25,244.6999969482422,245.80999755859375,1365000,COST
2019-04-22,245.19000244140625,245.77000427246094,242.55999755859375,243.4199981689453,1300000,COST
2019-04-23,244.64999389648438,246.52999877929688,242.2100067138672,245.5800018310547,1524600,COST
2019-04-24,245.67999267578125,248.6999969482422,245.60000610351562,247.9600067138672,1156400,COST
2019-04-25,246.2100067138672,247.14999389648438,243.94000244140625,245.60000610351562,1278200,COST
2019-04-26,245.6199951171875,245.88999938964844,242.05999755859375,243.82000732421875,1842900,COST
2019-04-29,245.0,245.75,243.49000549316406,244.27999877929688,1429700,COST
2019-04-30,244.77000427246094,245.7899932861328,243.02000427246094,245.52999877929688,1427600,COST
2019-05-01,245.33999633789062,245.4600067138672,241.5500030517578,241.58999633789062,1350400,COST
2019-05-02,241.75999450683594,242.88999938964844,240.4199981689453,242.69000244140625,1237600,COST
2019-05-03,243.27000427246094,244.8800048828125,242.72000122070312,244.6199951171875,905900,COST
2019-05-06,242.85000610351562,244.8300018310547,242.05999755859375,244.22999572753906,1194900,COST
2019-05-07,241.72000122070312,242.74000549316406,238.22000122070312,240.17999267578125,1775200,COST
2019-05-08,239.55999755859375,243.0500030517578,238.19000244140625,241.33999633789062,1611900,COST
2019-05-09,240.66000366210938,244.05999755859375,240.16000366210938,243.47000122070312,1919300,COST
2019-05-10,242.94000244140625,248.5500030517578,240.02999877929688,247.02000427246094,2036500,COST
2019-05-13,244.1199951171875,244.92999267578125,240.6699981689453,241.9199981689453,1962800,COST
2019-05-14,242.2899932861328,245.08999633789062,241.80999755859375,242.72999572753906,1635100,COST
2019-05-15,242.11000061035156,245.39999389648438,241.22999572753906,244.6699981689453,1194800,COST
2019-05-16,245.6300048828125,249.72999572753906,245.2100067138672,247.44000244140625,1800600,COST
2019-05-17,245.8800048828125,250.0500030517578,245.58999633789062,248.35000610351562,1672000,COST
2019-05-20,247.14999389648438,249.94000244140625,247.14999389648438,248.89999389648438,1600500,COST
2019-05-21,249.11000061035156,250.8300018310547,248.10000610351562,249.92999267578125,1504200,COST
2019-05-22,251.00999450683594,251.00999450683594,249.13999938964844,249.50999450683594,1242300,COST
2019-05-23,248.6300048828125,249.9199981689453,247.17999267578125,248.52999877929688,1822800,COST
2019-05-24,249.11000061035156,249.55999755859375,246.77000427246094,247.3000030517578,1340200,COST
2019-05-28,248.5800018310547,250.1999969482422,246.13999938964844,246.30999755859375,3164100,COST
2019-05-29,244.1300048828125,244.77000427246094,238.91000366210938,240.69000244140625,2594900,COST
2019-05-30,242.14999389648438,243.5800018310547,240.75,241.5399932861328,2030300,COST
2019-05-31,238.97999572753906,240.66000366210938,233.0500030517578,239.5800018310547,4058100,COST
2019-06-03,239.77999877929688,241.5399932861328,238.0800018310547,241.07000732421875,2512500,COST
2019-06-04,243.0,245.82000732421875,242.5,245.61000061035156,1761500,COST
2019-06-05,246.10000610351562,248.75999450683594,245.02000427246094,247.9600067138672,1825500,COST
2019-06-06,248.0,251.94000244140625,247.74000549316406,251.2100067138672,1487800,COST
2019-06-07,251.16000366210938,256.6000061035156,251.02000427246094,256.010009765625,2270200,COST
2019-06-10,256.3999938964844,258.8299865722656,256.1099853515625,256.8500061035156,1839500,COST
2019-06-11,258.9100036621094,259.6199951171875,256.2099914550781,257.1099853515625,1613500,COST
2019-06-12,257.5799865722656,258.75,255.77000427246094,257.2300109863281,1071700,COST
2019-06-13,257.7099914550781,259.8699951171875,257.54998779296875,259.7099914550781,1228500,COST
2019-06-14,260.0,261.20001220703125,258.9100036621094,260.1499938964844,1287800,COST
2019-06-17,261.1300048828125,262.25,260.42999267578125,261.42999267578125,1191900,COST
2019-06-18,263.6099853515625,264.20001220703125,262.04998779296875,262.739990234375,2763200,COST
2019-06-19,262.30999755859375,264.1000061035156,260.94000244140625,263.6600036621094,1628400,COST
2019-06-20,265.0,267.7900085449219,264.54998779296875,267.3500061035156,1745100,COST
2019-06-21,266.7699890136719,268.94000244140625,265.989990234375,266.1300048828125,2964000,COST
2019-06-24,267.30999755859375,267.9700012207031,266.5199890136719,266.7699890136719,1586100,COST
2019-06-25,266.7099914550781,267.0799865722656,265.3599853515625,266.3599853515625,1182400,COST
2019-06-26,266.45001220703125,266.82000732421875,264.3399963378906,264.4100036621094,1334400,COST
2019-06-27,264.8999938964844,266.4800109863281,262.989990234375,265.5799865722656,1122900,COST
2019-06-28,265.5,266.3900146484375,263.3599853515625,264.260009765625,1952500,COST
2019-07-01,266.42999267578125,267.0,261.8399963378906,263.54998779296875,1955800,COST
2019-07-02,263.9200134277344,265.57000732421875,261.6700134277344,265.4700012207031,1201300,COST
2019-07-03,265.1400146484375,269.1600036621094,265.1400146484375,269.1400146484375,986500,COST
2019-07-05,268.20001220703125,268.6099853515625,266.2699890136719,268.25,1081500,COST
2019-07-08,268.3299865722656,269.69000244140625,267.3500061035156,269.3999938964844,1236000,COST
2019-07-09,269.3599853515625,270.7799987792969,268.489990234375,269.9700012207031,1400300,COST
2019-07-10,270.04998779296875,271.5299987792969,269.3399963378906,271.4200134277344,1257000,COST
2019-07-11,272.3299865722656,276.7699890136719,271.80999755859375,276.5400085449219,1985600,COST
2019-07-12,276.5,280.0,276.010009765625,279.44000244140625,2046400,COST
2019-07-15,279.94000244140625,280.70001220703125,278.8999938964844,280.5799865722656,1568000,COST
2019-07-16,281.0,281.3699951171875,279.7799987792969,280.6499938964844,1379200,COST
2019-07-17,281.04998779296875,282.8500061035156,280.2200012207031,281.55999755859375,1716600,COST
2019-07-18,282.20001220703125,283.05999755859375,279.19000244140625,282.9100036621094,1696100,COST
2019-07-19,283.07000732421875,284.30999755859375,281.3500061035156,281.510009765625,1607600,COST
2019-07-22,281.2200012207031,282.32000732421875,279.32000732421875,280.1700134277344,1459100,COST
2019-07-23,281.8500061035156,282.0799865722656,279.0199890136719,280.1000061035156,1117800,COST
2019-07-24,279.8299865722656,281.239990234375,279.010009765625,280.8299865722656,1257100,COST
2019-07-25,281.20001220703125,281.94000244140625,279.3399963378906,279.79998779296875,1600200,COST
2019-07-26,279.79998779296875,281.7699890136719,279.1199951171875,281.3699951171875,1447700,COST
2019-07-29,281.010009765625,281.29998779296875,279.5400085449219,280.1300048828125,1257400,COST
2019-07-30,280.2699890136719,280.57000732421875,279.1000061035156,279.5,978200,COST
2019-07-31,279.0199890136719,279.7200012207031,272.6300048828125,275.6300048828125,1886900,COST
2019-08-01,275.75,280.92999267578125,274.30999755859375,274.57000732421875,2634300,COST
2019-08-02,274.29998779296875,274.94000244140625,270.5,272.5,1969200,COST
2019-08-05,270.0899963378906,270.54998779296875,262.7099914550781,265.1000061035156,3329800,COST
2019-08-06,266.4700012207031,270.2300109863281,264.04998779296875,269.30999755859375,2383000,COST
2019-08-07,268.17999267578125,274.8599853515625,263.5899963378906,274.29998779296875,3037500,COST
2019-08-08,273.0400085449219,274.8399963378906,271.0,274.79998779296875,2046700,COST
2019-08-09,274.5799865722656,275.4700012207031,271.9100036621094,273.94000244140625,1284300,COST
2019-08-12,274.0299987792969,274.9800109863281,269.29998779296875,271.30999755859375,1638600,COST
2019-08-13,271.17999267578125,278.1600036621094,270.010009765625,276.260009765625,1724600,COST
2019-08-14,274.0,275.3599853515625,268.0,268.1499938964844,2122100,COST
2019-08-15,270.5299987792969,272.9700012207031,268.7699890136719,271.5199890136719,1623200,COST
2019-08-16,274.1000061035156,276.07000732421875,273.44000244140625,274.1000061035156,1230800,COST
2019-08-19,276.4100036621094,277.3800048828125,274.54998779296875,275.6099853515625,1313400,COST
2019-08-20,276.2799987792969,276.3599853515625,272.8500061035156,272.9700012207031,1390600,COST
2019-08-21,275.4100036621094,276.5400085449219,274.70001220703125,275.67999267578125,1682300,COST
2019-08-22,277.010009765625,280.989990234375,276.8699951171875,279.9200134277344,2345500,COST
2019-08-23,278.2099914550781,280.1300048828125,272.70001220703125,274.010009765625,1984300,COST
2019-08-26,275.75,278.5299987792969,275.69000244140625,278.4599914550781,1426400,COST
2019-08-27,281.0,293.44000244140625,280.3399963378906,292.3800048828125,5169000,COST
2019-08-28,293.75,299.95001220703125,292.4200134277344,294.489990234375,5162100,COST
2019-08-29,297.4800109863281,297.7300109863281,292.760009765625,296.57000732421875,2613100,COST
2019-08-30,298.0,298.2799987792969,292.8299865722656,294.760009765625,1801000,COST
2019-09-03,292.57000732421875,294.0,290.4599914550781,292.04998779296875,1842900,COST
2019-09-04,294.0,296.29998779296875,293.7699890136719,296.1199951171875,1375700,COST
2019-09-05,298.42999267578125,299.7099914550781,296.67999267578125,296.9700012207031,1865300,COST
2019-09-06,299.20001220703125,304.6400146484375,298.2900085449219,303.760009765625,3018100,COST
2019-09-09,304.5,307.3399963378906,298.2099914550781,299.0,3397200,COST
2019-09-10,297.3800048828125,298.25,294.5799865722656,297.0,2725000,COST
2019-09-11,294.29998779296875,295.739990234375,287.80999755859375,290.69000244140625,4754700,COST
2019-09-12,290.3399963378906,292.75,288.67999267578125,289.8900146484375,2942600,COST
2019-09-13,290.20001220703125,294.07000732421875,289.8500061035156,291.8999938964844,2306300,COST
2019-09-16,290.57000732421875,291.3800048828125,288.3399963378906,288.69000244140625,1508900,COST
2019-09-17,289.55999755859375,291.7900085449219,288.69000244140625,291.4100036621094,1758900,COST
2019-09-18,290.70001220703125,293.57000732421875,288.79998779296875,292.42999267578125,1666000,COST
2019-09-19,289.489990234375,289.760009765625,284.7099914550781,287.8299865722656,3004700,COST
2019-09-20,288.75,289.4100036621094,286.1400146484375,286.3599853515625,3409500,COST
2019-09-23,286.3599853515625,288.1300048828125,285.75,287.57000732421875,2025400,COST
2019-09-24,289.29998779296875,292.6199951171875,286.3999938964844,287.9100036621094,2483200,COST
2019-09-25,288.260009765625,289.67999267578125,286.8699951171875,288.510009765625,1827800,COST
2019-09-26,289.42999267578125,289.80999755859375,286.6000061035156,288.260009765625,1877300,COST
2019-09-27,289.5299987792969,289.5299987792969,284.3999938964844,285.95001220703125,1538100,COST
2019-09-30,287.70001220703125,288.6199951171875,286.57000732421875,288.1099853515625,2151500,COST
2019-10-01,288.0400085449219,288.67999267578125,283.17999267578125,283.92999267578125,2648900,COST
2019-10-02,283.2300109863281,285.7900085449219,282.2200012207031,285.1099853515625,2480600,COST
2019-10-03,285.3900146484375,290.8599853515625,281.6000061035156,289.0,3590200,COST
2019-10-04,287.8500061035156,291.95001220703125,283.32000732421875,291.6700134277344,4513300,COST
2019-10-07,291.0400085449219,295.69000244140625,290.5,293.4100036621094,1988700,COST
2019-10-08,292.95001220703125,295.5799865722656,290.45001220703125,291.8900146484375,2201100,COST
2019-10-09,293.1099853515625,298.57000732421875,293.1099853515625,296.8999938964844,2235500,COST
2019-10-10,298.6300048828125,299.4800109863281,296.260009765625,297.1400146484375,1637500,COST
2019-10-11,298.07000732421875,300.760009765625,297.3599853515625,297.6000061035156,1855500,COST
2019-10-14,298.0,300.3399963378906,297.5,297.5199890136719,1297600,COST
2019-10-15,298.32000732421875,299.6400146484375,297.2300109863281,298.3900146484375,1580700,COST
2019-10-16,296.79998779296875,298.9700012207031,295.0799865722656,298.7799987792969,1811100,COST
2019-10-17,298.8500061035156,302.6099853515625,298.8500061035156,302.3999938964844,1734600,COST
2019-10-18,302.0,304.0,300.9800109863281,302.8599853515625,1853900,COST
2019-10-21,303.0,303.510009765625,300.1700134277344,301.0799865722656,1322900,COST
2019-10-22,301.6099853515625,304.8800048828125,299.95001220703125,299.9700012207031,1955600,COST
2019-10-23,299.5799865722656,300.04998779296875,297.17999267578125,297.32000732421875,1798700,COST
2019-10-24,295.04998779296875,298.2799987792969,294.55999755859375,297.04998779296875,2056700,COST
2019-10-25,295.5199890136719,297.25,295.1099853515625,296.5,1686200,COST
2019-10-28,295.70001220703125,299.0899963378906,295.2099914550781,298.94000244140625,1672600,COST
2019-10-29,298.2099914550781,298.94000244140625,295.80999755859375,295.8599853515625,1295300,COST
2019-10-30,296.9200134277344,300.25,295.9700012207031,299.8399963378906,1264300,COST
2019-10-31,298.3599853515625,299.6199951171875,294.54998779296875,297.1099853515625,2277400,COST
2019-11-01,297.989990234375,298.4200134277344,295.5,296.0899963378906,1364500,COST
2019-11-04,297.1600036621094,298.2200012207031,295.1700134277344,296.82000732421875,1651600,COST
2019-11-05,297.0899963378906,299.69000244140625,295.80999755859375,299.17999267578125,2204500,COST
2019-11-06,299.9700012207031,301.6499938964844,297.92999267578125,301.57000732421875,1675000,COST
2019-11-07,303.92999267578125,307.1000061035156,302.4800109863281,305.2099914550781,2399400,COST
2019-11-08,302.739990234375,304.2900085449219,301.2799987792969,302.6199951171875,1501600,COST
2019-11-11,301.54998779296875,302.3299865722656,299.70001220703125,300.8399963378906,1160900,COST
2019-11-12,300.8299865722656,302.7300109863281,298.6600036621094,300.5,1540800,COST
2019-11-13,300.17999267578125,304.0,299.5199890136719,302.8999938964844,1517900,COST
2019-11-14,304.3900146484375,305.8900146484375,302.2699890136719,304.5899963378906,1336400,COST
2019-11-15,305.30999755859375,305.44000244140625,301.6000061035156,303.6600036621094,1706100,COST
2019-11-18,303.1099853515625,306.3800048828125,302.75,304.5400085449219,1241300,COST
2019-11-19,304.5,304.6400146484375,301.45001220703125,302.239990234375,1761400,COST
2019-11-20,302.44000244140625,303.1700134277344,298.010009765625,300.57000732421875,1979500,COST
2019-11-21,300.69000244140625,301.8699951171875,299.5199890136719,300.2699890136719,1302500,COST
2019-11-22,301.94000244140625,301.94000244140625,297.2300109863281,299.30999755859375,1277300,COST
2019-11-25,300.2900085449219,300.6300048828125,297.54998779296875,299.04998779296875,1613000,COST
2019-11-26,299.260009765625,301.3500061035156,298.82000732421875,301.239990234375,3359100,COST
2019-11-27,301.82000732421875,302.7900085449219,300.57000732421875,300.760009765625,1906500,COST
2019-11-29,300.82000732421875,300.8900146484375,299.6600036621094,299.80999755859375,981600,COST
2019-12-02,299.75,300.20001220703125,294.2699890136719,297.3900146484375,2705500,COST
2019-12-03,295.1300048828125,296.19000244140625,292.70001220703125,295.6700134277344,1921400,COST
2019-12-04,296.0400085449219,297.1600036621094,295.1499938964844,296.5199890136719,1742000,COST
2019-12-05,297.1300048828125,297.1300048828125,292.5,293.1000061035156,1941100,COST
2019-12-06,294.9800109863281,295.989990234375,294.260009765625,294.95001220703125,1462000,COST
2019-12-09,295.0,297.19000244140625,294.54998779296875,295.1600036621094,1960000,COST
2019-12-10,296.0299987792969,296.69000244140625,294.54998779296875,295.7799987792969,1565900,COST
2019-12-11,296.0,296.3500061035156,293.04998779296875,295.29998779296875,1749800,COST
2019-12-12,295.2699890136719,297.760009765625,294.1199951171875,297.3399963378906,2742700,COST
2019-12-13,294.6400146484375,295.0,289.1000061035156,291.8699951171875,5195600,COST
2019-12-16,293.0299987792969,294.4599914550781,292.8500061035156,293.5,2410000,COST
2019-12-17,293.5,296.29998779296875,292.75,295.54998779296875,2474100,COST
2019-12-18,295.989990234375,296.3599853515625,291.82000732421875,291.8699951171875,3309800,COST
2019-12-19,292.05999755859375,293.80999755859375,291.5,293.7099914550781,2333600,COST
2019-12-20,293.8500061035156,295.0199890136719,292.7799987792969,294.8299865722656,4866500,COST
2019-12-23,294.9100036621094,295.30999755859375,293.0299987792969,293.30999755859375,1309800,COST
2019-12-24,293.9100036621094,294.45001220703125,293.3599853515625,294.2300109863281,543600,COST
2019-12-26,294.489990234375,295.7300109863281,293.8999938964844,295.7300109863281,1101800,COST
2019-12-27,296.2200012207031,296.29998779296875,293.17999267578125,294.1099853515625,1439100,COST
2019-12-30,294.20001220703125,295.6099853515625,293.6600036621094,295.1400146484375,1238900,COST
2019-12-31,295.0,295.45001220703125,292.17999267578125,293.9200134277344,1550700,COST
2020-01-02,294.05999755859375,294.5799865722656,291.0,291.489990234375,2103600,COST
2020-01-03,290.04998779296875,292.8999938964844,289.3299865722656,291.7300109863281,1926000,COST
2020-01-06,290.54998779296875,292.07000732421875,288.6199951171875,291.80999755859375,2655100,COST
2020-01-07,291.32000732421875,291.69000244140625,289.2799987792969,291.3500061035156,1963400,COST
2020-01-08,290.989990234375,295.4800109863281,290.5,294.69000244140625,2492800,COST
2020-01-09,298.54998779296875,301.9599914550781,297.7099914550781,299.4200134277344,3261200,COST
2020-01-10,300.0,300.2699890136719,296.6600036621094,297.239990234375,2024200,COST
2020-01-13,296.9200134277344,300.6499938964844,296.79998779296875,299.8699951171875,1778600,COST
2020-01-14,299.25,301.0,298.5799865722656,299.75,1459900,COST
2020-01-15,298.3500061035156,301.0400085449219,298.0400085449219,300.82000732421875,1604000,COST
2020-01-16,301.3900146484375,304.05999755859375,300.9800109863281,303.0299987792969,1758600,COST
2020-01-17,303.3999938964844,305.29998779296875,303.0299987792969,304.67999267578125,2506500,COST
2020-01-21,306.20001220703125,313.3399963378906,305.760009765625,313.260009765625,3585900,COST
2020-01-22,313.3999938964844,313.55999755859375,310.2099914550781,311.8900146484375,2218900,COST
2020-01-23,312.0199890136719,313.3999938964844,310.7300109863281,312.8800048828125,1535900,COST
2020-01-24,314.0199890136719,314.2799987792969,309.1000061035156,310.510009765625,1986100,COST
2020-01-27,306.1499938964844,311.7699890136719,305.6499938964844,309.45001220703125,2265100,COST
2020-01-28,310.510009765625,311.7099914550781,309.1000061035156,310.8500061035156,1571700,COST
2020-01-29,310.8599853515625,311.9700012207031,309.3900146484375,309.5799865722656,1713700,COST
2020-01-30,308.8399963378906,309.6400146484375,306.6700134277344,309.4700012207031,1232600,COST
2020-01-31,308.54998779296875,309.17999267578125,304.55999755859375,305.5199890136719,1837000,COST
2020-02-03,307.0,308.5799865722656,301.6700134277344,302.0,2816800,COST
2020-02-04,304.57000732421875,305.9100036621094,302.760009765625,304.8999938964844,1982300,COST
2020-02-05,307.0,309.5899963378906,305.3999938964844,308.95001220703125,1731800,COST
2020-02-06,309.3500061035156,311.8399963378906,307.8500061035156,310.6099853515625,1917900,COST
2020-02-07,310.0,313.80999755859375,309.1199951171875,313.6300048828125,1903500,COST
2020-02-10,313.760009765625,316.94000244140625,312.6000061035156,313.7900085449219,2336300,COST
2020-02-11,314.0299987792969,314.42999267578125,310.4700012207031,310.67999267578125,2047500,COST
2020-02-12,310.7699890136719,315.4800109863281,310.7699890136719,315.1199951171875,1384600,COST
2020-02-13,314.8500061035156,318.7900085449219,313.5400085449219,318.20001220703125,1438000,COST
2020-02-14,318.8699951171875,319.80999755859375,316.95001220703125,318.30999755859375,1113400,COST
2020-02-18,319.0,323.4800109863281,318.6099853515625,322.04998779296875,1547100,COST
2020-02-19,322.0799865722656,324.5299987792969,321.7300109863281,323.0199890136719,1413600,COST
2020-02-20,322.32000732421875,325.07000732421875,321.010009765625,324.0799865722656,1427500,COST
2020-02-21,322.55999755859375,325.260009765625,321.0299987792969,321.95001220703125,2239000,COST
2020-02-24,315.5,320.0,313.260009765625,313.6199951171875,2300400,COST
2020-02-25,315.0,316.57000732421875,304.3999938964844,304.8699951171875,2881800,COST
2020-02-26,307.54998779296875,311.29998779296875,304.67999267578125,305.69000244140625,2236000,COST
2020-02-27,301.9800109863281,305.0,293.0,293.1300048828125,3625300,COST
2020-02-28,285.25,287.3299865722656,271.2799987792969,281.1400146484375,7091800,COST
2020-03-02,294.44000244140625,309.510009765625,291.3800048828125,309.1400146484375,7563800,COST
2020-03-03,309.1400146484375,314.1700134277344,301.0299987792969,302.7300109863281,5131400,COST
2020-03-04,308.2900085449219,320.9700012207031,305.0199890136719,320.739990234375,4219300,COST
2020-03-05,315.7699890136719,324.510009765625,313.20001220703125,315.760009765625,6407700,COST
2020-03-06,312.1400146484375,317.489990234375,302.75,311.3399963378906,6185500,COST
2020-03-09,295.8500061035156,310.3299865722656,293.0,301.9800109863281,5203100,COST
2020-03-10,307.9700012207031,309.7300109863281,294.4200134277344,309.3999938964844,4245500,COST
2020-03-11,300.8599853515625,307.7900085449219,294.19000244140625,297.42999267578125,3622700,COST
2020-03-12,280.44000244140625,295.6300048828125,276.3399963378906,279.8500061035156,7307600,COST
2020-03-13,288.8299865722656,303.25,278.2699890136719,302.2699890136719,6100100,COST
2020-03-16,281.8299865722656,299.5299987792969,279.510009765625,283.17999267578125,5465500,COST
2020-03-17,289.0,307.19000244140625,286.29998779296875,306.989990234375,7170600,COST
2020-03-18,298.0,318.0,296.0,307.5,6701800,COST
2020-03-19,310.4100036621094,313.8500061035156,302.6300048828125,305.2200012207031,5429500,COST
2020-03-20,307.9200134277344,308.010009765625,287.0199890136719,290.4200134277344,6581200,COST
2020-03-23,292.010009765625,295.6700134277344,278.4200134277344,285.5299987792969,5646400,COST
2020-03-24,294.5899963378906,297.3500061035156,282.8299865722656,284.94000244140625,7124200,COST
2020-03-25,284.2099914550781,290.7200012207031,279.2099914550781,280.8599853515625,5639600,COST
2020-03-26,281.3399963378906,293.7300109863281,280.8599853515625,292.29998779296875,5463100,COST
2020-03-27,287.1300048828125,293.489990234375,283.3299865722656,284.3299865722656,4250400,COST
2020-03-30,287.489990234375,291.67999267578125,285.8399963378906,291.1199951171875,4396000,COST
2020-03-31,287.4200134277344,291.5199890136719,284.0,285.1300048828125,5618600,COST
2020-04-01,282.3599853515625,288.79998779296875,280.8999938964844,286.7799987792969,3745800,COST
2020-04-02,284.3800048828125,292.7799987792969,282.82000732421875,291.4800109863281,3500600,COST
2020-04-03,289.1600036621094,292.3399963378906,285.79998779296875,288.6499938964844,2650100,COST
2020-04-06,293.0,305.489990234375,289.57000732421875,305.1199951171875,5272500,COST
2020-04-07,306.5,310.0,303.2200012207031,303.6300048828125,4036500,COST
2020-04-08,305.1099853515625,307.4200134277344,302.2799987792969,305.9700012207031,3964400,COST
2020-04-09,299.45001220703125,304.3500061035156,297.5799865722656,300.010009765625,6487600,COST
2020-04-13,298.5799865722656,303.95001220703125,297.6600036621094,299.6199951171875,3120400,COST
2020-04-14,302.75,314.75,301.25,314.1400146484375,4288300,COST
2020-04-15,311.6400146484375,313.75,306.82000732421875,310.2699890136719,2937300,COST
2020-04-16,314.7300109863281,322.6300048828125,312.0400085449219,321.55999755859375,3940000,COST
2020-04-17,321.30999755859375,322.1300048828125,314.0199890136719,317.9200134277344,3688000,COST
2020-04-20,317.95001220703125,318.3800048828125,311.5299987792969,312.0799865722656,3156300,COST
2020-04-21,311.1400146484375,311.8900146484375,299.3500061035156,301.3299865722656,3833000,COST
2020-04-22,304.0,311.1300048828125,302.0400085449219,309.4200134277344,2970600,COST
2020-04-23,307.0299987792969,309.6400146484375,304.7900085449219,305.3999938964844,2625200,COST
2020-04-24,307.3299865722656,310.8299865722656,305.510009765625,310.54998779296875,2019400,COST
2020-04-27,313.04998779296875,313.2900085449219,307.5899963378906,308.7799987792969,2287300,COST
2020-04-28,310.8299865722656,311.2699890136719,304.2799987792969,304.95001220703125,2425900,COST
2020-04-29,304.95001220703125,308.67999267578125,301.1199951171875,307.0899963378906,3667700,COST
2020-04-30,306.1499938964844,307.8999938964844,302.57000732421875,303.0,3794300,COST
2020-05-01,301.7799987792969,304.82000732421875,300.17999267578125,301.9200134277344,2525400,COST
2020-05-04,303.0,305.5299987792969,300.07000732421875,304.489990234375,2477500,COST
2020-05-05,305.05999755859375,309.79998779296875,303.44000244140625,307.9200134277344,2460900,COST
2020-05-06,309.9200134277344,311.0400085449219,306.5400085449219,308.8900146484375,2406700,COST
2020-05-07,309.3399963378906,309.8699951171875,304.5299987792969,305.0,2601800,COST
2020-05-08,305.8999938964844,307.17999267578125,303.70001220703125,305.94000244140625,2337400,COST
2020-05-11,305.6400146484375,311.8299865722656,305.0,310.3299865722656,1865900,COST
2020-05-12,310.8399963378906,311.54998779296875,304.7900085449219,304.8399963378906,2264900,COST
2020-05-13,304.8399963378906,306.3999938964844,300.1199951171875,302.1400146484375,2954900,COST
2020-05-14,301.010009765625,302.8800048828125,294.5400085449219,299.739990234375,3718900,COST
2020-05-15,299.07000732421875,299.8299865722656,295.8599853515625,299.2099914550781,4577200,COST
2020-05-18,301.7200012207031,303.19000244140625,299.9200134277344,302.760009765625,3987300,COST
2020-05-19,304.6199951171875,309.0199890136719,303.1499938964844,304.6300048828125,3523000,COST
2020-05-20,306.7699890136719,307.9200134277344,303.20001220703125,304.9100036621094,2827000,COST
2020-05-21,304.7900085449219,305.0400085449219,301.25,301.9700012207031,2492100,COST
2020-05-22,302.010009765625,303.94000244140625,300.8299865722656,302.42999267578125,2366400,COST
2020-05-26,306.010009765625,306.8999938964844,303.5299987792969,304.79998779296875,3234600,COST
2020-05-27,304.55999755859375,306.30999755859375,299.4700012207031,306.010009765625,2980200,COST
2020-05-28,307.25,311.0,306.8999938964844,309.55999755859375,4301900,COST
2020-05-29,304.20001220703125,308.8800048828125,302.3500061035156,308.4700012207031,4971800,COST
2020-06-01,307.8999938964844,309.739990234375,306.4599914550781,308.2900085449219,2293700,COST
2020-06-02,307.95001220703125,309.0199890136719,304.7200012207031,307.0899963378906,2528900,COST
2020-06-03,307.5,308.20001220703125,305.9200134277344,306.6400146484375,2165900,COST
2020-06-04,310.8500061035156,315.3500061035156,309.0899963378906,310.75,4553900,COST
2020-06-05,313.1300048828125,313.6300048828125,307.2900085449219,312.0400085449219,4375600,COST
2020-06-08,310.6600036621094,311.2900085449219,306.4599914550781,307.19000244140625,3764500,COST
2020-06-09,307.5,308.6000061035156,305.1700134277344,305.54998779296875,3155800,COST
2020-06-10,306.4800109863281,308.6300048828125,305.6499938964844,307.3299865722656,2713700,COST
2020-06-11,306.989990234375,309.20001220703125,300.6400146484375,300.8299865722656,3443000,COST
2020-06-12,302.6700134277344,305.1499938964844,296.25,298.70001220703125,4020000,COST
2020-06-15,297.04998779296875,298.07000732421875,293.8399963378906,297.17999267578125,3266800,COST
2020-06-16,301.3500061035156,302.739990234375,299.2200012207031,301.3599853515625,2633800,COST
2020-06-17,301.0199890136719,302.0,298.8999938964844,299.6099853515625,2188400,COST
2020-06-18,300.0,300.80999755859375,297.7900085449219,299.57000732421875,1881800,COST
2020-06-19,300.17999267578125,301.8999938964844,298.6400146484375,299.8999938964844,3438000,COST
2020-06-22,299.70001220703125,301.4800109863281,298.25,300.45001220703125,2094400,COST
2020-06-23,301.7300109863281,304.8999938964844,300.7300109863281,301.2900085449219,2409600,COST
2020-06-24,300.7699890136719,301.2799987792969,296.6000061035156,298.0199890136719,2398100,COST
2020-06-25,297.05999755859375,301.1499938964844,295.3999938964844,300.5299987792969,2274300,COST
2020-06-26,300.4100036621094,302.1199951171875,295.95001220703125,296.55999755859375,2866000,COST
2020-06-29,297.44000244140625,301.6300048828125,296.8299865722656,301.5899963378906,1841700,COST
2020-06-30,301.010009765625,304.6199951171875,300.1400146484375,303.2099914550781,2391700,COST
2020-07-01,302.5,305.5799865722656,300.75,304.75,1906100,COST
2020-07-02,306.0,308.9200134277344,304.6000061035156,305.739990234375,2540500,COST
2020-07-06,307.5299987792969,311.55999755859375,307.239990234375,311.489990234375,2332400,COST
2020-07-07,310.0199890136719,318.04998779296875,309.7200012207031,316.2300109863281,3346600,COST
2020-07-08,317.1400146484375,318.04998779296875,314.010009765625,316.32000732421875,2364500,COST
2020-07-09,320.0,328.9800109863281,319.67999267578125,325.5400085449219,5313600,COST
2020-07-10,326.0,327.3999938964844,323.1099853515625,326.2300109863281,2484100,COST
2020-07-13,326.29998779296875,329.1099853515625,321.5,322.9200134277344,2583200,COST
2020-07-14,321.32000732421875,328.6600036621094,320.45001220703125,328.0,1844800,COST
2020-07-15,328.1000061035156,329.32000732421875,325.6199951171875,326.70001220703125,1770700,COST
2020-07-16,326.6199951171875,327.8999938964844,324.05999755859375,326.2699890136719,1402000,COST
2020-07-17,327.29998779296875,327.79998779296875,324.5799865722656,324.7900085449219,1768100,COST
2020-07-20,324.8900146484375,327.44000244140625,322.6600036621094,326.510009765625,1863300,COST
2020-07-21,327.0,331.489990234375,326.5,327.739990234375,1874200,COST
2020-07-22,329.6499938964844,329.6600036621094,325.010009765625,328.29998779296875,1312600,COST
2020-07-23,328.1000061035156,330.3800048828125,325.3299865722656,326.1099853515625,1561700,COST
2020-07-24,326.2200012207031,328.75,324.6700134277344,325.7799987792969,1423400,COST
2020-07-27,325.67999267578125,329.0,325.17999267578125,327.6000061035156,2083300,COST
2020-07-28,327.9700012207031,330.0,325.82000732421875,327.57000732421875,1374000,COST
2020-07-29,327.0199890136719,328.0400085449219,325.3900146484375,326.1400146484375,1341300,COST
2020-07-30,322.69000244140625,326.45001220703125,322.0,324.82000732421875,1390300,COST
2020-07-31,324.82000732421875,326.30999755859375,322.54998779296875,325.5299987792969,2149900,COST
2020-08-03,325.54998779296875,329.8900146484375,324.29998779296875,329.32000732421875,2480200,COST
2020-08-04,329.55999755859375,339.82000732421875,328.9200134277344,339.7900085449219,3933300,COST
2020-08-05,341.8599853515625,342.7300109863281,337.5899963378906,339.9700012207031,2923700,COST
2020-08-06,342.4100036621094,345.1199951171875,341.6099853515625,343.30999755859375,2104300,COST
2020-08-07,343.1400146484375,344.7300109863281,339.6300048828125,340.9100036621094,1759000,COST
2020-08-10,340.7099914550781,341.07000732421875,338.5799865722656,340.0,1503800,COST
2020-08-11,340.8500061035156,340.8500061035156,331.79998779296875,332.42999267578125,2065600,COST
2020-08-12,333.75,338.8999938964844,333.1700134277344,336.760009765625,1853900,COST
2020-08-13,336.989990234375,339.4599914550781,335.1300048828125,335.70001220703125,1536500,COST
2020-08-14,336.5299987792969,338.760009765625,335.6000061035156,336.2799987792969,1522900,COST
2020-08-17,337.6499938964844,340.3699951171875,337.3599853515625,339.9599914550781,1504700,COST
2020-08-18,341.0,342.79998779296875,336.80999755859375,340.75,1489400,COST
2020-08-19,341.1199951171875,341.94000244140625,339.95001220703125,340.8999938964844,1730100,COST
2020-08-20,340.1400146484375,341.6600036621094,338.739990234375,340.8699951171875,1717500,COST
2020-08-21,340.07000732421875,345.8399963378906,339.3299865722656,344.6099853515625,2372600,COST
2020-08-24,345.1099853515625,346.1099853515625,342.1099853515625,344.1300048828125,1461500,COST
2020-08-25,344.1400146484375,344.9100036621094,341.4599914550781,344.7099914550781,1176200,COST
2020-08-26,343.010009765625,344.8299865722656,341.69000244140625,344.2699890136719,1757000,COST
2020-08-27,345.6099853515625,347.739990234375,342.54998779296875,346.3599853515625,2220700,COST
2020-08-28,347.4700012207031,349.05999755859375,345.5,348.3699951171875,1487300,COST
2020-08-31,346.8500061035156,348.75,344.2900085449219,347.6600036621094,1586900,COST
2020-09-01,345.7099914550781,351.489990234375,345.4100036621094,351.3800048828125,1773700,COST
2020-09-02,353.6099853515625,359.9200134277344,351.30999755859375,358.8599853515625,2434900,COST
2020-09-03,363.07000732421875,363.6700134277344,345.5199890136719,348.29998779296875,3630400,COST
2020-09-04,353.9800109863281,353.9800109863281,340.3999938964844,346.57000732421875,2557000,COST
2020-09-08,343.8399963378906,344.9200134277344,338.17999267578125,338.8599853515625,2144300,COST
2020-09-09,340.8999938964844,349.70001220703125,340.3900146484375,346.42999267578125,2100900,COST
2020-09-10,346.2699890136719,348.0,338.760009765625,339.5299987792969,1959600,COST
2020-09-11,340.2799987792969,343.260009765625,336.1000061035156,339.1300048828125,1599600,COST
2020-09-14,340.989990234375,344.8399963378906,340.4700012207031,342.9200134277344,1522300,COST
2020-09-15,345.0199890136719,347.760009765625,342.75,343.9100036621094,1362500,COST
2020-09-16,347.2699890136719,348.760009765625,343.25,343.7300109863281,1656500,COST
2020-09-17,339.5799865722656,342.8900146484375,336.3699951171875,338.8800048828125,2681500,COST
2020-09-18,340.20001220703125,341.2200012207031,331.20001220703125,335.9599914550781,3409300,COST
2020-09-21,333.9700012207031,339.6199951171875,333.7099914550781,339.57000732421875,2427400,COST
2020-09-22,340.70001220703125,344.8999938964844,339.5899963378906,344.45001220703125,2128100,COST
2020-09-23,348.0,348.25,344.05999755859375,344.6300048828125,3577100,COST
2020-09-24,345.0,347.3299865722656,338.30999755859375,347.0,5779300,COST
2020-09-25,340.739990234375,343.7699890136719,335.3599853515625,342.5799865722656,7338500,COST
2020-09-28,343.760009765625,349.7699890136719,343.1000061035156,349.6199951171875,3459200,COST
2020-09-29,348.95001220703125,354.2900085449219,347.1000061035156,352.1400146484375,2526000,COST
2020-09-30,352.55999755859375,357.70001220703125,351.1700134277344,355.0,2525800,COST
2020-10-01,356.260009765625,359.69000244140625,354.82000732421875,358.4599914550781,2053000,COST
2020-10-02,354.7300109863281,357.8399963378906,352.8500061035156,355.010009765625,2125000,COST
2020-10-05,355.3299865722656,358.9800109863281,355.3299865722656,358.5799865722656,2093500,COST
2020-10-06,361.8999938964844,363.0,357.0400085449219,358.3500061035156,2760400,COST
2020-10-07,360.4700012207031,364.739990234375,359.6600036621094,363.0199890136719,1959100,COST
2020-10-08,364.79998779296875,365.9700012207031,361.75,365.0899963378906,1793100,COST
2020-10-09,366.0,369.75,365.70001220703125,369.4599914550781,1730700,COST
2020-10-12,371.0,380.6600036621094,370.7699890136719,376.4800109863281,2806900,COST
2020-10-13,378.4200134277344,382.2900085449219,376.4800109863281,380.67999267578125,1823300,COST
2020-10-14,382.8900146484375,383.8699951171875,376.70001220703125,378.3399963378906,1904400,COST
2020-10-15,376.4599914550781,378.3599853515625,373.05999755859375,376.5799865722656,1697800,COST
2020-10-16,380.5,384.8699951171875,379.1199951171875,381.5400085449219,2459400,COST
2020-10-19,382.0299987792969,383.0899963378906,374.7099914550781,375.55999755859375,1938100,COST
2020-10-20,377.69000244140625,382.0799865722656,376.1199951171875,378.30999755859375,1282300,COST
2020-10-21,378.55999755859375,381.2799987792969,377.0199890136719,377.82000732421875,1466500,COST
2020-10-22,377.3500061035156,378.3800048828125,372.0299987792969,375.75,1813200,COST
2020-10-23,375.6099853515625,376.5199890136719,373.55999755859375,374.6000061035156,1108000,COST
2020-10-26,366.67999267578125,372.6300048828125,366.1199951171875,370.7099914550781,2145000,COST
2020-10-27,368.7699890136719,374.9100036621094,368.7699890136719,372.7200012207031,1525400,COST
2020-10-28,367.3299865722656,372.4100036621094,364.6700134277344,364.9599914550781,1908300,COST
2020-10-29,363.2300109863281,369.0899963378906,362.510009765625,364.8599853515625,1838500,COST
2020-10-30,361.1300048828125,363.8500061035156,355.7900085449219,357.6199951171875,2724100,COST
2020-11-02,362.2200012207031,365.6600036621094,360.7099914550781,364.3900146484375,1646300,COST
2020-11-03,368.94000244140625,374.79998779296875,367.8900146484375,371.9599914550781,2013100,COST
2020-11-04,374.0199890136719,381.6400146484375,374.0,376.1700134277344,2449800,COST
2020-11-05,382.4800109863281,386.5799865722656,379.5,385.2300109863281,2255800,COST
2020-11-06,381.8800048828125,386.79998779296875,380.8900146484375,385.6600036621094,1950200,COST
2020-11-09,388.25,389.5,364.760009765625,365.0,4371300,COST
2020-11-10,363.8800048828125,371.5400085449219,360.5899963378906,366.6199951171875,2662600,COST
2020-11-11,369.67999267578125,374.70001220703125,368.1600036621094,372.9200134277344,1688800,COST
2020-11-12,376.95001220703125,378.239990234375,373.5,375.7099914550781,1535900,COST
2020-11-13,376.5199890136719,379.8299865722656,374.989990234375,378.8399963378906,1274600,COST
2020-11-16,376.9100036621094,381.2799987792969,376.9100036621094,379.7900085449219,1691500,COST
2020-11-17,387.32000732421875,388.4800109863281,381.7900085449219,381.9200134277344,3299100,COST
2020-11-18,382.8900146484375,388.04998779296875,381.7300109863281,382.2300109863281,2134600,COST
2020-11-19,383.6099853515625,384.7099914550781,380.30999755859375,383.5400085449219,1768900,COST
2020-11-20,383.95001220703125,385.5,381.010009765625,381.1199951171875,1807600,COST
2020-11-23,383.0,383.05999755859375,380.3399963378906,381.7099914550781,1679600,COST
2020-11-24,383.69000244140625,386.04998779296875,380.7099914550781,384.2200012207031,2061100,COST
2020-11-25,385.7900085449219,388.3399963378906,385.55999755859375,387.75,2034200,COST
2020-11-27,390.4599914550781,390.6700134277344,387.75,388.3900146484375,1329400,COST
2020-11-30,391.75,393.1499938964844,385.2300109863281,391.7699890136719,3733800,COST
2020-12-01,384.5,388.07000732421875,381.17999267578125,387.55999755859375,2996800,COST
2020-12-02,385.4700012207031,386.8800048828125,381.57000732421875,383.5,2212800,COST
2020-12-03,378.0,378.7300109863281,373.2799987792969,374.04998779296875,3976400,COST
2020-12-04,375.2099914550781,375.30999755859375,371.8900146484375,373.42999267578125,2839700,COST
2020-12-07,374.2699890136719,376.5,372.6499938964844,373.3299865722656,2652900,COST
2020-12-08,373.95001220703125,379.5199890136719,370.75,377.6000061035156,2685500,COST
2020-12-09,379.8800048828125,381.0,372.79998779296875,374.2900085449219,2461600,COST
2020-12-10,374.2900085449219,375.0,371.55999755859375,372.7900085449219,2566300,COST
2020-12-11,379.7699890136719,379.7699890136719,372.5400085449219,375.1000061035156,3483900,COST
2020-12-14,376.55999755859375,378.17999267578125,373.2099914550781,374.3800048828125,2778400,COST
2020-12-15,374.5,375.69000244140625,369.29998779296875,371.8800048828125,2133900,COST
2020-12-16,371.1600036621094,372.8399963378906,368.8500061035156,369.44000244140625,2385100,COST
2020-12-17,370.260009765625,370.9700012207031,368.0,370.2900085449219,2314200,COST
2020-12-18,371.1000061035156,371.3599853515625,365.92999267578125,367.0,4140000,COST
2020-12-21,365.0899963378906,366.1199951171875,361.80999755859375,364.9700012207031,2329700,COST
2020-12-22,364.1000061035156,364.760009765625,360.6099853515625,362.0299987792969,2105500,COST
2020-12-23,362.45001220703125,363.1000061035156,359.5,361.8900146484375,1782100,COST
2020-12-24,361.4100036621094,365.3399963378906,361.4100036621094,364.5799865722656,972500,COST
2020-12-28,365.5,371.69000244140625,365.0799865722656,371.05999755859375,3207700,COST
2020-12-29,372.25,373.260009765625,370.260009765625,372.7200012207031,2072600,COST
2020-12-30,374.20001220703125,375.8599853515625,373.2799987792969,374.45001220703125,1778000,COST
2020-12-31,374.989990234375,377.0400085449219,372.4599914550781,376.7799987792969,1628900,COST
2021-01-04,377.42999267578125,381.54998779296875,374.80999755859375,380.1499938964844,3322200,COST
2021-01-05,378.8599853515625,380.2099914550781,375.25,375.739990234375,2748400,COST
2021-01-06,373.82000732421875,375.79998779296875,369.6499938964844,370.0199890136719,2661400,COST
2021-01-07,371.010009765625,371.6499938964844,366.7900085449219,367.9200134277344,2849500,COST
2021-01-08,368.1199951171875,370.260009765625,364.2900085449219,369.94000244140625,2599700,COST
2021-01-11,368.5799865722656,371.0,363.8599853515625,364.010009765625,2562500,COST
2021-01-12,364.0,365.07000732421875,360.25,364.20001220703125,2387600,COST
2021-01-13,364.3699951171875,368.739990234375,363.0,366.95001220703125,1968800,COST
2021-01-14,366.0,366.5,361.55999755859375,362.3500061035156,2363900,COST
2021-01-15,361.05999755859375,364.9100036621094,360.79998779296875,362.1600036621094,2340400,COST
2021-01-19,362.3599853515625,362.95001220703125,352.44000244140625,354.4700012207031,4533800,COST
2021-01-20,354.3900146484375,361.8999938964844,353.4100036621094,361.29998779296875,2767200,COST
2021-01-21,361.29998779296875,363.989990234375,359.94000244140625,362.79998779296875,2121600,COST
2021-01-22,363.20001220703125,364.6300048828125,359.8500061035156,362.29998779296875,1960300,COST
2021-01-25,360.8599853515625,361.9599914550781,356.82000732421875,361.8800048828125,2735900,COST
2021-01-26,360.20001220703125,365.8999938964844,358.8800048828125,364.9800109863281,1807000,COST
2021-01-27,362.989990234375,365.79998779296875,354.8500061035156,356.3900146484375,3120800,COST
2021-01-28,356.8500061035156,361.6099853515625,356.07000732421875,357.05999755859375,2251100,COST
2021-01-29,354.75,356.2900085449219,351.8800048828125,352.42999267578125,2598700,COST
2021-02-01,351.2099914550781,352.7900085449219,349.2099914550781,350.5199890136719,2371200,COST
2021-02-02,351.760009765625,357.70001220703125,350.7200012207031,355.5799865722656,1905000,COST
2021-02-03,356.2300109863281,357.5299987792969,353.2099914550781,355.2099914550781,1759800,COST
2021-02-04,356.7099914550781,358.3800048828125,353.8500061035156,355.8500061035156,3411600,COST
2021-02-05,356.54998779296875,356.8500061035156,354.1000061035156,355.1700134277344,2165600,COST
2021-02-08,356.57000732421875,360.0400085449219,355.57000732421875,359.8299865722656,2520700,COST
2021-02-09,360.0400085449219,361.6700134277344,358.29998779296875,359.55999755859375,2154000,COST
2021-02-10,361.0,361.0,355.1199951171875,356.1199951171875,2162400,COST
2021-02-11,355.7300109863281,356.5,351.3900146484375,352.20001220703125,2088400,COST
2021-02-12,351.989990234375,352.9800109863281,350.1000061035156,352.75,2096600,COST
2021-02-16,353.0799865722656,355.3599853515625,352.0400085449219,354.0,1829000,COST
2021-02-17,353.1099853515625,358.1700134277344,351.9100036621094,358.0400085449219,2143000,COST
2021-02-18,352.2799987792969,358.20001220703125,352.2799987792969,356.9200134277344,1914900,COST
2021-02-19,356.69000244140625,357.92999267578125,354.5799865722656,354.7699890136719,1839400,COST
2021-02-22,352.75,353.2900085449219,348.82000732421875,350.2099914550781,2215600,COST
2021-02-23,349.79998779296875,351.0,342.0299987792969,342.1499938964844,3692600,COST
2021-02-24,341.7900085449219,342.5,337.8900146484375,340.70001220703125,3305800,COST
2021-02-25,340.8500061035156,343.0,333.3500061035156,333.8999938964844,3618100,COST
2021-02-26,335.510009765625,335.8900146484375,330.94000244140625,331.0,3362200,COST
2021-03-01,335.2099914550781,336.0,331.3599853515625,331.7699890136719,4653200,COST
2021-03-02,333.69000244140625,334.69000244140625,328.4200134277344,328.4599914550781,4660100,COST
2021-03-03,328.1700134277344,328.4200134277344,323.760009765625,323.9200134277344,4064200,COST
2021-03-04,323.3699951171875,325.6000061035156,315.0400085449219,319.0400085449219,5501200,COST
2021-03-05,315.3299865722656,318.42999267578125,307.0,317.32000732421875,8102800,COST
2021-03-08,318.9100036621094,322.3299865722656,310.9200134277344,311.4200134277344,4873500,COST
2021-03-09,313.760009765625,320.2799987792969,312.7099914550781,318.7799987792969,5426800,COST
2021-03-10,321.1400146484375,327.3900146484375,317.32000732421875,323.8299865722656,4523500,COST
2021-03-11,330.4100036621094,331.25,326.7200012207031,328.6499938964844,4338900,COST
2021-03-12,328.1000061035156,331.6300048828125,325.6000061035156,331.1400146484375,3182100,COST
2021-03-15,333.6000061035156,333.67999267578125,327.32000732421875,330.510009765625,3243000,COST
2021-03-16,329.6700134277344,330.0299987792969,326.6400146484375,327.25,3066700,COST
2021-03-17,326.0,330.5,324.1199951171875,329.19000244140625,2672400,COST
2021-03-18,326.4800109863281,328.1400146484375,322.3800048828125,322.9800109863281,2736900,COST
2021-03-19,323.6099853515625,329.25,322.3900146484375,328.9100036621094,4859300,COST
2021-03-22,328.45001220703125,336.1700134277344,328.19000244140625,334.489990234375,4064900,COST
2021-03-23,333.8900146484375,342.510009765625,333.79998779296875,340.3399963378906,3641200,COST
2021-03-24,342.2200012207031,342.510009765625,336.8299865722656,338.0400085449219,3006400,COST
2021-03-25,337.80999755859375,347.7799987792969,337.2699890136719,346.3399963378906,4307100,COST
2021-03-26,346.2099914550781,352.4599914550781,344.1000061035156,352.0199890136719,3061200,COST
2021-03-29,351.45001220703125,357.7699890136719,351.010009765625,356.1499938964844,3012000,COST
2021-03-30,353.5799865722656,354.7699890136719,348.8399963378906,349.75,2602400,COST
2021-03-31,350.6600036621094,357.45001220703125,349.2300109863281,352.4800109863281,2832200,COST
2021-04-01,352.5400085449219,357.32000732421875,351.6300048828125,354.94000244140625,2938600,COST
2021-04-05,357.5,362.6700134277344,356.8399963378906,360.82000732421875,2705700,COST
2021-04-06,359.79998779296875,362.79998779296875,359.0,360.1199951171875,2142000,COST
2021-04-07,360.8699951171875,361.4599914550781,357.6099853515625,358.80999755859375,1808400,COST
2021-04-08,362.79998779296875,366.0199890136719,359.6000061035156,361.2200012207031,2839200,COST
2021-04-09,360.9100036621094,363.7099914550781,359.6000061035156,363.2099914550781,1610800,COST
2021-04-12,362.8399963378906,365.25,361.3399963378906,364.80999755859375,1836600,COST
2021-04-13,365.3399963378906,367.29998779296875,364.2699890136719,365.2099914550781,1796400,COST
2021-04-14,364.8500061035156,364.8500061035156,362.54998779296875,363.1700134277344,1509400,COST
2021-04-15,364.8800048828125,369.54998779296875,364.2699890136719,368.79998779296875,1850100,COST
2021-04-16,369.70001220703125,372.79998779296875,368.5799865722656,370.7200012207031,2249200,COST
2021-04-19,371.0,371.5299987792969,368.20001220703125,369.54998779296875,1560000,COST
2021-04-20,369.0,375.3599853515625,368.7300109863281,371.7300109863281,2330700,COST
2021-04-21,371.6099853515625,374.5799865722656,371.4700012207031,374.0899963378906,1531800,COST
2021-04-22,374.3399963378906,375.44000244140625,370.0299987792969,371.260009765625,2138000,COST
2021-04-23,371.260009765625,374.8500061035156,370.4100036621094,373.2799987792969,1404500,COST
2021-04-26,373.8999938964844,373.8999938964844,368.2099914550781,368.5199890136719,2059700,COST
2021-04-27,368.1700134277344,370.9599914550781,365.2900085449219,370.2099914550781,1875900,COST
2021-04-28,369.54998779296875,370.5,368.17999267578125,369.5899963378906,1305600,COST
2021-04-29,368.5400085449219,374.7099914550781,368.5299987792969,373.5400085449219,1848300,COST
2021-04-30,372.9100036621094,374.1600036621094,371.3299865722656,372.0899963378906,2118900,COST
2021-05-03,373.8399963378906,379.6199951171875,372.8900146484375,379.32000732421875,2685800,COST
2021-05-04,379.0299987792969,379.2300109863281,373.75,375.2900085449219,2133800,COST
2021-05-05,376.3500061035156,377.5199890136719,372.04998779296875,372.5,1905300,COST
2021-05-06,373.19000244140625,382.94000244140625,373.19000244140625,382.760009765625,2641400,COST
2021-05-07,382.8299865722656,386.45001220703125,382.20001220703125,384.32000732421875,1817100,COST
2021-05-10,385.489990234375,387.8900146484375,381.2799987792969,381.4800109863281,1998700,COST
2021-05-11,379.30999755859375,380.9200134277344,376.0,378.17999267578125,1859700,COST
2021-05-12,376.0,376.94000244140625,371.1099853515625,372.20001220703125,2344600,COST
2021-05-13,373.0899963378906,381.44000244140625,371.57000732421875,379.5299987792969,2023100,COST
2021-05-14,382.1400146484375,385.82000732421875,380.1000061035156,384.4200134277344,1876100,COST
2021-05-17,385.0400085449219,387.04998779296875,382.8999938964844,383.9599914550781,1830800,COST
2021-05-18,386.45001220703125,389.45001220703125,382.510009765625,382.80999755859375,1698200,COST
2021-05-19,377.1499938964844,381.7300109863281,376.1300048828125,379.6600036621094,1725000,COST
2021-05-20,379.17999267578125,384.5199890136719,378.2799987792969,383.5799865722656,1427300,COST
2021-05-21,385.04998779296875,385.3500061035156,380.42999267578125,380.7200012207031,1706600,COST
2021-05-24,384.3399963378906,385.760009765625,381.8900146484375,383.45001220703125,1657000,COST
2021-05-25,383.6199951171875,385.739990234375,382.0299987792969,385.3800048828125,1379700,COST
2021-05-26,385.8599853515625,387.75,385.0199890136719,385.6199951171875,1648000,COST
2021-05-27,385.1300048828125,387.7699890136719,383.5,387.5,4452000,COST
2021-05-28,384.1499938964844,385.30999755859375,377.0299987792969,378.2699890136719,4681200,COST
2021-06-01,379.92999267578125,380.20001220703125,375.5,378.2300109863281,2117800,COST
2021-06-02,378.3800048828125,381.9200134277344,377.7099914550781,380.5899963378906,1881000,COST
2021-06-03,379.6400146484375,384.19000244140625,378.8599853515625,383.8699951171875,1780300,COST
2021-06-04,384.19000244140625,387.760009765625,383.7099914550781,387.5199890136719,1765900,COST
2021-06-07,385.4700012207031,386.45001220703125,378.57000732421875,380.3999938964844,2515800,COST
2021-06-08,380.4100036621094,381.2099914550781,377.69000244140625,379.70001220703125,1553800,COST
2021-06-09,380.2099914550781,381.7799987792969,379.1300048828125,379.9599914550781,1398900,COST
2021-06-10,380.2699890136719,383.3599853515625,379.489990234375,383.010009765625,1404000,COST
2021-06-11,383.8599853515625,383.8599853515625,380.5299987792969,381.8299865722656,1404200,COST
2021-06-14,380.7900085449219,383.9800109863281,379.0799865722656,383.760009765625,1652600,COST
2021-06-15,383.760009765625,384.5,381.55999755859375,383.9100036621094,1252000,COST
2021-06-16,384.3999938964844,386.44000244140625,377.1199951171875,379.4100036621094,1801700,COST
2021-06-17,380.3800048828125,386.4700012207031,379.2099914550781,384.75,1686500,COST
2021-06-18,384.75,384.9100036621094,380.29998779296875,380.8800048828125,3415700,COST
2021-06-21,382.25,387.6499938964844,380.55999755859375,386.79998779296875,1631600,COST
2021-06-22,387.0199890136719,392.5,386.55999755859375,392.17999267578125,1934800,COST
2021-06-23,393.0,393.44000244140625,390.5899963378906,391.9700012207031,1538000,COST
2021-06-24,393.4200134277344,395.5,391.79998779296875,392.07000732421875,1487300,COST
2021-06-25,392.9700012207031,394.54998779296875,391.25,394.510009765625,2056100,COST
2021-06-28,395.0,397.4200134277344,393.1300048828125,396.5400085449219,1645500,COST
2021-06-29,396.29998779296875,399.44000244140625,395.4700012207031,398.7900085449219,1523600,COST
2021-06-30,397.9700012207031,400.4700012207031,395.0,395.6700134277344,2031700,COST
2021-07-01,396.29998779296875,397.69000244140625,393.8800048828125,394.5299987792969,1523400,COST
2021-07-02,396.2099914550781,400.7699890136719,396.1099853515625,398.94000244140625,1676600,COST
2021-07-06,399.8399963378906,401.3999938964844,397.1099853515625,398.8599853515625,2113100,COST
2021-07-07,399.20001220703125,406.1199951171875,399.20001220703125,404.67999267578125,2308600,COST
2021-07-08,403.5,408.6400146484375,403.1600036621094,407.1499938964844,2235500,COST
2021-07-09,408.54998779296875,414.0,407.5899963378906,412.3699951171875,2304200,COST
2021-07-12,414.0400085449219,414.3500061035156,404.5299987792969,407.8800048828125,2491300,COST
2021-07-13,404.70001220703125,409.2900085449219,404.70001220703125,407.05999755859375,1540300,COST
2021-07-14,408.5799865722656,410.4700012207031,407.260009765625,409.95001220703125,1265800,COST
2021-07-15,410.4599914550781,412.20001220703125,407.8800048828125,411.82000732421875,1894100,COST
2021-07-16,412.1199951171875,413.4200134277344,409.7699890136719,410.3699951171875,1413900,COST
2021-07-19,410.05999755859375,415.32000732421875,410.04998779296875,414.1499938964844,2293100,COST
2021-07-20,414.0,418.07000732421875,412.8500061035156,416.239990234375,2045400,COST
2021-07-21,417.1099853515625,417.1099853515625,412.2200012207031,415.010009765625,1480000,COST
2021-07-22,416.0,418.6000061035156,413.54998779296875,417.5400085449219,1339200,COST
2021-07-23,418.2900085449219,423.989990234375,417.04998779296875,423.42999267578125,1344500,COST
2021-07-26,423.3999938964844,424.5,420.3500061035156,423.2300109863281,1220000,COST
2021-07-27,424.0,424.55999755859375,421.6000061035156,424.3399963378906,1666500,COST
2021-07-28,423.2699890136719,424.8599853515625,420.5400085449219,422.2200012207031,1362700,COST
2021-07-29,421.67999267578125,425.8500061035156,420.3599853515625,425.2799987792969,1434200,COST
2021-07-30,425.9800109863281,431.5,425.94000244140625,429.7200012207031,2283900,COST
2021-08-02,430.6199951171875,430.7099914550781,425.4800109863281,428.9200134277344,1366900,COST
2021-08-03,429.9200134277344,436.79998779296875,429.1199951171875,435.07000732421875,1448100,COST
2021-08-04,436.0,437.989990234375,432.8900146484375,435.0400085449219,1280500,COST
2021-08-05,437.75,443.5,436.7300109863281,443.19000244140625,1742600,COST
2021-08-06,442.7300109863281,443.4599914550781,438.8999938964844,439.6300048828125,1789800,COST
2021-08-09,440.6499938964844,442.7799987792969,439.30999755859375,440.4700012207031,1472500,COST
2021-08-10,440.6600036621094,443.79998779296875,440.6600036621094,443.0299987792969,1893700,COST
2021-08-11,445.5,448.0,441.79998779296875,444.29998779296875,2267500,COST
2021-08-12,443.0,446.6300048828125,442.25,445.3599853515625,1230700,COST
2021-08-13,445.7799987792969,448.3599853515625,444.5400085449219,447.82000732421875,1309300,COST
2021-08-16,447.9100036621094,453.19000244140625,447.04998779296875,452.8599853515625,1515600,COST
2021-08-17,452.8599853515625,453.7799987792969,449.70001220703125,452.3399963378906,1936700,COST
2021-08-18,450.9599914550781,455.239990234375,445.8999938964844,446.2099914550781,2030100,COST
2021-08-19,442.95001220703125,455.5,441.30999755859375,454.260009765625,1953700,COST
2021-08-20,455.489990234375,460.6199951171875,453.6600036621094,458.989990234375,1911200,COST
2021-08-23,457.2699890136719,459.05999755859375,454.5899963378906,454.92999267578125,1835900,COST
2021-08-24,455.25,455.3900146484375,450.29998779296875,451.7900085449219,1541700,COST
2021-08-25,450.8299865722656,452.82000732421875,447.32000732421875,451.2300109863281,1520600,COST
2021-08-26,451.2300109863281,452.4800109863281,446.70001220703125,449.30999755859375,1418600,COST
2021-08-27,449.30999755859375,451.6199951171875,446.79998779296875,450.3399963378906,1310200,COST
2021-08-30,451.0400085449219,456.5899963378906,450.44000244140625,455.92999267578125,1219800,COST
2021-08-31,456.1400146484375,456.8800048828125,452.44000244140625,455.489990234375,1699000,COST
2021-09-01,455.4800109863281,456.67999267578125,451.8500061035156,456.5199890136719,1325400,COST
2021-09-02,459.4200134277344,461.44000244140625,458.3900146484375,460.9700012207031,1455000,COST
2021-09-03,459.0,463.6000061035156,459.0,462.54998779296875,1302400,COST
2021-09-07,462.5,463.20001220703125,457.6300048828125,459.6000061035156,1463400,COST
2021-09-08,459.1099853515625,465.8299865722656,458.0799865722656,465.70001220703125,1372000,COST
2021-09-09,467.3399963378906,469.7699890136719,465.239990234375,465.94000244140625,1398700,COST
2021-09-10,467.1700134277344,468.3999938964844,463.20001220703125,465.1600036621094,1324800,COST
2021-09-13,467.05999755859375,468.239990234375,458.20001220703125,459.6600036621094,1679500,COST
2021-09-14,460.95001220703125,462.20001220703125,457.4200134277344,458.4100036621094,1383900,COST
2021-09-15,458.239990234375,462.25,456.1400146484375,460.7300109863281,1770300,COST
2021-09-16,460.7900085449219,463.7699890136719,456.57000732421875,463.30999755859375,1577500,COST
2021-09-17,461.6199951171875,462.82000732421875,457.0199890136719,459.510009765625,3411400,COST
2021-09-20,456.6300048828125,460.95001220703125,446.6199951171875,451.1400146484375,2602000,COST
2021-09-21,451.1400146484375,456.8399963378906,450.1600036621094,452.1099853515625,1531300,COST
2021-09-22,454.70001220703125,455.3500061035156,449.8399963378906,452.3299865722656,1380800,COST
2021-09-23,452.29998779296875,455.54998779296875,451.1000061035156,452.7799987792969,2061200,COST
2021-09-24,455.9800109863281,468.7200012207031,455.0,467.75,3353800,COST
2021-09-27,465.54998779296875,470.489990234375,457.239990234375,460.55999755859375,2526000,COST
2021-09-28,457.1400146484375,457.5,445.6700134277344,447.3500061035156,2632700,COST
2021-09-29,449.8699951171875,456.0,448.8999938964844,451.7900085449219,1922000,COST
2021-09-30,453.6199951171875,455.3599853515625,449.29998779296875,449.3500061035156,1836400,COST
2021-10-01,449.7300109863281,451.0799865722656,440.760009765625,448.3299865722656,1860700,COST
2021-10-04,448.3399963378906,449.3500061035156,436.1700134277344,440.1400146484375,2264000,COST
2021-10-05,439.5799865722656,449.1099853515625,439.25,446.239990234375,1808700,COST
2021-10-06,443.92999267578125,449.7799987792969,442.3800048828125,449.3399963378906,1334600,COST
2021-10-07,456.4700012207031,459.5899963378906,452.07000732421875,452.8699951171875,1966200,COST
2021-10-08,455.44000244140625,455.75,450.0,451.8500061035156,1545800,COST
2021-10-11,450.0400085449219,453.69000244140625,449.5400085449219,449.70001220703125,1011700,COST
2021-10-12,450.1499938964844,452.8500061035156,445.75,446.8699951171875,1380900,COST
2021-10-13,448.5400085449219,450.510009765625,444.07000732421875,445.29998779296875,1621500,COST
2021-10-14,447.1099853515625,451.70001220703125,446.5,450.6600036621094,1480400,COST
2021-10-15,453.8900146484375,453.94000244140625,449.17999267578125,452.3900146484375,1494800,COST
2021-10-18,449.6099853515625,462.3500061035156,448.5,461.95001220703125,2141300,COST
2021-10-19,463.0,467.1600036621094,460.30999755859375,467.0799865722656,1365300,COST
2021-10-20,468.5199890136719,472.5,467.8399963378906,469.7699890136719,1352900,COST
2021-10-21,469.7699890136719,477.6499938964844,469.0799865722656,477.2300109863281,1423300,COST
2021-10-22,478.989990234375,485.0299987792969,478.57000732421875,481.989990234375,1710300,COST
2021-10-25,481.989990234375,492.2099914550781,479.5,490.1000061035156,1903400,COST
2021-10-26,482.1300048828125,488.25,481.2300109863281,485.5299987792969,2378600,COST
2021-10-27,483.8500061035156,491.5,483.55999755859375,489.1099853515625,1741800,COST
2021-10-28,486.9599914550781,491.8299865722656,486.4800109863281,490.5299987792969,1362400,COST
2021-10-29,486.7799987792969,494.1700134277344,486.6600036621094,491.5400085449219,2471600,COST
2021-11-01,494.1499938964844,494.8900146484375,487.20001220703125,491.8699951171875,1548700,COST
2021-11-02,494.739990234375,499.489990234375,492.7200012207031,496.989990234375,2012200,COST
2021-11-03,501.3399963378906,502.9599914550781,495.75,502.3299865722656,1856000,COST
2021-11-04,507.010009765625,520.2100219726562,506.010009765625,515.6199951171875,2615000,COST
2021-11-05,514.77001953125,517.9000244140625,508.6300048828125,513.1199951171875,2071700,COST
2021-11-08,513.4099731445312,513.4099731445312,500.20001220703125,503.80999755859375,2834800,COST
2021-11-09,505.1199951171875,509.1000061035156,504.05999755859375,508.7099914550781,1881800,COST
2021-11-10,508.260009765625,510.3599853515625,503.7699890136719,505.510009765625,1226600,COST
2021-11-11,506.20001220703125,512.5,504.0400085449219,512.1799926757812,1227300,COST
2021-11-12,514.25,519.6599731445312,513.22998046875,517.1699829101562,1780200,COST
2021-11-15,518.489990234375,523.0999755859375,518.010009765625,519.8900146484375,1392300,COST
2021-11-16,519.8400268554688,528.2999877929688,517.4099731445312,526.719970703125,1690700,COST
2021-11-17,527.5,530.739990234375,524.510009765625,526.2899780273438,1609400,COST
2021-11-18,528.1599731445312,530.7999877929688,522.489990234375,529.3699951171875,1664200,COST
2021-11-19,534.0800170898438,535.280029296875,528.010009765625,533.7899780273438,1909800,COST
2021-11-22,533.3200073242188,545.4199829101562,532.3200073242188,539.6500244140625,2190500,COST
2021-11-23,537.9600219726562,545.8200073242188,533.77001953125,545.260009765625,2147000,COST
2021-11-24,545.5399780273438,550.8300170898438,543.3200073242188,549.72998046875,2316400,COST
2021-11-26,549.5499877929688,554.5499877929688,544.3099975585938,546.1300048828125,1844800,COST
2021-11-29,546.1300048828125,560.780029296875,542.4099731445312,554.8800048828125,2919100,COST
2021-11-30,551.0,557.1699829101562,535.8900146484375,539.3800048828125,4244200,COST
2021-12-01,543.0999755859375,548.25,529.4000244140625,529.8400268554688,2877100,COST
2021-12-02,518.510009765625,530.9099731445312,514.0399780273438,525.510009765625,3277500,COST
2021-12-03,529.989990234375,537.5,524.77001953125,528.9299926757812,2984400,COST
2021-12-06,532.25,536.0499877929688,527.5700073242188,533.2000122070312,2432900,COST
2021-12-07,538.25,543.0,534.7100219726562,542.02001953125,2579800,COST
2021-12-08,546.2100219726562,547.7899780273438,525.5499877929688,530.1099853515625,3037500,COST
2021-12-09,528.7999877929688,532.3300170898438,523.7999877929688,524.3300170898438,3200500,COST
2021-12-10,534.7100219726562,561.27001953125,534.6099853515625,558.8200073242188,6333600,COST
2021-12-13,550.4400024414062,559.75,547.97998046875,557.219970703125,3415200,COST
2021-12-14,556.4600219726562,557.1699829101562,537.5700073242188,545.3400268554688,3494400,COST
2021-12-15,546.2100219726562,566.489990234375,545.530029296875,565.47998046875,2937100,COST
2021-12-16,564.7899780273438,566.5499877929688,549.4500122070312,552.6300048828125,2683000,COST
2021-12-17,549.3200073242188,556.469970703125,540.97998046875,547.6099853515625,5752000,COST
2021-12-20,542.1300048828125,549.1400146484375,538.030029296875,548.5599975585938,2033600,COST
2021-12-21,550.5,551.780029296875,536.0800170898438,545.4299926757812,2472800,COST
2021-12-22,545.3800048828125,550.0,539.7999877929688,549.6699829101562,1454500,COST
2021-12-23,551.739990234375,552.6099853515625,547.489990234375,550.3699951171875,1757800,COST
2021-12-27,551.5399780273438,565.739990234375,551.4400024414062,563.469970703125,2262900,COST
2021-12-28,563.4299926757812,566.6400146484375,560.7000122070312,564.6400146484375,1155000,COST
2021-12-29,566.4000244140625,571.489990234375,563.5,567.77001953125,1753000,COST
2021-12-30,569.530029296875,569.8800048828125,562.3699951171875,563.9099731445312,1338700,COST
2021-12-31,563.4099731445312,568.25,559.030029296875,567.7000122070312,1509200,COST
2022-01-03,565.030029296875,567.469970703125,555.510009765625,566.7100219726562,2714100,COST
2022-01-04,564.22998046875,568.719970703125,561.7899780273438,564.22998046875,2097500,COST
2022-01-05,563.6900024414062,565.0499877929688,549.77001953125,549.9199829101562,2887500,COST
2022-01-06,546.2000122070312,553.52001953125,543.5499877929688,549.7999877929688,2503100,COST
2022-01-07,547.5499877929688,548.3699951171875,534.239990234375,536.1799926757812,2323900,COST
2022-01-10,529.2899780273438,530.4099731445312,508.5,518.7999877929688,4916800,COST
2022-01-11,518.7999877929688,522.469970703125,510.2900085449219,522.030029296875,2457300,COST
2022-01-12,522.030029296875,530.030029296875,522.010009765625,525.7999877929688,1729500,COST
2022-01-13,527.6400146484375,529.0499877929688,515.22998046875,516.8800048828125,2428100,COST
2022-01-14,511.57000732421875,512.97998046875,501.8599853515625,502.989990234375,3872500,COST
2022-01-18,494.4599914550781,495.0799865722656,486.8599853515625,488.07000732421875,3801900,COST
2022-01-19,489.8900146484375,496.239990234375,487.1000061035156,490.1600036621094,2709400,COST
2022-01-20,490.75,499.8800048828125,481.8399963378906,482.82000732421875,2893700,COST
2022-01-21,481.9200134277344,494.6099853515625,481.32000732421875,481.6099853515625,3295600,COST
2022-01-24,475.54998779296875,489.9700012207031,469.010009765625,488.8999938964844,4412600,COST
2022-01-25,479.8999938964844,482.6400146484375,472.3699951171875,477.32000732421875,3076800,COST
2022-01-26,483.2300109863281,493.8699951171875,478.7699890136719,483.4700012207031,3074900,COST
2022-01-27,486.9200134277344,495.7900085449219,480.30999755859375,482.5199890136719,2372300,COST
2022-01-28,483.739990234375,492.7300109863281,475.8999938964844,492.42999267578125,1918500,COST
2022-01-31,492.0,506.4200134277344,490.6300048828125,505.1300048828125,2480700,COST
2022-02-01,505.0,509.67999267578125,496.94000244140625,508.4100036621094,2347200,COST
2022-02-02,511.1099853515625,523.989990234375,510.3399963378906,522.02001953125,2547600,COST
2022-02-03,515.8800048828125,526.4400024414062,514.2100219726562,521.77001953125,2665100,COST
2022-02-04,518.1099853515625,522.0,510.79998779296875,519.77001953125,2387400,COST
2022-02-07,521.2999877929688,522.0,514.22998046875,515.8900146484375,1863600,COST
2022-02-08,515.8900146484375,523.3900146484375,510.5,521.1500244140625,1462000,COST
2022-02-09,528.0,534.239990234375,525.6799926757812,528.8300170898438,2256700,COST
2022-02-10,520.8699951171875,524.469970703125,514.75,518.47998046875,2558900,COST
2022-02-11,518.4000244140625,521.3499755859375,507.3800048828125,509.6700134277344,2349700,COST
2022-02-14,508.989990234375,511.5299987792969,501.44000244140625,506.55999755859375,1749600,COST
2022-02-15,513.3400268554688,516.0,510.760009765625,513.9199829101562,1984600,COST
2022-02-16,511.489990234375,514.5499877929688,501.7099914550781,512.4000244140625,1770800,COST
2022-02-17,509.6400146484375,518.2100219726562,507.0299987792969,515.010009765625,2022800,COST
2022-02-18,514.8900146484375,517.9000244140625,510.3299865722656,512.6699829101562,2154700,COST
2022-02-22,510.0,514.5800170898438,498.1600036621094,502.17999267578125,2451800,COST
2022-02-23,502.94000244140625,507.9700012207031,494.7799987792969,495.260009765625,2021400,COST
2022-02-24,483.2699890136719,506.54998779296875,482.9800109863281,505.5799865722656,2859800,COST
2022-02-25,508.5799865722656,518.25,505.25,517.489990234375,2003000,COST
2022-02-28,514.2999877929688,519.6300048828125,511.29998779296875,519.25,2408900,COST
2022-03-01,519.4600219726562,529.3599853515625,519.1900024414062,522.9299926757812,2316000,COST
2022-03-02,524.0,533.0900268554688,519.77001953125,528.0,2571500,COST
2022-03-03,534.489990234375,538.9600219726562,529.5399780273438,533.0499877929688,3851800,COST
2022-03-04,519.5,529.9199829101562,511.7799987792969,525.5,4417900,COST
2022-03-07,523.4500122070312,545.2899780273438,523.4199829101562,528.52001953125,3896900,COST
2022-03-08,526.219970703125,539.72998046875,522.4099731445312,523.3599853515625,3649700,COST
2022-03-09,527.6199951171875,530.8599853515625,515.7100219726562,527.6500244140625,2789700,COST
2022-03-10,523.1099853515625,534.3699951171875,518.1400146484375,532.719970703125,1777700,COST
2022-03-11,536.6199951171875,542.6500244140625,526.4299926757812,527.4199829101562,1735100,COST
2022-03-14,527.77001953125,535.3099975585938,523.5399780273438,525.9500122070312,1950000,COST
2022-03-15,530.0,543.8499755859375,527.9199829101562,542.3200073242188,2547900,COST
2022-03-16,544.530029296875,551.6199951171875,531.260009765625,543.3900146484375,3017200,COST
2022-03-17,543.3499755859375,553.1699829101562,543.2000122070312,552.7899780273438,1974200,COST
2022-03-18,552.9600219726562,562.5499877929688,549.510009765625,561.3499755859375,3597800,COST
2022-03-21,560.1400146484375,566.75,550.8400268554688,555.530029296875,3136900,COST
2022-03-22,556.9600219726562,560.3499755859375,552.3300170898438,559.4199829101562,1777500,COST
2022-03-23,556.9500122070312,560.6900024414062,551.9099731445312,554.02001953125,1546800,COST
2022-03-24,555.510009765625,558.260009765625,549.219970703125,558.1099853515625,1614200,COST
2022-03-25,559.8200073242188,560.4299926757812,550.22998046875,555.7100219726562,1974900,COST
2022-03-28,556.739990234375,565.260009765625,553.5,565.2100219726562,2056100,COST
2022-03-29,568.0,571.219970703125,564.530029296875,569.97998046875,2005400,COST
2022-03-30,570.9500122070312,578.25,568.5900268554688,576.469970703125,2086500,COST
2022-03-31,578.7000122070312,586.3200073242188,575.510009765625,575.8499755859375,3439800,COST
2022-04-01,577.3800048828125,582.989990234375,572.3099975585938,575.5700073242188,1933500,COST
2022-04-04,573.9400024414062,579.6900024414062,571.469970703125,575.1300048828125,2201800,COST
2022-04-05,572.5900268554688,583.97998046875,572.0999755859375,575.3200073242188,1826800,COST
2022-04-06,574.030029296875,586.7999877929688,570.3699951171875,584.7899780273438,2646200,COST
2022-04-07,592.2899780273438,612.27001953125,588.780029296875,608.0499877929688,4804200,COST
2022-04-08,606.3800048828125,608.0,597.72998046875,600.0399780273438,3230200,COST
2022-04-11,598.7899780273438,601.0,582.7999877929688,584.6699829101562,2792700,COST
2022-04-12,586.6900024414062,591.72998046875,578.760009765625,581.3599853515625,2142000,COST
2022-04-13,582.469970703125,593.489990234375,582.469970703125,591.0900268554688,2211800,COST
2022-04-14,591.780029296875,596.280029296875,587.0499877929688,590.3900146484375,2206200,COST
2022-04-18,585.3800048828125,592.1099853515625,579.5999755859375,582.1199951171875,2161900,COST
2022-04-19,583.3499755859375,594.8300170898438,582.0,594.2999877929688,2327800,COST
2022-04-20,599.1500244140625,605.280029296875,597.2999877929688,603.530029296875,1793300,COST
2022-04-21,607.280029296875,609.1799926757812,591.1500244140625,591.739990234375,2027900,COST
2022-04-22,590.3499755859375,591.9000244140625,571.0499877929688,571.7000122070312,2878200,COST
2022-04-25,570.3099975585938,570.3300170898438,553.530029296875,568.2100219726562,3154500,COST
2022-04-26,565.25,568.3400268554688,553.3099975585938,553.760009765625,2057400,COST
2022-04-27,556.1900024414062,563.6199951171875,552.8499755859375,554.0800170898438,2261600,COST
2022-04-28,555.469970703125,564.7999877929688,545.7999877929688,562.0,2118700,COST
2022-04-29,560.9299926757812,561.5800170898438,529.7000122070312,531.719970703125,2968000,COST
2022-05-02,532.22998046875,539.2000122070312,518.27001953125,528.9500122070312,3303400,COST
2022-05-03,530.0,534.27001953125,523.7000122070312,528.0800170898438,2398000,COST
2022-05-04,531.5999755859375,546.1400146484375,522.8099975585938,544.4299926757812,2465200,COST
2022-05-05,541.5700073242188,542.3400268554688,512.1699829101562,517.3200073242188,3977000,COST
2022-05-06,514.4000244140625,516.4400024414062,498.82000732421875,503.3599853515625,3560800,COST
2022-05-09,496.1000061035156,507.04998779296875,494.3399963378906,498.8299865722656,3292700,COST
2022-05-10,509.70001220703125,510.6300048828125,495.6300048828125,501.4599914550781,2729400,COST
2022-05-11,503.9200134277344,508.0,487.80999755859375,489.0799865722656,2782900,COST
2022-05-12,486.7900085449219,497.260009765625,479.760009765625,486.17999267578125,2829500,COST
2022-05-13,493.1099853515625,498.7900085449219,489.6000061035156,497.2699890136719,2338600,COST
2022-05-16,496.1400146484375,497.67999267578125,489.6199951171875,494.5299987792969,1579700,COST
2022-05-17,489.1600036621094,493.55999755859375,480.2300109863281,490.4700012207031,2602800,COST
2022-05-18,460.0,463.8599853515625,424.54998779296875,429.3999938964844,9511600,COST
2022-05-19,430.3699951171875,430.5299987792969,418.7200012207031,422.92999267578125,5839600,COST
2022-05-20,428.79998779296875,428.8500061035156,406.510009765625,416.42999267578125,5115000,COST
2022-05-23,420.0,430.0,416.6700134277344,429.4800109863281,3687200,COST
2022-05-24,424.79998779296875,438.7300109863281,424.3500061035156,437.7099914550781,3473400,COST
2022-05-25,436.3299865722656,443.260009765625,430.8299865722656,440.1099853515625,3225100,COST
2022-05-26,449.1000061035156,468.04998779296875,447.510009765625,464.989990234375,5917600,COST
2022-05-27,456.79998779296875,474.8800048828125,455.1199951171875,470.760009765625,5719600,COST
2022-05-31,470.760009765625,470.79998779296875,458.0299987792969,466.2200012207031,4424500,COST
2022-06-01,469.3800048828125,470.5,456.70001220703125,456.989990234375,2319400,COST
2022-06-02,460.8999938964844,491.1300048828125,457.8800048828125,487.6099853515625,4950600,COST
2022-06-03,485.0299987792969,488.1499938964844,475.5899963378906,476.25,2857400,COST
2022-06-06,480.5,481.0,468.9100036621094,472.4700012207031,2297000,COST
2022-06-07,459.9100036621094,473.7300109863281,459.5899963378906,471.7799987792969,2435500,COST
2022-06-08,471.7799987792969,474.42999267578125,466.8900146484375,467.989990234375,1697000,COST
2022-06-09,467.3399963378906,484.239990234375,467.1499938964844,472.04998779296875,3087500,COST
2022-06-10,465.0,468.19000244140625,457.760009765625,463.30999755859375,2549900,COST
2022-06-13,450.0,458.6400146484375,448.8999938964844,452.25,3113400,COST
2022-06-14,452.25,458.760009765625,450.2799987792969,454.79998779296875,2224600,COST
2022-06-15,458.5,464.3599853515625,451.3900146484375,458.7900085449219,2250200,COST
2022-06-16,450.30999755859375,457.7699890136719,447.9700012207031,451.760009765625,2906600,COST
2022-06-17,451.04998779296875,455.69000244140625,443.20001220703125,446.69000244140625,3623400,COST
2022-06-21,450.54998779296875,464.82000732421875,449.1400146484375,463.1099853515625,2420600,COST
2022-06-22,459.3900146484375,464.7200012207031,458.5,459.9599914550781,1827500,COST
2022-06-23,466.3699951171875,476.2799987792969,465.7099914550781,475.0,2030100,COST
2022-06-24,480.0,484.8299865722656,476.67999267578125,484.3699951171875,2862600,COST
2022-06-27,485.80999755859375,487.239990234375,477.3500061035156,481.75,2034700,COST
2022-06-28,483.5,487.239990234375,467.8900146484375,468.6099853515625,1754600,COST
2022-06-29,470.95001220703125,472.9700012207031,466.4200134277344,469.8399963378906,1275600,COST
2022-06-30,468.29998779296875,482.0899963378906,464.7200012207031,479.2799987792969,3852400,COST
2022-07-01,481.17999267578125,491.25,478.0,485.760009765625,2660400,COST
2022-07-05,485.55999755859375,490.8999938964844,478.4599914550781,488.260009765625,2489400,COST
2022-07-06,488.260009765625,497.0199890136719,487.7799987792969,492.6499938964844,2262300,COST
2022-07-07,492.05999755859375,495.5299987792969,489.2200012207031,494.95001220703125,2125200,COST
2022-07-08,497.32000732421875,505.5199890136719,497.0,501.5400085449219,2607800,COST
2022-07-11,501.1199951171875,505.54998779296875,494.8399963378906,498.8999938964844,1891100,COST
2022-07-12,497.010009765625,501.8999938964844,488.0400085449219,490.57000732421875,1775300,COST
2022-07-13,484.32000732421875,497.32000732421875,483.82000732421875,492.2200012207031,2008400,COST
2022-07-14,496.0899963378906,513.27001953125,493.6199951171875,511.94000244140625,3715600,COST
2022-07-15,516.9199829101562,524.7999877929688,515.780029296875,522.9500122070312,4265100,COST
2022-07-18,521.8599853515625,528.530029296875,515.6699829101562,516.2999877929688,2464100,COST
2022-07-19,522.4099731445312,525.5800170898438,516.969970703125,520.22998046875,2391000,COST
2022-07-20,521.260009765625,526.1599731445312,516.8099975585938,524.2000122070312,1740700,COST
2022-07-21,524.0399780273438,529.739990234375,521.5999755859375,529.4600219726562,1716100,COST
2022-07-22,530.7100219726562,537.1099853515625,526.0700073242188,529.719970703125,1800800,COST
2022-07-25,531.4199829101562,532.2899780273438,526.0,529.1400146484375,1452700,COST
2022-07-26,515.0,519.6799926757812,508.760009765625,511.92999267578125,3334800,COST
2022-07-27,513.0999755859375,525.3200073242188,511.1700134277344,522.3099975585938,2060100,COST
2022-07-28,520.280029296875,539.1799926757812,520.280029296875,536.1799926757812,2083300,COST
2022-07-29,532.0,542.1199951171875,531.9000244140625,541.2999877929688,2131500,COST
2022-08-01,541.4199829101562,552.7100219726562,541.25,546.8099975585938,2256000,COST
2022-08-02,544.030029296875,551.0399780273438,540.77001953125,543.4600219726562,1984200,COST
2022-08-03,545.0,548.7000122070312,542.1199951171875,547.010009765625,1693300,COST
2022-08-04,547.0,547.2000122070312,540.6699829101562,543.280029296875,2000500,COST
2022-08-05,537.239990234375,541.5999755859375,533.3499755859375,540.6699829101562,1711500,COST
2022-08-08,543.8400268554688,547.5,538.6699829101562,541.9000244140625,1344100,COST
2022-08-09,543.6400146484375,545.0,533.8900146484375,535.8200073242188,1877300,COST
2022-08-10,544.47998046875,549.9099731445312,537.2899780273438,539.8200073242188,2336600,COST
2022-08-11,543.239990234375,543.489990234375,531.8900146484375,532.2000122070312,2340200,COST
2022-08-12,536.1799926757812,538.4000244140625,533.72998046875,537.2100219726562,1918200,COST
2022-08-15,536.4000244140625,547.0,535.6799926757812,545.75,1848000,COST
2022-08-16,551.0999755859375,559.969970703125,548.969970703125,553.02001953125,2498000,COST
2022-08-17,550.0,559.4500122070312,549.010009765625,556.3200073242188,1835200,COST
2022-08-18,559.0599975585938,564.75,556.4199829101562,560.9600219726562,1619200,COST
2022-08-19,558.6500244140625,559.260009765625,553.1699829101562,554.530029296875,1617000,COST
2022-08-22,553.0,553.0,544.2899780273438,545.469970703125,1860900,COST
2022-08-23,545.739990234375,546.010009765625,536.8800048828125,542.0700073242188,1359000,COST
2022-08-24,542.75,545.219970703125,539.3599853515625,543.219970703125,1145800,COST
2022-08-25,545.739990234375,550.9099731445312,539.5499877929688,550.77001953125,1483300,COST
2022-08-26,550.0,552.6699829101562,531.6699829101562,531.8200073242188,1886800,COST
2022-08-29,527.030029296875,535.5,524.0,531.0599975585938,1579900,COST
2022-08-30,534.280029296875,536.010009765625,521.510009765625,524.1400146484375,1872700,COST
2022-08-31,525.5399780273438,526.3200073242188,520.260009765625,522.0999755859375,2179800,COST
2022-09-01,519.719970703125,529.5800170898438,517.030029296875,529.1699829101562,2280600,COST
2022-09-02,532.7000122070312,534.8400268554688,516.0499877929688,519.1099853515625,1901700,COST
2022-09-06,520.1599731445312,523.1500244140625,512.530029296875,518.9000244140625,1933400,COST
2022-09-07,520.0,531.6599731445312,518.9000244140625,529.6400146484375,1827900,COST
2022-09-08,524.3300170898438,533.030029296875,521.5599975585938,529.1199951171875,1600800,COST
2022-09-09,532.1199951171875,538.0599975585938,529.530029296875,536.5800170898438,1930900,COST
2022-09-12,537.72998046875,542.5999755859375,537.0,539.52001953125,1522400,COST
2022-09-13,530.7899780273438,532.239990234375,508.69000244140625,510.29998779296875,2881400,COST
2022-09-14,513.8599853515625,514.010009765625,503.1199951171875,508.0,2007300,COST
2022-09-15,508.3999938964844,509.05999755859375,500.5299987792969,503.5,1749600,COST
2022-09-16,499.57000732421875,506.44000244140625,497.29998779296875,504.1400146484375,3004800,COST
2022-09-19,502.1600036621094,506.7099914550781,498.8900146484375,506.57000732421875,1441300,COST
2022-09-20,503.0,503.42999267578125,493.4200134277344,499.5199890136719,1843100,COST
2022-09-21,502.5,506.42999267578125,493.0,493.07000732421875,2082600,COST
2022-09-22,494.0,494.0,484.4100036621094,487.1700134277344,3133100,COST
2022-09-23,478.94000244140625,482.32000732421875,463.5299987792969,466.3999938964844,5377800,COST
2022-09-26,465.8699951171875,484.1099853515625,465.2099914550781,480.29998779296875,4001900,COST
2022-09-27,485.489990234375,488.3999938964844,475.42999267578125,478.29998779296875,2412400,COST
2022-09-28,481.5299987792969,491.54998779296875,474.19000244140625,488.2900085449219,2419500,COST
2022-09-29,485.6099853515625,489.010009765625,474.07000732421875,478.9800109863281,1963900,COST
2022-09-30,480.6600036621094,483.8299865722656,471.8699951171875,472.2699890136719,2436700,COST
2022-10-03,474.5,480.8399963378906,470.3999938964844,477.7300109863281,2338500,COST
2022-10-04,483.8299865722656,488.0199890136719,480.7300109863281,486.1300048828125,2175600,COST
2022-10-05,481.29998779296875,483.8699951171875,474.82000732421875,480.32000732421875,1587700,COST
2022-10-06,483.45001220703125,493.8800048828125,481.9200134277344,482.489990234375,2430700,COST
2022-10-07,478.260009765625,479.1099853515625,466.1199951171875,468.1499938964844,2568100,COST
2022-10-10,469.69000244140625,470.25,461.6099853515625,466.30999755859375,1616300,COST
2022-10-11,465.0,477.25,463.70001220703125,472.0199890136719,2341400,COST
2022-10-12,474.32000732421875,479.739990234375,466.29998779296875,466.3800048828125,2043900,COST
2022-10-13,458.19000244140625,471.739990234375,449.0299987792969,467.989990234375,3390900,COST
2022-10-14,472.0299987792969,473.3900146484375,453.7900085449219,454.6499938964844,2301600,COST
2022-10-17,461.6499938964844,466.8800048828125,460.4800109863281,464.1700134277344,2097500,COST
2022-10-18,473.20001220703125,476.5199890136719,468.8299865722656,473.2699890136719,1864000,COST
2022-10-19,467.80999755859375,474.8699951171875,466.95001220703125,471.42999267578125,1207600,COST
2022-10-20,471.0,472.0799865722656,462.9100036621094,464.6199951171875,1709500,COST
2022-10-21,463.7099914550781,479.57000732421875,462.2799987792969,478.17999267578125,2508400,COST
2022-10-24,481.6099853515625,498.0,481.010009765625,496.9700012207031,2366200,COST
2022-10-25,493.32000732421875,500.19000244140625,490.5,499.05999755859375,2130900,COST
2022-10-26,498.0,507.4200134277344,495.69000244140625,499.45001220703125,2088700,COST
2022-10-27,499.80999755859375,503.010009765625,494.1400146484375,496.5400085449219,1576600,COST
2022-10-28,497.29998779296875,512.8200073242188,495.9700012207031,510.8699951171875,2369300,COST
2022-10-31,509.6400146484375,509.6400146484375,500.5,501.5,2192200,COST
2022-11-01,503.70001220703125,507.3900146484375,499.7799987792969,499.9599914550781,1586300,COST
2022-11-02,497.79998779296875,503.239990234375,483.2699890136719,483.510009765625,2464400,COST
2022-11-03,480.8800048828125,491.3299865722656,479.7099914550781,486.2900085449219,2010400,COST
2022-11-04,490.3999938964844,492.6300048828125,476.489990234375,486.4100036621094,1987300,COST
2022-11-07,477.04998779296875,490.0,474.5,488.54998779296875,2036000,COST
2022-11-08,490.7300109863281,498.260009765625,484.510009765625,492.760009765625,1709900,COST
2022-11-09,491.8999938964844,497.5799865722656,486.8599853515625,489.9700012207031,1640500,COST
2022-11-10,504.95001220703125,514.8499755859375,501.3999938964844,513.1300048828125,3098300,COST
2022-11-11,513.1300048828125,516.8400268554688,506.7099914550781,515.469970703125,2393500,COST
2022-11-14,515.77001953125,520.7000122070312,509.4200134277344,509.67999267578125,1820200,COST
2022-11-15,520.0,529.7999877929688,520.0,526.469970703125,2502200,COST
2022-11-16,521.3099975585938,528.5599975585938,520.1699829101562,524.1099853515625,1833600,COST
2022-11-17,519.0,521.7899780273438,512.9600219726562,521.3200073242188,1902500,COST
2022-11-18,526.8699951171875,529.5399780273438,518.1900024414062,523.6699829101562,1584400,COST
2022-11-21,525.739990234375,527.280029296875,522.0800170898438,523.3699951171875,1268300,COST
2022-11-22,529.9600219726562,532.7999877929688,526.6799926757812,531.9500122070312,1809100,COST
2022-11-23,534.0,536.7999877929688,530.4000244140625,534.489990234375,1288200,COST
2022-11-25,534.1599731445312,535.8599853515625,533.0700073242188,533.6599731445312,744200,COST
2022-11-28,530.8900146484375,536.25,528.9400024414062,530.9199829101562,1684300,COST
2022-11-29,531.0399780273438,533.719970703125,528.0,528.9600219726562,1685700,COST
2022-11-30,527.4099731445312,542.5800170898438,522.1400146484375,539.25,3601800,COST
2022-12-01,519.1400146484375,519.1400146484375,495.6700134277344,503.8599853515625,6970400,COST
2022-12-02,498.5199890136719,498.9700012207031,492.1099853515625,494.5299987792969,3632100,COST
2022-12-05,492.5,492.70001220703125,484.7300109863281,488.6600036621094,2455300,COST
2022-12-06,490.6600036621094,491.4700012207031,477.1700134277344,481.1600036621094,2995900,COST
2022-12-07,479.0899963378906,486.5400085449219,478.8699951171875,481.9700012207031,2072600,COST
2022-12-08,482.8999938964844,483.3299865722656,473.5,481.4200134277344,2901000,COST
2022-12-09,475.1000061035156,490.0899963378906,470.5,483.0199890136719,4211100,COST
2022-12-12,482.7300109863281,487.82000732421875,480.6700134277344,487.67999267578125,2276400,COST
2022-12-13,497.0400085449219,497.9700012207031,481.54998779296875,488.20001220703125,2626700,COST
2022-12-14,488.8599853515625,491.69000244140625,481.0400085449219,483.5199890136719,2145000,COST
2022-12-15,475.3399963378906,476.70001220703125,463.1600036621094,463.9100036621094,3437700,COST
2022-12-16,461.260009765625,464.7900085449219,456.8800048828125,461.45001220703125,4909200,COST
2022-12-19,460.9200134277344,463.4100036621094,455.3599853515625,458.6300048828125,1939200,COST
2022-12-20,456.55999755859375,460.25,452.5299987792969,457.82000732421875,1993700,COST
2022-12-21,459.3800048828125,463.69000244140625,456.20001220703125,462.05999755859375,1462400,COST
2022-12-22,458.6499938964844,460.3999938964844,453.3900146484375,458.7099914550781,1906100,COST
2022-12-23,457.5199890136719,463.17999267578125,454.79998779296875,462.6499938964844,1229500,COST
2022-12-27,464.3999938964844,464.70001220703125,457.1099853515625,458.5,1230800,COST
2022-12-28,457.5400085449219,460.4599914550781,452.79998779296875,452.989990234375,1324100,COST
2022-12-29,455.6300048828125,459.0,453.4599914550781,456.5299987792969,1465000,COST
2022-12-30,454.6499938964844,456.70001220703125,450.75,456.5,1803200,COST
2023-01-03,458.0,458.79998779296875,447.8999938964844,453.2799987792969,1978100,COST
2023-01-04,457.17999267578125,459.510009765625,452.5899963378906,456.55999755859375,2097300,COST
2023-01-05,454.5400085449219,456.42999267578125,449.6199951171875,450.19000244140625,2169300,COST
2023-01-06,463.0799865722656,484.4200134277344,462.2200012207031,482.8699951171875,5174500,COST
2023-01-09,482.92999267578125,486.8699951171875,478.1400146484375,478.75,2384800,COST
2023-01-10,477.1400146484375,482.0899963378906,475.4800109863281,481.3999938964844,1649900,COST
2023-01-11,480.3299865722656,484.5199890136719,479.1099853515625,484.30999755859375,1576400,COST
2023-01-12,484.989990234375,485.0,478.75,482.42999267578125,1628200,COST
2023-01-13,480.8900146484375,485.5899963378906,479.0,485.25,1405900,COST
2023-01-17,485.1300048828125,490.4800109863281,484.3699951171875,486.7699890136719,1539900,COST
2023-01-18,484.80999755859375,488.80999755859375,478.5199890136719,479.4700012207031,1925500,COST
2023-01-19,476.239990234375,477.55999755859375,468.07000732421875,469.489990234375,1919500,COST
2023-01-20,473.9200134277344,480.32000732421875,469.4700012207031,480.1099853515625,2588600,COST
2023-01-23,479.95001220703125,495.239990234375,477.6000061035156,492.6099853515625,2709400,COST
2023-01-24,492.04998779296875,493.6000061035156,487.010009765625,492.1099853515625,1510200,COST
2023-01-25,489.3599853515625,491.94000244140625,484.5,490.8800048828125,1329800,COST
2023-01-26,493.20001220703125,498.6700134277344,491.7699890136719,498.29998779296875,1576400,COST
2023-01-27,499.760009765625,509.1000061035156,497.8599853515625,503.2900085449219,2034100,COST
2023-01-30,500.3699951171875,505.6000061035156,500.3699951171875,503.2799987792969,1855900,COST
2023-01-31,503.2300109863281,511.4100036621094,502.0,511.1400146484375,1924100,COST
2023-02-01,508.30999755859375,520.4500122070312,504.7200012207031,517.9099731445312,2080200,COST
2023-02-02,524.2899780273438,530.0499877929688,520.6400146484375,523.4299926757812,2287400,COST
2023-02-03,519.1300048828125,521.5499877929688,512.5,514.7999877929688,1844100,COST
2023-02-06,514.4400024414062,517.219970703125,512.27001953125,515.5900268554688,1740100,COST
2023-02-07,511.989990234375,517.989990234375,507.3900146484375,516.530029296875,1927300,COST
2023-02-08,511.2900085449219,512.1799926757812,501.55999755859375,503.80999755859375,2062900,COST
2023-02-09,505.2900085449219,509.1600036621094,498.4200134277344,500.6300048828125,1517300,COST
2023-02-10,498.510009765625,500.54998779296875,495.3800048828125,499.989990234375,1536800,COST
2023-02-13,501.739990234375,506.7900085449219,501.3500061035156,506.45001220703125,1452600,COST
2023-02-14,505.010009765625,507.8500061035156,498.6300048828125,503.2200012207031,1257300,COST
2023-02-15,502.7300109863281,511.4200134277344,501.3399963378906,511.2799987792969,1422600,COST
2023-02-16,503.6099853515625,510.7300109863281,503.6000061035156,504.1000061035156,1456000,COST
2023-02-17,504.2699890136719,507.7099914550781,501.8399963378906,507.4800109863281,1340400,COST
2023-02-21,500.82000732421875,503.989990234375,496.54998779296875,501.739990234375,1811800,COST
2023-02-22,503.9200134277344,505.4599914550781,496.6000061035156,497.3900146484375,1332000,COST
2023-02-23,498.79998779296875,498.8599853515625,487.8599853515625,493.1400146484375,1546300,COST
2023-02-24,488.5799865722656,490.3599853515625,484.70001220703125,488.6099853515625,1587600,COST
2023-02-27,492.54998779296875,493.0,485.67999267578125,487.0299987792969,1501700,COST
2023-02-28,485.6000061035156,488.8800048828125,483.7799987792969,484.17999267578125,1918200,COST
2023-03-01,481.1000061035156,482.5799865722656,475.0199890136719,478.6700134277344,1759300,COST
2023-03-02,477.3599853515625,487.42999267578125,475.55999755859375,485.69000244140625,2379200,COST
2023-03-03,474.8299865722656,476.0,465.3299865722656,475.260009765625,5354200,COST
2023-03-06,476.5199890136719,488.82000732421875,475.5199890136719,483.0799865722656,3104700,COST
2023-03-07,486.1000061035156,495.2099914550781,485.0,485.1499938964844,2659100,COST
2023-03-08,483.0,486.8800048828125,481.1400146484375,486.0400085449219,1548500,COST
2023-03-09,487.4800109863281,490.0,478.6199951171875,479.5199890136719,1629400,COST
2023-03-10,478.9800109863281,480.4599914550781,468.3800048828125,471.1400146484375,2123000,COST
2023-03-13,466.79998779296875,476.69000244140625,466.79998779296875,472.0,1799600,COST
2023-03-14,475.42999267578125,485.1600036621094,473.0,481.9200134277344,2422900,COST
2023-03-15,481.510009765625,487.0199890136719,478.5400085449219,485.6600036621094,2226300,COST
2023-03-16,484.92999267578125,488.1400146484375,482.760009765625,487.260009765625,1979600,COST
2023-03-17,489.07000732421875,489.8999938964844,481.510009765625,487.04998779296875,3959300,COST
2023-03-20,488.0,490.7900085449219,485.7200012207031,489.2900085449219,1623800,COST
2023-03-21,493.0,493.0,485.989990234375,490.8500061035156,1664000,COST
2023-03-22,489.4599914550781,496.6199951171875,487.3500061035156,487.5199890136719,1299700,COST
2023-03-23,490.69000244140625,493.25,484.2900085449219,487.760009765625,1565900,COST
2023-03-24,486.94000244140625,495.9700012207031,486.55999755859375,495.2699890136719,1635200,COST
2023-03-27,497.2799987792969,499.8599853515625,492.510009765625,493.2200012207031,1452100,COST
2023-03-28,492.6099853515625,494.05999755859375,485.4100036621094,486.7699890136719,1407800,COST
2023-03-29,489.20001220703125,491.29998779296875,485.8999938964844,490.8699951171875,1643000,COST
2023-03-30,493.0,495.739990234375,491.0,491.4800109863281,1545500,COST
2023-03-31,495.0,498.3599853515625,493.94000244140625,496.8699951171875,2082000,COST
2023-04-03,496.5,499.20001220703125,495.0,497.0299987792969,1804700,COST
2023-04-04,496.5,502.5799865722656,495.5,497.7300109863281,1913300,COST
2023-04-05,499.0,504.1300048828125,495.1600036621094,497.1300048828125,1941500,COST
2023-04-06,482.0,487.8500061035156,477.5,485.9800109863281,4114700,COST
2023-04-10,483.8999938964844,493.8999938964844,481.6600036621094,493.8299865722656,1653600,COST
2023-04-11,493.8299865722656,499.989990234375,493.0,498.6499938964844,1547400,COST
2023-04-12,500.0,500.04998779296875,488.5400085449219,489.3500061035156,2063700,COST
2023-04-13,493.489990234375,498.44000244140625,490.30999755859375,497.8900146484375,1600500,COST
2023-04-14,496.19000244140625,500.3699951171875,490.1600036621094,491.29998779296875,1675300,COST
2023-04-17,492.7699890136719,497.8900146484375,491.1499938964844,493.94000244140625,1411800,COST
2023-04-18,496.1000061035156,497.6300048828125,494.1199951171875,496.8999938964844,1339600,COST
2023-04-19,497.1300048828125,497.989990234375,493.8299865722656,496.0299987792969,1098800,COST
2023-04-20,495.75,510.6600036621094,495.510009765625,505.5799865722656,2936500,COST
2023-04-21,509.3699951171875,510.6400146484375,505.4599914550781,506.3500061035156,1508600,COST
2023-04-24,506.1000061035156,511.69000244140625,505.80999755859375,511.4200134277344,1374100,COST
2023-04-25,511.1300048828125,513.1300048828125,502.260009765625,503.1700134277344,1789900,COST
2023-04-26,500.4200134277344,502.8699951171875,493.3900146484375,494.6600036621094,1441900,COST
2023-04-27,494.8299865722656,502.260009765625,494.8299865722656,501.2699890136719,1361600,COST
2023-04-28,501.55999755859375,504.8299865722656,500.6400146484375,503.2200012207031,1170200,COST
2023-05-01,499.1499938964844,500.04998779296875,488.79998779296875,493.5899963378906,2203200,COST
2023-05-02,495.0,495.67999267578125,489.80999755859375,494.80999755859375,1940800,COST
2023-05-03,496.6000061035156,498.7799987792969,489.6600036621094,490.05999755859375,1426400,COST
2023-05-04,488.94000244140625,490.9100036621094,485.92999267578125,490.3399963378906,1487000,COST
2023-05-05,493.20001220703125,499.3999938964844,492.9800109863281,499.05999755859375,1709200,COST
2023-05-08,497.3699951171875,500.25,495.70001220703125,499.05999755859375,1015000,COST
2023-05-09,496.9599914550781,501.739990234375,496.3900146484375,500.7900085449219,1571800,COST
2023-05-10,501.95001220703125,504.9700012207031,495.1000061035156,499.6600036621094,1257600,COST
2023-05-11,499.510009765625,503.0,497.54998779296875,501.8900146484375,1046700,COST
2023-05-12,503.1700134277344,506.0299987792969,501.20001220703125,504.07000732421875,1472800,COST
2023-05-15,504.010009765625,505.0,498.8599853515625,502.0400085449219,1135700,COST
2023-05-16,500.0,500.2900085449219,494.29998779296875,496.1499938964844,1229300,COST
2023-05-17,498.0,498.010009765625,491.8999938964844,495.0,2069500,COST
2023-05-18,495.0,498.6000061035156,494.0799865722656,498.1000061035156,2298900,COST
2023-05-19,499.3900146484375,499.3900146484375,493.9200134277344,496.5199890136719,1635000,COST
2023-05-22,497.0,497.0,488.5400085449219,491.8699951171875,1943800,COST
2023-05-23,487.1700134277344,487.1700134277344,482.9700012207031,484.8699951171875,1800200,COST
2023-05-24,487.25,487.25,480.9100036621094,482.760009765625,1600600,COST
2023-05-25,480.2099914550781,488.5400085449219,476.75,486.54998779296875,3421900,COST
2023-05-26,485.6499938964844,510.75,484.1199951171875,507.260009765625,5302600,COST
2023-05-30,509.7900085449219,514.7899780273438,501.5899963378906,508.0299987792969,2544800,COST
2023-05-31,508.8599853515625,513.8699951171875,504.95001220703125,511.55999755859375,3320800,COST
2023-06-01,509.3299865722656,513.739990234375,502.1000061035156,512.5999755859375,2407700,COST
2023-06-02,510.32000732421875,518.5,509.3999938964844,512.5900268554688,2284800,COST
2023-06-05,512.5900268554688,518.9199829101562,512.02001953125,518.25,2023500,COST
2023-06-06,518.25,518.6300048828125,512.760009765625,516.260009765625,1410300,COST
2023-06-07,514.510009765625,519.2899780273438,510.57000732421875,511.2300109863281,1784700,COST
2023-06-08,512.5,520.2899780273438,512.5,520.0900268554688,1530400,COST
2023-06-09,518.1900024414062,522.0599975585938,515.5,517.280029296875,1287300,COST
2023-06-12,517.280029296875,521.27001953125,516.0,520.969970703125,1404500,COST
2023-06-13,522.02001953125,522.9500122070312,517.9099731445312,522.02001953125,1204700,COST
2023-06-14,525.0,527.8499755859375,523.1400146484375,527.2000122070312,1841400,COST
2023-06-15,529.0,531.260009765625,526.6599731445312,529.1799926757812,1871600,COST
2023-06-16,530.0999755859375,530.4199829101562,522.6300048828125,523.6500244140625,3147800,COST
2023-06-20,521.9500122070312,522.9000244140625,518.1400146484375,519.7000122070312,1684400,COST
2023-06-21,517.9099731445312,521.6400146484375,516.5399780273438,519.6199951171875,1273600,COST
2023-06-22,520.6900024414062,524.6799926757812,519.6799926757812,524.2000122070312,1114000,COST
2023-06-23,523.1300048828125,525.4000244140625,519.3400268554688,524.4400024414062,1434300,COST
2023-06-26,524.4000244140625,524.8699951171875,521.260009765625,523.4199829101562,1278500,COST
2023-06-27,522.6500244140625,532.4099731445312,522.0999755859375,530.3300170898438,1673600,COST
2023-06-28,528.97998046875,533.489990234375,528.6099853515625,532.7999877929688,1245200,COST
2023-06-29,530.5800170898438,532.4500122070312,528.9500122070312,531.6900024414062,1121800,COST
2023-06-30,534.1699829101562,539.5599975585938,533.6300048828125,538.3800048828125,2221900,COST
2023-07-03,537.25,541.0800170898438,534.3400268554688,541.0399780273438,951400,COST
2023-07-05,541.219970703125,546.0499877929688,537.5,541.1300048828125,1630400,COST
2023-07-06,538.8800048828125,540.2999877929688,536.5800170898438,537.3699951171875,1750100,COST
2023-07-07,533.8900146484375,536.4600219726562,524.6300048828125,525.0499877929688,2740600,COST
2023-07-10,525.0599975585938,531.1500244140625,525.0599975585938,527.010009765625,1955600,COST
2023-07-11,527.5,530.760009765625,526.1500244140625,529.6400146484375,1262300,COST
2023-07-12,532.0,540.1099853515625,531.1099853515625,538.0,1960500,COST
2023-07-13,537.7999877929688,539.1199951171875,532.7899780273438,538.4500122070312,1647200,COST
2023-07-14,538.7100219726562,546.8599853515625,538.0999755859375,546.7000122070312,1828700,COST
2023-07-17,546.1799926757812,554.2100219726562,546.0999755859375,552.9600219726562,1909900,COST
2023-07-18,552.6699829101562,555.0,549.3900146484375,553.5900268554688,1778800,COST
2023-07-19,554.47998046875,555.8900146484375,552.02001953125,554.1099853515625,1261100,COST
2023-07-20,553.8099975585938,561.0700073242188,553.7100219726562,556.9600219726562,1732800,COST
2023-07-21,559.1699829101562,562.0499877929688,557.4500122070312,557.8599853515625,5264300,COST
2023-07-24,558.0,566.5700073242188,555.8800048828125,563.9299926757812,2086400,COST
2023-07-25,566.77001953125,567.5499877929688,564.2999877929688,565.1900024414062,1602500,COST
2023-07-26,565.510009765625,568.030029296875,563.4199829101562,566.1699829101562,1306400,COST
2023-07-27,567.719970703125,571.1599731445312,560.5999755859375,561.8300170898438,1485300,COST
2023-07-28,564.5800170898438,567.8099975585938,562.6199951171875,563.3200073242188,1371400,COST
2023-07-31,563.0,564.2899780273438,559.0499877929688,560.6699829101562,1365900,COST
2023-08-01,560.6300048828125,562.8800048828125,554.5399780273438,555.469970703125,1445300,COST
2023-08-02,552.260009765625,556.6300048828125,551.02001953125,552.3499755859375,1635000,COST
2023-08-03,553.530029296875,560.3499755859375,552.219970703125,557.6900024414062,1463400,COST
2023-08-04,561.0700073242188,561.2899780273438,551.4099731445312,552.0399780273438,1142000,COST
2023-08-07,554.989990234375,559.5599975585938,554.989990234375,558.4099731445312,1015400,COST
2023-08-08,558.0,558.9000244140625,551.8400268554688,556.1199951171875,1020400,COST
2023-08-09,557.97998046875,562.0900268554688,556.8099975585938,559.7000122070312,1471800,COST
2023-08-10,563.2000122070312,569.2100219726562,560.7000122070312,561.489990234375,1107200,COST
2023-08-11,560.3499755859375,565.0,559.030029296875,562.9600219726562,1043100,COST
2023-08-14,564.77001953125,567.7100219726562,560.4400024414062,561.469970703125,1247600,COST
2023-08-15,561.0499877929688,565.1599731445312,558.2000122070312,558.510009765625,1124300,COST
2023-08-16,561.7000122070312,564.9500122070312,558.719970703125,559.0499877929688,1340100,COST
2023-08-17,559.469970703125,560.4199829101562,545.0800170898438,547.1099853515625,1941900,COST
2023-08-18,546.9199829101562,549.469970703125,543.1099853515625,544.9400024414062,1878100,COST
2023-08-21,543.8599853515625,545.1500244140625,536.2999877929688,543.2100219726562,2076100,COST
2023-08-22,541.9600219726562,541.9600219726562,537.5,538.3699951171875,1286000,COST
2023-08-23,538.9600219726562,541.1699829101562,536.239990234375,540.8599853515625,1295800,COST
2023-08-24,539.2899780273438,541.0,530.8200073242188,531.7100219726562,1587500,COST
2023-08-25,532.9099731445312,535.7899780273438,530.5599975585938,534.010009765625,1511500,COST
2023-08-28,536.0,537.0399780273438,533.1199951171875,536.1900024414062,945800,COST
2023-08-29,534.3400268554688,543.0700073242188,534.3400268554688,542.77001953125,1468500,COST
2023-08-30,542.72998046875,544.4199829101562,539.3099975585938,542.260009765625,1292800,COST
2023-08-31,540.0,552.2000122070312,540.0,549.280029296875,2086500,COST
2023-09-01,553.0700073242188,553.47998046875,540.6400146484375,544.25,1437700,COST
2023-09-05,545.72998046875,549.1900024414062,544.0,544.72998046875,1714300,COST
2023-09-06,541.719970703125,548.6799926757812,540.1799926757812,546.6900024414062,1476600,COST
2023-09-07,548.6500244140625,550.989990234375,544.2899780273438,548.6199951171875,1340000,COST
2023-09-08,549.0700073242188,552.3800048828125,548.0999755859375,551.1900024414062,1075300,COST
2023-09-11,552.8099975585938,559.3900146484375,551.8599853515625,558.780029296875,1388600,COST
2023-09-12,559.280029296875,560.4000244140625,556.1799926757812,558.7899780273438,1055500,COST
2023-09-13,558.2999877929688,560.4400024414062,554.6199951171875,559.760009765625,1162700,COST
2023-09-14,564.8099975585938,566.7000122070312,560.25,564.77001953125,1257300,COST
2023-09-15,565.3300170898438,565.510009765625,555.5399780273438,556.3599853515625,2945300,COST
2023-09-18,558.1799926757812,564.1900024414062,557.469970703125,562.719970703125,1003100,COST
2023-09-19,561.6400146484375,565.3300170898438,559.4299926757812,564.3499755859375,1144700,COST
2023-09-20,564.3499755859375,569.219970703125,562.6599731445312,563.8300170898438,1311500,COST
2023-09-21,564.0700073242188,564.5700073242188,554.280029296875,555.0800170898438,1687700,COST
2023-09-22,555.1599731445312,562.969970703125,554.780029296875,558.5900268554688,1527300,COST
2023-09-25,559.489990234375,561.27001953125,554.739990234375,558.6199951171875,1313300,COST
2023-09-26,559.1500244140625,561.3699951171875,552.0,552.9600219726562,2425100,COST
2023-09-27,547.3800048828125,566.5,544.72998046875,563.530029296875,4591400,COST
2023-09-28,564.0700073242188,572.1799926757812,564.0700073242188,568.6300048828125,2192400,COST
2023-09-29,570.0,570.989990234375,560.7000122070312,564.9600219726562,1887500,COST
2023-10-02,567.9099731445312,571.739990234375,564.0,571.3099975585938,1831700,COST
2023-10-03,571.0999755859375,576.1900024414062,563.010009765625,565.0399780273438,2007400,COST
2023-10-04,569.489990234375,572.6099853515625,563.760009765625,571.7999877929688,1798800,COST
2023-10-05,572.1699829101562,574.75,564.3599853515625,569.52001953125,1579700,COST
2023-10-06,566.0900268554688,566.9500122070312,542.6300048828125,557.530029296875,4246700,COST
2023-10-09,555.0,559.75,549.780029296875,558.969970703125,1781500,COST
2023-10-10,559.9199829101562,566.9500122070312,557.239990234375,562.0900268554688,2176800,COST
2023-10-11,564.8499755859375,566.5,560.2000122070312,565.52001953125,1449800,COST
2023-10-12,568.0499877929688,569.1400146484375,562.3800048828125,563.780029296875,1458000,COST
2023-10-13,563.8499755859375,567.4400024414062,561.97998046875,566.8400268554688,1243900,COST
2023-10-16,569.6900024414062,574.0999755859375,568.52001953125,572.239990234375,1428300,COST
2023-10-17,571.9400024414062,576.0599975585938,570.7100219726562,574.3400268554688,1404600,COST
2023-10-18,573.9199829101562,577.2999877929688,572.0,574.6400146484375,1311900,COST
2023-10-19,573.7000122070312,575.8499755859375,564.1099853515625,565.6300048828125,2019600,COST
2023-10-20,566.5399780273438,566.6699829101562,552.010009765625,552.9299926757812,2295400,COST
2023-10-23,554.1400146484375,556.9199829101562,546.6300048828125,552.2899780273438,1776500,COST
2023-10-24,552.0999755859375,555.989990234375,549.3300170898438,551.8400268554688,1678600,COST
2023-10-25,548.5499877929688,553.8300170898438,545.6099853515625,549.989990234375,1757500,COST
2023-10-26,549.6500244140625,554.6599731445312,545.530029296875,547.5999755859375,1925300,COST
2023-10-27,547.5999755859375,548.030029296875,540.22998046875,543.030029296875,1503100,COST
2023-10-30,545.739990234375,556.3599853515625,543.6400146484375,554.8800048828125,1696200,COST
2023-10-31,552.1599731445312,554.030029296875,549.0599975585938,552.4400024414062,1394700,COST
2023-11-01,555.0,558.4400024414062,549.6500244140625,556.7999877929688,1735300,COST
2023-11-02,556.5,559.510009765625,552.010009765625,555.969970703125,2100600,COST
2023-11-03,557.3300170898438,562.989990234375,555.22998046875,560.9000244140625,1826800,COST
2023-11-06,560.489990234375,572.6500244140625,560.1300048828125,569.8200073242188,2056900,COST
2023-11-07,572.5,573.8900146484375,569.5599975585938,571.27001953125,1373100,COST
2023-11-08,572.1199951171875,572.989990234375,564.2899780273438,567.3800048828125,1343600,COST
2023-11-09,569.0,569.0,562.010009765625,563.27001953125,1288400,COST
2023-11-10,567.9000244140625,577.8900146484375,564.9400024414062,577.1199951171875,1908800,COST
2023-11-13,575.0,579.9500122070312,573.489990234375,578.22998046875,1650700,COST
2023-11-14,581.739990234375,591.5499877929688,581.2100219726562,590.7999877929688,2037600,COST
2023-11-15,593.989990234375,599.8900146484375,593.3900146484375,596.780029296875,2165100,COST
2023-11-16,586.3800048828125,586.5900268554688,572.239990234375,578.5800170898438,2954700,COST
2023-11-17,578.9000244140625,579.9199829101562,574.0599975585938,577.1500244140625,1773600,COST
2023-11-20,577.3400268554688,582.3200073242188,577.3400268554688,580.7999877929688,1624100,COST
2023-11-21,582.0,584.9500122070312,577.7100219726562,584.2999877929688,1173700,COST
2023-11-22,586.8499755859375,591.1400146484375,586.3499755859375,589.0800170898438,1068600,COST
2023-11-24,591.02001953125,594.2000122070312,590.4099731445312,591.3599853515625,645800,COST
2023-11-27,592.52001953125,599.9400024414062,592.4099731445312,594.9000244140625,1627400,COST
2023-11-28,593.1900024414062,597.4199829101562,591.4199829101562,594.0,1286800,COST
2023-11-29,595.2000122070312,595.2100219726562,587.4199829101562,587.8599853515625,1319800,COST
2023-11-30,587.8300170898438,593.0700073242188,582.8300170898438,592.739990234375,1755200,COST
2023-12-01,593.280029296875,596.3499755859375,590.5900268554688,596.25,1475300,COST
2023-12-04,592.1500244140625,599.530029296875,591.4600219726562,599.0800170898438,1624000,COST
2023-12-05,598.530029296875,608.8800048828125,597.030029296875,605.3499755859375,2349700,COST
2023-12-06,605.5,608.47998046875,603.8599853515625,607.4299926757812,2233900,COST
2023-12-07,610.0,612.3499755859375,606.3499755859375,610.9500122070312,1690400,COST
2023-12-08,608.5999755859375,613.6099853515625,607.72998046875,610.780029296875,1502100,COST
2023-12-11,621.969970703125,625.030029296875,618.760009765625,623.8599853515625,2139300,COST
2023-12-12,627.4400024414062,629.6900024414062,623.2100219726562,629.5,2374400,COST
2023-12-13,633.9199829101562,642.5999755859375,631.0,642.0,2436900,COST
2023-12-14,641.1799926757812,641.9000244140625,630.2999877929688,630.780029296875,3839200,COST
2023-12-15,641.5,661.8800048828125,640.5,658.8200073242188,8807700,COST
2023-12-18,664.5,681.9099731445312,661.0999755859375,681.239990234375,5733400,COST
2023-12-19,675.0,680.7999877929688,669.1199951171875,677.739990234375,3437300,COST
2023-12-20,671.7899780273438,674.3499755859375,660.7999877929688,661.0,3782700,COST
2023-12-21,665.8599853515625,667.3400268554688,659.4500122070312,665.1599731445312,2388400,COST
2023-12-22,668.0,673.27001953125,666.0,671.5999755859375,1641700,COST
2023-12-26,673.010009765625,675.8599853515625,670.780029296875,674.6199951171875,1774800,COST
2023-12-27,662.7000122070312,668.5800170898438,660.4000244140625,666.7999877929688,1875900,COST
2023-12-28,665.8499755859375,666.8599853515625,661.5900268554688,663.0999755859375,1496900,COST
2023-12-29,661.0,663.1900024414062,657.1599731445312,660.0800170898438,1947500,COST
2024-01-02,655.5800170898438,657.7999877929688,649.5,650.6500244140625,2657700,COST
2024-01-03,651.2100219726562,655.4500122070312,643.0999755859375,644.6900024414062,2612600,COST
2024-01-04,642.0800170898438,649.9000244140625,640.510009765625,648.3499755859375,2171100,COST
2024-01-05,656.1799926757812,659.6500244140625,652.239990234375,656.010009765625,2233500,COST
2024-01-08,655.8099975585938,662.0800170898438,654.030029296875,661.6900024414062,2245300,COST
2024-01-09,658.8800048828125,667.2899780273438,658.260009765625,667.1799926757812,1886200,COST
2024-01-10,669.5599975585938,673.8300170898438,669.010009765625,672.760009765625,1801900,COST
2024-01-11,671.0,674.510009765625,667.6400146484375,673.5800170898438,1670800,COST
2024-01-12,677.5,683.719970703125,676.1099853515625,683.239990234375,2388400,COST
2024-01-16,683.239990234375,686.52001953125,678.1599731445312,681.489990234375,1626700,COST
2024-01-17,680.5,684.8699951171875,679.1900024414062,684.1900024414062,1786800,COST
2024-01-18,682.8300170898438,687.719970703125,680.2100219726562,687.3099975585938,1900600,COST
2024-01-19,688.5,696.1300048828125,682.6699829101562,694.969970703125,2267900,COST
2024-01-22,695.4299926757812,698.6599731445312,690.52001953125,692.510009765625,2452900,COST
2024-01-23,690.719970703125,691.6300048828125,684.6300048828125,687.5900268554688,2208600,COST
2024-01-24,689.0,689.969970703125,683.1199951171875,686.510009765625,1946500,COST
2024-01-25,686.5,686.5,675.9600219726562,679.9000244140625,2751900,COST
2024-01-26,680.0800170898438,687.239990234375,679.5,686.8800048828125,1825500,COST
2024-01-29,689.9000244140625,694.1300048828125,686.260009765625,694.010009765625,2215400,COST
2024-01-30,692.9400024414062,702.6500244140625,690.7999877929688,700.739990234375,1610500,COST
2024-01-31,701.3200073242188,705.52001953125,693.0399780273438,694.8800048828125,1928500,COST
2024-02-01,694.0,705.2999877929688,691.5,704.47998046875,2039200,COST
2024-02-02,703.3400268554688,714.280029296875,702.260009765625,709.47998046875,2377400,COST
2024-02-05,710.6400146484375,712.8599853515625,705.6799926757812,711.1599731445312,2276900,COST
2024-02-06,711.22998046875,712.719970703125,704.3400268554688,710.7899780273438,1920200,COST
2024-02-07,714.1500244140625,723.3200073242188,712.0,719.780029296875,2145500,COST
2024-02-08,723.8900146484375,728.1699829101562,720.6599731445312,724.1599731445312,1918500,COST
2024-02-09,725.1400146484375,725.530029296875,720.1199951171875,723.4000244140625,1426100,COST
2024-02-12,723.52001953125,723.7999877929688,715.2999877929688,722.4099731445312,1572600,COST
2024-02-13,721.3900146484375,721.780029296875,709.0399780273438,714.25,1951100,COST
2024-02-14,716.0,722.5499877929688,711.0700073242188,722.1799926757812,1472500,COST
2024-02-15,721.489990234375,726.030029296875,718.280029296875,724.510009765625,1264100,COST
2024-02-16,721.989990234375,729.0599975585938,718.5,723.989990234375,1764900,COST
2024-02-20,728.030029296875,734.9600219726562,723.7100219726562,725.6900024414062,2407300,COST
2024-02-21,725.6900024414062,728.7899780273438,720.27001953125,723.02001953125,1564200,COST
2024-02-22,725.8499755859375,736.0499877929688,725.8499755859375,734.4000244140625,1801600,COST
2024-02-23,740.1199951171875,742.510009765625,737.1199951171875,737.9299926757812,1265800,COST
2024-02-26,742.0,746.780029296875,739.0,745.3499755859375,1707000,COST
2024-02-27,746.0,746.6400146484375,741.3300170898438,744.7100219726562,1471300,COST
2024-02-28,743.2100219726562,751.8800048828125,743.2100219726562,747.9600219726562,1365000,COST
2024-02-29,751.4199829101562,752.5599975585938,742.989990234375,743.8900146484375,3361200,COST
2024-03-01,740.4400024414062,751.3800048828125,739.25,749.4400024414062,1678100,COST
2024-03-04,755.0800170898438,764.739990234375,753.6699829101562,759.1799926757812,2133400,COST
2024-03-05,768.4199829101562,769.27001953125,756.9000244140625,759.9500122070312,2353400,COST
2024-03-06,764.8400268554688,775.1599731445312,763.6599731445312,773.239990234375,2400600,COST
2024-03-07,779.1099853515625,787.0800170898438,777.010009765625,785.5900268554688,4187900,COST
2024-03-08,756.0499877929688,756.219970703125,725.0999755859375,725.5599975585938,8590200,COST
2024-03-11,719.8099975585938,720.0,711.010009765625,714.0800170898438,3762500,COST
2024-03-12,717.0800170898438,740.0499877929688,716.9099731445312,736.8800048828125,3727400,COST
2024-03-13,735.0,736.5,726.5800170898438,734.2000122070312,2270300,COST
2024-03-14,738.3300170898438,740.6799926757812,728.989990234375,731.9500122070312,1826100,COST
2024-03-15,732.52001953125,732.52001953125,723.219970703125,725.6300048828125,3390700,COST
2024-03-18,726.0999755859375,733.3400268554688,726.02001953125,731.5399780273438,1595200,COST
2024-03-19,731.7899780273438,735.3499755859375,730.02001953125,732.1699829101562,1322700,COST
2024-03-20,731.0,742.0900268554688,729.1300048828125,740.719970703125,1398700,COST
2024-03-21,743.5,752.3099975585938,741.0999755859375,742.5599975585938,2106900,COST
2024-03-22,744.4299926757812,744.7899780273438,734.3800048828125,734.7999877929688,1794100,COST
2024-03-25,731.0,734.1599731445312,726.739990234375,730.9600219726562,1604700,COST
2024-03-26,731.0,734.7000122070312,730.219970703125,730.97998046875,1353500,COST
2024-03-27,734.0,735.8900146484375,727.75,732.0800170898438,1246700,COST
2024-03-28,733.8499755859375,734.9000244140625,728.3200073242188,732.6300048828125,1713300,COST
2024-04-01,731.760009765625,733.27001953125,720.2000122070312,721.239990234375,1600700,COST
2024-04-02,720.0,720.0,708.4000244140625,711.2999877929688,2326700,COST
2024-04-03,709.97998046875,710.8099975585938,697.27001953125,705.6900024414062,3205500,COST
2024-04-04,708.77001953125,717.1300048828125,704.219970703125,704.8800048828125,2252400,COST
2024-04-05,706.0399780273438,716.8900146484375,706.02001953125,713.719970703125,1552900,COST
2024-04-08,713.510009765625,716.1400146484375,710.8699951171875,711.8099975585938,1459000,COST
2024-04-09,716.239990234375,719.0499877929688,706.97998046875,718.5900268554688,1386400,COST
2024-04-10,711.0,723.97998046875,708.9500122070312,722.5800170898438,1832000,COST
2024-04-11,731.5,733.7899780273438,724.1500244140625,732.3499755859375,2107800,COST
2024-04-12,728.0,732.9000244140625,726.5399780273438,731.3099975585938,1481800,COST
2024-04-15,735.4299926757812,741.0,717.9500122070312,718.280029296875,1808000,COST
2024-04-16,718.2999877929688,722.5,712.1300048828125,715.969970703125,1412300,COST
2024-04-17,723.0,723.7999877929688,711.0,715.1900024414062,1376700,COST
2024-04-18,715.1900024414062,718.9500122070312,709.5700073242188,711.25,1846400,COST
2024-04-19,713.030029296875,714.8699951171875,702.0,709.510009765625,2190400,COST
2024-04-22,714.8599853515625,718.260009765625,706.1699829101562,715.4600219726562,1437100,COST
2024-04-23,719.030029296875,724.27001953125,716.2999877929688,722.6799926757812,1176200,COST
2024-04-24,719.7100219726562,725.4299926757812,716.0900268554688,723.8900146484375,1206600,COST
2024-04-25,727.2899780273438,727.2899780273438,714.4099731445312,721.8599853515625,1613600,COST
2024-04-26,715.0,730.9500122070312,715.0,729.1799926757812,1524400,COST
2024-04-29,729.530029296875,732.25,720.219970703125,726.3300170898438,1526900,COST
2024-04-30,725.510009765625,725.510009765625,717.0999755859375,722.9000244140625,1734800,COST
2024-05-01,722.27001953125,729.8599853515625,715.3200073242188,722.219970703125,1609100,COST
2024-05-02,724.75,734.4000244140625,720.6300048828125,732.4400024414062,1826900,COST
2024-05-03,734.280029296875,747.489990234375,733.3499755859375,743.9000244140625,2323300,COST
2024-05-06,749.5900268554688,756.9400024414062,746.47998046875,756.4500122070312,1773300,COST
2024-05-07,758.6900024414062,772.239990234375,755.5700073242188,771.3099975585938,1897800,COST
2024-05-08,770.0,773.3900146484375,762.7100219726562,763.4099731445312,1511900,COST
2024-05-09,763.7999877929688,779.7100219726562,763.6099853515625,779.0399780273438,1716200,COST
2024-05-10,779.0399780273438,787.4500122070312,778.1599731445312,787.1900024414062,1652700,COST
2024-05-13,788.0,789.47998046875,773.5800170898438,775.1500244140625,1596800,COST
2024-05-14,774.9299926757812,780.8099975585938,771.4299926757812,777.9000244140625,1327700,COST
2024-05-15,778.52001953125,789.6599731445312,778.52001953125,787.0399780273438,1661700,COST
2024-05-16,791.8099975585938,804.5599975585938,787.8300170898438,793.0700073242188,2000000,COST
2024-05-17,793.6099853515625,797.5999755859375,790.6099853515625,795.8099975585938,1309100,COST
2024-05-20,795.25,802.97998046875,792.3900146484375,793.0,1347100,COST
2024-05-21,795.5700073242188,801.4400024414062,792.0,800.9299926757812,1375700,COST
2024-05-22,800.0399780273438,806.3499755859375,798.010009765625,801.8599853515625,1192800,COST
2024-05-23,804.2999877929688,808.0499877929688,795.4299926757812,796.3400268554688,1519200,COST
2024-05-24,800.6300048828125,816.8699951171875,799.0900268554688,809.72998046875,1623000,COST
2024-05-28,809.739990234375,815.2899780273438,804.719970703125,813.1699829101562,1986300,COST
2024-05-29,807.02001953125,813.4400024414062,806.2899780273438,806.52001953125,2282800,COST
2024-05-30,810.2000122070312,819.5,808.2999877929688,815.3400268554688,2277800,COST
2024-05-31,809.030029296875,811.739990234375,788.2000122070312,809.8900146484375,4360700,COST
2024-06-03,811.0,827.9099731445312,807.1300048828125,815.3900146484375,2008700,COST
2024-06-04,814.97998046875,828.010009765625,813.0399780273438,827.3900146484375,1754500,COST
2024-06-05,830.9099731445312,834.3900146484375,821.6799926757812,834.2999877929688,2080000,COST
2024-06-06,835.4199829101562,849.0900268554688,834.3200073242188,842.6400146484375,1735000,COST
2024-06-07,846.6799926757812,850.3800048828125,842.2899780273438,845.5800170898438,1593600,COST
2024-06-10,847.1799926757812,849.47998046875,842.739990234375,848.3400268554688,1401600,COST
2024-06-11,849.239990234375,850.9400024414062,840.260009765625,849.3099975585938,1690500,COST
2024-06-12,852.3099975585938,855.739990234375,843.6099853515625,847.8099975585938,1838300,COST
2024-06-13,847.8099975585938,847.8099975585938,837.5499877929688,845.9600219726562,1322400,COST
2024-06-14,843.4199829101562,856.1799926757812,841.9099731445312,855.6699829101562,1395500,COST
2024-06-17,854.489990234375,870.5599975585938,853.3699951171875,867.9099731445312,1904900,COST
2024-06-18,868.0,873.9600219726562,867.7000122070312,870.75,1763800,COST
2024-06-20,871.3099975585938,873.8499755859375,860.5599975585938,862.4400024414062,1944600,COST
2024-06-21,866.6400146484375,866.969970703125,847.6500244140625,848.3099975585938,3833100,COST
2024-06-24,850.0,850.6300048828125,841.510009765625,848.1599731445312,1722900,COST
2024-06-25,849.3200073242188,855.6900024414062,845.0,855.510009765625,1564200,COST
2024-06-26,852.719970703125,859.739990234375,850.0599975585938,856.8400268554688,1505300,COST
2024-06-27,857.7100219726562,858.3300170898438,848.6400146484375,850.6199951171875,1254900,COST
2024-06-28,851.25,857.239990234375,846.8099975585938,849.989990234375,2131700,COST
2024-07-01,853.5,856.0,840.5,845.6699829101562,1989000,COST
2024-07-02,845.6900024414062,860.3599853515625,843.0800170898438,859.3599853515625,1377900,COST
2024-07-03,855.0,863.52001953125,855.0,862.6599731445312,814400,COST
2024-07-05,864.5599975585938,886.9400024414062,858.719970703125,885.6699829101562,2620700,COST
2024-07-08,886.7899780273438,887.9500122070312,877.6599731445312,880.8400268554688,1611300,COST
2024-07-09,883.8499755859375,896.6699829101562,882.969970703125,886.8499755859375,1356800,COST
2024-07-10,887.4000244140625,890.27001953125,880.7000122070312,884.3099975585938,1755800,COST
2024-07-11,890.760009765625,890.760009765625,846.52001953125,846.5900268554688,6021100,COST
2024-07-12,849.8900146484375,850.0,838.3800048828125,842.9000244140625,3288400,COST
2024-07-15,846.8599853515625,857.9000244140625,844.6699829101562,848.72998046875,2064000,COST
2024-07-16,847.7999877929688,851.239990234375,841.3400268554688,850.77001953125,1687600,COST
2024-07-17,848.010009765625,849.9500122070312,842.6500244140625,846.280029296875,1783100,COST
2024-07-18,849.4299926757812,855.2999877929688,825.1099853515625,839.3699951171875,2338500,COST
2024-07-19,836.510009765625,848.8800048828125,835.5599975585938,838.1300048828125,1984400,COST
2024-07-22,845.75,849.5900268554688,838.5999755859375,847.4199829101562,1920200,COST
2024-07-23,848.9000244140625,854.5800170898438,845.5800170898438,852.1099853515625,1744100,COST
2024-07-24,844.5999755859375,846.0,829.5,830.8200073242188,2511300,COST
2024-07-25,835.7899780273438,836.6500244140625,814.280029296875,815.9500122070312,2183700,COST
2024-07-26,818.0,822.280029296875,809.010009765625,817.5999755859375,1441500,COST
2024-07-29,822.5599975585938,823.739990234375,814.0900268554688,815.5599975585938,1320400,COST
2024-07-30,818.0,822.0,803.280029296875,810.030029296875,2017200,COST
2024-07-31,820.4199829101562,825.47998046875,811.27001953125,822.0,2135000,COST
2024-08-01,818.5499877929688,824.1699829101562,809.6799926757812,816.8900146484375,1861400,COST
2024-08-02,816.2000122070312,830.2899780273438,805.010009765625,822.0800170898438,2598500,COST
2024-08-05,798.0,810.8200073242188,793.0,801.8300170898438,2820900,COST
2024-08-06,805.0599975585938,833.0900268554688,805.0599975585938,816.8800048828125,2476300,COST
2024-08-07,824.1099853515625,833.8300170898438,809.260009765625,810.2999877929688,1702000,COST
2024-08-08,821.5,842.760009765625,820.4500122070312,839.4299926757812,2345000,COST
2024-08-09,838.5,857.77001953125,837.6300048828125,854.9299926757812,1710600,COST
2024-08-12,857.25,870.25,852.4000244140625,863.5700073242188,1748200,COST
2024-08-13,864.9199829101562,868.0499877929688,856.1599731445312,864.8200073242188,1484100,COST
2024-08-14,864.8699951171875,866.72998046875,858.5,862.7100219726562,1341500,COST
2024-08-15,872.8699951171875,880.3300170898438,869.0,877.3499755859375,1923800,COST
2024-08-16,877.3499755859375,877.3499755859375,868.6199951171875,870.5900268554688,1516300,COST
2024-08-19,870.5900268554688,873.6300048828125,868.7000122070312,872.3499755859375,1318400,COST
2024-08-20,872.0,876.760009765625,871.1699829101562,876.2000122070312,1104600,COST
2024-08-21,880.739990234375,891.1199951171875,877.219970703125,881.4199829101562,1465500,COST
2024-08-22,882.2999877929688,884.0,873.1799926757812,877.5599975585938,1440900,COST
2024-08-23,882.489990234375,884.5599975585938,871.6699829101562,879.2100219726562,1305800,COST
2024-08-26,883.1699829101562,893.25,881.4400024414062,892.510009765625,1737000,COST
2024-08-27,892.6900024414062,918.9299926757812,887.0700073242188,908.9000244140625,2098900,COST
2024-08-28,910.9600219726562,912.219970703125,881.6599731445312,888.0499877929688,1668400,COST
2024-08-29,891.0,900.4600219726562,885.1699829101562,886.6300048828125,1709900,COST
2024-08-30,890.5,896.3300170898438,883.0999755859375,892.3800048828125,1933500,COST
2024-09-03,896.6799926757812,896.8900146484375,874.4400024414062,878.5700073242188,1784200,COST
2024-09-04,877.4500122070312,891.760009765625,876.5900268554688,890.02001953125,1425200,COST
2024-09-05,888.6300048828125,888.6300048828125,868.7000122070312,885.97998046875,1998800,COST
2024-09-06,891.260009765625,893.2000122070312,871.0,876.6799926757812,2074600,COST
2024-09-09,884.739990234375,898.8300170898438,881.7000122070312,896.489990234375,1954000,COST
2024-09-10,892.5999755859375,900.6900024414062,887.52001953125,894.2899780273438,1360800,COST
2024-09-11,895.0,902.0,877.8699951171875,900.4000244140625,1796100,COST
2024-09-12,900.4199829101562,915.7000122070312,896.510009765625,915.030029296875,1867300,COST
2024-09-13,913.6300048828125,923.8300170898438,909.3599853515625,916.0,1327500,COST
2024-09-16,922.0,922.6300048828125,905.3499755859375,907.8699951171875,1661000,COST
2024-09-17,908.4299926757812,908.5999755859375,895.4500122070312,897.27001953125,1387000,COST
2024-09-18,899.9400024414062,904.97998046875,890.9500122070312,892.52001953125,1338200,COST
2024-09-19,904.260009765625,905.1300048828125,895.5,900.739990234375,1747500,COST
2024-09-20,901.5700073242188,907.8099975585938,895.7000122070312,906.97998046875,4658200,COST
2024-09-23,906.97998046875,919.5,900.780029296875,917.0800170898438,1697600,COST
2024-09-24,912.010009765625,912.77001953125,897.530029296875,901.5399780273438,2432600,COST
2024-09-25,903.0,910.3599853515625,901.1300048828125,908.4199829101562,1728100,COST
2024-09-26,905.2999877929688,909.239990234375,898.1300048828125,901.4400024414062,2738600,COST
2024-09-27,893.260009765625,893.489990234375,874.0,885.6199951171875,3459100,COST
2024-09-30,891.3699951171875,910.0,881.4099731445312,886.52001953125,2142900,COST
2024-10-01,885.25,886.989990234375,872.75,877.3800048828125,1836700,COST
2024-10-02,874.6500244140625,881.22998046875,867.1599731445312,878.530029296875,1317100,COST
2024-10-03,874.4400024414062,881.1799926757812,872.6699829101562,875.6699829101562,1451900,COST
2024-10-04,877.989990234375,884.2899780273438,875.6699829101562,883.1099853515625,1516400,COST
2024-10-07,881.5999755859375,887.7100219726562,872.3300170898438,873.5900268554688,1963200,COST
2024-10-08,876.7000122070312,891.3099975585938,876.7000122070312,890.4199829101562,1697900,COST
2024-10-09,892.239990234375,910.0,887.8699951171875,909.0999755859375,1956500,COST
2024-10-10,910.0,910.0,891.8400268554688,893.6300048828125,1765800,COST
2024-10-11,894.5,894.5,885.5,889.030029296875,1527300,COST
2024-10-14,892.4500122070312,895.1699829101562,886.260009765625,889.760009765625,1431500,COST
2024-10-15,892.0900268554688,900.6500244140625,889.5499877929688,894.6099853515625,1613900,COST
2024-10-16,889.9199829101562,891.3300170898438,879.5,887.3800048828125,1475500,COST
2024-10-17,891.5599975585938,895.3300170898438,882.7999877929688,885.2899780273438,1321500,COST
2024-10-18,885.760009765625,890.6099853515625,883.75,889.5599975585938,1654000,COST
2024-10-21,889.0,891.4000244140625,883.7000122070312,886.77001953125,1184900,COST
2024-10-22,890.97998046875,894.8900146484375,884.3099975585938,893.489990234375,1189700,COST
2024-10-23,896.02001953125,905.6799926757812,894.989990234375,899.1699829101562,2193500,COST
2024-10-24,901.5,903.5,888.260009765625,893.4199829101562,1649600,COST
2024-10-25,895.6500244140625,901.6199951171875,890.0,891.219970703125,1425800,COST
2024-10-28,895.989990234375,895.989990234375,890.0,890.9600219726562,912500,COST
2024-10-29,890.0,891.1699829101562,874.0900268554688,886.989990234375,1361700,COST
2024-10-30,886.3800048828125,886.5700073242188,877.3699951171875,879.0900268554688,1412200,COST
2024-10-31,877.2000122070312,877.6500244140625,868.6500244140625,874.1799926757812,1771900,COST
2024-11-01,874.27001953125,879.4099731445312,867.3400268554688,877.3099975585938,1625200,COST
2024-11-04,881.3400268554688,887.0,876.72998046875,886.0700073242188,1576700,COST
2024-11-05,888.0,895.5800170898438,886.7999877929688,890.1699829101562,1622300,COST
2024-11-06,898.280029296875,899.9000244140625,886.280029296875,899.25,2437400,COST
2024-11-07,898.6199951171875,919.47998046875,894.3699951171875,913.9299926757812,2145500,COST
2024-11-08,914.0,962.0,913.75,943.7999877929688,3277100,COST
2024-11-11,943.7999877929688,951.280029296875,931.4400024414062,932.8800048828125,2181800,COST
2024-11-12,935.9500122070312,939.5599975585938,927.0,932.3800048828125,1691400,COST
2024-11-13,930.0,937.5900268554688,923.2000122070312,933.72998046875,1757600,COST
2024-11-14,927.0,931.1500244140625,922.1699829101562,923.8900146484375,1859900,COST
2024-11-15,917.739990234375,920.5499877929688,905.5599975585938,907.0700073242188,2269900,COST
2024-11-18,910.6400146484375,925.9400024414062,907.1099853515625,919.510009765625,1797300,COST
2024-11-19,928.0,934.0,916.3599853515625,930.1500244140625,1690500,COST
2024-11-20,925.0800170898438,928.7999877929688,916.5,928.0800170898438,1452100,COST
2024-11-21,935.0,958.489990234375,930.0,955.6500244140625,2320500,COST
2024-11-22,962.739990234375,976.2999877929688,958.52001953125,964.010009765625,2078700,COST
2024-11-25,975.0,975.0,949.6900024414062,960.8900146484375,3240900,COST
2024-11-26,964.0,974.3699951171875,960.8900146484375,971.5,1438000,COST
2024-11-27,971.4600219726562,972.2899780273438,958.5900268554688,961.5499877929688,1499500,COST
2024-11-29,968.0900268554688,973.27001953125,962.469970703125,971.8800048828125,1095900,COST
2024-12-02,971.3599853515625,976.5,964.760009765625,975.0,1955800,COST
2024-12-03,974.6900024414062,983.0,970.760009765625,982.1500244140625,1653900,COST
2024-12-04,982.0,991.1500244140625,977.5499877929688,990.9199829101562,1784700,COST
2024-12-05,986.6599731445312,990.1300048828125,978.2000122070312,982.260009765625,2089400,COST
2024-12-06,982.260009765625,997.7100219726562,982.260009765625,992.6099853515625,1737300,COST
2024-12-09,997.010009765625,997.010009765625,980.5,987.8599853515625,1855500,COST
2024-12-10,989.72998046875,994.989990234375,985.8800048828125,993.4000244140625,1556800,COST
2024-12-11,995.0,1007.7999877929688,993.5900268554688,994.6900024414062,1903600,COST
2024-12-12,1001.6799926757812,1002.469970703125,987.2100219726562,988.3900146484375,2344300,COST
2024-12-13,981.0,1006.6799926757812,965.72998046875,989.3499755859375,2951900,COST
2024-12-16,989.0499877929688,1008.25,986.3699951171875,992.8699951171875,2581300,COST
2024-12-17,994.0,996.9199829101562,980.760009765625,982.0800170898438,2050200,COST
2024-12-18,982.0,985.5999755859375,964.0,964.739990234375,2725300,COST
2024-12-19,974.510009765625,974.6400146484375,953.510009765625,954.7999877929688,2610800,COST
2024-12-20,949.3900146484375,961.9400024414062,943.0499877929688,954.0700073242188,5373800,COST
2024-12-23,953.8800048828125,954.260009765625,937.0,949.9099731445312,1856800,COST
2024-12-24,950.739990234375,959.3800048828125,945.4500122070312,958.8200073242188,939000,COST
2024-12-26,956.8200073242188,959.4099731445312,954.0,956.1400146484375,969000,COST
2024-12-27,948.719970703125,950.4500122070312,932.0,939.7000122070312,1943400,COST
2024-12-30,931.0,934.1699829101562,915.5,922.2100219726562,1881200,COST
2024-12-31,923.6500244140625,924.739990234375,912.5399780273438,916.27001953125,1742900,COST
2025-01-02,915.0,925.77001953125,902.0,909.8099975585938,1765100,COST
2025-01-03,914.3300170898438,924.2100219726562,911.0,916.5800170898438,1612200,COST
2025-01-06,917.97998046875,927.4099731445312,913.27001953125,922.7100219726562,1970400,COST
2025-01-07,923.8400268554688,931.3099975585938,916.4299926757812,921.3699951171875,1888000,COST
2025-01-08,922.97998046875,930.5,915.4199829101562,927.3699951171875,1774800,COST
2025-01-10,933.3599853515625,944.280029296875,923.5,936.9400024414062,2765800,COST
2025-01-13,934.0,934.989990234375,921.0,924.7000122070312,1693800,COST
2025-01-14,924.2999877929688,927.760009765625,909.9199829101562,917.22998046875,1683800,COST
2025-01-15,927.260009765625,932.8699951171875,918.2999877929688,923.5,1839400,COST
2025-01-16,924.72998046875,927.4000244140625,917.8200073242188,919.75,1353000,COST
2025-01-17,930.0,943.7999877929688,924.5700073242188,943.1900024414062,2375000,COST
2025-01-21,945.25,956.5499877929688,943.5,947.72998046875,2042400,COST
2025-01-22,951.22998046875,951.9400024414062,939.239990234375,944.7000122070312,2155000,COST
2025-01-23,941.6900024414062,943.3900146484375,936.489990234375,942.1599731445312,1352400,COST
2025-01-24,942.1599731445312,946.0399780273438,933.5599975585938,939.6799926757812,1562400,COST
2025-01-27,930.0,966.989990234375,927.1799926757812,965.25,3044700,COST
2025-01-28,961.8300170898438,965.7100219726562,954.0700073242188,958.6699829101562,2166400,COST
2025-01-29,957.7999877929688,968.260009765625,955.0,964.02001953125,1713700,COST
2025-01-30,970.2999877929688,986.75,970.0999755859375,979.010009765625,1788200,COST
2025-01-31,976.239990234375,991.0,975.780029296875,979.8800048828125,1873800,COST
2025-02-03,972.3900146484375,1009.6099853515625,968.9400024414062,1005.8300170898438,2751000,COST
2025-02-04,1005.4000244140625,1024.3499755859375,999.6500244140625,1021.8599853515625,2001600,COST
2025-02-05,1020.0,1043.0899658203125,1020.0,1042.8800048828125,2047600,COST
2025-02-06,1050.0,1063.0,1044.199951171875,1050.989990234375,2218000,COST
2025-02-07,1047.0,1056.7099609375,1035.510009765625,1043.81005859375,1632900,COST
2025-02-10,1052.0,1063.0,1046.0,1061.9200439453125,2036900,COST
2025-02-11,1059.9100341796875,1066.0,1049.0400390625,1058.3399658203125,1748500,COST
2025-02-12,1054.1500244140625,1067.0,1051.0,1065.1199951171875,1662300,COST
2025-02-13,1067.010009765625,1078.22998046875,1064.6500244140625,1076.8599853515625,1623300,COST
2025-02-14,1076.47998046875,1077.489990234375,1068.010009765625,1071.8499755859375,1410700,COST
2025-02-18,1069.2099609375,1071.0,1045.239990234375,1056.030029296875,2090600,COST
2025-02-19,1056.06005859375,1063.1800537109375,1053.0,1062.5400390625,1349600,COST
2025-02-20,1053.6400146484375,1053.6400146484375,1033.8499755859375,1034.8299560546875,2000500,COST
2025-02-21,1034.6099853515625,1036.2099609375,1024.6800537109375,1035.030029296875,1816300,COST
2025-02-24,1028.5400390625,1038.18994140625,1025.219970703125,1035.5999755859375,1759700,COST
2025-02-25,1040.72998046875,1057.02001953125,1037.4599609375,1055.6600341796875,2083800,COST
2025-02-26,1050.1400146484375,1058.8900146484375,1030.1800537109375,1031.969970703125,1555700,COST
2025-02-27,1034.0,1042.530029296875,1018.8300170898438,1021.7100219726562,1629100,COST
2025-02-28,1030.6099853515625,1049.3800048828125,1023.989990234375,1048.6099853515625,3307100,COST
2025-03-03,1051.739990234375,1066.0,1041.1400146484375,1046.8499755859375,2422500,COST
2025-03-04,1045.72998046875,1047.9300537109375,1028.72998046875,1036.8699951171875,2536800,COST
2025-03-05,1033.0799560546875,1050.97998046875,1028.5,1047.75,1898600,COST
2025-03-06,1032.949951171875,1045.8900146484375,1019.0499877929688,1026.6199951171875,2594600,COST
2025-03-07,995.1500244140625,1002.4199829101562,942.780029296875,964.3099975585938,5510700,COST
2025-03-10,955.469970703125,959.6599731445312,924.030029296875,934.4099731445312,4459900,COST
2025-03-11,931.0,938.0,921.2000122070312,930.489990234375,3204900,COST
2025-03-12,938.0,944.3800048828125,923.25,927.0800170898438,2331600,COST
2025-03-13,922.0,923.5,887.469970703125,890.6199951171875,3447200,COST
2025-03-14,891.8099975585938,906.9500122070312,881.5599975585938,903.9199829101562,3186400,COST
2025-03-17,901.6300048828125,923.3900146484375,898.0,916.6099853515625,2256100,COST
2025-03-18,913.0,917.5599975585938,896.8400268554688,898.0499877929688,2182000,COST
2025-03-19,902.8599853515625,910.1599731445312,896.0,904.0499877929688,1908500,COST
2025-03-20,901.5,907.47998046875,894.0999755859375,895.4000244140625,1891800,COST
2025-03-21,888.75,909.77001953125,883.9600219726562,909.260009765625,3447600,COST
2025-03-24,920.0,928.6500244140625,920.0,926.0399780273438,2208100,COST
2025-03-25,926.6300048828125,932.2899780273438,922.489990234375,930.260009765625,1623000,COST
2025-03-26,934.3300170898438,939.4199829101562,923.4500122070312,929.75,1644700,COST
2025-03-27,929.5599975585938,942.9000244140625,928.0,938.75,1547000,COST
2025-03-28,937.5,938.75,926.0,929.6599731445312,2100500,COST
2025-03-31,922.3599853515625,995.0,922.0399780273438,945.780029296875,3102000,COST
2025-04-01,942.4199829101562,957.719970703125,938.75,954.4000244140625,2041500,COST
2025-04-02,950.8400268554688,970.8900146484375,950.0,965.0800170898438,1719900,COST
2025-04-03,931.0800170898438,981.3499755859375,928.0,967.0800170898438,3096900,COST
2025-04-04,955.0,964.52001953125,914.1400146484375,916.47998046875,5167000,COST
2025-04-07,887.75,937.8200073242188,871.7100219726562,908.1300048828125,4626600,COST
2025-04-08,932.0499877929688,942.989990234375,899.5700073242188,908.75,3545400,COST
2025-04-09,908.0,967.4600219726562,897.6699829101562,965.1900024414062,5084500,COST
2025-04-10,966.5,993.4099731445312,942.8900146484375,964.3099975585938,4209100,COST
2025-04-11,963.9600219726562,970.2100219726562,943.1599731445312,963.4099731445312,2721800,COST
2025-04-14,970.0,987.1300048828125,965.0,979.3200073242188,2219900,COST
2025-04-15,985.3499755859375,994.0,974.25,976.9199829101562,1788200,COST
2025-04-16,972.1300048828125,978.6500244140625,959.239990234375,967.75,2531700,COST
2025-04-17,973.280029296875,999.9199829101562,971.989990234375,994.5,2711100,COST
2025-04-21,993.0,996.989990234375,942.969970703125,957.77001953125,2841300,COST
2025-04-22,969.75,987.4500122070312,966.780029296875,979.22998046875,2230600,COST
2025-04-23,994.52001953125,995.75,969.0,975.8400268554688,2109700,COST
2025-04-24,973.5999755859375,978.0,960.7100219726562,975.47998046875,2468500,COST
2025-04-25,973.969970703125,978.3200073242188,962.8800048828125,977.1599731445312,1780900,COST
2025-04-28,978.5,985.2999877929688,968.780029296875,978.5399780273438,1616200,COST
2025-04-29,978.0,993.2100219726562,971.0599975585938,991.7000122070312,1523100,COST
2025-04-30,990.0,997.760009765625,976.5499877929688,994.5,2212400,COST
2025-05-01,990.0999755859375,1006.3800048828125,985.0,999.0399780273438,1829900,COST
2025-05-02,1007.8300170898438,1018.0,1004.6099853515625,1008.2999877929688,1547400,COST
2025-05-05,1007.510009765625,1017.780029296875,1002.5,1014.8900146484375,1952600,COST
2025-05-06,1008.4500122070312,1016.22998046875,1003.510009765625,1010.5,1381200,COST
2025-05-07,1011.1799926757812,1014.0999755859375,1001.469970703125,1007.1500244140625,1316000,COST
2025-05-08,1013.5,1017.0,991.4000244140625,1007.7100219726562,1882600,COST
2025-05-09,1004.6099853515625,1010.7100219726562,998.0499877929688,1008.0900268554688,1176700,COST
2025-05-12,1009.7899780273438,1016.9099731445312,992.239990234375,1016.1500244140625,2069000,COST
2025-05-13,1013.719970703125,1023.8300170898438,987.5999755859375,999.030029296875,2917000,COST
2025-05-14,998.760009765625,999.8599853515625,990.52001953125,991.5399780273438,2215000,COST
2025-05-15,992.6500244140625,1014.0,983.0,1010.469970703125,2470700,COST
2025-05-16,1012.489990234375,1028.260009765625,1009.0,1025.8299560546875,2033700,COST
2025-05-19,1018.5999755859375,1034.989990234375,1012.8900146484375,1034.3399658203125,1879800,COST
2025-05-20,1030.010009765625,1038.0,1030.010009765625,1036.8199462890625,2271200,COST
2025-05-21,1030.93994140625,1039.469970703125,1023.7999877929688,1025.300048828125,1438900,COST
2025-05-22,1027.719970703125,1028.780029296875,1014.1199951171875,1018.1300048828125,1660900,COST
2025-05-23,1012.0,1015.1099853515625,1007.0,1008.5,1413900,COST
2025-05-27,1015.0,1018.9500122070312,1010.9299926757812,1017.7899780273438,1868200,COST
2025-05-28,1017.0499877929688,1024.6199951171875,1012.9600219726562,1013.1400146484375,1674700,COST
2025-05-29,1016.010009765625,1017.5399780273438,1003.5999755859375,1008.739990234375,2016700,COST
2025-05-30,1002.2999877929688,1052.489990234375,1002.0,1040.1800537109375,5403800,COST
2025-06-02,1034.27001953125,1060.5,1034.27001953125,1056.8499755859375,2148000,COST
2025-06-03,1054.1500244140625,1067.0799560546875,1043.260009765625,1055.5899658203125,1992900,COST
2025-06-04,1055.0,1057.8299560546875,1049.3699951171875,1051.68994140625,1422100,COST
2025-06-05,1050.0,1051.050048828125,1006.010009765625,1010.8099975585938,3289400,COST
2025-06-06,1020.6300048828125,1020.6300048828125,1008.6099853515625,1014.9400024414062,1855400,COST
2025-06-09,1012.4199829101562,1013.3499755859375,996.969970703125,1006.1799926757812,1696700,COST
2025-06-10,1006.9299926757812,1011.510009765625,997.719970703125,1007.27001953125,2255000,COST
2025-06-11,1002.4400024414062,1005.4400024414062,993.3800048828125,996.780029296875,2459800,COST
2025-06-12,999.0,1003.25,995.3599853515625,1002.7100219726562,1720100,COST
2025-06-13,999.0800170898438,1003.5900268554688,988.6699829101562,990.2100219726562,1786000,COST
2025-06-16,992.3300170898438,1001.8499755859375,981.4400024414062,984.3599853515625,2109300,COST
2025-06-17,983.0,986.0999755859375,976.2000122070312,977.719970703125,1668200,COST
2025-06-18,980.0,982.6500244140625,974.0700073242188,974.9000244140625,1509600,COST
2025-06-20,983.989990234375,988.6599731445312,973.9000244140625,980.2899780273438,3255700,COST
2025-06-23,983.1500244140625,1004.8699951171875,981.260009765625,1004.47998046875,2082900,COST
2025-06-24,1005.8400268554688,1005.8400268554688,992.0700073242188,1001.9199829101562,2385100,COST
2025-06-25,1003.0,1004.97998046875,986.0,986.5399780273438,1827700,COST
2025-06-26,987.72998046875,987.72998046875,976.5,982.9099731445312,2262800,COST
2025-06-27,982.239990234375,993.1400146484375,980.2999877929688,985.1400146484375,2129200,COST
2025-06-30,985.1599731445312,991.739990234375,979.75,989.9400024414062,2127600,COST
2025-07-01,990.0,996.8400268554688,974.5,985.9600219726562,2200600,COST
2025-07-02,983.8699951171875,985.7000122070312,976.8699951171875,982.3599853515625,1606100,COST
2025-07-03,982.4099731445312,987.6699829101562,977.3300170898438,987.02001953125,1101400,COST
2025-07-07,985.0,992.8900146484375,976.2000122070312,992.1799926757812,1832600,COST
2025-07-08,989.5,995.8699951171875,983.9299926757812,985.8400268554688,1716200,COST
2025-07-09,988.3900146484375,988.3900146484375,972.280029296875,982.0900268554688,2922600,COST
2025-07-10,987.0,988.0,969.0700073242188,970.1699829101562,2897000,COST
2025-07-11,973.2899780273438,978.97998046875,965.7000122070312,970.3300170898438,1942000,COST
2025-07-14,971.0999755859375,981.489990234375,969.6199951171875,980.9099731445312,1679300,COST
2025-07-15,979.25,980.25,966.6599731445312,967.6799926757812,1878000,COST
2025-07-16,967.989990234375,969.5900268554688,950.1300048828125,951.3699951171875,2950300,COST
2025-07-17,950.3599853515625,954.75,947.510009765625,953.9099731445312,2280600,COST
2025-07-18,959.9500122070312,960.260009765625,949.6500244140625,950.9500122070312,2115500,COST
2025-07-21,951.510009765625,955.760009765625,946.5999755859375,947.5599975585938,1742400,COST
2025-07-22,948.7999877929688,957.7000122070312,941.25,941.6099853515625,1799900,COST
2025-07-23,942.3800048828125,948.5,936.0,941.1900024414062,2401600,COST
2025-07-24,941.3300170898438,942.9000244140625,933.489990234375,933.7999877929688,2057100,COST
2025-07-25,936.2999877929688,941.2899780273438,934.3499755859375,935.47998046875,1827700,COST
2025-07-28,935.5,940.239990234375,930.8900146484375,933.989990234375,2006300,COST
2025-07-29,933.989990234375,941.7899780273438,927.3800048828125,934.5700073242188,2065900,COST
2025-07-30,935.0,937.75,925.1400146484375,927.510009765625,1699600,COST
2025-07-31,925.3599853515625,945.9500122070312,925.0,939.6400146484375,2564400,COST
2025-08-01,939.5,956.719970703125,939.5,952.52001953125,2934500,COST
2025-08-04,952.5999755859375,960.1799926757812,948.6599731445312,955.3699951171875,2389900,COST
2025-08-05,951.3300170898438,951.5,935.6799926757812,943.6300048828125,2462300,COST
2025-08-06,943.6300048828125,970.5499877929688,942.6599731445312,968.5599975585938,2753000,COST
2025-08-07,974.6799926757812,982.0,970.9600219726562,977.4500122070312,1893300,COST
2025-08-08,977.1500244140625,988.2000122070312,977.0,980.97998046875,2189700,COST
2025-08-11,983.1599731445312,989.5800170898438,976.3200073242188,988.739990234375,2290100,COST
2025-08-12,988.5,991.75,980.0499877929688,991.25,1588500,COST
2025-08-13,983.9600219726562,986.4000244140625,970.0999755859375,978.8499755859375,2352600,COST
2025-08-14,980.5999755859375,988.2899780273438,975.1799926757812,975.3900146484375,1808700,COST
2025-08-15,979.1400146484375,980.0,967.219970703125,972.0399780273438,1638300,COST
2025-08-18,973.2999877929688,981.280029296875,970.0,979.3499755859375,2078500,COST
2025-08-19,978.6199951171875,988.530029296875,976.7899780273438,980.8499755859375,1673400,COST
2025-08-20,979.0,999.2999877929688,979.0,994.5700073242188,2229600,COST
2025-08-21,988.9000244140625,989.3200073242188,967.52001953125,969.6799926757812,2145600,COST
2025-08-22,971.5399780273438,973.5,953.1099853515625,958.5399780273438,3136000,COST
2025-08-25,954.9600219726562,958.2999877929688,940.5599975585938,941.5800170898438,2284300,COST
2025-08-26,941.3400268554688,944.0499877929688,933.25,941.3400268554688,4341300,COST
2025-08-27,940.489990234375,952.0,937.219970703125,949.52001953125,1893600,COST
2025-08-28,950.2899780273438,951.0,944.1300048828125,944.9600219726562,2067900,COST
2025-08-29,945.0,948.6099853515625,940.4600219726562,943.3200073242188,1609000,COST
2025-09-02,938.6599731445312,944.510009765625,936.5800170898438,938.8200073242188,1793900,COST
2025-09-03,939.0,950.0900268554688,936.5,949.780029296875,1670500,COST
2025-09-04,953.4000244140625,959.5,951.1099853515625,955.9000244140625,1471900,COST
2025-09-05,958.7100219726562,969.5499877929688,956.219970703125,963.47998046875,1928500,COST
2025-09-08,963.72998046875,972.3400268554688,958.5900268554688,971.8499755859375,1737000,COST
2025-09-09,970.0,979.8699951171875,963.1099853515625,979.25,1496800,COST
2025-09-10,976.3900146484375,981.0,953.9600219726562,956.2899780273438,2277500,COST
2025-09-11,957.7999877929688,965.1599731445312,954.280029296875,964.3200073242188,1532000,COST
2025-09-12,960.2899780273438,969.5700073242188,960.0,967.9000244140625,1461600,COST
2025-09-15,967.8200073242188,969.739990234375,959.7100219726562,960.0999755859375,2199400,COST
2025-09-16,959.0999755859375,959.5800170898438,950.7999877929688,952.0700073242188,2012600,COST
2025-09-17,953.489990234375,963.97998046875,953.489990234375,963.030029296875,1556800,COST
2025-09-18,957.3699951171875,962.5399780273438,950.6699829101562,952.3599853515625,1860900,COST
2025-09-19,955.0,957.4400024414062,943.7899780273438,951.1599731445312,4606000,COST
2025-09-22,947.3800048828125,950.0,939.6099853515625,943.260009765625,2794300,COST
2025-09-23,942.760009765625,944.989990234375,933.5,943.5999755859375,3258500,COST
2025-09-24,944.280029296875,953.6599731445312,943.1099853515625,945.27001953125,2149800,COST
2025-09-25,952.4500122070312,953.0,935.6199951171875,943.3099975585938,2991500,COST
2025-09-26,925.5499877929688,927.6300048828125,905.0499877929688,915.9500122070312,4812900,COST
2025-09-29,916.3400268554688,917.219970703125,903.2899780273438,916.8699951171875,4107000,COST
2025-09-30,916.25,930.510009765625,913.3699951171875,925.6300048828125,3096700,COST
2025-10-01,923.0,924.0,911.1699829101562,917.3400268554688,2642100,COST
2025-10-02,912.5599975585938,918.510009765625,910.010009765625,916.77001953125,2063800,COST
2025-10-03,915.5900268554688,918.0999755859375,911.2000122070312,915.3800048828125,2319200,COST
2025-10-06,915.5,915.780029296875,904.25,910.9400024414062,2504000,COST
2025-10-07,908.72998046875,917.6400146484375,903.8800048828125,914.7999877929688,2601800,COST
2025-10-08,912.5399780273438,916.3800048828125,910.9600219726562,914.7999877929688,2376900,COST
2025-10-09,932.3099975585938,943.77001953125,927.280029296875,942.8900146484375,3742900,COST
2025-10-10,944.4199829101562,945.4500122070312,929.0,930.010009765625,3142500,COST
2025-10-13,929.0,935.97998046875,923.0,935.5599975585938,2169600,COST
2025-10-14,940.260009765625,947.4199829101562,935.9500122070312,946.510009765625,1925900,COST
2025-10-15,946.0,964.0,945.260009765625,954.989990234375,2009800,COST
2025-10-16,955.5399780273438,957.9000244140625,921.1599731445312,925.6199951171875,2721400,COST
2025-10-17,929.5800170898438,938.8200073242188,928.1500244140625,936.3300170898438,2502200,COST
2025-10-20,936.1900024414062,939.7999877929688,931.5,936.1099853515625,1523700,COST
2025-10-21,936.1099853515625,943.3699951171875,935.0,937.5,1448200,COST
2025-10-22,940.0,953.0,932.5,944.6799926757812,2372400,COST
2025-10-23,945.469970703125,945.469970703125,934.489990234375,942.0499877929688,1974800,COST
2025-10-24,940.0,943.0,930.1500244140625,932.1400146484375,1639400,COST
2025-10-27,930.2100219726562,933.2000122070312,925.1199951171875,929.8499755859375,1967600,COST
2025-10-28,926.8699951171875,930.719970703125,920.2000122070312,924.1599731445312,2090800,COST
2025-10-29,919.0,919.8800048828125,909.2999877929688,912.4199829101562,2449600,COST
2025-10-30,912.6900024414062,923.0,910.3699951171875,920.1799926757812,2677100,COST
2025-10-31,916.2100219726562,920.0,909.6799926757812,911.4500122070312,2456300,COST
2025-11-03,912.4000244140625,929.1900024414062,908.3800048828125,928.0399780273438,3206600,COST
2025-11-04,933.2100219726562,941.1699829101562,928.969970703125,940.739990234375,2554500,COST
2025-11-05,940.0,945.280029296875,927.4400024414062,935.030029296875,2974800,COST
2025-11-06,924.3599853515625,925.0,908.2999877929688,923.5800170898438,3247700,COST
2025-11-07,929.530029296875,937.0,920.7899780273438,922.739990234375,2584000,COST
2025-11-10,919.0,922.0,909.0700073242188,915.5599975585938,2612700,COST
2025-11-11,916.5,918.8900146484375,913.0,913.8599853515625,1663400,COST
2025-11-12,915.469970703125,918.0999755859375,911.6699829101562,914.0,1829700,COST
2025-11-13,916.3499755859375,926.75,911.719970703125,925.0800170898438,2430600,COST
2025-11-14,927.1300048828125,928.8900146484375,915.0999755859375,922.97998046875,1739100,COST
2025-11-17,922.02001953125,924.9000244140625,908.8099975585938,912.5900268554688,2481900,COST
2025-11-18,912.5900268554688,918.9099731445312,894.1699829101562,895.0800170898438,2984700,COST
2025-11-19,895.0,895.0,873.969970703125,890.5999755859375,3462300,COST
2025-11-20,893.5,904.5700073242188,891.0,893.2899780273438,2648300,COST
2025-11-21,894.52001953125,905.3200073242188,892.1300048828125,899.010009765625,2870100,COST
2025-11-24,899.0,901.3599853515625,881.3200073242188,886.1199951171875,3661200,COST
2025-11-25,886.6599731445312,895.719970703125,885.1300048828125,894.3300170898438,2534700,COST
2025-11-26,896.02001953125,912.0,895.6199951171875,908.260009765625,1936200,COST
2025-11-28,905.02001953125,914.2000122070312,903.0,913.5900268554688,1092600,COST
2025-12-01,913.2000122070312,918.5800170898438,906.2100219726562,911.9600219726562,2149400,COST
2025-12-02,911.9600219726562,923.0,905.0,922.030029296875,2160600,COST
2025-12-03,920.8099975585938,926.3200073242188,916.02001953125,922.260009765625,1886800,COST
2025-12-04,907.030029296875,907.9600219726562,888.0800170898438,895.8599853515625,3787800,COST
2025-12-05,897.25,905.8900146484375,893.0,894.6799926757812,2359800,COST
2025-12-08,893.5,894.0,882.9000244140625,887.52001953125,2407900,COST
2025-12-09,886.8499755859375,889.02001953125,881.510009765625,888.4400024414062,1899500,COST
2025-12-10,887.8200073242188,889.5800170898438,871.0900268554688,874.4099731445312,3318300,COST
2025-12-11,875.8599853515625,886.0,872.5499877929688,884.47998046875,3041600,COST
2025-12-12,883.2999877929688,888.6199951171875,867.1199951171875,884.469970703125,4808900,COST
2025-12-15,882.1099853515625,887.489990234375,851.4000244140625,860.5599975585938,4771400,COST
2025-12-16,857.4400024414062,863.5900268554688,844.0599975585938,860.3900146484375,3843300,COST
2025-12-17,858.5,868.5800170898438,858.22998046875,862.6500244140625,2363700,COST
2025-12-18,860.2999877929688,863.1500244140625,852.510009765625,857.5900268554688,2467500,COST
2025-12-19,856.5700073242188,858.4500122070312,849.3200073242188,855.6199951171875,10097600,COST
2025-12-22,854.0,855.5,847.3099975585938,850.0,2373300,COST
2025-12-23,849.0999755859375,854.97998046875,846.7999877929688,854.7899780273438,1903300,COST
2025-12-24,858.5999755859375,876.0,858.3499755859375,871.8599853515625,1822200,COST
2025-12-26,870.6400146484375,877.5900268554688,869.0,873.3499755859375,1324100,COST
2025-12-29,873.2899780273438,874.5,865.6900024414062,867.8400268554688,1792500,COST
2025-12-30,864.0,867.8200073242188,861.4299926757812,865.6500244140625,1680800,COST
2025-12-31,864.5800170898438,868.0,861.3400268554688,862.3400268554688,1490000,COST
2026-01-02,861.1400146484375,863.0999755859375,852.5,854.5,2373400,COST
2026-01-05,863.9500122070312,878.77001953125,860.8499755859375,875.739990234375,2805600,COST
2026-01-06,875.9500122070312,894.0800170898438,871.2999877929688,889.0999755859375,2742300,COST
2026-01-07,892.0,893.5999755859375,879.6199951171875,882.5800170898438,2680100,COST
2026-01-08,901.1300048828125,931.6699829101562,896.0,915.3099975585938,5207200,COST
2026-01-09,915.969970703125,929.8499755859375,911.3300170898438,924.8800048828125,2895400,COST
2026-01-12,920.4000244140625,944.8300170898438,917.0,943.0800170898438,3246400,COST
2026-01-13,938.02001953125,942.9000244140625,929.5999755859375,941.9299926757812,2222100,COST
2026-01-14,938.3300170898438,955.6099853515625,938.2899780273438,950.97998046875,2894900,COST
2026-01-15,954.5399780273438,958.280029296875,950.0,956.75,2185900,COST
2026-01-16,962.0,964.97998046875,951.0,963.6099853515625,3862900,COST
2026-01-20,958.3800048828125,969.9000244140625,954.1300048828125,964.260009765625,3209900,COST
2026-01-21,959.5999755859375,989.6400146484375,959.5999755859375,982.8599853515625,4073700,COST
2026-01-22,977.8900146484375,984.0,971.5599975585938,976.1699829101562,2074400,COST
2026-01-23,971.4400024414062,984.8499755859375,971.010009765625,983.25,1680600,COST
2026-01-26,986.4299926757812,993.0,976.3499755859375,977.6699829101562,2458700,COST
2026-01-27,977.6799926757812,978.0,961.7100219726562,970.280029296875,2077900,COST
2026-01-28,969.510009765625,970.0999755859375,955.6099853515625,960.780029296875,2474800,COST
2026-01-29,957.989990234375,960.2999877929688,948.510009765625,952.8900146484375,1825000,COST
2026-01-30,948.8300170898438,951.1199951171875,930.2999877929688,940.25,2396300,COST
2026-02-02,944.22998046875,970.3200073242188,931.27001953125,968.3599853515625,2451300,COST
2026-02-03,964.3499755859375,990.6500244140625,964.280029296875,977.9199829101562,2960700,COST
2026-02-04,983.3099975585938,994.5999755859375,975.1900024414062,978.3499755859375,2631500,COST
2026-02-05,995.5,1000.9500122070312,987.3300170898438,989.2899780273438,2988800,COST
2026-02-06,988.1500244140625,1001.3699951171875,983.5,1001.1599731445312,2358600,COST
2026-02-09,1001.3200073242188,1009.6199951171875,992.6799926757812,997.5900268554688,1861700,COST
2026-02-10,996.010009765625,997.4500122070312,969.0,971.22998046875,1781500,COST
2026-02-11,973.2899780273438,989.5700073242188,967.1199951171875,978.1400146484375,1769400,COST
2026-02-12,978.75,1009.2100219726562,978.1400146484375,998.8599853515625,2970400,COST
2026-02-13,1000.0,1022.8800048828125,993.760009765625,1018.47998046875,2661600,COST
2026-02-17,1022.3400268554688,1028.43994140625,1010.47998046875,1012.0499877929688,1732200,COST
2026-02-18,1010.0,1016.0,993.5,996.0800170898438,1926800,COST
2026-02-19,992.3099975585938,1007.8599853515625,984.1099853515625,987.8200073242188,1750000,COST
2026-02-20,983.1300048828125,987.3699951171875,977.8099975585938,985.27001953125,1662200,COST
2026-02-23,981.7999877929688,991.3099975585938,978.0599975585938,986.02001953125,1489300,COST
2026-02-24,986.3800048828125,998.8800048828125,985.0399780273438,998.4299926757812,1671100,COST
2026-02-25,997.6799926757812,1002.5,991.4400024414062,994.760009765625,1554600,COST
2026-02-26,996.9199829101562,1005.52001953125,983.530029296875,986.739990234375,1804400,COST
2026-02-27,990.530029296875,1014.1900024414062,989.5800170898438,1010.7899780273438,3935000,COST
2026-03-02,1010.9099731445312,1020.8200073242188,1002.489990234375,1002.77001953125,1986900,COST
2026-03-03,1002.5399780273438,1015.75,1000.6300048828125,1007.77001953125,1947100,COST
2026-03-04,1005.0,1014.0,997.0,1006.739990234375,1806600,COST
2026-03-05,996.5,999.25,978.8099975585938,982.5700073242188,2766000,COST
2026-03-06,967.010009765625,1002.5,960.4600219726562,998.0999755859375,2708900,COST
2026-03-09,999.6300048828125,1007.4099731445312,987.989990234375,1005.2999877929688,2348200,COST
2026-03-10,1000.5,1010.0999755859375,996.0,997.3599853515625,1613400,COST
2026-03-11,996.3200073242188,997.3900146484375,987.8900146484375,992.22998046875,1260500,COST
2026-03-12,988.6099853515625,1006.2100219726562,984.0,1003.3200073242188,1669200,COST
2026-03-13,1005.9000244140625,1012.8300170898438,1002.0,1008.4299926757812,1469700,COST
2026-03-16,1010.5,1012.6500244140625,995.4299926757812,1001.739990234375,1243400,COST
2026-03-17,1006.489990234375,1008.0999755859375,994.75,996.1599731445312,1210400,COST
2026-03-18,990.3699951171875,993.97998046875,978.1400146484375,979.9199829101562,1434400,COST
2026-03-19,985.8400268554688,988.7899780273438,970.4099731445312,974.780029296875,1340200,COST
2026-03-20,975.0800170898438,980.760009765625,970.5399780273438,972.3300170898438,2621600,COST
2026-03-23,985.6699829101562,986.6400146484375,964.530029296875,965.72998046875,1779100,COST
2026-03-24,962.0599975585938,981.280029296875,961.0,973.8200073242188,1259300,COST
2026-03-25,978.0,980.8099975585938,968.0499877929688,974.8599853515625,1067100,COST
2026-03-26,975.6900024414062,987.1900024414062,972.719970703125,979.6500244140625,1498300,COST
2026-03-27,982.02001953125,987.1099853515625,978.1099853515625,983.8599853515625,1540900,COST
2026-03-30,987.6500244140625,1005.5399780273438,985.010009765625,996.5800170898438,2129100,COST
2026-03-31,997.0,1008.5999755859375,985.8499755859375,996.4299926757812,2447900,COST
2026-04-01,995.030029296875,1003.1300048828125,990.5900268554688,996.5599975585938,1769800,COST
2026-04-02,1008.0,1016.0,999.2100219726562,1014.9600219726562,1828600,COST
2026-04-06,1014.9600219726562,1020.6900024414062,1004.010009765625,1018.5499877929688,1448600,COST
2026-04-07,1020.260009765625,1020.8599853515625,1004.8499755859375,1013.2100219726562,1428500,COST
2026-04-08,1004.4400024414062,1030.4599609375,1000.0,1030.27001953125,2265700,COST
2026-04-09,1029.489990234375,1035.8199462890625,1025.06005859375,1032.030029296875,1433300,COST
2026-04-10,1026.510009765625,1029.0,995.5,998.469970703125,2333000,COST
2026-04-13,998.469970703125,1000.0499877929688,979.3599853515625,980.8499755859375,2255500,COST
2026-04-14,973.6799926757812,977.6099853515625,966.0,974.7999877929688,2136500,COST
2026-04-15,970.3099975585938,985.3800048828125,968.2999877929688,984.75,2346200,COST
2026-04-16,985.0,995.75,981.6099853515625,987.2100219726562,1484300,COST
2026-04-17,985.0,1000.6699829101562,977.0,999.8900146484375,2346500,COST
2026-04-20,1003.8499755859375,1011.2999877929688,994.1400146484375,997.8400268554688,1475400,COST
2026-04-21,994.3699951171875,1006.5,986.7000122070312,1005.8099975585938,1367100,COST
2026-04-22,1004.97998046875,1008.1099853515625,998.2899780273438,1003.7000122070312,1215200,COST
2026-04-23,1007.5800170898438,1016.5999755859375,1007.030029296875,1014.3800048828125,1570700,COST
2026-04-24,1012.0,1013.4500122070312,1002.5,1011.1500244140625,1695200,COST
2026-04-27,1008.6300048828125,1014.4099731445312,996.6300048828125,998.010009765625,1620400,COST
2026-04-28,1010.47998046875,1012.6500244140625,986.0,994.0,1776000,COST
2026-04-29,988.3699951171875,998.969970703125,985.1199951171875,998.6699829101562,1516900,COST
2026-04-30,996.4500122070312,1017.6900024414062,996.3200073242188,1014.530029296875,2049300,COST
2026-05-01,1015.3800048828125,1031.27001953125,1006.3200073242188,1011.7000122070312,1509700,COST
2026-05-04,1007.02001953125,1024.719970703125,1002.2100219726562,1012.7899780273438,1479400,COST
2026-05-05,1010.510009765625,1020.780029296875,1009.0700073242188,1016.4199829101562,1456300,COST
2026-05-06,1011.3099975585938,1012.22998046875,992.4199829101562,995.75,2619100,COST
2026-05-07,993.5,1012.6599731445312,990.6599731445312,1012.0599975585938,2014000,COST
2026-05-08,1011.739990234375,1016.0,1005.1099853515625,1008.7899780273438,1805200,COST
2026-05-11,1005.8200073242188,1007.0,985.1500244140625,999.469970703125,2053500,COST
2026-05-12,1002.5399780273438,1026.0,1001.1400146484375,1021.8800048828125,2143200,COST
2026-05-13,1017.9400024414062,1042.52001953125,1017.9400024414062,1033.0799560546875,1654600,COST
2026-05-14,1034.949951171875,1041.7900390625,1026.0999755859375,1041.25,1606600,COST
2026-05-15,1049.3599853515625,1057.5,1039.219970703125,1048.949951171875,1967000,COST
2026-05-18,1050.0,1079.8299560546875,1045.0,1076.469970703125,2295200,COST
2026-05-19,1077.0,1096.5,1072.0999755859375,1094.3199462890625,2853300,COST
2026-05-20,1089.3699951171875,1089.739990234375,1072.0,1074.010009765625,2223400,COST
2026-05-21,1063.4100341796875,1064.72998046875,1039.010009765625,1050.449951171875,2149700,COST
2026-05-22,1039.989990234375,1045.6400146484375,1025.18994140625,1028.239990234375,2048300,COST
2026-05-26,1026.1300048828125,1027.5,996.1599731445312,1002.9299926757812,2704600,COST
2026-05-27,1003.8599853515625,1013.510009765625,999.6900024414062,1003.6900024414062,2390100,COST
2026-05-28,1011.6099853515625,1012.0,994.27001953125,995.2000122070312,2844300,COST
2026-05-29,986.5700073242188,998.8200073242188,945.4500122070312,956.3200073242188,7028000,COST
2026-06-01,955.0,959.2100219726562,936.510009765625,946.1099853515625,2816300,COST
2026-06-02,942.2899780273438,955.3900146484375,939.4500122070312,954.27001953125,2218200,COST
2026-06-03,952.8800048828125,969.1799926757812,951.97998046875,961.8300170898438,2174100,COST
2026-06-04,986.9600219726562,990.010009765625,968.2100219726562,972.3499755859375,2345200,COST
2026-06-05,977.5,997.4099731445312,971.5999755859375,971.8699951171875,3092000,COST
2026-06-08,963.4600219726562,978.97998046875,961.0,974.75,2086100,COST
2026-06-09,974.2100219726562,981.969970703125,964.9400024414062,968.5900268554688,1998600,COST
2026-06-10,977.4400024414062,985.260009765625,964.3099975585938,983.3699951171875,1715600,COST
2026-06-11,986.9099731445312,989.1199951171875,974.0,975.6900024414062,1903400,COST
2026-06-12,975.52001953125,984.780029296875,970.0,982.3499755859375,1737300,COST
2026-06-15,974.1900024414062,987.0,968.0,979.4500122070312,1893700,COST
2026-06-16,980.3900146484375,995.3800048828125,973.1599731445312,986.6799926757812,1523400,COST
2026-06-17,980.0,983.7100219726562,961.1599731445312,965.5900268554688,1928000,COST
2026-06-18,962.7000122070312,964.0,948.3099975585938,951.4500122070312,3742900,COST
2026-06-22,948.5700073242188,956.22998046875,942.530029296875,951.3499755859375,2191900,COST
2026-06-23,964.5,966.3800048828125,953.489990234375,957.6799926757812,2529800,COST
2026-06-24,962.030029296875,967.9400024414062,957.0,961.0900268554688,2020200,COST
2026-06-25,949.5700073242188,955.75,938.5999755859375,942.239990234375,2492700,COST
2026-06-26,953.25,961.6400146484375,943.0,952.5399780273438,8239200,COST
2026-06-29,958.5499877929688,969.8599853515625,942.3800048828125,946.6799926757812,2450000,COST
2026-06-30,942.0,946.0,932.4099731445312,935.469970703125,2870900,COST
2026-07-01,940.4299926757812,940.4299926757812,920.5499877929688,924.6699829101562,2909700,COST
2026-07-02,927.0,952.6400146484375,924.8400268554688,951.6699829101562,2785800,COST
2026-07-06,949.0999755859375,955.5,941.4000244140625,950.25,2327500,COST
2026-07-07,967.52001953125,969.0,945.3300170898438,947.5,1940200,COST
2026-07-08,959.0,966.510009765625,948.0,953.1300048828125,1645500,COST
2026-07-09,934.9400024414062,935.0,907.6799926757812,912.969970703125,4545200,COST
2026-07-10,913.739990234375,916.72998046875,907.2100219726562,916.25,2102300,COST
2026-07-13,918.4299926757812,930.97998046875,916.8800048828125,926.4299926757812,2373300,COST
2026-07-14,921.3800048828125,929.4199829101562,918.5599975585938,921.75,2409200,COST
2026-07-15,917.75,927.5800170898438,910.5,916.5399780273438,2423200,COST
2026-07-16,924.0,945.760009765625,921.5,945.5700073242188,2735300,COST
2026-07-17,961.52001953125,964.3300170898438,933.760009765625,940.8699951171875,2508000,COST
2026-07-20,938.75,946.97998046875,932.010009765625,935.7999877929688,1507900,COST
2026-07-21,930.25,931.989990234375,924.4400024414062,929.219970703125,1833500,COST
2026-07-22,930.8800048828125,933.5999755859375,920.969970703125,927.3099975585938,1762700,COST
2026-07-23,920.510009765625,926.530029296875,916.760009765625,926.0599975585938,1785200,COST
2026-07-24,925.010009765625,936.6599731445312,921.280029296875,935.030029296875,1586300,COST
2026-07-27,938.1099853515625,956.6099853515625,936.6599731445312,951.5800170898438,2109500,COST
2026-07-28,970.5499877929688,987.5499877929688,965.8699951171875,966.5800170898438,2682800,COST
2026-07-29,968.0700073242188,978.7999877929688,963.0,974.030029296875,1973400,COST
2026-07-30,955.0399780273438,960.760009765625,949.6799926757812,954.1699829101562,2334500,COST
2026-07-31,945.739990234375,955.5599975585938,937.510009765625,951.8900146484375,1760200,COST
2026-08-03,965.1500244140625,967.97998046875,948.75,954.0800170898438,2014100,COST
2026-08-04,945.0,950.8599853515625,937.010009765625,947.8499755859375,2437300,COST
2026-08-05,956.989990234375,956.989990234375,935.219970703125,941.989990234375,1692400,COST
2026-08-06,959.5499877929688,966.1400146484375,941.780029296875,949.1500244140625,2116500,COST
2026-08-07,943.510009765625,949.7899780273438,937.510009765625,947.8200073242188,1523800,COST
2026-08-10,942.469970703125,952.8900146484375,940.5599975585938,952.75,1479200,COST
2026-08-11,950.0499877929688,954.9000244140625,938.0900268554688,944.3200073242188,1801400,COST
2026-08-12,937.4000244140625,951.3900146484375,935.0499877929688,949.5800170898438,1311800,COST
2026-08-13,954.25,962.5800170898438,949.510009765625,961.8499755859375,1324900,COST
2026-08-14,959.989990234375,965.3599853515625,957.75,961.0999755859375,1165100,COST
2026-08-17,954.8400268554688,956.75,949.4199829101562,953.5,1242800,COST
2026-08-18,966.1099853515625,971.9600219726562,955.030029296875,961.3499755859375,1845200,COST
2026-08-19,960.22998046875,978.7000122070312,956.0,956.989990234375,1642300,COST
2026-08-20,931.1500244140625,944.219970703125,925.77001953125,933.510009765625,2503700,COST
2026-08-21,939.6400146484375,949.9000244140625,933.8200073242188,947.739990234375,2365600,COST
2026-08-24,953.010009765625,974.489990234375,951.3900146484375,971.4000244140625,2204700,COST
2026-08-25,965.8599853515625,969.0499877929688,959.8900146484375,960.010009765625,1359900,COST
2026-08-26,960.5800170898438,964.4500122070312,954.5399780273438,956.1199951171875,1221600,COST
2026-08-27,948.27001953125,948.8499755859375,933.25,934.6599731445312,2239600,COST
2026-08-28,938.9400024414062,953.72998046875,937.1099853515625,945.469970703125,1401300,COST
2026-08-31,945.1900024414062,949.2999877929688,940.7100219726562,943.8900146484375,2392600,COST
2026-09-01,947.3499755859375,952.0999755859375,935.9299926757812,939.9600219726562,1507800,COST
2026-09-02,938.489990234375,938.8800048828125,920.3099975585938,928.47998046875,2163000,COST
2026-09-03,927.7899780273438,930.760009765625,915.3099975585938,925.4099731445312,2171100,COST
2026-09-04,926.0900268554688,928.0399780273438,914.5399780273438,915.739990234375,2076200,COST
2026-09-08,912.4000244140625,915.1300048828125,906.0999755859375,910.1799926757812,2236900,COST
2026-09-09,907.0,909.22998046875,898.4299926757812,902.5999755859375,2065600,COST
2026-09-10,906.6199951171875,912.0999755859375,899.0,902.3800048828125,1925700,COST
2026-09-11,905.1699829101562,907.3599853515625,900.75,904.77001953125,1772000,COST
2026-09-14,913.6500244140625,921.989990234375,910.7899780273438,918.9099731445312,2012800,COST
2026-09-15,916.9199829101562,916.9199829101562,900.25,901.3499755859375,2198700,COST
2026-09-16,901.0499877929688,902.0,892.6699829101562,893.739990234375,2096900,COST
2026-09-17,895.3200073242188,896.0,888.0399780273438,893.9299926757812,2320000,COST
2026-09-18,892.4299926757812,898.4000244140625,890.5499877929688,895.3099975585938,4175000,COST
2026-09-21,891.0700073242188,899.4400024414062,885.5,898.47998046875,2160100,COST
2026-09-22,902.260009765625,903.4000244140625,895.8400268554688,899.4099731445312,1980600,COST
2026-09-23,901.3099975585938,905.5900268554688,893.3599853515625,904.7000122070312,2280700,COST
2026-09-24,908.8099975585938,909.4299926757812,895.260009765625,896.47998046875,2893300,COST
2026-09-25,887.0,925.1400146484375,883.0999755859375,922.77001953125,4629300,COST
2026-09-28,924.3900146484375,931.0900268554688,913.0,922.9199829101562,2443800,COST
2026-09-29,916.7999877929688,925.969970703125,912.6599731445312,924.5900268554688,2412900,COST
2026-09-30,924.6099853515625,925.5599975585938,910.2999877929688,910.3400268554688,2218300,COST
2026-10-01,910.8699951171875,923.5,903.780029296875,914.9400024414062,2125600,COST
2026-10-02,921.1799926757812,921.1799926757812,909.6599731445312,920.6500244140625,2024100,COST
