time,open,high,low,close,volume,symbol
2010-01-04,35.77000045776367,36.349998474121094,35.77000045776367,35.81999969482422,6067100,LLY
2010-01-05,35.900001525878906,35.90999984741211,34.93000030517578,35.189998626708984,7517100,LLY
2010-01-06,35.2400016784668,35.529998779296875,35.2400016784668,35.45000076293945,7661600,LLY
2010-01-07,35.4900016784668,35.560001373291016,35.150001525878906,35.27000045776367,5997100,LLY
2010-01-08,35.279998779296875,35.279998779296875,34.84000015258789,35.0,5624400,LLY
2010-01-11,35.09000015258789,35.560001373291016,35.09000015258789,35.47999954223633,4793400,LLY
2010-01-12,35.349998474121094,35.599998474121094,35.209999084472656,35.36000061035156,4700800,LLY
2010-01-13,35.349998474121094,36.0,35.27000045776367,35.849998474121094,5320900,LLY
2010-01-14,35.75,36.0,35.75,36.0,6417300,LLY
2010-01-15,36.0,36.11000061035156,35.43000030517578,35.81999969482422,6519600,LLY
2010-01-19,35.9900016784668,37.91999816894531,35.90999984741211,37.40999984741211,17795600,LLY
2010-01-20,37.400001525878906,37.720001220703125,36.65999984741211,37.29999923706055,8851200,LLY
2010-01-21,37.27000045776367,37.47999954223633,36.0,36.11000061035156,11022600,LLY
2010-01-22,36.09000015258789,36.40999984741211,35.459999084472656,35.52000045776367,7247500,LLY
2010-01-25,35.849998474121094,36.02000045776367,35.529998779296875,35.75,6499400,LLY
2010-01-26,35.959999084472656,36.2400016784668,35.77000045776367,36.15999984741211,7128400,LLY
2010-01-27,36.15999984741211,36.41999816894531,35.900001525878906,36.38999938964844,7009700,LLY
2010-01-28,35.90999984741211,36.0099983215332,35.27000045776367,35.75,9423500,LLY
2010-01-29,35.939998626708984,35.939998626708984,35.130001068115234,35.20000076293945,9281900,LLY
2010-02-01,35.36000061035156,35.689998626708984,34.849998474121094,35.0,6767300,LLY
2010-02-02,35.0,35.75,34.900001525878906,35.619998931884766,6573500,LLY
2010-02-03,35.45000076293945,35.45000076293945,35.06999969482422,35.310001373291016,5493500,LLY
2010-02-04,35.099998474121094,35.220001220703125,34.61000061035156,34.66999816894531,8914200,LLY
2010-02-05,34.63999938964844,34.81999969482422,33.90999984741211,34.52000045776367,8698500,LLY
2010-02-08,34.4900016784668,35.130001068115234,34.220001220703125,34.779998779296875,8301000,LLY
2010-02-09,34.95000076293945,35.470001220703125,34.86000061035156,35.20000076293945,10261600,LLY
2010-02-10,34.75,34.75,33.97999954223633,34.16999816894531,9425900,LLY
2010-02-11,34.16999816894531,34.43000030517578,33.81999969482422,34.16999816894531,6352000,LLY
2010-02-12,33.95000076293945,34.040000915527344,33.630001068115234,33.95000076293945,8706400,LLY
2010-02-16,34.25,34.25,33.95000076293945,34.08000183105469,7280900,LLY
2010-02-17,34.349998474121094,34.619998931884766,34.220001220703125,34.38999938964844,5708100,LLY
2010-02-18,34.38999938964844,34.59000015258789,34.2599983215332,34.40999984741211,4158200,LLY
2010-02-19,34.20000076293945,34.47999954223633,33.86000061035156,34.2400016784668,5476400,LLY
2010-02-22,34.400001525878906,34.650001525878906,34.08000183105469,34.470001220703125,5855000,LLY
2010-02-23,34.36000061035156,34.470001220703125,33.849998474121094,33.959999084472656,5547900,LLY
2010-02-24,34.11000061035156,34.310001373291016,33.959999084472656,34.040000915527344,4426200,LLY
2010-02-25,33.84000015258789,34.31999969482422,33.720001220703125,34.2400016784668,6111600,LLY
2010-02-26,34.33000183105469,34.52000045776367,34.189998626708984,34.34000015258789,4850100,LLY
2010-03-01,34.5,34.54999923706055,34.279998779296875,34.31999969482422,5714700,LLY
2010-03-02,34.34000015258789,34.7599983215332,34.33000183105469,34.54999923706055,6316400,LLY
2010-03-03,34.619998931884766,34.72999954223633,34.22999954223633,34.31999969482422,5317600,LLY
2010-03-04,34.38999938964844,34.560001373291016,34.310001373291016,34.540000915527344,5815300,LLY
2010-03-05,34.650001525878906,35.09000015258789,34.630001068115234,35.09000015258789,5995400,LLY
2010-03-08,35.11000061035156,35.11000061035156,34.810001373291016,34.93000030517578,5672000,LLY
2010-03-09,35.0,35.16999816894531,34.77000045776367,35.060001373291016,4805800,LLY
2010-03-10,35.2400016784668,35.459999084472656,35.08000183105469,35.34000015258789,5063800,LLY
2010-03-11,35.33000183105469,35.83000183105469,35.22999954223633,35.81999969482422,6661300,LLY
2010-03-12,35.9900016784668,36.0,35.47999954223633,35.93000030517578,7245200,LLY
2010-03-15,35.90999984741211,36.040000915527344,35.7599983215332,36.0099983215332,6446000,LLY
2010-03-16,36.09000015258789,36.220001220703125,35.88999938964844,36.18000030517578,6635900,LLY
2010-03-17,36.209999084472656,36.34000015258789,36.09000015258789,36.220001220703125,6155400,LLY
2010-03-18,36.08000183105469,36.380001068115234,36.02000045776367,36.36000061035156,5731200,LLY
2010-03-19,36.16999816894531,36.58000183105469,36.0099983215332,36.16999816894531,9641300,LLY
2010-03-22,36.16999816894531,36.81999969482422,36.119998931884766,36.540000915527344,6691600,LLY
2010-03-23,36.63999938964844,36.79999923706055,36.459999084472656,36.619998931884766,6515200,LLY
2010-03-24,36.68000030517578,36.70000076293945,36.18000030517578,36.2599983215332,5450700,LLY
2010-03-25,36.58000183105469,36.58000183105469,35.959999084472656,35.97999954223633,5852200,LLY
2010-03-26,36.040000915527344,36.040000915527344,35.400001525878906,35.41999816894531,8199200,LLY
2010-03-29,35.5,35.72999954223633,35.34000015258789,35.470001220703125,6954900,LLY
2010-03-30,35.5099983215332,35.939998626708984,35.47999954223633,35.900001525878906,7239900,LLY
2010-03-31,35.869998931884766,36.4900016784668,35.79999923706055,36.220001220703125,9361900,LLY
2010-04-01,36.45000076293945,36.59000015258789,36.040000915527344,36.150001525878906,6248100,LLY
2010-04-05,36.349998474121094,36.970001220703125,36.20000076293945,36.54999923706055,8196400,LLY
2010-04-06,36.38999938964844,36.58000183105469,36.060001373291016,36.5099983215332,7033500,LLY
2010-04-07,36.5099983215332,36.68000030517578,36.45000076293945,36.52000045776367,9554200,LLY
2010-04-08,36.5099983215332,36.619998931884766,36.45000076293945,36.52000045776367,6104900,LLY
2010-04-09,36.689998626708984,36.91999816894531,36.540000915527344,36.84000015258789,4587200,LLY
2010-04-12,36.83000183105469,36.83000183105469,36.540000915527344,36.56999969482422,5256400,LLY
2010-04-13,36.56999969482422,36.959999084472656,36.5,36.91999816894531,5788900,LLY
2010-04-14,36.720001220703125,36.81999969482422,36.45000076293945,36.59000015258789,7678300,LLY
2010-04-15,36.61000061035156,36.779998779296875,36.5,36.720001220703125,5629500,LLY
2010-04-16,36.52000045776367,36.84000015258789,36.5,36.540000915527344,7987600,LLY
2010-04-19,35.95000076293945,36.619998931884766,35.75,36.58000183105469,11600000,LLY
2010-04-20,36.529998779296875,36.650001525878906,36.459999084472656,36.529998779296875,7789400,LLY
2010-04-21,36.5,36.560001373291016,35.79999923706055,36.0099983215332,11347000,LLY
2010-04-22,35.790000915527344,35.84000015258789,35.209999084472656,35.380001068115234,10391800,LLY
2010-04-23,35.41999816894531,35.47999954223633,34.849998474121094,35.459999084472656,10398900,LLY
2010-04-26,35.47999954223633,35.70000076293945,35.25,35.31999969482422,6419000,LLY
2010-04-27,35.290000915527344,35.400001525878906,34.81999969482422,34.869998931884766,7002500,LLY
2010-04-28,35.02000045776367,35.02000045776367,34.56999969482422,34.7599983215332,6968300,LLY
2010-04-29,34.970001220703125,35.349998474121094,34.83000183105469,35.040000915527344,6256300,LLY
2010-04-30,35.130001068115234,35.5,34.970001220703125,34.970001220703125,6937600,LLY
2010-05-03,35.27000045776367,35.40999984741211,35.0,35.189998626708984,5234100,LLY
2010-05-04,35.029998779296875,35.380001068115234,34.86000061035156,35.0099983215332,7010800,LLY
2010-05-05,34.959999084472656,35.369998931884766,34.86000061035156,35.08000183105469,6713800,LLY
2010-05-06,35.04999923706055,35.130001068115234,33.41999816894531,34.400001525878906,12354100,LLY
2010-05-07,34.400001525878906,34.900001525878906,34.02000045776367,34.619998931884766,23682700,LLY
2010-05-10,35.470001220703125,35.79999923706055,34.91999816894531,35.150001525878906,13461100,LLY
2010-05-11,34.97999954223633,35.540000915527344,34.95000076293945,35.279998779296875,6984800,LLY
2010-05-12,35.06999969482422,35.06999969482422,34.470001220703125,34.779998779296875,6697600,LLY
2010-05-13,34.779998779296875,34.83000183105469,34.47999954223633,34.5,5617300,LLY
2010-05-14,34.34000015258789,34.400001525878906,33.72999954223633,33.91999816894531,7688500,LLY
2010-05-17,33.970001220703125,34.15999984741211,33.58000183105469,34.0099983215332,5526900,LLY
2010-05-18,34.25,34.41999816894531,33.61000061035156,33.619998931884766,6693100,LLY
2010-05-19,33.470001220703125,34.0,33.470001220703125,33.86000061035156,9399300,LLY
2010-05-20,33.45000076293945,33.959999084472656,33.099998474121094,33.34000015258789,12160500,LLY
2010-05-21,33.0,33.20000076293945,32.66999816894531,33.119998931884766,9019400,LLY
2010-05-24,33.0099983215332,33.40999984741211,32.900001525878906,32.97999954223633,4874600,LLY
2010-05-25,32.630001068115234,32.810001373291016,32.02000045776367,32.75,10079600,LLY
2010-05-26,32.97999954223633,32.97999954223633,32.099998474121094,32.25,12715000,LLY
2010-05-27,32.66999816894531,32.869998931884766,32.52000045776367,32.81999969482422,6110700,LLY
2010-05-28,32.84000015258789,33.08000183105469,32.560001373291016,32.790000915527344,8389500,LLY
2010-06-01,32.630001068115234,33.130001068115234,32.40999984741211,32.54999923706055,5852100,LLY
2010-06-02,32.7599983215332,33.220001220703125,32.619998931884766,33.209999084472656,5509500,LLY
2010-06-03,33.22999954223633,33.540000915527344,33.16999816894531,33.369998931884766,5107700,LLY
2010-06-04,33.02000045776367,33.099998474121094,32.27000045776367,32.369998931884766,6832600,LLY
2010-06-07,32.59000015258789,32.849998474121094,32.43000030517578,32.58000183105469,9650100,LLY
2010-06-08,32.56999969482422,32.91999816894531,32.380001068115234,32.900001525878906,7600900,LLY
2010-06-09,33.0,33.290000915527344,32.810001373291016,32.95000076293945,6512400,LLY
2010-06-10,33.349998474121094,33.91999816894531,33.150001525878906,33.459999084472656,7213400,LLY
2010-06-11,33.31999969482422,33.79999923706055,33.2599983215332,33.66999816894531,5601600,LLY
2010-06-14,34.0,34.220001220703125,33.83000183105469,33.869998931884766,6053200,LLY
2010-06-15,33.95000076293945,34.41999816894531,33.7599983215332,34.38999938964844,6373600,LLY
2010-06-16,34.27000045776367,34.36000061035156,33.91999816894531,34.11000061035156,7534700,LLY
2010-06-17,34.2400016784668,34.38999938964844,33.93000030517578,34.38999938964844,6494200,LLY
2010-06-18,34.65999984741211,34.7400016784668,34.36000061035156,34.61000061035156,8506400,LLY
2010-06-21,34.7599983215332,34.849998474121094,34.52000045776367,34.65999984741211,5373200,LLY
2010-06-22,34.65999984741211,34.97999954223633,34.41999816894531,34.45000076293945,5256400,LLY
2010-06-23,34.439998626708984,34.70000076293945,34.2400016784668,34.560001373291016,5625800,LLY
2010-06-24,34.540000915527344,34.61000061035156,34.189998626708984,34.47999954223633,16867500,LLY
2010-06-25,34.31999969482422,34.349998474121094,33.86000061035156,33.939998626708984,12710800,LLY
2010-06-28,34.25,34.2599983215332,33.77000045776367,34.02000045776367,8289300,LLY
2010-06-29,33.61000061035156,33.810001373291016,33.34000015258789,33.75,8854700,LLY
2010-06-30,33.70000076293945,34.06999969482422,33.43000030517578,33.5,7742600,LLY
2010-07-01,33.43000030517578,33.470001220703125,32.81999969482422,33.119998931884766,17132600,LLY
2010-07-02,33.279998779296875,33.869998931884766,33.09000015258789,33.66999816894531,6888200,LLY
2010-07-06,33.970001220703125,34.150001525878906,33.66999816894531,33.90999984741211,19358500,LLY
2010-07-07,34.02000045776367,34.66999816894531,33.7599983215332,34.65999984741211,6759500,LLY
2010-07-08,34.83000183105469,35.189998626708984,34.75,35.18000030517578,7511300,LLY
2010-07-09,35.13999938964844,35.18000030517578,34.880001068115234,35.16999816894531,5367200,LLY
2010-07-12,35.099998474121094,35.189998626708984,34.939998626708984,35.130001068115234,4361700,LLY
2010-07-13,35.27000045776367,35.599998474121094,35.16999816894531,35.209999084472656,7524300,LLY
2010-07-14,35.150001525878906,35.20000076293945,34.70000076293945,34.79999923706055,11570800,LLY
2010-07-15,34.86000061035156,35.2400016784668,34.619998931884766,35.16999816894531,7380700,LLY
2010-07-16,35.08000183105469,35.119998931884766,34.58000183105469,34.63999938964844,7637500,LLY
2010-07-19,34.7599983215332,35.08000183105469,34.7599983215332,34.9900016784668,4951300,LLY
2010-07-20,34.77000045776367,35.310001373291016,34.45000076293945,35.2599983215332,6926100,LLY
2010-07-21,35.43000030517578,35.43000030517578,34.720001220703125,34.95000076293945,6809100,LLY
2010-07-22,35.849998474121094,35.849998474121094,35.0,35.150001525878906,8888000,LLY
2010-07-23,35.220001220703125,35.2400016784668,34.56999969482422,35.16999816894531,6328000,LLY
2010-07-26,35.20000076293945,35.52000045776367,35.16999816894531,35.439998626708984,4673400,LLY
2010-07-27,35.630001068115234,36.130001068115234,35.25,36.099998474121094,11840500,LLY
2010-07-28,36.02000045776367,36.20000076293945,35.529998779296875,35.66999816894531,10420300,LLY
2010-07-29,35.7599983215332,35.9900016784668,35.20000076293945,35.45000076293945,7269400,LLY
2010-07-30,35.2599983215332,35.81999969482422,35.04999923706055,35.599998474121094,7662800,LLY
2010-08-02,35.84000015258789,36.38999938964844,35.75,36.34000015258789,6991400,LLY
2010-08-03,36.43000030517578,36.65999984741211,36.279998779296875,36.58000183105469,5950300,LLY
2010-08-04,36.470001220703125,36.81999969482422,36.220001220703125,36.779998779296875,6623300,LLY
2010-08-05,36.59000015258789,36.880001068115234,36.459999084472656,36.849998474121094,3620200,LLY
2010-08-06,36.599998474121094,36.88999938964844,36.38999938964844,36.869998931884766,4711800,LLY
2010-08-09,36.97999954223633,37.0099983215332,36.869998931884766,36.959999084472656,5664200,LLY
2010-08-10,36.810001373291016,37.91999816894531,36.810001373291016,37.77000045776367,11213900,LLY
2010-08-11,36.810001373291016,37.2599983215332,36.56999969482422,36.709999084472656,9675700,LLY
2010-08-12,36.41999816894531,36.869998931884766,36.22999954223633,36.599998474121094,7401800,LLY
2010-08-13,35.38999938964844,35.84000015258789,35.22999954223633,35.70000076293945,13055600,LLY
2010-08-16,35.380001068115234,35.72999954223633,35.22999954223633,35.56999969482422,5217800,LLY
2010-08-17,35.08000183105469,35.150001525878906,34.45000076293945,34.75,14976600,LLY
2010-08-18,34.810001373291016,34.970001220703125,34.63999938964844,34.779998779296875,23704700,LLY
2010-08-19,34.59000015258789,34.689998626708984,34.18000030517578,34.279998779296875,10578400,LLY
2010-08-20,34.099998474121094,34.22999954223633,33.72999954223633,34.16999816894531,9187800,LLY
2010-08-23,34.349998474121094,34.540000915527344,34.25,34.310001373291016,13820500,LLY
2010-08-24,34.040000915527344,34.220001220703125,33.849998474121094,33.970001220703125,6426300,LLY
2010-08-25,33.84000015258789,34.5,33.79999923706055,34.310001373291016,7127500,LLY
2010-08-26,34.459999084472656,34.459999084472656,33.84000015258789,33.95000076293945,6380900,LLY
2010-08-27,34.11000061035156,34.25,33.720001220703125,34.20000076293945,5809800,LLY
2010-08-30,34.22999954223633,34.279998779296875,33.95000076293945,33.970001220703125,4576400,LLY
2010-08-31,33.95000076293945,34.040000915527344,33.540000915527344,33.59000015258789,9329300,LLY
2010-09-01,34.11000061035156,34.33000183105469,33.83000183105469,34.20000076293945,8004300,LLY
2010-09-02,34.15999984741211,34.41999816894531,34.119998931884766,34.310001373291016,4316400,LLY
2010-09-03,34.29999923706055,34.709999084472656,34.279998779296875,34.65999984741211,4450600,LLY
2010-09-07,34.709999084472656,34.779998779296875,34.43000030517578,34.540000915527344,4009800,LLY
2010-09-08,34.810001373291016,34.900001525878906,34.59000015258789,34.810001373291016,3587400,LLY
2010-09-09,34.900001525878906,35.439998626708984,34.77000045776367,35.16999816894531,5616000,LLY
2010-09-10,35.45000076293945,35.52000045776367,35.20000076293945,35.43000030517578,4600900,LLY
2010-09-13,35.72999954223633,35.7400016784668,35.31999969482422,35.529998779296875,3943200,LLY
2010-09-14,35.56999969482422,35.849998474121094,35.45000076293945,35.650001525878906,6042800,LLY
2010-09-15,35.63999938964844,35.84000015258789,35.5099983215332,35.70000076293945,4535900,LLY
2010-09-16,35.58000183105469,35.7599983215332,35.380001068115234,35.66999816894531,4461200,LLY
2010-09-17,35.84000015258789,35.970001220703125,35.58000183105469,35.790000915527344,4899300,LLY
2010-09-20,35.91999816894531,36.38999938964844,35.810001373291016,36.349998474121094,5525700,LLY
2010-09-21,36.380001068115234,36.4900016784668,36.08000183105469,36.33000183105469,4736600,LLY
2010-09-22,36.220001220703125,36.709999084472656,35.9900016784668,36.04999923706055,6931300,LLY
2010-09-23,35.93000030517578,36.0099983215332,35.75,35.86000061035156,4437700,LLY
2010-09-24,36.209999084472656,36.279998779296875,36.0099983215332,36.099998474121094,6132600,LLY
2010-09-27,36.150001525878906,36.18000030517578,35.939998626708984,35.939998626708984,4638800,LLY
2010-09-28,36.04999923706055,36.38999938964844,35.900001525878906,36.38999938964844,5453300,LLY
2010-09-29,36.310001373291016,36.720001220703125,36.099998474121094,36.529998779296875,6778900,LLY
2010-09-30,36.59000015258789,36.900001525878906,36.33000183105469,36.529998779296875,6022100,LLY
2010-10-01,36.68000030517578,36.77000045776367,36.41999816894531,36.540000915527344,5212600,LLY
2010-10-04,36.540000915527344,36.560001373291016,36.130001068115234,36.29999923706055,4680800,LLY
2010-10-05,36.59000015258789,37.0,36.439998626708984,36.88999938964844,5468200,LLY
2010-10-06,36.81999969482422,37.16999816894531,36.709999084472656,37.16999816894531,4981700,LLY
2010-10-07,37.279998779296875,37.400001525878906,36.939998626708984,37.08000183105469,3782400,LLY
2010-10-08,37.130001068115234,37.2400016784668,36.90999984741211,37.06999969482422,4539400,LLY
2010-10-11,37.150001525878906,37.33000183105469,37.09000015258789,37.220001220703125,3152400,LLY
2010-10-12,37.130001068115234,37.5,37.0,37.36000061035156,3733900,LLY
2010-10-13,37.5,37.5,37.2599983215332,37.400001525878906,5772600,LLY
2010-10-14,37.400001525878906,37.58000183105469,37.310001373291016,37.41999816894531,4715900,LLY
2010-10-15,37.66999816894531,37.900001525878906,37.4900016784668,37.7599983215332,6742200,LLY
2010-10-18,37.90999984741211,38.08000183105469,37.66999816894531,38.060001373291016,10374700,LLY
2010-10-19,37.68000030517578,37.84000015258789,37.220001220703125,37.45000076293945,6696200,LLY
2010-10-20,35.529998779296875,36.150001525878906,35.45000076293945,36.0099983215332,18242000,LLY
2010-10-21,35.86000061035156,35.93000030517578,35.22999954223633,35.5,10773400,LLY
2010-10-22,35.54999923706055,35.72999954223633,35.25,35.400001525878906,6708900,LLY
2010-10-25,35.47999954223633,35.61000061035156,35.060001373291016,35.130001068115234,8500300,LLY
2010-10-26,35.040000915527344,35.189998626708984,34.81999969482422,34.900001525878906,7667800,LLY
2010-10-27,34.720001220703125,34.97999954223633,34.68000030517578,34.939998626708984,7163400,LLY
2010-10-28,34.97999954223633,35.2599983215332,34.86000061035156,35.150001525878906,6306900,LLY
2010-10-29,35.130001068115234,35.20000076293945,34.86000061035156,35.20000076293945,6326300,LLY
2010-11-01,35.2599983215332,35.36000061035156,34.880001068115234,35.040000915527344,6940900,LLY
2010-11-02,35.2400016784668,35.400001525878906,35.06999969482422,35.380001068115234,5843000,LLY
2010-11-03,35.41999816894531,35.58000183105469,35.15999984741211,35.56999969482422,4714800,LLY
2010-11-04,35.779998779296875,35.83000183105469,35.459999084472656,35.7599983215332,19563700,LLY
2010-11-05,35.81999969482422,35.93000030517578,35.5099983215332,35.720001220703125,19177000,LLY
2010-11-08,35.779998779296875,35.880001068115234,35.619998931884766,35.72999954223633,18223300,LLY
2010-11-09,35.81999969482422,35.869998931884766,35.650001525878906,35.77000045776367,6519300,LLY
2010-11-10,35.27000045776367,35.27000045776367,34.79999923706055,34.9900016784668,6763500,LLY
2010-11-11,34.869998931884766,35.27000045776367,34.84000015258789,34.95000076293945,5473000,LLY
2010-11-12,34.869998931884766,34.93000030517578,34.72999954223633,34.7599983215332,5527300,LLY
2010-11-15,34.7599983215332,34.88999938964844,34.470001220703125,34.630001068115234,5821300,LLY
2010-11-16,34.470001220703125,34.7599983215332,34.279998779296875,34.43000030517578,5934500,LLY
2010-11-17,34.439998626708984,34.68000030517578,34.31999969482422,34.400001525878906,4032200,LLY
2010-11-18,34.560001373291016,34.88999938964844,34.54999923706055,34.790000915527344,4699100,LLY
2010-11-19,34.79999923706055,34.810001373291016,34.459999084472656,34.5,5109800,LLY
2010-11-22,34.5099983215332,34.560001373291016,34.15999984741211,34.54999923706055,4272000,LLY
2010-11-23,34.349998474121094,34.36000061035156,34.06999969482422,34.08000183105469,5980400,LLY
2010-11-24,34.15999984741211,34.31999969482422,34.119998931884766,34.220001220703125,5834300,LLY
2010-11-26,34.18000030517578,34.18000030517578,34.0,34.06999969482422,2807800,LLY
2010-11-29,33.97999954223633,34.040000915527344,33.54999923706055,33.88999938964844,5126700,LLY
2010-11-30,33.70000076293945,33.88999938964844,33.52000045776367,33.65999984741211,6176200,LLY
2010-12-01,33.970001220703125,34.31999969482422,33.90999984741211,34.2599983215332,6252100,LLY
2010-12-02,34.33000183105469,34.5,34.15999984741211,34.25,8527100,LLY
2010-12-03,34.2400016784668,34.31999969482422,33.91999816894531,34.13999938964844,16305000,LLY
2010-12-06,34.060001373291016,34.189998626708984,33.959999084472656,33.970001220703125,4658500,LLY
2010-12-07,34.189998626708984,34.22999954223633,33.810001373291016,34.11000061035156,15330600,LLY
2010-12-08,34.16999816894531,34.47999954223633,34.04999923706055,34.310001373291016,4641600,LLY
2010-12-09,34.4900016784668,35.0,34.36000061035156,34.66999816894531,6603700,LLY
2010-12-10,34.93000030517578,35.08000183105469,34.790000915527344,34.97999954223633,5813300,LLY
2010-12-13,35.06999969482422,35.20000076293945,34.91999816894531,34.970001220703125,8563300,LLY
2010-12-14,35.099998474121094,35.20000076293945,34.93000030517578,35.09000015258789,10706900,LLY
2010-12-15,34.95000076293945,35.290000915527344,34.95000076293945,35.130001068115234,9004000,LLY
2010-12-16,35.099998474121094,35.25,34.900001525878906,35.18000030517578,4629000,LLY
2010-12-17,35.13999938964844,35.15999984741211,34.79999923706055,35.0099983215332,8493700,LLY
2010-12-20,35.04999923706055,35.2599983215332,34.97999954223633,35.040000915527344,4608400,LLY
2010-12-21,35.20000076293945,35.31999969482422,35.060001373291016,35.13999938964844,3793700,LLY
2010-12-22,35.13999938964844,35.2400016784668,34.959999084472656,35.20000076293945,2846700,LLY
2010-12-23,35.220001220703125,35.400001525878906,35.20000076293945,35.22999954223633,2913600,LLY
2010-12-27,35.130001068115234,35.220001220703125,34.9900016784668,35.06999969482422,2002800,LLY
2010-12-28,35.189998626708984,35.20000076293945,35.0099983215332,35.04999923706055,2617900,LLY
2010-12-29,35.09000015258789,35.369998931884766,35.04999923706055,35.150001525878906,3177400,LLY
2010-12-30,35.099998474121094,35.290000915527344,34.970001220703125,35.02000045776367,3176500,LLY
2010-12-31,34.959999084472656,35.16999816894531,34.880001068115234,35.040000915527344,2979600,LLY
2011-01-03,35.16999816894531,35.27000045776367,34.9900016784668,35.0,7491700,LLY
2011-01-04,35.02000045776367,35.099998474121094,34.95000076293945,35.029998779296875,7729300,LLY
2011-01-05,34.9900016784668,35.04999923706055,34.779998779296875,34.779998779296875,11609100,LLY
2011-01-06,34.84000015258789,35.0,34.79999923706055,34.939998626708984,6037400,LLY
2011-01-07,34.939998626708984,35.040000915527344,34.810001373291016,34.900001525878906,8366900,LLY
2011-01-10,34.79999923706055,34.900001525878906,34.470001220703125,34.4900016784668,8807700,LLY
2011-01-11,34.52000045776367,34.939998626708984,34.5099983215332,34.90999984741211,11646800,LLY
2011-01-12,35.060001373291016,35.099998474121094,34.83000183105469,35.029998779296875,11675100,LLY
2011-01-13,35.06999969482422,35.08000183105469,34.779998779296875,34.900001525878906,4218000,LLY
2011-01-14,34.880001068115234,35.0099983215332,34.630001068115234,34.90999984741211,4993000,LLY
2011-01-18,34.93000030517578,35.099998474121094,34.7599983215332,34.790000915527344,6273000,LLY
2011-01-19,34.70000076293945,34.849998474121094,34.599998474121094,34.650001525878906,6668300,LLY
2011-01-20,34.599998474121094,34.7599983215332,34.5,34.75,6900400,LLY
2011-01-21,34.93000030517578,34.97999954223633,34.7599983215332,34.7599983215332,5620200,LLY
2011-01-24,34.65999984741211,34.86000061035156,34.65999984741211,34.779998779296875,12259000,LLY
2011-01-25,34.790000915527344,34.849998474121094,34.54999923706055,34.72999954223633,6893300,LLY
2011-01-26,34.86000061035156,35.02000045776367,34.709999084472656,34.95000076293945,6617200,LLY
2011-01-27,35.0099983215332,35.61000061035156,34.970001220703125,35.470001220703125,9754600,LLY
2011-01-28,35.439998626708984,35.58000183105469,34.75,34.77000045776367,17586000,LLY
2011-01-31,34.84000015258789,34.91999816894531,34.720001220703125,34.77000045776367,5704100,LLY
2011-02-01,34.83000183105469,35.220001220703125,34.75,35.209999084472656,6232300,LLY
2011-02-02,35.18000030517578,35.5099983215332,35.09000015258789,35.41999816894531,6754000,LLY
2011-02-03,35.31999969482422,35.650001525878906,35.290000915527344,35.630001068115234,20017900,LLY
2011-02-04,35.66999816894531,35.66999816894531,35.38999938964844,35.529998779296875,19844100,LLY
2011-02-07,35.599998474121094,35.86000061035156,35.5099983215332,35.79999923706055,21207700,LLY
2011-02-08,35.869998931884766,35.91999816894531,35.75,35.84000015258789,7706300,LLY
2011-02-09,35.79999923706055,35.79999923706055,35.56999969482422,35.779998779296875,6415500,LLY
2011-02-10,35.689998626708984,35.84000015258789,35.529998779296875,35.619998931884766,7107900,LLY
2011-02-11,35.0,35.0,34.5,34.52000045776367,9101700,LLY
2011-02-14,34.56999969482422,34.650001525878906,34.4900016784668,34.560001373291016,7215100,LLY
2011-02-15,34.560001373291016,34.56999969482422,34.439998626708984,34.470001220703125,6143500,LLY
2011-02-16,34.47999954223633,34.66999816894531,34.349998474121094,34.65999984741211,5705000,LLY
2011-02-17,34.529998779296875,34.91999816894531,34.5099983215332,34.86000061035156,4189000,LLY
2011-02-18,34.79999923706055,34.86000061035156,34.540000915527344,34.599998474121094,7277800,LLY
2011-02-22,34.310001373291016,34.599998474121094,34.20000076293945,34.43000030517578,7829700,LLY
2011-02-23,34.369998931884766,34.45000076293945,34.0099983215332,34.040000915527344,5926600,LLY
2011-02-24,34.029998779296875,34.2400016784668,33.959999084472656,34.11000061035156,5576500,LLY
2011-02-25,34.130001068115234,34.16999816894531,34.0,34.09000015258789,5821400,LLY
2011-02-28,34.2400016784668,34.560001373291016,34.150001525878906,34.560001373291016,5853300,LLY
2011-03-01,34.5,34.75,34.25,34.2599983215332,4837800,LLY
2011-03-02,34.18000030517578,34.29999923706055,34.04999923706055,34.279998779296875,4869400,LLY
2011-03-03,34.040000915527344,34.66999816894531,34.0099983215332,34.38999938964844,7070700,LLY
2011-03-04,34.439998626708984,34.70000076293945,34.400001525878906,34.599998474121094,6903800,LLY
2011-03-07,34.61000061035156,34.779998779296875,34.5,34.65999984741211,7097800,LLY
2011-03-08,34.66999816894531,35.099998474121094,34.56999969482422,34.97999954223633,6907800,LLY
2011-03-09,34.90999984741211,35.18000030517578,34.86000061035156,35.09000015258789,4693100,LLY
2011-03-10,35.099998474121094,35.20000076293945,34.7400016784668,34.77000045776367,5660700,LLY
2011-03-11,34.88999938964844,35.0,34.70000076293945,34.86000061035156,5137800,LLY
2011-03-14,34.689998626708984,34.88999938964844,34.560001373291016,34.72999954223633,11484600,LLY
2011-03-15,34.15999984741211,34.349998474121094,34.0,34.099998474121094,7572000,LLY
2011-03-16,34.099998474121094,34.099998474121094,33.459999084472656,33.630001068115234,8771200,LLY
2011-03-17,33.86000061035156,34.279998779296875,33.86000061035156,34.130001068115234,16946300,LLY
2011-03-18,34.47999954223633,34.52000045776367,34.220001220703125,34.47999954223633,6271000,LLY
2011-03-21,34.75,34.75,34.369998931884766,34.380001068115234,4656600,LLY
2011-03-22,34.560001373291016,34.75,34.5,34.56999969482422,3995800,LLY
2011-03-23,34.47999954223633,34.52000045776367,34.16999816894531,34.36000061035156,3677300,LLY
2011-03-24,34.439998626708984,34.70000076293945,34.31999969482422,34.599998474121094,3466800,LLY
2011-03-25,34.59000015258789,34.709999084472656,34.45000076293945,34.47999954223633,4750700,LLY
2011-03-28,34.459999084472656,34.630001068115234,34.380001068115234,34.40999984741211,5009800,LLY
2011-03-29,34.380001068115234,34.709999084472656,34.33000183105469,34.68000030517578,4423200,LLY
2011-03-30,34.869998931884766,35.22999954223633,34.790000915527344,35.18000030517578,6180700,LLY
2011-03-31,35.2599983215332,35.41999816894531,35.15999984741211,35.16999816894531,5860800,LLY
2011-04-01,35.209999084472656,35.279998779296875,34.880001068115234,34.9900016784668,6385300,LLY
2011-04-04,35.119998931884766,35.18000030517578,34.970001220703125,35.029998779296875,5073200,LLY
2011-04-05,34.959999084472656,35.25,34.95000076293945,35.0099983215332,4158100,LLY
2011-04-06,35.09000015258789,35.79999923706055,35.09000015258789,35.720001220703125,10337600,LLY
2011-04-07,35.65999984741211,35.790000915527344,35.470001220703125,35.72999954223633,6786600,LLY
2011-04-08,35.849998474121094,35.849998474121094,35.58000183105469,35.689998626708984,6119100,LLY
2011-04-11,35.779998779296875,36.04999923706055,35.72999954223633,35.869998931884766,5675500,LLY
2011-04-12,35.7599983215332,36.040000915527344,35.720001220703125,35.84000015258789,3578300,LLY
2011-04-13,35.900001525878906,35.939998626708984,35.63999938964844,35.68000030517578,5063400,LLY
2011-04-14,35.61000061035156,35.900001525878906,35.45000076293945,35.75,9595100,LLY
2011-04-15,35.900001525878906,36.060001373291016,35.849998474121094,36.0099983215332,11458100,LLY
2011-04-18,35.689998626708984,35.84000015258789,35.369998931884766,35.619998931884766,11452500,LLY
2011-04-19,35.7400016784668,36.02000045776367,35.400001525878906,35.70000076293945,6311700,LLY
2011-04-20,35.9900016784668,36.13999938964844,35.90999984741211,36.130001068115234,7168900,LLY
2011-04-21,36.119998931884766,36.709999084472656,36.02000045776367,36.2599983215332,11597500,LLY
2011-04-25,36.2400016784668,36.279998779296875,36.09000015258789,36.22999954223633,3641800,LLY
2011-04-26,36.4900016784668,36.91999816894531,36.33000183105469,36.81999969482422,6795100,LLY
2011-04-27,36.790000915527344,37.290000915527344,36.779998779296875,37.22999954223633,7015400,LLY
2011-04-28,37.130001068115234,37.41999816894531,37.02000045776367,37.33000183105469,4427300,LLY
2011-04-29,37.310001373291016,37.459999084472656,36.97999954223633,37.0099983215332,6882500,LLY
2011-05-02,37.209999084472656,37.52000045776367,37.189998626708984,37.310001373291016,8642300,LLY
2011-05-03,37.43000030517578,38.63999938964844,37.310001373291016,38.09000015258789,15087400,LLY
2011-05-04,38.09000015258789,38.279998779296875,37.880001068115234,38.119998931884766,15479900,LLY
2011-05-05,38.040000915527344,38.33000183105469,37.939998626708984,38.189998626708984,13642200,LLY
2011-05-06,38.400001525878906,38.63999938964844,38.22999954223633,38.38999938964844,9031600,LLY
2011-05-09,38.45000076293945,38.709999084472656,38.29999923706055,38.54999923706055,7901900,LLY
2011-05-10,38.68000030517578,38.75,38.470001220703125,38.720001220703125,6419100,LLY
2011-05-11,38.20000076293945,38.689998626708984,38.11000061035156,38.279998779296875,11591500,LLY
2011-05-12,38.220001220703125,38.93000030517578,38.16999816894531,38.7599983215332,8522600,LLY
2011-05-13,38.77000045776367,39.040000915527344,38.70000076293945,38.95000076293945,7120700,LLY
2011-05-16,38.95000076293945,39.400001525878906,38.88999938964844,39.150001525878906,8632400,LLY
2011-05-17,38.970001220703125,39.209999084472656,38.869998931884766,39.130001068115234,5197600,LLY
2011-05-18,39.209999084472656,39.2400016784668,38.5099983215332,38.75,12087300,LLY
2011-05-19,38.84000015258789,38.880001068115234,38.5,38.709999084472656,7521700,LLY
2011-05-20,38.650001525878906,38.83000183105469,38.31999969482422,38.439998626708984,7899800,LLY
2011-05-23,38.119998931884766,38.5,37.9900016784668,38.400001525878906,7087500,LLY
2011-05-24,38.369998931884766,38.75,38.25,38.61000061035156,5281700,LLY
2011-05-25,38.349998474121094,38.5099983215332,38.130001068115234,38.310001373291016,7009800,LLY
2011-05-26,38.36000061035156,38.47999954223633,37.88999938964844,37.91999816894531,8494300,LLY
2011-05-27,37.90999984741211,38.04999923706055,37.630001068115234,37.849998474121094,6648300,LLY
2011-05-31,38.13999938964844,38.5,37.880001068115234,38.47999954223633,8168400,LLY
2011-06-01,38.29999923706055,38.47999954223633,37.91999816894531,37.939998626708984,6470400,LLY
2011-06-02,37.959999084472656,37.959999084472656,37.369998931884766,37.52000045776367,6794700,LLY
2011-06-03,37.2599983215332,37.349998474121094,37.0099983215332,37.04999923706055,7027500,LLY
2011-06-06,37.04999923706055,37.2400016784668,36.959999084472656,37.119998931884766,6607800,LLY
2011-06-07,37.369998931884766,37.709999084472656,37.2400016784668,37.2599983215332,5866000,LLY
2011-06-08,37.209999084472656,37.380001068115234,37.119998931884766,37.27000045776367,5483900,LLY
2011-06-09,37.25,37.86000061035156,37.220001220703125,37.720001220703125,6241900,LLY
2011-06-10,37.709999084472656,37.790000915527344,37.040000915527344,37.04999923706055,7572400,LLY
2011-06-13,37.15999984741211,37.38999938964844,37.09000015258789,37.220001220703125,6848900,LLY
2011-06-14,37.38999938964844,37.77000045776367,37.31999969482422,37.61000061035156,6506400,LLY
2011-06-15,37.470001220703125,37.7400016784668,37.130001068115234,37.20000076293945,6333500,LLY
2011-06-16,37.08000183105469,37.290000915527344,37.0,37.220001220703125,5911200,LLY
2011-06-17,37.41999816894531,37.75,37.25,37.33000183105469,7188400,LLY
2011-06-20,37.38999938964844,37.58000183105469,37.27000045776367,37.560001373291016,12416000,LLY
2011-06-21,37.650001525878906,37.900001525878906,37.599998474121094,37.77000045776367,4473000,LLY
2011-06-22,37.61000061035156,37.869998931884766,37.61000061035156,37.68000030517578,5631300,LLY
2011-06-23,37.5,37.61000061035156,36.79999923706055,37.189998626708984,8335800,LLY
2011-06-24,37.2599983215332,37.2599983215332,36.689998626708984,36.7599983215332,6158600,LLY
2011-06-27,36.869998931884766,37.029998779296875,36.599998474121094,36.83000183105469,4255600,LLY
2011-06-28,36.97999954223633,37.36000061035156,36.869998931884766,37.349998474121094,6028100,LLY
2011-06-29,37.529998779296875,37.529998779296875,37.13999938964844,37.27000045776367,5658100,LLY
2011-06-30,37.459999084472656,37.599998474121094,37.18000030517578,37.529998779296875,7044300,LLY
2011-07-01,37.47999954223633,37.68000030517578,37.27000045776367,37.66999816894531,8036800,LLY
2011-07-05,37.689998626708984,37.70000076293945,37.15999984741211,37.279998779296875,9685800,LLY
2011-07-06,37.15999984741211,37.75,37.15999984741211,37.65999984741211,6991700,LLY
2011-07-07,37.900001525878906,37.900001525878906,37.630001068115234,37.849998474121094,6109700,LLY
2011-07-08,37.650001525878906,37.810001373291016,37.400001525878906,37.709999084472656,4192500,LLY
2011-07-11,37.40999984741211,37.470001220703125,37.189998626708984,37.279998779296875,4080300,LLY
2011-07-12,37.18000030517578,37.88999938964844,37.150001525878906,37.4900016784668,6437800,LLY
2011-07-13,37.56999969482422,38.0099983215332,37.43000030517578,37.560001373291016,5672600,LLY
2011-07-14,37.4900016784668,38.59000015258789,37.4900016784668,38.40999984741211,13546700,LLY
2011-07-15,38.560001373291016,38.560001373291016,37.88999938964844,38.33000183105469,8511500,LLY
2011-07-18,38.2400016784668,38.369998931884766,37.849998474121094,38.04999923706055,6450200,LLY
2011-07-19,38.220001220703125,38.380001068115234,37.97999954223633,38.25,6826800,LLY
2011-07-20,38.25,38.439998626708984,38.04999923706055,38.16999816894531,5965200,LLY
2011-07-21,38.310001373291016,39.779998779296875,38.310001373291016,39.31999969482422,16441400,LLY
2011-07-22,39.20000076293945,39.25,38.619998931884766,38.70000076293945,7580900,LLY
2011-07-25,38.47999954223633,38.83000183105469,38.31999969482422,38.400001525878906,5358100,LLY
2011-07-26,38.459999084472656,38.630001068115234,38.38999938964844,38.459999084472656,5327300,LLY
2011-07-27,38.31999969482422,38.650001525878906,37.91999816894531,37.97999954223633,7074500,LLY
2011-07-28,38.09000015258789,38.45000076293945,37.95000076293945,38.0,20393200,LLY
2011-07-29,37.790000915527344,38.560001373291016,37.52000045776367,38.29999923706055,26942600,LLY
2011-08-01,38.90999984741211,38.90999984741211,37.45000076293945,37.970001220703125,19511900,LLY
2011-08-02,37.81999969482422,37.84000015258789,37.13999938964844,37.15999984741211,16525000,LLY
2011-08-03,37.130001068115234,37.470001220703125,36.66999816894531,37.310001373291016,8410600,LLY
2011-08-04,36.91999816894531,36.91999816894531,35.84000015258789,35.84000015258789,10905900,LLY
2011-08-05,36.040000915527344,36.720001220703125,35.31999969482422,36.2400016784668,15044700,LLY
2011-08-08,35.52000045776367,36.0,34.650001525878906,34.79999923706055,14778200,LLY
2011-08-09,35.150001525878906,35.66999816894531,33.75,35.63999938964844,29025000,LLY
2011-08-10,35.220001220703125,35.599998474121094,34.400001525878906,34.4900016784668,14628700,LLY
2011-08-11,33.97999954223633,35.65999984741211,33.81999969482422,35.29999923706055,13633500,LLY
2011-08-12,35.47999954223633,35.61000061035156,34.790000915527344,34.86000061035156,11800800,LLY
2011-08-15,35.27000045776367,35.849998474121094,35.11000061035156,35.77000045776367,11231800,LLY
2011-08-16,35.4900016784668,35.959999084472656,35.220001220703125,35.689998626708984,5977200,LLY
2011-08-17,35.77000045776367,36.130001068115234,35.380001068115234,35.72999954223633,6050800,LLY
2011-08-18,35.130001068115234,35.349998474121094,34.689998626708984,35.0099983215332,9590700,LLY
2011-08-19,34.65999984741211,35.38999938964844,34.65999984741211,35.0099983215332,7381800,LLY
2011-08-22,35.52000045776367,35.86000061035156,35.20000076293945,35.41999816894531,7740500,LLY
2011-08-23,35.540000915527344,35.95000076293945,35.279998779296875,35.91999816894531,11905400,LLY
2011-08-24,35.90999984741211,36.43000030517578,35.77000045776367,36.38999938964844,6038700,LLY
2011-08-25,36.45000076293945,36.45000076293945,35.540000915527344,35.88999938964844,6843700,LLY
2011-08-26,35.599998474121094,36.18000030517578,34.939998626708984,35.77000045776367,7599000,LLY
2011-08-29,36.029998779296875,36.9900016784668,36.0099983215332,36.9900016784668,6909600,LLY
2011-08-30,36.59000015258789,37.38999938964844,36.54999923706055,37.16999816894531,7756700,LLY
2011-08-31,37.380001068115234,37.68000030517578,37.18000030517578,37.5099983215332,8745900,LLY
2011-09-01,37.56999969482422,37.849998474121094,37.04999923706055,37.130001068115234,6322700,LLY
2011-09-02,36.56999969482422,36.91999816894531,36.36000061035156,36.439998626708984,7199400,LLY
2011-09-06,35.70000076293945,36.380001068115234,35.529998779296875,36.22999954223633,7619800,LLY
2011-09-07,36.599998474121094,36.9900016784668,36.459999084472656,36.939998626708984,6053200,LLY
2011-09-08,36.88999938964844,37.439998626708984,36.650001525878906,37.0099983215332,6645300,LLY
2011-09-09,36.9900016784668,37.099998474121094,35.97999954223633,36.130001068115234,9365100,LLY
2011-09-12,35.880001068115234,36.08000183105469,35.439998626708984,36.040000915527344,6807800,LLY
2011-09-13,36.0,36.779998779296875,35.900001525878906,36.70000076293945,7568400,LLY
2011-09-14,36.81999969482422,37.540000915527344,36.54999923706055,37.16999816894531,9023800,LLY
2011-09-15,37.61000061035156,37.61000061035156,36.93000030517578,37.439998626708984,8448500,LLY
2011-09-16,37.83000183105469,37.849998474121094,37.34000015258789,37.810001373291016,7975700,LLY
2011-09-19,37.27000045776367,37.65999984741211,37.06999969482422,37.52000045776367,5706700,LLY
2011-09-20,37.59000015258789,38.36000061035156,37.400001525878906,37.869998931884766,6242300,LLY
2011-09-21,37.939998626708984,38.209999084472656,37.099998474121094,37.11000061035156,7545200,LLY
2011-09-22,36.459999084472656,36.70000076293945,36.099998474121094,36.560001373291016,9340700,LLY
2011-09-23,36.400001525878906,36.54999923706055,35.75,36.06999969482422,11861900,LLY
2011-09-26,36.400001525878906,36.66999816894531,36.150001525878906,36.63999938964844,15018700,LLY
2011-09-27,37.189998626708984,37.650001525878906,36.93000030517578,37.18000030517578,7601600,LLY
2011-09-28,37.11000061035156,37.84000015258789,37.11000061035156,37.2400016784668,7820900,LLY
2011-09-29,37.66999816894531,38.0,36.81999969482422,37.25,13519500,LLY
2011-09-30,36.959999084472656,37.5,36.880001068115234,36.970001220703125,7368300,LLY
2011-10-03,37.02000045776367,37.61000061035156,36.33000183105469,36.33000183105469,10378700,LLY
2011-10-04,35.91999816894531,36.72999954223633,35.689998626708984,36.72999954223633,10299100,LLY
2011-10-05,36.779998779296875,37.119998931884766,36.439998626708984,37.029998779296875,6679600,LLY
2011-10-06,36.93000030517578,37.279998779296875,36.7599983215332,37.22999954223633,6733300,LLY
2011-10-07,37.540000915527344,38.25,37.369998931884766,37.91999816894531,9975800,LLY
2011-10-10,38.36000061035156,38.72999954223633,38.18000030517578,38.40999984741211,5480000,LLY
2011-10-11,38.16999816894531,38.2599983215332,37.689998626708984,37.70000076293945,8759200,LLY
2011-10-12,37.720001220703125,38.099998474121094,37.540000915527344,37.61000061035156,9029300,LLY
2011-10-13,37.900001525878906,38.13999938964844,37.43000030517578,38.0,5861000,LLY
2011-10-14,38.31999969482422,38.369998931884766,38.119998931884766,38.290000915527344,4710300,LLY
2011-10-17,38.130001068115234,38.380001068115234,37.88999938964844,37.970001220703125,6213000,LLY
2011-10-18,37.88999938964844,38.75,37.709999084472656,38.4900016784668,5550400,LLY
2011-10-19,38.66999816894531,38.97999954223633,38.45000076293945,38.70000076293945,6662100,LLY
2011-10-20,38.52000045776367,38.86000061035156,38.02000045776367,38.61000061035156,8612400,LLY
2011-10-21,38.45000076293945,38.75,37.7400016784668,38.06999969482422,11893400,LLY
2011-10-24,37.93000030517578,38.27000045776367,37.849998474121094,38.189998626708984,6443700,LLY
2011-10-25,38.060001373291016,38.20000076293945,37.33000183105469,37.41999816894531,6203700,LLY
2011-10-26,37.779998779296875,37.790000915527344,37.15999984741211,37.5,7208200,LLY
2011-10-27,38.40999984741211,38.43000030517578,37.7400016784668,37.869998931884766,9113900,LLY
2011-10-28,38.08000183105469,38.36000061035156,37.93000030517578,38.279998779296875,5430000,LLY
2011-10-31,37.95000076293945,38.150001525878906,37.150001525878906,37.15999984741211,10771300,LLY
2011-11-01,36.779998779296875,37.7400016784668,36.650001525878906,37.220001220703125,10497600,LLY
2011-11-02,37.619998931884766,37.709999084472656,37.25,37.47999954223633,5233400,LLY
2011-11-03,37.72999954223633,38.119998931884766,37.619998931884766,38.04999923706055,25756700,LLY
2011-11-04,37.970001220703125,37.97999954223633,37.599998474121094,37.939998626708984,25551000,LLY
2011-11-07,37.79999923706055,38.400001525878906,37.63999938964844,38.349998474121094,26566100,LLY
2011-11-08,38.38999938964844,39.040000915527344,38.13999938964844,38.9900016784668,6426000,LLY
2011-11-09,38.529998779296875,38.529998779296875,37.689998626708984,37.849998474121094,8454800,LLY
2011-11-10,37.709999084472656,37.810001373291016,37.18000030517578,37.22999954223633,8292800,LLY
2011-11-11,37.599998474121094,37.91999816894531,37.540000915527344,37.849998474121094,4408400,LLY
2011-11-14,37.619998931884766,37.77000045776367,37.439998626708984,37.650001525878906,3990900,LLY
2011-11-15,37.61000061035156,37.79999923706055,37.36000061035156,37.650001525878906,4423200,LLY
2011-11-16,37.47999954223633,37.47999954223633,36.79999923706055,36.83000183105469,6153000,LLY
2011-11-17,36.900001525878906,37.099998474121094,36.5099983215332,36.810001373291016,5687500,LLY
2011-11-18,37.0,37.040000915527344,36.650001525878906,36.88999938964844,5101600,LLY
2011-11-21,36.56999969482422,36.75,36.290000915527344,36.34000015258789,5887500,LLY
2011-11-22,36.36000061035156,36.40999984741211,36.0,36.13999938964844,5030800,LLY
2011-11-23,35.880001068115234,35.959999084472656,35.619998931884766,35.650001525878906,3866100,LLY
2011-11-25,35.560001373291016,35.689998626708984,35.459999084472656,35.58000183105469,2364200,LLY
2011-11-28,36.380001068115234,36.54999923706055,36.09000015258789,36.27000045776367,6754300,LLY
2011-11-29,36.529998779296875,36.560001373291016,36.0,36.13999938964844,5956200,LLY
2011-11-30,36.849998474121094,37.86000061035156,36.849998474121094,37.849998474121094,8610000,LLY
2011-12-01,37.709999084472656,37.91999816894531,37.560001373291016,37.63999938964844,6250200,LLY
2011-12-02,37.810001373291016,37.88999938964844,37.349998474121094,37.369998931884766,5497400,LLY
2011-12-05,37.68000030517578,37.77000045776367,37.29999923706055,37.40999984741211,6042200,LLY
2011-12-06,37.880001068115234,39.119998931884766,37.7599983215332,38.86000061035156,16567500,LLY
2011-12-07,39.27000045776367,40.130001068115234,39.130001068115234,39.43000030517578,16615300,LLY
2011-12-08,39.400001525878906,39.47999954223633,38.79999923706055,38.88999938964844,8934700,LLY
2011-12-09,39.33000183105469,39.5,39.09000015258789,39.27000045776367,6309400,LLY
2011-12-12,39.279998779296875,39.400001525878906,38.720001220703125,38.9900016784668,4764500,LLY
2011-12-13,39.04999923706055,40.2400016784668,39.04999923706055,39.650001525878906,11747800,LLY
2011-12-14,39.61000061035156,40.47999954223633,39.5099983215332,40.040000915527344,12965800,LLY
2011-12-15,40.43000030517578,41.369998931884766,40.34000015258789,41.220001220703125,13059100,LLY
2011-12-16,41.43000030517578,41.43000030517578,40.439998626708984,40.529998779296875,12555400,LLY
2011-12-19,40.790000915527344,41.43000030517578,40.61000061035156,40.7400016784668,6979300,LLY
2011-12-20,41.150001525878906,41.18000030517578,40.7400016784668,41.119998931884766,8060000,LLY
2011-12-21,41.18000030517578,41.56999969482422,41.099998474121094,41.56999969482422,5994000,LLY
2011-12-22,41.77000045776367,41.86000061035156,41.279998779296875,41.459999084472656,4904000,LLY
2011-12-23,41.61000061035156,41.709999084472656,41.27000045776367,41.63999938964844,6535300,LLY
2011-12-27,41.470001220703125,41.880001068115234,41.45000076293945,41.75,3094400,LLY
2011-12-28,41.77000045776367,41.849998474121094,41.220001220703125,41.29999923706055,3230700,LLY
2011-12-29,41.439998626708984,41.65999984741211,41.41999816894531,41.5,4186400,LLY
2011-12-30,41.4900016784668,41.91999816894531,41.470001220703125,41.560001373291016,4391600,LLY
2012-01-03,41.95000076293945,42.029998779296875,41.65999984741211,41.79999923706055,6905200,LLY
2012-01-04,41.849998474121094,41.849998474121094,40.66999816894531,40.709999084472656,10240800,LLY
2012-01-05,39.43000030517578,40.369998931884766,39.25,40.29999923706055,14691100,LLY
2012-01-06,39.970001220703125,40.209999084472656,39.810001373291016,39.880001068115234,6329600,LLY
2012-01-09,39.939998626708984,39.939998626708984,39.599998474121094,39.810001373291016,12353900,LLY
2012-01-10,40.11000061035156,40.54999923706055,40.06999969482422,40.33000183105469,6838800,LLY
2012-01-11,40.099998474121094,40.18000030517578,39.81999969482422,39.97999954223633,5085900,LLY
2012-01-12,39.97999954223633,40.2599983215332,39.97999954223633,40.18000030517578,4299500,LLY
2012-01-13,39.959999084472656,40.060001373291016,39.650001525878906,39.939998626708984,4420100,LLY
2012-01-17,40.15999984741211,40.400001525878906,40.0,40.029998779296875,5899600,LLY
2012-01-18,40.060001373291016,40.369998931884766,40.04999923706055,40.18000030517578,5173700,LLY
2012-01-19,40.279998779296875,40.38999938964844,40.06999969482422,40.16999816894531,7180500,LLY
2012-01-20,40.220001220703125,40.31999969482422,39.709999084472656,39.810001373291016,8713700,LLY
2012-01-23,39.849998474121094,39.869998931884766,39.189998626708984,39.400001525878906,9629000,LLY
2012-01-24,39.310001373291016,39.63999938964844,39.29999923706055,39.61000061035156,5868400,LLY
2012-01-25,39.54999923706055,39.970001220703125,39.220001220703125,39.88999938964844,5893300,LLY
2012-01-26,39.90999984741211,40.02000045776367,39.34000015258789,39.439998626708984,8690300,LLY
2012-01-27,39.4900016784668,39.5,39.0099983215332,39.20000076293945,6763100,LLY
2012-01-30,39.04999923706055,39.459999084472656,38.93000030517578,39.25,26016300,LLY
2012-01-31,39.81999969482422,39.84000015258789,39.349998474121094,39.7400016784668,13418400,LLY
2012-02-01,39.81999969482422,40.11000061035156,39.72999954223633,39.79999923706055,7765400,LLY
2012-02-02,39.93000030517578,40.0,39.25,39.599998474121094,6862800,LLY
2012-02-03,39.349998474121094,39.70000076293945,39.349998474121094,39.5099983215332,5911000,LLY
2012-02-06,39.58000183105469,39.72999954223633,39.38999938964844,39.650001525878906,7081300,LLY
2012-02-07,39.56999969482422,39.66999816894531,39.369998931884766,39.5,5838600,LLY
2012-02-08,39.47999954223633,39.849998474121094,39.40999984741211,39.779998779296875,7530400,LLY
2012-02-09,39.7400016784668,39.83000183105469,39.459999084472656,39.52000045776367,31139800,LLY
2012-02-10,39.40999984741211,39.41999816894531,39.099998474121094,39.310001373291016,6938600,LLY
2012-02-13,39.099998474121094,39.16999816894531,38.779998779296875,38.849998474121094,4656400,LLY
2012-02-14,38.599998474121094,38.709999084472656,38.29999923706055,38.4900016784668,5989700,LLY
2012-02-15,38.650001525878906,38.75,38.40999984741211,38.56999969482422,4462100,LLY
2012-02-16,38.56999969482422,38.7400016784668,38.40999984741211,38.720001220703125,3825300,LLY
2012-02-17,38.900001525878906,39.29999923706055,38.7599983215332,39.2599983215332,7182600,LLY
2012-02-21,39.400001525878906,39.400001525878906,38.709999084472656,38.75,6858500,LLY
2012-02-22,38.68000030517578,38.91999816894531,38.68000030517578,38.81999969482422,4360400,LLY
2012-02-23,38.720001220703125,38.880001068115234,38.619998931884766,38.790000915527344,3696800,LLY
2012-02-24,38.869998931884766,39.18000030517578,38.84000015258789,39.04999923706055,11409900,LLY
2012-02-27,39.040000915527344,39.36000061035156,38.810001373291016,39.18000030517578,5097000,LLY
2012-02-28,39.33000183105469,39.43000030517578,39.16999816894531,39.400001525878906,6218400,LLY
2012-02-29,39.439998626708984,39.5,39.20000076293945,39.2400016784668,4272500,LLY
2012-03-01,39.16999816894531,39.40999984741211,39.16999816894531,39.349998474121094,4590100,LLY
2012-03-02,39.380001068115234,39.599998474121094,39.29999923706055,39.47999954223633,5231700,LLY
2012-03-05,39.36000061035156,39.54999923706055,39.09000015258789,39.130001068115234,4875800,LLY
2012-03-06,39.20000076293945,39.31999969482422,38.560001373291016,38.63999938964844,5938400,LLY
2012-03-07,38.619998931884766,38.95000076293945,38.619998931884766,38.86000061035156,4043200,LLY
2012-03-08,38.970001220703125,39.279998779296875,38.970001220703125,39.189998626708984,4478000,LLY
2012-03-09,39.34000015258789,39.61000061035156,39.220001220703125,39.560001373291016,4906800,LLY
2012-03-12,39.599998474121094,39.81999969482422,39.560001373291016,39.79999923706055,4713200,LLY
2012-03-13,39.86000061035156,40.220001220703125,39.810001373291016,40.16999816894531,4835700,LLY
2012-03-14,40.15999984741211,40.45000076293945,40.150001525878906,40.2599983215332,4644300,LLY
2012-03-15,40.2400016784668,40.40999984741211,40.060001373291016,40.279998779296875,3802400,LLY
2012-03-16,40.29999923706055,40.439998626708984,39.95000076293945,40.20000076293945,9659000,LLY
2012-03-19,40.060001373291016,40.400001525878906,39.91999816894531,40.31999969482422,4278300,LLY
2012-03-20,40.18000030517578,40.290000915527344,39.900001525878906,40.02000045776367,4442500,LLY
2012-03-21,40.0099983215332,40.130001068115234,39.79999923706055,39.95000076293945,4671700,LLY
2012-03-22,39.56999969482422,39.849998474121094,39.470001220703125,39.810001373291016,3949400,LLY
2012-03-23,40.029998779296875,40.040000915527344,39.709999084472656,39.869998931884766,5203400,LLY
2012-03-26,39.97999954223633,40.400001525878906,39.970001220703125,40.27000045776367,5361100,LLY
2012-03-27,40.369998931884766,40.41999816894531,40.18000030517578,40.2599983215332,4183400,LLY
2012-03-28,40.31999969482422,40.369998931884766,39.869998931884766,40.310001373291016,4874800,LLY
2012-03-29,40.04999923706055,40.09000015258789,39.65999984741211,39.959999084472656,5311500,LLY
2012-03-30,40.060001373291016,40.36000061035156,39.95000076293945,40.27000045776367,4784300,LLY
2012-04-02,40.29999923706055,40.63999938964844,40.22999954223633,40.47999954223633,5233900,LLY
2012-04-03,40.47999954223633,40.59000015258789,40.130001068115234,40.31999969482422,3340400,LLY
2012-04-04,40.150001525878906,40.459999084472656,40.02000045776367,40.33000183105469,4175400,LLY
2012-04-05,40.130001068115234,40.5,40.099998474121094,40.47999954223633,4379400,LLY
2012-04-09,40.31999969482422,40.31999969482422,39.70000076293945,39.720001220703125,7599800,LLY
2012-04-10,39.61000061035156,39.91999816894531,39.41999816894531,39.41999816894531,6691900,LLY
2012-04-11,39.70000076293945,39.709999084472656,39.38999938964844,39.470001220703125,5141900,LLY
2012-04-12,39.54999923706055,39.619998931884766,39.34000015258789,39.58000183105469,6299800,LLY
2012-04-13,39.560001373291016,39.599998474121094,39.15999984741211,39.18000030517578,5438100,LLY
2012-04-16,39.279998779296875,39.70000076293945,39.27000045776367,39.599998474121094,10405800,LLY
2012-04-17,39.68000030517578,40.060001373291016,39.5,40.060001373291016,4826200,LLY
2012-04-18,39.900001525878906,40.040000915527344,39.689998626708984,39.70000076293945,6856700,LLY
2012-04-19,39.75,39.84000015258789,39.58000183105469,39.75,4995300,LLY
2012-04-20,39.689998626708984,40.060001373291016,39.68000030517578,39.90999984741211,7548300,LLY
2012-04-23,39.79999923706055,39.849998474121094,39.650001525878906,39.810001373291016,4348800,LLY
2012-04-24,39.88999938964844,40.0,39.66999816894531,39.959999084472656,4844700,LLY
2012-04-25,40.41999816894531,40.900001525878906,40.119998931884766,40.79999923706055,8205700,LLY
2012-04-26,40.779998779296875,41.0,40.599998474121094,40.880001068115234,4763200,LLY
2012-04-27,41.099998474121094,41.43000030517578,41.06999969482422,41.29999923706055,20040500,LLY
2012-04-30,41.130001068115234,41.52000045776367,41.130001068115234,41.38999938964844,23371700,LLY
2012-05-01,41.31999969482422,41.470001220703125,41.130001068115234,41.2400016784668,6352200,LLY
2012-05-02,41.15999984741211,41.4900016784668,41.130001068115234,41.47999954223633,4856600,LLY
2012-05-03,41.4900016784668,41.5,41.20000076293945,41.27000045776367,5050800,LLY
2012-05-04,41.20000076293945,41.400001525878906,41.0,41.279998779296875,7203900,LLY
2012-05-07,41.099998474121094,41.709999084472656,41.0,41.61000061035156,6084500,LLY
2012-05-08,41.59000015258789,41.65999984741211,41.41999816894531,41.619998931884766,7069500,LLY
2012-05-09,41.31999969482422,41.4900016784668,41.0099983215332,41.29999923706055,6102700,LLY
2012-05-10,41.470001220703125,41.81999969482422,41.36000061035156,41.75,6195200,LLY
2012-05-11,41.16999816894531,41.5,41.02000045776367,41.2599983215332,5000000,LLY
2012-05-14,41.04999923706055,41.2599983215332,40.790000915527344,40.93000030517578,6009900,LLY
2012-05-15,40.86000061035156,40.939998626708984,40.459999084472656,40.58000183105469,5660500,LLY
2012-05-16,40.650001525878906,40.849998474121094,40.540000915527344,40.75,4080800,LLY
2012-05-17,40.72999954223633,40.939998626708984,40.529998779296875,40.529998779296875,5824200,LLY
2012-05-18,40.61000061035156,40.83000183105469,40.34000015258789,40.439998626708984,8350600,LLY
2012-05-21,40.470001220703125,40.70000076293945,40.36000061035156,40.630001068115234,4955700,LLY
2012-05-22,40.65999984741211,41.15999984741211,40.5099983215332,41.0,9236300,LLY
2012-05-23,40.91999816894531,41.0,40.36000061035156,40.66999816894531,7941300,LLY
2012-05-24,40.709999084472656,41.15999984741211,40.63999938964844,41.15999984741211,5630300,LLY
2012-05-25,41.11000061035156,41.5,41.0,41.11000061035156,4076000,LLY
2012-05-29,41.2400016784668,41.54999923706055,41.209999084472656,41.29999923706055,4191100,LLY
2012-05-30,41.20000076293945,41.45000076293945,40.959999084472656,40.9900016784668,4578900,LLY
2012-05-31,41.08000183105469,41.2599983215332,40.779998779296875,40.95000076293945,6573800,LLY
2012-06-01,40.66999816894531,40.72999954223633,40.119998931884766,40.15999984741211,6387700,LLY
2012-06-04,40.11000061035156,40.33000183105469,39.93000030517578,40.150001525878906,6544300,LLY
2012-06-05,40.150001525878906,40.68000030517578,40.040000915527344,40.619998931884766,5447800,LLY
2012-06-06,40.720001220703125,41.0099983215332,40.59000015258789,41.0099983215332,10635500,LLY
2012-06-07,41.220001220703125,41.4900016784668,41.119998931884766,41.27000045776367,7191400,LLY
2012-06-08,41.25,41.75,41.20000076293945,41.529998779296875,7114100,LLY
2012-06-11,41.7400016784668,41.90999984741211,41.29999923706055,41.4900016784668,5598900,LLY
2012-06-12,41.56999969482422,41.66999816894531,41.310001373291016,41.63999938964844,4674100,LLY
2012-06-13,41.63999938964844,41.84000015258789,41.40999984741211,41.56999969482422,3553300,LLY
2012-06-14,41.599998474121094,41.9900016784668,41.5,41.810001373291016,5375600,LLY
2012-06-15,42.02000045776367,42.16999816894531,41.939998626708984,41.9900016784668,6396400,LLY
2012-06-18,41.779998779296875,42.09000015258789,41.779998779296875,42.040000915527344,3686600,LLY
2012-06-19,42.279998779296875,42.470001220703125,42.15999984741211,42.290000915527344,4149900,LLY
2012-06-20,42.2400016784668,42.27000045776367,41.88999938964844,42.040000915527344,3412600,LLY
2012-06-21,42.189998626708984,42.380001068115234,41.709999084472656,41.7599983215332,4243200,LLY
2012-06-22,41.959999084472656,42.130001068115234,41.81999969482422,42.06999969482422,4331800,LLY
2012-06-25,41.79999923706055,41.84000015258789,41.459999084472656,41.470001220703125,4376800,LLY
2012-06-26,41.43000030517578,41.75,41.43000030517578,41.56999969482422,4070600,LLY
2012-06-27,41.63999938964844,42.06999969482422,41.619998931884766,41.93000030517578,4267700,LLY
2012-06-28,41.959999084472656,42.130001068115234,41.40999984741211,42.099998474121094,5075000,LLY
2012-06-29,42.52000045776367,42.90999984741211,42.459999084472656,42.90999984741211,6136800,LLY
2012-07-02,43.060001373291016,43.220001220703125,42.869998931884766,42.9900016784668,4709200,LLY
2012-07-03,42.95000076293945,43.310001373291016,42.810001373291016,43.15999984741211,2294200,LLY
2012-07-05,43.04999923706055,43.060001373291016,42.79999923706055,42.849998474121094,3760200,LLY
2012-07-06,42.70000076293945,42.7400016784668,42.41999816894531,42.65999984741211,3244300,LLY
2012-07-09,42.63999938964844,42.9900016784668,42.63999938964844,42.95000076293945,3113600,LLY
2012-07-10,43.08000183105469,43.150001525878906,42.720001220703125,42.86000061035156,4142000,LLY
2012-07-11,42.65999984741211,42.90999984741211,42.52000045776367,42.79999923706055,4062700,LLY
2012-07-12,42.66999816894531,42.93000030517578,42.5099983215332,42.84000015258789,4075600,LLY
2012-07-13,42.91999816894531,43.5,42.72999954223633,43.2599983215332,4580100,LLY
2012-07-16,43.209999084472656,43.88999938964844,43.189998626708984,43.849998474121094,5779500,LLY
2012-07-17,44.08000183105469,44.27000045776367,43.79999923706055,43.959999084472656,11535500,LLY
2012-07-18,43.849998474121094,44.66999816894531,43.790000915527344,44.5099983215332,9138900,LLY
2012-07-19,44.52000045776367,44.599998474121094,44.38999938964844,44.400001525878906,4592100,LLY
2012-07-20,44.15999984741211,44.27000045776367,43.97999954223633,44.16999816894531,6506800,LLY
2012-07-23,43.88999938964844,43.97999954223633,43.59000015258789,43.83000183105469,4538100,LLY
2012-07-24,42.7400016784668,42.849998474121094,41.59000015258789,41.97999954223633,17930800,LLY
2012-07-25,43.27000045776367,43.58000183105469,42.58000183105469,43.119998931884766,12960200,LLY
2012-07-26,43.720001220703125,43.869998931884766,43.369998931884766,43.61000061035156,6966400,LLY
2012-07-27,44.0,44.529998779296875,43.9900016784668,44.369998931884766,7526500,LLY
2012-07-30,43.90999984741211,44.09000015258789,43.63999938964844,44.04999923706055,6791100,LLY
2012-07-31,44.08000183105469,44.40999984741211,43.9900016784668,44.029998779296875,7260000,LLY
2012-08-01,44.119998931884766,44.400001525878906,43.790000915527344,43.86000061035156,8163800,LLY
2012-08-02,43.68000030517578,43.939998626708984,43.15999984741211,43.31999969482422,6742000,LLY
2012-08-03,43.970001220703125,44.20000076293945,43.900001525878906,44.150001525878906,5380100,LLY
2012-08-06,44.119998931884766,44.130001068115234,43.709999084472656,43.709999084472656,3838700,LLY
2012-08-07,43.209999084472656,43.5099983215332,42.20000076293945,42.75,11700700,LLY
2012-08-08,42.75,43.0,42.61000061035156,42.849998474121094,5464700,LLY
2012-08-09,42.810001373291016,42.95000076293945,42.54999923706055,42.720001220703125,5164300,LLY
2012-08-10,42.7400016784668,43.689998626708984,42.560001373291016,43.599998474121094,11829200,LLY
2012-08-13,42.90999984741211,42.9900016784668,42.61000061035156,42.810001373291016,3928300,LLY
2012-08-14,42.9900016784668,43.02000045776367,42.65999984741211,42.72999954223633,3274600,LLY
2012-08-15,42.720001220703125,43.029998779296875,42.709999084472656,42.97999954223633,5168600,LLY
2012-08-16,42.959999084472656,43.02000045776367,42.63999938964844,42.75,3271500,LLY
2012-08-17,42.849998474121094,42.849998474121094,42.27000045776367,42.41999816894531,4521500,LLY
2012-08-20,42.41999816894531,42.41999816894531,42.209999084472656,42.34000015258789,3892400,LLY
2012-08-21,42.4900016784668,42.4900016784668,42.099998474121094,42.209999084472656,4195400,LLY
2012-08-22,42.16999816894531,42.380001068115234,42.119998931884766,42.16999816894531,4709000,LLY
2012-08-23,42.15999984741211,42.47999954223633,42.119998931884766,42.400001525878906,4589600,LLY
2012-08-24,44.810001373291016,45.0099983215332,43.36000061035156,43.86000061035156,48000900,LLY
2012-08-27,43.75,44.97999954223633,43.75,44.59000015258789,15116900,LLY
2012-08-28,44.630001068115234,45.45000076293945,44.209999084472656,44.709999084472656,13256500,LLY
2012-08-29,44.599998474121094,45.2599983215332,44.380001068115234,45.16999816894531,8328900,LLY
2012-08-30,45.0,45.0,44.630001068115234,44.900001525878906,5234500,LLY
2012-08-31,45.06999969482422,45.290000915527344,44.68000030517578,44.90999984741211,6397500,LLY
2012-09-04,44.970001220703125,45.40999984741211,44.709999084472656,45.290000915527344,6948400,LLY
2012-09-05,45.869998931884766,46.36000061035156,45.720001220703125,45.810001373291016,11305000,LLY
2012-09-06,45.97999954223633,46.86000061035156,45.97999954223633,46.810001373291016,8553600,LLY
2012-09-07,46.709999084472656,46.869998931884766,46.290000915527344,46.650001525878906,9900100,LLY
2012-09-10,46.7400016784668,46.849998474121094,46.52000045776367,46.52000045776367,4721800,LLY
2012-09-11,46.650001525878906,46.70000076293945,46.40999984741211,46.4900016784668,4263300,LLY
2012-09-12,46.47999954223633,46.86000061035156,46.459999084472656,46.54999923706055,3977600,LLY
2012-09-13,46.619998931884766,47.2599983215332,46.310001373291016,47.150001525878906,5501100,LLY
2012-09-14,47.0099983215332,47.0099983215332,46.5099983215332,46.720001220703125,6510400,LLY
2012-09-17,46.540000915527344,46.939998626708984,46.529998779296875,46.83000183105469,7230400,LLY
2012-09-18,46.52000045776367,47.06999969482422,46.52000045776367,46.90999984741211,4155500,LLY
2012-09-19,46.77000045776367,47.18000030517578,46.68000030517578,46.86000061035156,5176800,LLY
2012-09-20,46.77000045776367,47.099998474121094,46.75,47.02000045776367,4905700,LLY
2012-09-21,47.16999816894531,47.7599983215332,47.099998474121094,47.459999084472656,8368200,LLY
2012-09-24,47.5,47.630001068115234,47.15999984741211,47.400001525878906,4873400,LLY
2012-09-25,47.52000045776367,47.84000015258789,47.40999984741211,47.45000076293945,4395100,LLY
2012-09-26,47.45000076293945,47.70000076293945,46.84000015258789,47.20000076293945,4792400,LLY
2012-09-27,47.36000061035156,47.720001220703125,47.099998474121094,47.63999938964844,5020300,LLY
2012-09-28,47.369998931884766,47.52000045776367,47.0,47.40999984741211,5941800,LLY
2012-10-01,47.4900016784668,48.040000915527344,47.459999084472656,47.56999969482422,5301900,LLY
2012-10-02,47.810001373291016,48.13999938964844,47.790000915527344,47.939998626708984,4948300,LLY
2012-10-03,48.060001373291016,48.38999938964844,47.93000030517578,48.310001373291016,5763600,LLY
2012-10-04,48.459999084472656,48.95000076293945,48.41999816894531,48.7599983215332,7990400,LLY
2012-10-05,48.72999954223633,48.900001525878906,47.97999954223633,48.22999954223633,7089400,LLY
2012-10-08,48.04999923706055,50.939998626708984,47.7599983215332,50.779998779296875,28624000,LLY
2012-10-09,51.41999816894531,53.54999923706055,50.970001220703125,51.810001373291016,29784100,LLY
2012-10-10,51.720001220703125,51.869998931884766,50.08000183105469,50.22999954223633,11520300,LLY
2012-10-11,50.54999923706055,50.869998931884766,50.29999923706055,50.599998474121094,6467400,LLY
2012-10-12,50.06999969482422,50.7400016784668,50.0,50.45000076293945,6823400,LLY
2012-10-15,50.900001525878906,53.16999816894531,50.810001373291016,52.529998779296875,12886200,LLY
2012-10-16,52.84000015258789,53.880001068115234,52.79999923706055,53.65999984741211,11263700,LLY
2012-10-17,53.779998779296875,53.9900016784668,53.209999084472656,53.66999816894531,5918400,LLY
2012-10-18,53.459999084472656,53.86000061035156,53.029998779296875,53.810001373291016,7926300,LLY
2012-10-19,53.880001068115234,53.880001068115234,52.54999923706055,52.86000061035156,6781500,LLY
2012-10-22,53.380001068115234,53.470001220703125,51.93000030517578,52.279998779296875,9336600,LLY
2012-10-23,51.869998931884766,52.040000915527344,50.560001373291016,51.90999984741211,10998200,LLY
2012-10-24,49.97999954223633,51.56999969482422,49.72999954223633,50.5,14232600,LLY
2012-10-25,50.61000061035156,51.189998626708984,50.43000030517578,51.08000183105469,7109800,LLY
2012-10-26,50.959999084472656,51.0,50.130001068115234,50.209999084472656,6047600,LLY
2012-10-31,50.810001373291016,50.810001373291016,48.130001068115234,48.630001068115234,13386400,LLY
2012-11-01,48.88999938964844,49.689998626708984,48.15999984741211,49.099998474121094,8200800,LLY
2012-11-02,49.38999938964844,49.47999954223633,48.54999923706055,48.54999923706055,10584600,LLY
2012-11-05,48.369998931884766,48.900001525878906,48.310001373291016,48.779998779296875,4246100,LLY
2012-11-06,48.79999923706055,49.130001068115234,48.58000183105469,48.779998779296875,5705500,LLY
2012-11-07,48.5099983215332,49.0099983215332,47.540000915527344,48.18000030517578,9276000,LLY
2012-11-08,48.119998931884766,48.220001220703125,47.45000076293945,47.470001220703125,23062400,LLY
2012-11-09,47.13999938964844,48.0,47.13999938964844,47.470001220703125,15307500,LLY
2012-11-12,47.5,48.63999938964844,47.38999938964844,48.29999923706055,7293700,LLY
2012-11-13,47.65999984741211,47.959999084472656,47.119998931884766,47.13999938964844,7142600,LLY
2012-11-14,47.2400016784668,47.599998474121094,46.0099983215332,46.220001220703125,9323100,LLY
2012-11-15,46.16999816894531,46.40999984741211,44.880001068115234,45.959999084472656,6867700,LLY
2012-11-16,46.0,46.25,45.43000030517578,45.90999984741211,8915600,LLY
2012-11-19,46.29999923706055,47.06999969482422,46.150001525878906,47.029998779296875,8489500,LLY
2012-11-20,47.029998779296875,47.290000915527344,46.75,47.189998626708984,4547600,LLY
2012-11-21,47.33000183105469,47.439998626708984,46.959999084472656,47.41999816894531,3922900,LLY
2012-11-23,47.47999954223633,47.7599983215332,47.40999984741211,47.7400016784668,2254200,LLY
2012-11-26,47.349998474121094,47.93000030517578,46.88999938964844,47.93000030517578,7630800,LLY
2012-11-27,47.81999969482422,48.27000045776367,47.5099983215332,47.68000030517578,5380000,LLY
2012-11-28,47.630001068115234,48.04999923706055,47.25,48.040000915527344,3654200,LLY
2012-11-29,48.290000915527344,48.77000045776367,48.22999954223633,48.58000183105469,4395700,LLY
2012-11-30,48.61000061035156,49.150001525878906,48.38999938964844,49.040000915527344,6859200,LLY
2012-12-03,49.209999084472656,49.61000061035156,48.79999923706055,48.91999816894531,5651800,LLY
2012-12-04,48.90999984741211,49.470001220703125,48.849998474121094,49.220001220703125,5488200,LLY
2012-12-05,49.220001220703125,49.70000076293945,48.97999954223633,49.58000183105469,5268300,LLY
2012-12-06,49.630001068115234,49.650001525878906,49.25,49.400001525878906,5151100,LLY
2012-12-07,49.470001220703125,49.65999984741211,49.20000076293945,49.630001068115234,2972400,LLY
2012-12-10,49.61000061035156,50.310001373291016,49.20000076293945,50.119998931884766,4296900,LLY
2012-12-11,50.209999084472656,50.7599983215332,50.13999938964844,50.599998474121094,5401500,LLY
2012-12-12,49.25,50.0,48.810001373291016,49.0,18763400,LLY
2012-12-13,49.18000030517578,49.27000045776367,47.970001220703125,48.22999954223633,10167100,LLY
2012-12-14,48.04999923706055,48.09000015258789,47.61000061035156,47.790000915527344,6357400,LLY
2012-12-17,47.79999923706055,48.54999923706055,47.779998779296875,48.34000015258789,7445300,LLY
2012-12-18,48.56999969482422,49.540000915527344,48.349998474121094,49.52000045776367,13440200,LLY
2012-12-19,49.41999816894531,49.619998931884766,48.90999984741211,48.91999816894531,7036700,LLY
2012-12-20,48.88999938964844,49.349998474121094,48.709999084472656,49.25,6572200,LLY
2012-12-21,48.869998931884766,49.689998626708984,48.75,49.54999923706055,12842500,LLY
2012-12-24,49.459999084472656,49.459999084472656,48.79999923706055,49.040000915527344,2765100,LLY
2012-12-26,49.099998474121094,49.2400016784668,48.619998931884766,49.060001373291016,3680400,LLY
2012-12-27,48.97999954223633,49.38999938964844,48.52000045776367,48.970001220703125,4349100,LLY
2012-12-28,48.650001525878906,49.18000030517578,48.54999923706055,48.599998474121094,3646300,LLY
2012-12-31,48.5,49.349998474121094,48.380001068115234,49.31999969482422,5245200,LLY
2013-01-02,49.939998626708984,50.310001373291016,49.189998626708984,49.5099983215332,8352400,LLY
2013-01-03,49.52000045776367,49.849998474121094,49.209999084472656,49.720001220703125,7448100,LLY
2013-01-04,51.060001373291016,51.900001525878906,50.689998626708984,51.560001373291016,13587200,LLY
2013-01-07,51.310001373291016,51.900001525878906,51.0099983215332,51.4900016784668,6989100,LLY
2013-01-08,51.41999816894531,52.02000045776367,51.279998779296875,51.880001068115234,5246100,LLY
2013-01-09,52.189998626708984,53.060001373291016,52.0,52.970001220703125,7267200,LLY
2013-01-10,53.25,53.529998779296875,52.869998931884766,53.25,6324400,LLY
2013-01-11,53.36000061035156,53.400001525878906,52.959999084472656,53.11000061035156,5126500,LLY
2013-01-14,53.20000076293945,53.41999816894531,52.75,52.79999923706055,6286100,LLY
2013-01-15,52.65999984741211,53.36000061035156,52.650001525878906,53.290000915527344,5915600,LLY
2013-01-16,53.16999816894531,53.310001373291016,52.720001220703125,52.93000030517578,4467100,LLY
2013-01-17,52.61000061035156,53.470001220703125,52.52000045776367,53.33000183105469,4880800,LLY
2013-01-18,53.310001373291016,53.77000045776367,52.93000030517578,53.77000045776367,6557400,LLY
2013-01-22,53.720001220703125,53.77000045776367,53.119998931884766,53.439998626708984,6089100,LLY
2013-01-23,52.75,52.959999084472656,52.20000076293945,52.400001525878906,10413800,LLY
2013-01-24,52.599998474121094,53.2599983215332,52.599998474121094,53.15999984741211,6719100,LLY
2013-01-25,53.16999816894531,53.66999816894531,53.09000015258789,53.209999084472656,6028200,LLY
2013-01-28,53.119998931884766,53.25,52.459999084472656,52.63999938964844,8054100,LLY
2013-01-29,52.7599983215332,54.869998931884766,52.7599983215332,54.31999969482422,11003300,LLY
2013-01-30,54.22999954223633,54.779998779296875,53.9900016784668,54.150001525878906,6316700,LLY
2013-01-31,54.06999969482422,54.15999984741211,53.209999084472656,53.689998626708984,5121400,LLY
2013-02-01,53.54999923706055,54.47999954223633,53.54999923706055,54.20000076293945,4205500,LLY
2013-02-04,53.84000015258789,53.880001068115234,53.470001220703125,53.54999923706055,4968900,LLY
2013-02-05,53.7599983215332,54.38999938964844,53.7599983215332,54.099998474121094,3519900,LLY
2013-02-06,53.93000030517578,54.15999984741211,53.630001068115234,53.93000030517578,3575100,LLY
2013-02-07,53.849998474121094,53.91999816894531,53.220001220703125,53.779998779296875,5233900,LLY
2013-02-08,53.63999938964844,54.0,53.560001373291016,53.720001220703125,17142800,LLY
2013-02-11,53.560001373291016,54.060001373291016,53.47999954223633,53.900001525878906,18307300,LLY
2013-02-12,53.7400016784668,53.90999984741211,53.68000030517578,53.79999923706055,19666700,LLY
2013-02-13,53.400001525878906,53.45000076293945,53.2599983215332,53.439998626708984,4385000,LLY
2013-02-14,53.220001220703125,53.58000183105469,53.18000030517578,53.5,4276900,LLY
2013-02-15,53.5,54.0,53.5,53.59000015258789,5482800,LLY
2013-02-19,53.619998931884766,54.18000030517578,53.599998474121094,54.18000030517578,3981200,LLY
2013-02-20,54.15999984741211,54.68000030517578,54.099998474121094,54.290000915527344,4446300,LLY
2013-02-21,54.11000061035156,54.25,53.93000030517578,54.02000045776367,5512500,LLY
2013-02-22,54.06999969482422,54.27000045776367,53.529998779296875,54.27000045776367,5519000,LLY
2013-02-25,54.5,54.93000030517578,53.77000045776367,53.77000045776367,6361000,LLY
2013-02-26,54.08000183105469,54.52000045776367,53.720001220703125,54.43000030517578,4772100,LLY
2013-02-27,54.5,54.9900016784668,54.2599983215332,54.79999923706055,3972000,LLY
2013-02-28,54.68000030517578,54.97999954223633,54.58000183105469,54.65999984741211,5877500,LLY
2013-03-01,54.310001373291016,54.849998474121094,54.310001373291016,54.779998779296875,4592600,LLY
2013-03-04,54.65999984741211,54.90999984741211,54.529998779296875,54.7599983215332,4424200,LLY
2013-03-05,54.970001220703125,55.7400016784668,54.90999984741211,55.540000915527344,4866800,LLY
2013-03-06,55.58000183105469,55.66999816894531,54.91999816894531,55.08000183105469,6787700,LLY
2013-03-07,55.09000015258789,55.560001373291016,55.08000183105469,55.349998474121094,3602300,LLY
2013-03-08,55.5,55.59000015258789,54.970001220703125,55.15999984741211,4824800,LLY
2013-03-11,55.060001373291016,55.2400016784668,54.790000915527344,55.06999969482422,4766200,LLY
2013-03-12,55.060001373291016,55.43000030517578,54.95000076293945,55.08000183105469,3870600,LLY
2013-03-13,55.150001525878906,55.27000045776367,55.0,55.060001373291016,3623700,LLY
2013-03-14,55.459999084472656,55.650001525878906,54.810001373291016,55.06999969482422,5357000,LLY
2013-03-15,54.68000030517578,55.130001068115234,54.38999938964844,55.130001068115234,10614700,LLY
2013-03-18,54.630001068115234,54.95000076293945,54.540000915527344,54.65999984741211,3926500,LLY
2013-03-19,54.83000183105469,54.959999084472656,54.5,54.790000915527344,3337200,LLY
2013-03-20,55.04999923706055,55.45000076293945,55.02000045776367,55.29999923706055,3802800,LLY
2013-03-21,55.040000915527344,55.290000915527344,54.880001068115234,55.08000183105469,2702500,LLY
2013-03-22,55.25,55.68000030517578,55.130001068115234,55.56999969482422,2811100,LLY
2013-03-25,55.70000076293945,55.790000915527344,55.2599983215332,55.619998931884766,4675200,LLY
2013-03-26,55.900001525878906,56.68000030517578,55.779998779296875,56.290000915527344,5107900,LLY
2013-03-27,56.029998779296875,56.459999084472656,55.95000076293945,56.369998931884766,3417800,LLY
2013-03-28,56.5099983215332,56.939998626708984,56.31999969482422,56.790000915527344,4223200,LLY
2013-04-01,56.66999816894531,56.79999923706055,56.220001220703125,56.61000061035156,3668000,LLY
2013-04-02,56.630001068115234,57.13999938964844,56.290000915527344,56.5,4040300,LLY
2013-04-03,56.66999816894531,57.22999954223633,56.58000183105469,56.849998474121094,5563600,LLY
2013-04-04,56.849998474121094,57.279998779296875,56.560001373291016,56.93000030517578,3016200,LLY
2013-04-05,56.45000076293945,56.61000061035156,56.220001220703125,56.47999954223633,3001200,LLY
2013-04-08,56.45000076293945,56.81999969482422,55.880001068115234,56.81999969482422,3691900,LLY
2013-04-09,56.959999084472656,57.22999954223633,56.58000183105469,56.7400016784668,4145100,LLY
2013-04-10,57.220001220703125,57.68000030517578,57.209999084472656,57.59000015258789,3238000,LLY
2013-04-11,57.650001525878906,58.2599983215332,57.58000183105469,58.0,4048000,LLY
2013-04-12,57.77000045776367,58.34000015258789,57.36000061035156,57.5099983215332,4709100,LLY
2013-04-15,57.02000045776367,57.75,56.47999954223633,56.4900016784668,5645800,LLY
2013-04-16,56.79999923706055,57.33000183105469,56.540000915527344,57.18000030517578,4130500,LLY
2013-04-17,56.97999954223633,57.630001068115234,56.7400016784668,57.470001220703125,4147400,LLY
2013-04-18,57.47999954223633,57.5099983215332,56.16999816894531,56.290000915527344,4098600,LLY
2013-04-19,56.560001373291016,57.439998626708984,56.369998931884766,57.41999816894531,4892900,LLY
2013-04-22,57.459999084472656,57.630001068115234,56.9900016784668,57.58000183105469,2732900,LLY
2013-04-23,57.939998626708984,58.400001525878906,57.52000045776367,58.33000183105469,4014600,LLY
2013-04-24,57.90999984741211,58.33000183105469,56.02000045776367,56.04999923706055,6678800,LLY
2013-04-25,56.380001068115234,56.5,55.02000045776367,56.43000030517578,7431300,LLY
2013-04-26,56.45000076293945,56.75,56.279998779296875,56.459999084472656,3457300,LLY
2013-04-29,56.59000015258789,56.630001068115234,55.790000915527344,56.0099983215332,4852700,LLY
2013-04-30,55.900001525878906,55.900001525878906,55.15999984741211,55.380001068115234,4679000,LLY
2013-05-01,55.099998474121094,55.130001068115234,54.150001525878906,54.2400016784668,5789900,LLY
2013-05-02,54.31999969482422,54.83000183105469,54.150001525878906,54.70000076293945,4060900,LLY
2013-05-03,55.189998626708984,55.189998626708984,54.58000183105469,54.9900016784668,3407600,LLY
2013-05-06,55.02000045776367,55.15999984741211,54.29999923706055,54.470001220703125,4618300,LLY
2013-05-07,54.52000045776367,54.59000015258789,53.849998474121094,54.16999816894531,6318500,LLY
2013-05-08,54.22999954223633,54.779998779296875,54.15999984741211,54.52000045776367,5429000,LLY
2013-05-09,54.58000183105469,54.939998626708984,54.349998474121094,54.560001373291016,12817600,LLY
2013-05-10,53.970001220703125,54.81999969482422,53.880001068115234,54.81999969482422,15278800,LLY
2013-05-13,54.720001220703125,56.310001373291016,54.54999923706055,56.279998779296875,18982900,LLY
2013-05-14,55.810001373291016,56.18000030517578,55.709999084472656,55.869998931884766,4821500,LLY
2013-05-15,55.91999816894531,57.099998474121094,55.91999816894531,56.720001220703125,5386200,LLY
2013-05-16,56.560001373291016,56.560001373291016,55.81999969482422,55.939998626708984,3819900,LLY
2013-05-17,55.970001220703125,56.22999954223633,55.349998474121094,55.900001525878906,3762700,LLY
2013-05-20,55.900001525878906,55.939998626708984,54.880001068115234,55.02000045776367,4242600,LLY
2013-05-21,55.06999969482422,55.43000030517578,54.65999984741211,55.13999938964844,4220100,LLY
2013-05-22,55.2599983215332,56.060001373291016,54.65999984741211,54.91999816894531,4569300,LLY
2013-05-23,54.66999816894531,55.29999923706055,54.5099983215332,54.7400016784668,3953000,LLY
2013-05-24,54.5,54.5,53.88999938964844,54.13999938964844,4983600,LLY
2013-05-28,54.709999084472656,55.189998626708984,54.31999969482422,54.540000915527344,4344000,LLY
2013-05-29,54.2400016784668,54.36000061035156,53.439998626708984,53.75,4201600,LLY
2013-05-30,53.93000030517578,54.619998931884766,53.790000915527344,54.08000183105469,4393500,LLY
2013-05-31,53.91999816894531,54.060001373291016,53.150001525878906,53.15999984741211,4827100,LLY
2013-06-03,53.08000183105469,53.2400016784668,52.52000045776367,53.13999938964844,4173000,LLY
2013-06-04,53.13999938964844,53.41999816894531,52.220001220703125,52.5,4093300,LLY
2013-06-05,52.31999969482422,52.869998931884766,51.7599983215332,51.810001373291016,4540700,LLY
2013-06-06,51.88999938964844,52.43000030517578,51.34000015258789,52.09000015258789,4976800,LLY
2013-06-07,52.58000183105469,53.060001373291016,52.279998779296875,52.4900016784668,4367400,LLY
2013-06-10,52.70000076293945,52.83000183105469,52.150001525878906,52.63999938964844,4212600,LLY
2013-06-11,52.22999954223633,52.31999969482422,51.779998779296875,51.939998626708984,5268400,LLY
2013-06-12,52.310001373291016,52.61000061035156,51.7599983215332,51.779998779296875,3507000,LLY
2013-06-13,51.68000030517578,51.88999938964844,50.83000183105469,51.849998474121094,7099100,LLY
2013-06-14,51.470001220703125,52.279998779296875,51.38999938964844,52.04999923706055,6116300,LLY
2013-06-17,52.41999816894531,53.04999923706055,52.20000076293945,52.36000061035156,5134700,LLY
2013-06-18,52.470001220703125,52.720001220703125,51.689998626708984,52.349998474121094,5163600,LLY
2013-06-19,52.279998779296875,52.380001068115234,51.31999969482422,51.369998931884766,4578700,LLY
2013-06-20,50.959999084472656,50.959999084472656,49.209999084472656,49.40999984741211,7952200,LLY
2013-06-21,50.02000045776367,50.43000030517578,49.529998779296875,49.90999984741211,7198300,LLY
2013-06-24,49.310001373291016,49.599998474121094,48.68000030517578,49.060001373291016,5861800,LLY
2013-06-25,49.540000915527344,49.540000915527344,48.90999984741211,49.220001220703125,4041300,LLY
2013-06-26,49.65999984741211,49.900001525878906,49.220001220703125,49.790000915527344,6075500,LLY
2013-06-27,50.11000061035156,50.33000183105469,49.720001220703125,49.720001220703125,3657300,LLY
2013-06-28,49.619998931884766,49.86000061035156,49.04999923706055,49.119998931884766,8242900,LLY
2013-07-01,49.349998474121094,50.310001373291016,49.27000045776367,50.15999984741211,6987400,LLY
2013-07-02,50.08000183105469,50.93000030517578,50.06999969482422,50.5,5845400,LLY
2013-07-03,50.47999954223633,50.47999954223633,49.5,50.13999938964844,2671200,LLY
2013-07-05,50.59000015258789,50.81999969482422,49.970001220703125,50.58000183105469,2700400,LLY
2013-07-08,50.79999923706055,51.189998626708984,50.65999984741211,51.130001068115234,4376000,LLY
2013-07-09,51.40999984741211,51.810001373291016,51.15999984741211,51.790000915527344,4518800,LLY
2013-07-10,51.779998779296875,51.90999984741211,51.25,51.41999816894531,3865200,LLY
2013-07-11,52.060001373291016,52.060001373291016,51.43000030517578,51.540000915527344,3922600,LLY
2013-07-12,51.630001068115234,51.630001068115234,51.099998474121094,51.45000076293945,4066900,LLY
2013-07-15,51.40999984741211,51.720001220703125,51.16999816894531,51.540000915527344,2922300,LLY
2013-07-16,51.54999923706055,51.790000915527344,50.79999923706055,51.0,4029900,LLY
2013-07-17,51.20000076293945,51.2400016784668,50.61000061035156,50.66999816894531,4038000,LLY
2013-07-18,50.630001068115234,50.66999816894531,49.83000183105469,49.91999816894531,6040300,LLY
2013-07-19,49.93000030517578,50.61000061035156,49.459999084472656,50.599998474121094,7808800,LLY
2013-07-22,50.54999923706055,50.83000183105469,50.33000183105469,50.630001068115234,3362600,LLY
2013-07-23,50.77000045776367,51.060001373291016,50.560001373291016,50.9900016784668,3926400,LLY
2013-07-24,52.0,52.68000030517578,51.75,52.54999923706055,8955800,LLY
2013-07-25,52.40999984741211,52.63999938964844,51.880001068115234,52.59000015258789,4085400,LLY
2013-07-26,52.40999984741211,53.400001525878906,52.25,53.36000061035156,4349400,LLY
2013-07-29,53.22999954223633,53.83000183105469,53.150001525878906,53.560001373291016,4230700,LLY
2013-07-30,53.79999923706055,53.97999954223633,53.209999084472656,53.31999969482422,3594200,LLY
2013-07-31,53.36000061035156,53.650001525878906,52.93000030517578,53.11000061035156,4334500,LLY
2013-08-01,53.43000030517578,53.66999816894531,53.11000061035156,53.5,3297800,LLY
2013-08-02,53.470001220703125,53.91999816894531,53.220001220703125,53.880001068115234,3626300,LLY
2013-08-05,53.869998931884766,54.45000076293945,53.59000015258789,53.869998931884766,3794000,LLY
2013-08-06,53.900001525878906,54.189998626708984,53.22999954223633,53.31999969482422,4177300,LLY
2013-08-07,53.31999969482422,53.75,53.04999923706055,53.619998931884766,3377600,LLY
2013-08-08,53.880001068115234,53.91999816894531,53.220001220703125,53.56999969482422,17504400,LLY
2013-08-09,53.56999969482422,54.209999084472656,53.349998474121094,54.18000030517578,14719900,LLY
2013-08-12,53.86000061035156,54.09000015258789,53.58000183105469,54.04999923706055,17194000,LLY
2013-08-13,56.0,56.5,54.72999954223633,54.959999084472656,14253300,LLY
2013-08-14,54.959999084472656,55.099998474121094,54.0099983215332,54.20000076293945,5054300,LLY
2013-08-15,53.7599983215332,53.93000030517578,53.27000045776367,53.38999938964844,4509000,LLY
2013-08-16,53.16999816894531,53.31999969482422,52.790000915527344,52.86000061035156,5112300,LLY
2013-08-19,52.709999084472656,53.150001525878906,52.68000030517578,52.790000915527344,3372700,LLY
2013-08-20,52.790000915527344,53.08000183105469,52.72999954223633,52.79999923706055,2890900,LLY
2013-08-21,52.72999954223633,52.93000030517578,52.31999969482422,52.41999816894531,3969600,LLY
2013-08-22,52.400001525878906,52.77000045776367,52.310001373291016,52.459999084472656,2388600,LLY
2013-08-23,52.459999084472656,52.619998931884766,51.93000030517578,52.619998931884766,3249400,LLY
2013-08-26,52.70000076293945,52.77000045776367,52.040000915527344,52.04999923706055,4048600,LLY
2013-08-27,51.689998626708984,51.7400016784668,51.2400016784668,51.27000045776367,4527000,LLY
2013-08-28,51.189998626708984,51.75,51.0,51.470001220703125,3211800,LLY
2013-08-29,51.2599983215332,51.7400016784668,51.099998474121094,51.45000076293945,2305000,LLY
2013-08-30,51.459999084472656,51.619998931884766,51.16999816894531,51.400001525878906,3237300,LLY
2013-09-03,51.77000045776367,51.900001525878906,51.040000915527344,51.310001373291016,2641600,LLY
2013-09-04,51.36000061035156,52.400001525878906,51.279998779296875,52.18000030517578,4179500,LLY
2013-09-05,52.290000915527344,52.349998474121094,51.91999816894531,52.209999084472656,2424400,LLY
2013-09-06,52.220001220703125,52.72999954223633,51.689998626708984,52.40999984741211,2886500,LLY
2013-09-09,52.40999984741211,52.58000183105469,52.09000015258789,52.540000915527344,2324500,LLY
2013-09-10,52.88999938964844,53.130001068115234,52.529998779296875,52.869998931884766,3414600,LLY
2013-09-11,52.869998931884766,53.150001525878906,52.689998626708984,52.79999923706055,3943800,LLY
2013-09-12,52.900001525878906,53.220001220703125,52.7599983215332,52.90999984741211,3094200,LLY
2013-09-13,53.0099983215332,53.290000915527344,52.93000030517578,53.27000045776367,2784500,LLY
2013-09-16,53.77000045776367,53.84000015258789,53.43000030517578,53.63999938964844,2666100,LLY
2013-09-17,53.63999938964844,54.18000030517578,53.61000061035156,53.83000183105469,3782200,LLY
2013-09-18,53.869998931884766,54.25,53.220001220703125,54.15999984741211,3332500,LLY
2013-09-19,53.900001525878906,54.119998931884766,53.630001068115234,53.86000061035156,3410300,LLY
2013-09-20,54.040000915527344,54.18000030517578,53.720001220703125,53.93000030517578,5877800,LLY
2013-09-23,53.84000015258789,53.86000061035156,52.83000183105469,53.040000915527344,4571400,LLY
2013-09-24,52.9900016784668,53.09000015258789,52.33000183105469,52.43000030517578,5359100,LLY
2013-09-25,52.599998474121094,52.95000076293945,52.36000061035156,52.61000061035156,4167600,LLY
2013-09-26,51.20000076293945,51.95000076293945,50.150001525878906,51.040000915527344,14551200,LLY
2013-09-27,50.68000030517578,50.81999969482422,50.06999969482422,50.5,5866600,LLY
2013-09-30,50.29999923706055,50.65999984741211,50.209999084472656,50.33000183105469,4803500,LLY
2013-10-01,50.40999984741211,50.689998626708984,50.2400016784668,50.66999816894531,3978100,LLY
2013-10-02,50.45000076293945,50.66999816894531,50.220001220703125,50.540000915527344,3424800,LLY
2013-10-03,50.25,50.290000915527344,48.5,48.79999923706055,15000900,LLY
2013-10-04,48.86000061035156,48.86000061035156,48.0099983215332,48.380001068115234,10750400,LLY
2013-10-07,48.16999816894531,48.209999084472656,47.560001373291016,47.650001525878906,7826100,LLY
2013-10-08,47.75,48.36000061035156,47.529998779296875,48.04999923706055,10496100,LLY
2013-10-09,48.09000015258789,48.2599983215332,47.529998779296875,47.959999084472656,6925000,LLY
2013-10-10,48.81999969482422,49.15999984741211,48.5099983215332,49.150001525878906,6285000,LLY
2013-10-11,48.630001068115234,49.09000015258789,48.5099983215332,48.880001068115234,6571900,LLY
2013-10-14,48.630001068115234,49.04999923706055,48.470001220703125,49.029998779296875,5516000,LLY
2013-10-15,48.79999923706055,49.08000183105469,48.599998474121094,48.810001373291016,4968700,LLY
2013-10-16,48.939998626708984,49.0099983215332,48.5099983215332,48.90999984741211,7249600,LLY
2013-10-17,48.90999984741211,49.7599983215332,48.90999984741211,49.70000076293945,5555800,LLY
2013-10-18,49.970001220703125,50.0099983215332,49.279998779296875,49.560001373291016,7022700,LLY
2013-10-21,49.56999969482422,49.720001220703125,49.38999938964844,49.650001525878906,4469200,LLY
2013-10-22,49.720001220703125,50.369998931884766,49.529998779296875,50.150001525878906,5792100,LLY
2013-10-23,50.52000045776367,51.0,49.939998626708984,50.310001373291016,5754500,LLY
2013-10-24,50.81999969482422,51.0,50.36000061035156,50.54999923706055,5580400,LLY
2013-10-25,50.47999954223633,51.0,50.310001373291016,50.65999984741211,4546700,LLY
2013-10-28,50.70000076293945,51.13999938964844,50.599998474121094,50.880001068115234,4474700,LLY
2013-10-29,50.959999084472656,50.97999954223633,50.130001068115234,50.20000076293945,6986400,LLY
2013-10-30,50.2400016784668,50.27000045776367,48.970001220703125,49.209999084472656,8599400,LLY
2013-10-31,49.27000045776367,50.209999084472656,49.220001220703125,49.81999969482422,6757500,LLY
2013-11-01,49.90999984741211,50.43000030517578,49.810001373291016,50.380001068115234,5045400,LLY
2013-11-04,50.38999938964844,50.54999923706055,50.099998474121094,50.40999984741211,4322800,LLY
2013-11-05,50.279998779296875,50.689998626708984,50.209999084472656,50.369998931884766,3692700,LLY
2013-11-06,50.560001373291016,50.560001373291016,50.2599983215332,50.4900016784668,5477800,LLY
2013-11-07,50.54999923706055,50.619998931884766,49.970001220703125,50.0099983215332,18678300,LLY
2013-11-08,49.95000076293945,50.66999816894531,49.880001068115234,50.630001068115234,18998600,LLY
2013-11-11,49.72999954223633,50.31999969482422,49.5099983215332,50.279998779296875,8162900,LLY
2013-11-12,50.08000183105469,50.279998779296875,49.970001220703125,50.060001373291016,27846900,LLY
2013-11-13,49.279998779296875,50.66999816894531,49.27000045776367,50.54999923706055,8956300,LLY
2013-11-14,50.5,51.13999938964844,50.4900016784668,51.029998779296875,5480100,LLY
2013-11-15,50.869998931884766,51.130001068115234,50.84000015258789,51.0099983215332,5759000,LLY
2013-11-18,51.099998474121094,51.099998474121094,50.77000045776367,51.029998779296875,4024500,LLY
2013-11-19,50.939998626708984,51.09000015258789,50.779998779296875,50.939998626708984,3724800,LLY
2013-11-20,50.88999938964844,51.0,50.47999954223633,50.66999816894531,3711400,LLY
2013-11-21,50.709999084472656,50.81999969482422,50.290000915527344,50.4900016784668,4749300,LLY
2013-11-22,50.52000045776367,51.2400016784668,50.400001525878906,51.22999954223633,5165100,LLY
2013-11-25,51.38999938964844,51.619998931884766,51.220001220703125,51.34000015258789,4338300,LLY
2013-11-26,51.400001525878906,51.45000076293945,50.540000915527344,50.540000915527344,5851200,LLY
2013-11-27,50.310001373291016,50.650001525878906,50.20000076293945,50.36000061035156,3287300,LLY
2013-11-29,50.630001068115234,50.77000045776367,50.099998474121094,50.220001220703125,2142800,LLY
2013-12-02,50.29999923706055,50.4900016784668,49.869998931884766,50.2400016784668,3588300,LLY
2013-12-03,50.15999984741211,50.290000915527344,49.650001525878906,49.779998779296875,5035800,LLY
2013-12-04,49.790000915527344,50.029998779296875,49.529998779296875,49.869998931884766,4106300,LLY
2013-12-05,49.83000183105469,50.18000030517578,49.72999954223633,49.959999084472656,3716500,LLY
2013-12-06,50.34000015258789,50.68000030517578,50.25,50.630001068115234,3854200,LLY
2013-12-09,50.58000183105469,51.04999923706055,50.4900016784668,50.790000915527344,3804800,LLY
2013-12-10,50.86000061035156,50.880001068115234,50.31999969482422,50.4900016784668,4385600,LLY
2013-12-11,50.599998474121094,50.63999938964844,49.869998931884766,49.97999954223633,4610500,LLY
2013-12-12,49.79999923706055,49.95000076293945,49.13999938964844,49.22999954223633,5274400,LLY
2013-12-13,49.279998779296875,49.66999816894531,49.08000183105469,49.38999938964844,4286900,LLY
2013-12-16,49.61000061035156,49.939998626708984,49.16999816894531,49.189998626708984,4906900,LLY
2013-12-17,49.310001373291016,49.310001373291016,48.880001068115234,49.220001220703125,4110200,LLY
2013-12-18,49.2400016784668,50.58000183105469,49.130001068115234,50.5099983215332,6207900,LLY
2013-12-19,50.189998626708984,50.5099983215332,49.88999938964844,50.13999938964844,5356300,LLY
2013-12-20,50.220001220703125,50.93000030517578,49.9900016784668,50.20000076293945,6367100,LLY
2013-12-23,50.47999954223633,50.900001525878906,50.279998779296875,50.54999923706055,4574300,LLY
2013-12-24,50.58000183105469,50.900001525878906,50.5099983215332,50.7400016784668,1359500,LLY
2013-12-26,50.7599983215332,51.25,50.619998931884766,50.9900016784668,2440000,LLY
2013-12-27,51.099998474121094,51.380001068115234,50.90999984741211,51.25,2265000,LLY
2013-12-30,51.150001525878906,51.220001220703125,50.630001068115234,51.16999816894531,3309200,LLY
2013-12-31,51.189998626708984,51.2599983215332,50.849998474121094,51.0,2928600,LLY
2014-01-02,50.970001220703125,51.09000015258789,50.560001373291016,50.72999954223633,3175900,LLY
2014-01-03,50.779998779296875,51.20000076293945,50.66999816894531,51.099998474121094,4006300,LLY
2014-01-06,51.18000030517578,51.939998626708984,51.16999816894531,51.529998779296875,7898300,LLY
2014-01-07,51.529998779296875,52.08000183105469,51.150001525878906,51.189998626708984,7359200,LLY
2014-01-08,50.83000183105469,51.150001525878906,50.52000045776367,51.11000061035156,7517100,LLY
2014-01-09,51.2400016784668,51.7400016784668,51.189998626708984,51.68000030517578,6351700,LLY
2014-01-10,51.4900016784668,52.11000061035156,51.25,51.93000030517578,5399100,LLY
2014-01-13,52.029998779296875,52.52000045776367,51.90999984741211,52.06999969482422,5406300,LLY
2014-01-14,52.13999938964844,52.54999923706055,51.869998931884766,52.439998626708984,4994500,LLY
2014-01-15,52.650001525878906,53.58000183105469,52.41999816894531,53.40999984741211,8427400,LLY
2014-01-16,53.59000015258789,55.63999938964844,53.59000015258789,55.29999923706055,12158200,LLY
2014-01-17,55.349998474121094,55.45000076293945,54.86000061035156,55.15999984741211,7850900,LLY
2014-01-21,55.349998474121094,55.790000915527344,54.88999938964844,55.59000015258789,5624400,LLY
2014-01-22,55.7400016784668,55.779998779296875,55.27000045776367,55.599998474121094,3342300,LLY
2014-01-23,55.380001068115234,55.380001068115234,54.619998931884766,55.150001525878906,5130300,LLY
2014-01-24,54.709999084472656,54.97999954223633,54.0,54.119998931884766,5943500,LLY
2014-01-27,54.220001220703125,54.66999816894531,53.810001373291016,54.130001068115234,6378300,LLY
2014-01-28,54.2599983215332,54.529998779296875,53.86000061035156,54.22999954223633,5771200,LLY
2014-01-29,54.189998626708984,54.220001220703125,53.56999969482422,53.90999984741211,7314000,LLY
2014-01-30,54.09000015258789,54.560001373291016,53.029998779296875,53.27000045776367,7277600,LLY
2014-01-31,53.119998931884766,54.060001373291016,52.869998931884766,54.0099983215332,8214700,LLY
2014-02-03,54.11000061035156,54.380001068115234,52.5099983215332,52.65999984741211,6997800,LLY
2014-02-04,52.849998474121094,53.20000076293945,52.400001525878906,53.099998474121094,6001900,LLY
2014-02-05,53.060001373291016,53.47999954223633,52.459999084472656,52.720001220703125,4467300,LLY
2014-02-06,52.91999816894531,52.97999954223633,52.45000076293945,52.720001220703125,4494400,LLY
2014-02-07,52.810001373291016,53.54999923706055,52.75,53.209999084472656,4488800,LLY
2014-02-10,52.75,53.9900016784668,52.290000915527344,53.970001220703125,4220500,LLY
2014-02-11,53.81999969482422,54.630001068115234,53.65999984741211,54.5099983215332,5869500,LLY
2014-02-12,54.150001525878906,54.150001525878906,53.119998931884766,53.31999969482422,6049500,LLY
2014-02-13,53.040000915527344,53.70000076293945,52.88999938964844,53.47999954223633,3769200,LLY
2014-02-14,53.40999984741211,54.369998931884766,53.33000183105469,54.20000076293945,3970200,LLY
2014-02-18,54.13999938964844,55.34000015258789,54.029998779296875,55.25,6844600,LLY
2014-02-19,57.29999923706055,58.20000076293945,56.54999923706055,58.09000015258789,16112300,LLY
2014-02-20,57.849998474121094,58.52000045776367,57.400001525878906,58.04999923706055,8991600,LLY
2014-02-21,58.099998474121094,58.7599983215332,57.77000045776367,57.959999084472656,6617300,LLY
2014-02-24,58.099998474121094,58.900001525878906,57.88999938964844,58.029998779296875,4142200,LLY
2014-02-25,57.9900016784668,58.84000015258789,57.93000030517578,58.47999954223633,5463600,LLY
2014-02-26,58.470001220703125,58.88999938964844,58.380001068115234,58.65999984741211,4598500,LLY
2014-02-27,58.54999923706055,59.650001525878906,58.45000076293945,59.540000915527344,5659200,LLY
2014-02-28,59.529998779296875,60.119998931884766,59.33000183105469,59.61000061035156,5882500,LLY
2014-03-03,58.95000076293945,59.5,58.810001373291016,59.029998779296875,4088000,LLY
2014-03-04,59.54999923706055,60.099998474121094,59.54999923706055,59.849998474121094,5599100,LLY
2014-03-05,59.939998626708984,59.970001220703125,59.220001220703125,59.43000030517578,3539300,LLY
2014-03-06,59.45000076293945,59.91999816894531,58.689998626708984,58.720001220703125,5075100,LLY
2014-03-07,58.88999938964844,59.08000183105469,58.150001525878906,58.59000015258789,4288600,LLY
2014-03-10,58.5099983215332,58.91999816894531,58.20000076293945,58.900001525878906,3978100,LLY
2014-03-11,58.91999816894531,59.02000045776367,58.31999969482422,58.43000030517578,3438800,LLY
2014-03-12,58.15999984741211,59.209999084472656,58.119998931884766,59.20000076293945,4546500,LLY
2014-03-13,59.2400016784668,59.33000183105469,58.22999954223633,58.34000015258789,4103700,LLY
2014-03-14,58.310001373291016,58.97999954223633,58.22999954223633,58.869998931884766,4201800,LLY
2014-03-17,59.119998931884766,59.290000915527344,58.650001525878906,58.869998931884766,3016200,LLY
2014-03-18,58.90999984741211,59.70000076293945,58.810001373291016,59.400001525878906,4082800,LLY
2014-03-19,59.349998474121094,59.7400016784668,58.630001068115234,59.04999923706055,2865900,LLY
2014-03-20,58.880001068115234,58.88999938964844,58.29999923706055,58.56999969482422,3546400,LLY
2014-03-21,58.880001068115234,59.75,57.7599983215332,57.779998779296875,7410400,LLY
2014-03-24,57.779998779296875,57.9900016784668,56.810001373291016,57.400001525878906,5910900,LLY
2014-03-25,57.45000076293945,57.84000015258789,56.939998626708984,57.209999084472656,6410000,LLY
2014-03-26,57.38999938964844,58.29999923706055,57.2400016784668,57.47999954223633,6628500,LLY
2014-03-27,57.5,58.119998931884766,57.16999816894531,57.529998779296875,5472500,LLY
2014-03-28,57.66999816894531,58.470001220703125,57.400001525878906,57.61000061035156,3117500,LLY
2014-03-31,57.939998626708984,59.130001068115234,57.810001373291016,58.86000061035156,5098900,LLY
2014-04-01,59.130001068115234,59.90999984741211,58.5099983215332,58.81999969482422,6344300,LLY
2014-04-02,59.16999816894531,59.279998779296875,58.75,59.150001525878906,3881400,LLY
2014-04-03,59.83000183105469,60.18000030517578,58.75,58.970001220703125,5446800,LLY
2014-04-04,59.220001220703125,59.959999084472656,58.93000030517578,59.0099983215332,5177900,LLY
2014-04-07,59.2599983215332,60.08000183105469,58.58000183105469,58.619998931884766,5522400,LLY
2014-04-08,58.0,58.93000030517578,57.599998474121094,58.58000183105469,6169800,LLY
2014-04-09,58.70000076293945,60.459999084472656,58.65999984741211,60.43000030517578,6638600,LLY
2014-04-10,60.400001525878906,60.400001525878906,58.529998779296875,58.65999984741211,5514500,LLY
2014-04-11,58.380001068115234,58.88999938964844,58.029998779296875,58.45000076293945,5351000,LLY
2014-04-14,58.91999816894531,59.650001525878906,58.29999923706055,58.95000076293945,3675600,LLY
2014-04-15,59.189998626708984,59.689998626708984,58.279998779296875,59.41999816894531,4526200,LLY
2014-04-16,59.400001525878906,60.0,59.349998474121094,59.959999084472656,5321800,LLY
2014-04-17,59.72999954223633,60.45000076293945,59.619998931884766,60.43000030517578,4743000,LLY
2014-04-21,60.439998626708984,60.88999938964844,59.95000076293945,60.86000061035156,3343000,LLY
2014-04-22,60.970001220703125,61.150001525878906,59.970001220703125,60.029998779296875,6270800,LLY
2014-04-23,59.66999816894531,60.0099983215332,59.22999954223633,59.560001373291016,6555400,LLY
2014-04-24,58.310001373291016,59.18000030517578,57.349998474121094,58.68000030517578,7854500,LLY
2014-04-25,58.70000076293945,59.130001068115234,58.279998779296875,58.5,4260400,LLY
2014-04-28,59.66999816894531,59.66999816894531,58.15999984741211,58.970001220703125,4930700,LLY
2014-04-29,59.20000076293945,59.66999816894531,59.119998931884766,59.619998931884766,5110900,LLY
2014-04-30,59.5,59.58000183105469,58.65999984741211,59.099998474121094,5198100,LLY
2014-05-01,59.18000030517578,59.709999084472656,58.790000915527344,59.52000045776367,4173400,LLY
2014-05-02,59.36000061035156,59.630001068115234,58.75,59.08000183105469,4122500,LLY
2014-05-05,58.77000045776367,58.970001220703125,58.040000915527344,58.880001068115234,3805900,LLY
2014-05-06,58.7400016784668,59.599998474121094,58.45000076293945,58.560001373291016,4185900,LLY
2014-05-07,58.68000030517578,59.16999816894531,58.04999923706055,59.150001525878906,5453300,LLY
2014-05-08,59.08000183105469,59.5099983215332,58.790000915527344,59.5,11023900,LLY
2014-05-09,59.439998626708984,59.5,58.43000030517578,59.36000061035156,5098400,LLY
2014-05-12,59.959999084472656,60.04999923706055,59.060001373291016,59.41999816894531,4982700,LLY
2014-05-13,59.040000915527344,60.349998474121094,58.7599983215332,60.040000915527344,6843500,LLY
2014-05-14,60.04999923706055,60.4900016784668,60.0,60.099998474121094,4050200,LLY
2014-05-15,59.599998474121094,59.810001373291016,58.0099983215332,58.209999084472656,9782900,LLY
2014-05-16,57.97999954223633,58.5,57.810001373291016,58.34000015258789,8677100,LLY
2014-05-19,58.279998779296875,58.7599983215332,58.220001220703125,58.650001525878906,3564300,LLY
2014-05-20,58.650001525878906,58.869998931884766,58.34000015258789,58.65999984741211,3952800,LLY
2014-05-21,58.7599983215332,59.099998474121094,58.650001525878906,59.06999969482422,3020700,LLY
2014-05-22,59.130001068115234,59.86000061035156,58.70000076293945,59.720001220703125,3782400,LLY
2014-05-23,59.630001068115234,59.86000061035156,59.400001525878906,59.79999923706055,2624600,LLY
2014-05-27,60.0,60.0099983215332,59.439998626708984,59.72999954223633,4006600,LLY
2014-05-28,60.22999954223633,60.25,59.70000076293945,59.70000076293945,2604600,LLY
2014-05-29,59.90999984741211,60.0,59.36000061035156,59.470001220703125,3362100,LLY
2014-05-30,59.380001068115234,60.099998474121094,59.29999923706055,59.86000061035156,4803000,LLY
2014-06-02,59.75,59.86000061035156,58.849998474121094,59.4900016784668,3405700,LLY
2014-06-03,59.310001373291016,59.630001068115234,59.11000061035156,59.349998474121094,2798200,LLY
2014-06-04,59.18000030517578,59.45000076293945,58.9900016784668,59.220001220703125,2997400,LLY
2014-06-05,59.279998779296875,59.7599983215332,59.06999969482422,59.58000183105469,2753800,LLY
2014-06-06,59.849998474121094,59.849998474121094,59.380001068115234,59.630001068115234,2551300,LLY
2014-06-09,59.56999969482422,59.7599983215332,59.189998626708984,59.7400016784668,2570100,LLY
2014-06-10,59.81999969482422,59.81999969482422,59.09000015258789,59.75,2988000,LLY
2014-06-11,59.25,59.84000015258789,59.209999084472656,59.470001220703125,2977400,LLY
2014-06-12,59.27000045776367,59.5,58.709999084472656,58.880001068115234,3937400,LLY
2014-06-13,59.95000076293945,59.95000076293945,58.84000015258789,58.900001525878906,2881200,LLY
2014-06-16,58.939998626708984,59.16999816894531,58.5,58.83000183105469,3209200,LLY
2014-06-17,58.7599983215332,59.33000183105469,58.630001068115234,59.25,2805700,LLY
2014-06-18,59.369998931884766,60.0,59.060001373291016,59.9900016784668,3211600,LLY
2014-06-19,60.04999923706055,60.20000076293945,59.650001525878906,59.849998474121094,2431300,LLY
2014-06-20,60.66999816894531,62.13999938964844,60.290000915527344,62.029998779296875,11960600,LLY
2014-06-23,62.08000183105469,62.400001525878906,61.720001220703125,62.06999969482422,5103400,LLY
2014-06-24,61.9900016784668,62.400001525878906,61.59000015258789,61.88999938964844,3809500,LLY
2014-06-25,61.970001220703125,63.099998474121094,61.970001220703125,63.0,6416500,LLY
2014-06-26,62.84000015258789,63.099998474121094,62.439998626708984,63.040000915527344,3663000,LLY
2014-06-27,62.970001220703125,63.2599983215332,62.689998626708984,63.099998474121094,4643700,LLY
2014-06-30,63.34000015258789,63.380001068115234,62.060001373291016,62.16999816894531,4879100,LLY
2014-07-01,62.630001068115234,62.849998474121094,62.0,62.5,4109000,LLY
2014-07-02,62.45000076293945,63.08000183105469,62.119998931884766,62.70000076293945,3941000,LLY
2014-07-03,62.900001525878906,63.099998474121094,62.439998626708984,63.060001373291016,2709100,LLY
2014-07-07,62.83000183105469,63.22999954223633,62.31999969482422,62.61000061035156,2627300,LLY
2014-07-08,62.4900016784668,62.540000915527344,61.869998931884766,62.459999084472656,3449400,LLY
2014-07-09,62.529998779296875,62.709999084472656,62.27000045776367,62.619998931884766,2748600,LLY
2014-07-10,62.130001068115234,62.709999084472656,62.0,62.529998779296875,2619200,LLY
2014-07-11,62.439998626708984,62.95000076293945,62.27000045776367,62.84000015258789,2400700,LLY
2014-07-14,63.0,63.290000915527344,62.709999084472656,63.0099983215332,2436600,LLY
2014-07-15,63.0,63.119998931884766,62.72999954223633,62.86000061035156,3854400,LLY
2014-07-16,63.04999923706055,63.16999816894531,62.06999969482422,62.810001373291016,3885700,LLY
2014-07-17,62.36000061035156,62.869998931884766,62.13999938964844,62.2599983215332,3424700,LLY
2014-07-18,62.47999954223633,63.5,62.31999969482422,63.470001220703125,3281400,LLY
2014-07-21,63.0,63.689998626708984,62.75,63.63999938964844,3479400,LLY
2014-07-22,63.81999969482422,64.1500015258789,63.439998626708984,63.720001220703125,3101800,LLY
2014-07-23,63.93000030517578,64.44000244140625,63.79999923706055,64.25,5559900,LLY
2014-07-24,64.0999984741211,65.69999694824219,63.79999923706055,64.37000274658203,5090200,LLY
2014-07-25,64.0199966430664,64.0999984741211,63.4900016784668,63.779998779296875,2987400,LLY
2014-07-28,63.779998779296875,64.80000305175781,62.869998931884766,63.38999938964844,3956600,LLY
2014-07-29,63.70000076293945,63.810001373291016,62.61000061035156,62.77000045776367,5287400,LLY
2014-07-30,63.13999938964844,63.18000030517578,62.27000045776367,62.619998931884766,3974000,LLY
2014-07-31,61.970001220703125,62.45000076293945,60.939998626708984,61.060001373291016,5485600,LLY
2014-08-01,61.0099983215332,61.060001373291016,60.189998626708984,60.68000030517578,6884700,LLY
2014-08-04,61.0,61.689998626708984,60.75,61.630001068115234,4379100,LLY
2014-08-05,61.5,61.70000076293945,60.7400016784668,60.869998931884766,3389600,LLY
2014-08-06,60.90999984741211,61.41999816894531,60.709999084472656,61.11000061035156,2682800,LLY
2014-08-07,61.400001525878906,61.41999816894531,60.13999938964844,60.349998474121094,2352400,LLY
2014-08-08,60.47999954223633,61.040000915527344,60.34000015258789,60.97999954223633,2665400,LLY
2014-08-11,61.349998474121094,61.869998931884766,61.060001373291016,61.08000183105469,2850400,LLY
2014-08-12,61.06999969482422,61.459999084472656,61.0,61.369998931884766,3481500,LLY
2014-08-13,61.2400016784668,61.4900016784668,60.459999084472656,60.59000015258789,4136900,LLY
2014-08-14,60.779998779296875,61.220001220703125,60.779998779296875,61.189998626708984,1801600,LLY
2014-08-15,61.33000183105469,61.459999084472656,60.5,60.84000015258789,3075600,LLY
2014-08-18,61.18000030517578,61.45000076293945,61.06999969482422,61.349998474121094,2198300,LLY
2014-08-19,61.88999938964844,62.36000061035156,61.31999969482422,62.15999984741211,3523200,LLY
2014-08-20,61.939998626708984,62.2400016784668,61.66999816894531,62.0099983215332,2082200,LLY
2014-08-21,62.369998931884766,62.439998626708984,61.90999984741211,62.029998779296875,2846000,LLY
2014-08-22,62.0099983215332,62.810001373291016,61.900001525878906,62.31999969482422,3147200,LLY
2014-08-25,62.43000030517578,63.130001068115234,62.189998626708984,62.72999954223633,2078700,LLY
2014-08-26,62.709999084472656,63.02000045776367,62.619998931884766,62.810001373291016,1927700,LLY
2014-08-27,63.189998626708984,63.290000915527344,62.79999923706055,63.0,3082100,LLY
2014-08-28,62.810001373291016,63.27000045776367,62.540000915527344,63.11000061035156,2162000,LLY
2014-08-29,63.369998931884766,63.59000015258789,62.970001220703125,63.560001373291016,3388300,LLY
2014-09-02,63.599998474121094,63.869998931884766,63.47999954223633,63.68000030517578,3470600,LLY
2014-09-03,63.90999984741211,64.16000366210938,63.75,64.1500015258789,4701200,LLY
2014-09-04,64.12000274658203,64.37000274658203,64.0,64.22000122070312,5792000,LLY
2014-09-05,64.11000061035156,64.81999969482422,63.970001220703125,64.72000122070312,5457200,LLY
2014-09-08,64.62000274658203,65.25,64.58999633789062,65.0,4264100,LLY
2014-09-09,64.7300033569336,64.83000183105469,64.0999984741211,64.44000244140625,4745800,LLY
2014-09-10,64.83999633789062,64.95999908447266,64.33000183105469,64.77999877929688,3893000,LLY
2014-09-11,64.6500015258789,65.19000244140625,64.55999755859375,65.18000030517578,3577000,LLY
2014-09-12,65.25,65.54000091552734,65.0,65.2699966430664,5376800,LLY
2014-09-15,65.13999938964844,65.23999786376953,64.79000091552734,65.19000244140625,2720900,LLY
2014-09-16,65.25,65.91000366210938,64.9000015258789,65.80000305175781,2867100,LLY
2014-09-17,65.7699966430664,66.18000030517578,65.66000366210938,65.91000366210938,5096200,LLY
2014-09-18,66.08000183105469,66.66000366210938,66.04000091552734,66.58999633789062,4326900,LLY
2014-09-19,66.98999786376953,67.13999938964844,66.4000015258789,66.52999877929688,6504900,LLY
2014-09-22,66.31999969482422,66.36000061035156,65.75,66.08000183105469,3981700,LLY
2014-09-23,65.6500015258789,66.12000274658203,65.5,65.94999694824219,2718900,LLY
2014-09-24,66.31999969482422,66.55000305175781,66.08000183105469,66.19000244140625,3273600,LLY
2014-09-25,65.97000122070312,66.13999938964844,65.5,65.58000183105469,3122600,LLY
2014-09-26,65.80000305175781,65.80000305175781,64.98999786376953,65.4800033569336,2925400,LLY
2014-09-29,65.05999755859375,65.44999694824219,64.83000183105469,65.33999633789062,3520600,LLY
2014-09-30,65.43000030517578,65.56999969482422,64.83000183105469,64.8499984741211,4945700,LLY
2014-10-01,65.87999725341797,65.87999725341797,64.69999694824219,65.08000183105469,4246900,LLY
2014-10-02,65.08999633789062,65.1500015258789,64.37999725341797,64.83000183105469,4306900,LLY
2014-10-03,65.22000122070312,65.76000213623047,65.12000274658203,65.66999816894531,3609800,LLY
2014-10-06,65.93000030517578,65.97000122070312,65.38999938964844,65.62000274658203,3428800,LLY
2014-10-07,65.12999725341797,65.19000244140625,64.0999984741211,64.22000122070312,6157400,LLY
2014-10-08,63.849998474121094,65.26000213623047,63.400001525878906,65.23999786376953,3411200,LLY
2014-10-09,64.94000244140625,65.37999725341797,64.29000091552734,64.30000305175781,3632100,LLY
2014-10-10,64.0199966430664,65.11000061035156,63.83000183105469,64.1500015258789,3281200,LLY
2014-10-13,64.05999755859375,64.5199966430664,63.22999954223633,63.279998779296875,4030300,LLY
2014-10-14,63.75,63.939998626708984,62.77000045776367,63.13999938964844,4432900,LLY
2014-10-15,61.90999984741211,63.13999938964844,60.58000183105469,62.869998931884766,6814100,LLY
2014-10-16,62.02000045776367,62.54999923706055,61.099998474121094,61.900001525878906,5488400,LLY
2014-10-17,62.45000076293945,62.810001373291016,61.900001525878906,62.58000183105469,5329400,LLY
2014-10-20,62.630001068115234,63.099998474121094,62.400001525878906,63.099998474121094,2900700,LLY
2014-10-21,63.40999984741211,64.75,63.40999984741211,64.68000030517578,3478200,LLY
2014-10-22,64.58999633789062,65.30000305175781,64.58000183105469,64.68000030517578,4294500,LLY
2014-10-23,64.2699966430664,65.19999694824219,63.779998779296875,64.3499984741211,6343000,LLY
2014-10-24,64.58000183105469,66.23999786376953,64.4000015258789,66.05000305175781,4784700,LLY
2014-10-27,65.94000244140625,66.62000274658203,65.79000091552734,66.19999694824219,4112500,LLY
2014-10-28,66.0,66.0999984741211,63.7400016784668,64.83000183105469,8981000,LLY
2014-10-29,65.0,65.97000122070312,64.77999877929688,65.48999786376953,6196800,LLY
2014-10-30,65.4000015258789,66.9800033569336,65.30999755859375,66.80000305175781,4134900,LLY
2014-10-31,67.30000305175781,67.43000030517578,65.91000366210938,66.33000183105469,4471900,LLY
2014-11-03,66.05000305175781,66.66000366210938,66.02999877929688,66.54000091552734,3465400,LLY
2014-11-04,66.87999725341797,67.2300033569336,66.44999694824219,67.16999816894531,4057800,LLY
2014-11-05,67.41999816894531,67.61000061035156,66.76000213623047,66.98999786376953,3073900,LLY
2014-11-06,67.02999877929688,67.2300033569336,66.6500015258789,66.95999908447266,3091800,LLY
2014-11-07,66.81999969482422,66.93000030517578,66.25,66.5999984741211,3796800,LLY
2014-11-10,66.81999969482422,68.41999816894531,66.41999816894531,68.3499984741211,4438100,LLY
2014-11-11,68.3499984741211,68.66999816894531,67.80999755859375,67.8499984741211,5282300,LLY
2014-11-12,67.3499984741211,67.8499984741211,67.0199966430664,67.4000015258789,4499400,LLY
2014-11-13,67.68000030517578,68.16000366210938,67.41000366210938,67.68000030517578,3292700,LLY
2014-11-14,67.68000030517578,67.72000122070312,67.12000274658203,67.33000183105469,2333300,LLY
2014-11-17,67.06999969482422,67.3499984741211,66.94000244140625,67.29000091552734,3309300,LLY
2014-11-18,67.19000244140625,68.0,67.01000213623047,67.77999877929688,3705400,LLY
2014-11-19,67.66000366210938,67.66000366210938,66.91000366210938,67.20999908447266,3126000,LLY
2014-11-20,66.95999908447266,67.08000183105469,66.55999755859375,66.80000305175781,2467600,LLY
2014-11-21,67.44999694824219,67.5,67.02999877929688,67.36000061035156,5892000,LLY
2014-11-24,67.61000061035156,67.66999816894531,66.8499984741211,66.93000030517578,4574100,LLY
2014-11-25,66.86000061035156,67.22000122070312,66.75,66.8499984741211,4380000,LLY
2014-11-26,67.02999877929688,67.38999938964844,66.88999938964844,67.31999969482422,2372900,LLY
2014-11-28,67.7300033569336,68.55000305175781,67.5999984741211,68.12000274658203,2237800,LLY
2014-12-01,67.97000122070312,68.7699966430664,67.5999984741211,68.51000213623047,4669500,LLY
2014-12-02,68.62999725341797,70.7699966430664,68.58999633789062,70.37999725341797,8413400,LLY
2014-12-03,70.27999877929688,71.16000366210938,70.0,71.12999725341797,6423400,LLY
2014-12-04,70.9800033569336,72.44000244140625,70.83999633789062,72.37999725341797,6516600,LLY
2014-12-05,72.08999633789062,72.20999908447266,71.68000030517578,71.8499984741211,5787500,LLY
2014-12-08,71.97000122070312,72.86000061035156,71.81999969482422,72.83000183105469,4915100,LLY
2014-12-09,72.18000030517578,72.26000213623047,71.52999877929688,72.20999908447266,3794600,LLY
2014-12-10,71.9000015258789,72.19999694824219,71.0,71.05000305175781,4117600,LLY
2014-12-11,73.62999725341797,75.0999984741211,71.54000091552734,71.61000061035156,10901500,LLY
2014-12-12,71.45999908447266,71.6500015258789,69.47000122070312,69.55000305175781,7844400,LLY
2014-12-15,69.68000030517578,70.72000122070312,69.41999816894531,69.66999816894531,5718800,LLY
2014-12-16,69.38999938964844,71.3499984741211,69.02999877929688,69.26000213623047,4916700,LLY
2014-12-17,69.55999755859375,70.69999694824219,69.2300033569336,70.27999877929688,5506500,LLY
2014-12-18,71.19999694824219,72.4800033569336,70.91000366210938,72.44999694824219,5875600,LLY
2014-12-19,72.23999786376953,72.66000366210938,71.33000183105469,72.4000015258789,8311300,LLY
2014-12-22,70.94000244140625,71.58999633789062,70.25,71.41999816894531,4622900,LLY
2014-12-23,71.66999816894531,71.7300033569336,69.01000213623047,69.73999786376953,4768100,LLY
2014-12-24,70.04000091552734,70.70999908447266,70.04000091552734,70.16000366210938,1507000,LLY
2014-12-26,70.29000091552734,70.98999786376953,70.26000213623047,70.38999938964844,1438200,LLY
2014-12-29,69.91999816894531,70.38999938964844,69.88999938964844,70.0999984741211,1739600,LLY
2014-12-30,69.87999725341797,70.16000366210938,69.44000244140625,69.63999938964844,2726100,LLY
2014-12-31,69.94000244140625,70.5,68.93000030517578,68.98999786376953,2491000,LLY
2015-01-02,69.7699966430664,70.81999969482422,69.72000122070312,70.05999755859375,3146200,LLY
2015-01-05,69.7300033569336,70.08999633789062,69.1500015258789,69.37000274658203,4845500,LLY
2015-01-06,69.91999816894531,70.91000366210938,69.19999694824219,69.72000122070312,5127400,LLY
2015-01-07,70.02999877929688,70.52999877929688,68.44999694824219,69.2300033569336,9043000,LLY
2015-01-08,70.0,71.48999786376953,69.66000366210938,70.87000274658203,7472200,LLY
2015-01-09,70.02999877929688,70.11000061035156,69.01000213623047,69.93000030517578,8141700,LLY
2015-01-12,70.22000122070312,70.61000061035156,69.27999877929688,69.41999816894531,5797600,LLY
2015-01-13,70.06999969482422,70.80000305175781,68.80999755859375,69.37999725341797,3364800,LLY
2015-01-14,68.7699966430664,69.87999725341797,68.70999908447266,69.76000213623047,3376100,LLY
2015-01-15,70.44000244140625,71.2699966430664,69.7300033569336,69.73999786376953,4055000,LLY
2015-01-16,69.58999633789062,70.87999725341797,69.44000244140625,70.68000030517578,4263300,LLY
2015-01-20,70.87000274658203,72.0999984741211,70.87000274658203,72.02999877929688,6163300,LLY
2015-01-21,71.62000274658203,72.5,71.11000061035156,72.23999786376953,5195900,LLY
2015-01-22,72.69000244140625,72.69000244140625,71.63999938964844,72.45999908447266,4582800,LLY
2015-01-23,72.45999908447266,72.86000061035156,72.05000305175781,72.12999725341797,2903200,LLY
2015-01-26,71.86000061035156,72.16999816894531,71.05999755859375,72.11000061035156,3466600,LLY
2015-01-27,71.76000213623047,72.13999938964844,71.44999694824219,71.7300033569336,3661600,LLY
2015-01-28,72.11000061035156,72.37999725341797,70.76000213623047,70.97000122070312,3105200,LLY
2015-01-29,70.97000122070312,72.16000366210938,70.41999816894531,72.11000061035156,4416600,LLY
2015-01-30,73.0199966430664,73.47000122070312,71.58000183105469,72.0,6720100,LLY
2015-02-02,71.87000274658203,72.0,70.2300033569336,71.69000244140625,6274500,LLY
2015-02-03,71.58999633789062,71.63999938964844,69.8499984741211,70.88999938964844,6811500,LLY
2015-02-04,70.2300033569336,70.48999786376953,69.7699966430664,70.22000122070312,5376400,LLY
2015-02-05,70.69999694824219,71.56999969482422,70.68000030517578,71.41000366210938,3847000,LLY
2015-02-06,71.16000366210938,71.38999938964844,70.23999786376953,70.36000061035156,3246000,LLY
2015-02-09,70.0,70.26000213623047,69.37999725341797,69.61000061035156,3771200,LLY
2015-02-10,70.11000061035156,70.55999755859375,69.88999938964844,70.5,6888000,LLY
2015-02-11,70.0,70.62000274658203,69.69999694824219,69.94999694824219,3456400,LLY
2015-02-12,70.19000244140625,70.55000305175781,69.83000183105469,70.52999877929688,3383500,LLY
2015-02-13,70.69000244140625,70.88999938964844,70.19000244140625,70.55999755859375,2691900,LLY
2015-02-17,70.41000366210938,71.62999725341797,70.30000305175781,71.55999755859375,3971600,LLY
2015-02-18,71.41000366210938,71.44999694824219,70.19999694824219,71.01000213623047,3800000,LLY
2015-02-19,70.83000183105469,71.29000091552734,70.7699966430664,71.12000274658203,2337000,LLY
2015-02-20,70.97000122070312,71.95999908447266,70.2699966430664,71.87999725341797,3461700,LLY
2015-02-23,71.80999755859375,71.91999816894531,70.70999908447266,71.08999633789062,3378600,LLY
2015-02-24,71.0,71.5,70.51000213623047,70.9000015258789,3158600,LLY
2015-02-25,70.87000274658203,70.87000274658203,70.05000305175781,70.36000061035156,3029500,LLY
2015-02-26,70.16999816894531,70.30999755859375,69.54000091552734,70.02999877929688,4544900,LLY
2015-02-27,69.94999694824219,70.5,69.91000366210938,70.16999816894531,3353200,LLY
2015-03-02,70.16999816894531,71.13999938964844,70.16000366210938,71.12000274658203,3815100,LLY
2015-03-03,71.12000274658203,71.1500015258789,70.08999633789062,70.37000274658203,4137300,LLY
2015-03-04,70.01000213623047,70.81999969482422,69.80999755859375,70.6500015258789,3005100,LLY
2015-03-05,70.73999786376953,71.08999633789062,70.4000015258789,70.58999633789062,3465900,LLY
2015-03-06,70.26000213623047,70.26000213623047,68.30999755859375,68.41000366210938,5880800,LLY
2015-03-09,68.73999786376953,69.73999786376953,68.41999816894531,69.58000183105469,5848000,LLY
2015-03-10,69.12000274658203,69.43000030517578,68.55000305175781,68.77999877929688,3664900,LLY
2015-03-11,68.88999938964844,69.33000183105469,68.41000366210938,68.45999908447266,3424500,LLY
2015-03-12,68.75,69.62999725341797,68.54000091552734,69.55999755859375,2724000,LLY
2015-03-13,69.41000366210938,70.05000305175781,69.13999938964844,69.88999938964844,3223800,LLY
2015-03-16,70.2699966430664,71.4000015258789,70.18000030517578,71.06999969482422,3922300,LLY
2015-03-17,70.70999908447266,71.26000213623047,70.33000183105469,70.83999633789062,2572500,LLY
2015-03-18,70.9000015258789,74.16999816894531,70.69000244140625,73.54000091552734,6436200,LLY
2015-03-19,73.26000213623047,74.58000183105469,72.58999633789062,74.22000122070312,7051200,LLY
2015-03-20,75.22000122070312,76.19999694824219,74.54000091552734,76.12000274658203,10713900,LLY
2015-03-23,76.0199966430664,77.45999908447266,75.94999694824219,76.36000061035156,6284400,LLY
2015-03-24,76.2699966430664,76.69999694824219,75.36000061035156,75.55999755859375,5111600,LLY
2015-03-25,75.66000366210938,76.4800033569336,74.36000061035156,74.36000061035156,5431600,LLY
2015-03-26,74.0,74.3499984741211,73.41999816894531,73.44000244140625,4023500,LLY
2015-03-27,73.62000274658203,73.98999786376953,73.19999694824219,73.58000183105469,4171600,LLY
2015-03-30,74.0,74.19999694824219,73.66999816894531,73.87000274658203,3370700,LLY
2015-03-31,73.3499984741211,73.9800033569336,72.6500015258789,72.6500015258789,4348000,LLY
2015-04-01,72.91999816894531,72.97000122070312,71.06999969482422,71.52999877929688,5875800,LLY
2015-04-02,71.45999908447266,71.77999877929688,70.52999877929688,71.23999786376953,3781800,LLY
2015-04-06,71.12999725341797,71.70999908447266,70.83999633789062,71.30999755859375,3936900,LLY
2015-04-07,71.25,72.08000183105469,71.18000030517578,71.69999694824219,3128100,LLY
2015-04-08,71.91999816894531,72.27999877929688,71.54000091552734,72.1500015258789,3215400,LLY
2015-04-09,72.22000122070312,72.55999755859375,71.9000015258789,72.36000061035156,2595800,LLY
2015-04-10,72.5,73.9800033569336,72.25,73.91999816894531,3956400,LLY
2015-04-13,73.27999877929688,73.63999938964844,73.11000061035156,73.5199966430664,4351500,LLY
2015-04-14,73.30000305175781,73.75,73.0999984741211,73.45999908447266,3950600,LLY
2015-04-15,73.54000091552734,74.0199966430664,73.30000305175781,73.70999908447266,4358700,LLY
2015-04-16,73.61000061035156,74.0,73.38999938964844,73.48999786376953,2880000,LLY
2015-04-17,73.01000213623047,73.19999694824219,71.95999908447266,72.47000122070312,4386700,LLY
2015-04-20,73.0,73.26000213623047,72.30000305175781,72.41000366210938,2540400,LLY
2015-04-21,72.9800033569336,73.12000274658203,72.05999755859375,72.20999908447266,4048400,LLY
2015-04-22,72.47000122070312,72.47000122070312,71.87999725341797,72.30000305175781,3506100,LLY
2015-04-23,72.87999725341797,72.94000244140625,71.06999969482422,72.4000015258789,5448700,LLY
2015-04-24,72.22000122070312,72.43000030517578,71.26000213623047,71.58000183105469,3816300,LLY
2015-04-27,71.93000030517578,72.16999816894531,70.62999725341797,70.88999938964844,5328400,LLY
2015-04-28,70.62000274658203,71.27999877929688,70.19999694824219,71.18000030517578,4557900,LLY
2015-04-29,71.86000061035156,72.81999969482422,71.83999633789062,72.27999877929688,6789600,LLY
2015-04-30,71.95999908447266,72.61000061035156,71.43000030517578,71.87000274658203,5479300,LLY
2015-05-01,72.26000213623047,73.33000183105469,71.25,73.12000274658203,6533400,LLY
2015-05-04,73.25,73.58999633789062,72.8499984741211,73.05000305175781,4040700,LLY
2015-05-05,72.83000183105469,72.97000122070312,71.81999969482422,71.91000366210938,3735900,LLY
2015-05-06,71.97000122070312,72.27999877929688,71.54000091552734,72.05000305175781,3567600,LLY
2015-05-07,71.75,72.29000091552734,71.72000122070312,71.81999969482422,3628100,LLY
2015-05-08,72.5,73.69999694824219,72.5,73.26000213623047,3713300,LLY
2015-05-11,73.26000213623047,73.98999786376953,73.19000244140625,73.47000122070312,2958600,LLY
2015-05-12,73.13999938964844,73.13999938964844,72.30999755859375,72.44000244140625,3152800,LLY
2015-05-13,72.76000213623047,73.2300033569336,72.48999786376953,72.80000305175781,2682100,LLY
2015-05-14,72.68000030517578,73.22000122070312,72.43000030517578,73.05999755859375,3364300,LLY
2015-05-15,73.2300033569336,73.41999816894531,72.58999633789062,72.9000015258789,3464400,LLY
2015-05-18,73.05000305175781,73.08999633789062,72.62000274658203,72.94000244140625,2162000,LLY
2015-05-19,72.81999969482422,73.58000183105469,72.62999725341797,73.44999694824219,3548000,LLY
2015-05-20,73.44999694824219,73.69000244140625,73.18000030517578,73.36000061035156,1980300,LLY
2015-05-21,73.33999633789062,74.3499984741211,73.18000030517578,74.2699966430664,3288200,LLY
2015-05-22,74.05000305175781,74.33000183105469,73.87000274658203,74.30000305175781,3023400,LLY
2015-05-26,73.95999908447266,74.37000274658203,73.81999969482422,74.30999755859375,4194600,LLY
2015-05-27,74.36000061035156,74.98999786376953,74.13999938964844,74.9000015258789,2901100,LLY
2015-05-28,74.80000305175781,76.4800033569336,74.73999786376953,76.41000366210938,4823600,LLY
2015-05-29,76.1500015258789,79.55000305175781,76.0199966430664,78.9000015258789,11917000,LLY
2015-06-01,78.91999816894531,79.8499984741211,78.77999877929688,79.0,4866500,LLY
2015-06-02,78.76000213623047,78.76000213623047,77.51000213623047,77.94999694824219,4467700,LLY
2015-06-03,78.0,78.16999816894531,77.27999877929688,77.83000183105469,3270800,LLY
2015-06-04,77.33999633789062,78.5999984741211,77.33000183105469,77.68000030517578,3786500,LLY
2015-06-05,77.55999755859375,78.26000213623047,76.98999786376953,78.12000274658203,2788900,LLY
2015-06-08,77.9800033569336,78.8499984741211,77.83000183105469,78.5199966430664,6065900,LLY
2015-06-09,78.37000274658203,82.88999938964844,78.01000213623047,82.7699966430664,10109100,LLY
2015-06-10,81.98999786376953,83.48999786376953,81.30999755859375,83.18000030517578,13169400,LLY
2015-06-11,83.11000061035156,87.23999786376953,83.08000183105469,86.58999633789062,16740800,LLY
2015-06-12,85.88999938964844,86.0,83.08999633789062,84.20999908447266,12630500,LLY
2015-06-15,83.56999969482422,84.61000061035156,83.08999633789062,84.08000183105469,5462700,LLY
2015-06-16,83.91000366210938,85.31999969482422,83.62999725341797,84.77999877929688,5694500,LLY
2015-06-17,84.68000030517578,84.68000030517578,83.01000213623047,83.52999877929688,5968200,LLY
2015-06-18,83.88999938964844,84.37000274658203,82.75,83.04000091552734,7251500,LLY
2015-06-19,82.47000122070312,83.20999908447266,82.31999969482422,82.62999725341797,6907000,LLY
2015-06-22,83.30000305175781,83.44000244140625,82.8499984741211,82.91999816894531,3537100,LLY
2015-06-23,83.75,83.75,82.44999694824219,82.66999816894531,3643500,LLY
2015-06-24,82.5,83.08000183105469,82.26000213623047,82.26000213623047,4212100,LLY
2015-06-25,84.16000366210938,86.9000015258789,84.08000183105469,84.80000305175781,9630100,LLY
2015-06-26,85.19000244140625,85.93000030517578,84.58000183105469,85.8499984741211,14369800,LLY
2015-06-29,85.3499984741211,85.58000183105469,83.7300033569336,83.77999877929688,4441900,LLY
2015-06-30,84.5,84.56999969482422,83.38999938964844,83.48999786376953,4261200,LLY
2015-07-01,83.80000305175781,84.95999908447266,83.5999984741211,84.8499984741211,3629100,LLY
2015-07-02,85.20999908447266,86.23999786376953,84.69000244140625,86.13999938964844,5128100,LLY
2015-07-06,85.30999755859375,86.44000244140625,85.25,86.3499984741211,5062900,LLY
2015-07-07,86.63999938964844,88.77999877929688,86.05999755859375,88.7300033569336,6912300,LLY
2015-07-08,88.2699966430664,88.5,87.16999816894531,87.25,5330000,LLY
2015-07-09,88.0,88.30999755859375,86.9000015258789,87.4800033569336,4767600,LLY
2015-07-10,88.30000305175781,88.45999908447266,87.69999694824219,88.29000091552734,4471200,LLY
2015-07-13,89.13999938964844,90.18000030517578,88.66999816894531,88.81999969482422,5940500,LLY
2015-07-14,89.05000305175781,89.0999984741211,87.8499984741211,88.76000213623047,6028700,LLY
2015-07-15,87.79000091552734,88.16999816894531,86.0999984741211,86.37999725341797,6615900,LLY
2015-07-16,86.80000305175781,87.45999908447266,86.58000183105469,87.16999816894531,5578000,LLY
2015-07-17,87.0,87.44000244140625,86.62000274658203,87.37000274658203,4430100,LLY
2015-07-20,87.69999694824219,87.91999816894531,87.2699966430664,87.87000274658203,4320500,LLY
2015-07-21,87.58000183105469,87.69000244140625,85.5199966430664,85.56999969482422,8065300,LLY
2015-07-22,83.31999969482422,86.80000305175781,81.5,86.37999725341797,12677800,LLY
2015-07-23,89.05999755859375,89.87000274658203,85.62000274658203,86.76000213623047,5258500,LLY
2015-07-24,86.0,86.20999908447266,84.16000366210938,84.72000122070312,3460300,LLY
2015-07-27,84.5,84.61000061035156,83.33999633789062,84.1500015258789,5420600,LLY
2015-07-28,84.70999908447266,85.69999694824219,84.5,85.68000030517578,3027800,LLY
2015-07-29,85.91000366210938,85.98999786376953,84.70999908447266,85.08999633789062,2711800,LLY
2015-07-30,84.26000213623047,84.97000122070312,83.9800033569336,84.54000091552734,3867800,LLY
2015-07-31,84.87999725341797,85.26000213623047,84.37999725341797,84.51000213623047,4113600,LLY
2015-08-03,84.80999755859375,85.0,83.52999877929688,84.13999938964844,4815500,LLY
2015-08-04,84.48999786376953,84.98999786376953,83.8499984741211,84.05000305175781,2848200,LLY
2015-08-05,84.68000030517578,85.08000183105469,83.97000122070312,84.7300033569336,3776800,LLY
2015-08-06,85.13999938964844,85.13999938964844,81.23999786376953,82.69999694824219,3866500,LLY
2015-08-07,82.5,82.69000244140625,80.6500015258789,82.2699966430664,4545300,LLY
2015-08-10,82.81999969482422,83.7699966430664,82.44000244140625,83.51000213623047,3211600,LLY
2015-08-11,82.80999755859375,83.75,82.7300033569336,83.54000091552734,3205600,LLY
2015-08-12,82.70999908447266,83.5,81.63999938964844,83.37999725341797,2826900,LLY
2015-08-13,83.19999694824219,83.75,82.88999938964844,83.02999877929688,2253900,LLY
2015-08-14,82.91000366210938,83.94999694824219,82.79000091552734,83.91000366210938,2280200,LLY
2015-08-17,83.26000213623047,83.77999877929688,82.93000030517578,83.47000122070312,2814700,LLY
2015-08-18,83.83000183105469,83.98999786376953,83.2300033569336,83.38999938964844,2241400,LLY
2015-08-19,83.13999938964844,84.52999877929688,82.56999969482422,83.7699966430664,2651300,LLY
2015-08-20,86.86000061035156,88.94999694824219,85.80999755859375,87.33000183105469,10887700,LLY
2015-08-21,86.9800033569336,87.69999694824219,84.52999877929688,84.52999877929688,8320000,LLY
2015-08-24,81.5999984741211,82.95999908447266,79.5,80.7300033569336,8620700,LLY
2015-08-25,82.19000244140625,82.5999984741211,77.86000061035156,78.26000213623047,6439000,LLY
2015-08-26,79.87999725341797,81.30000305175781,77.7699966430664,81.0999984741211,7217800,LLY
2015-08-27,81.79000091552734,84.04000091552734,81.70999908447266,83.73999786376953,4703400,LLY
2015-08-28,83.73999786376953,84.0,82.7699966430664,83.19000244140625,4860800,LLY
2015-08-31,83.41000366210938,84.41999816894531,82.05000305175781,82.3499984741211,3445300,LLY
2015-09-01,80.25,81.25,79.4000015258789,79.80000305175781,4300500,LLY
2015-09-02,80.70999908447266,81.83000183105469,80.30000305175781,81.80999755859375,3257900,LLY
2015-09-03,82.05000305175781,82.86000061035156,81.33999633789062,81.5999984741211,3227700,LLY
2015-09-04,80.63999938964844,81.11000061035156,79.68000030517578,80.31999969482422,3416400,LLY
2015-09-08,81.45999908447266,82.9800033569336,81.26000213623047,82.87999725341797,2643600,LLY
2015-09-09,83.44999694824219,83.5,80.88999938964844,81.08999633789062,2839600,LLY
2015-09-10,81.12000274658203,81.66999816894531,80.5,80.83999633789062,3667700,LLY
2015-09-11,80.6500015258789,81.8499984741211,78.73999786376953,81.80000305175781,3645900,LLY
2015-09-14,81.91999816894531,82.27999877929688,81.27999877929688,81.88999938964844,3197200,LLY
2015-09-15,82.43000030517578,83.36000061035156,82.11000061035156,82.95999908447266,3532600,LLY
2015-09-16,84.0999984741211,84.52999877929688,82.61000061035156,84.44999694824219,3845000,LLY
2015-09-17,84.47000122070312,92.8499984741211,84.27999877929688,89.9800033569336,16918100,LLY
2015-09-18,90.69999694824219,91.44999694824219,88.37999725341797,88.48999786376953,11578000,LLY
2015-09-21,89.0999984741211,89.80999755859375,87.11000061035156,87.58999633789062,6644100,LLY
2015-09-22,86.81999969482422,87.9800033569336,86.62000274658203,87.80000305175781,5059500,LLY
2015-09-23,88.0,88.41999816894531,86.58000183105469,86.69000244140625,4863300,LLY
2015-09-24,86.44999694824219,86.54000091552734,85.08000183105469,85.3499984741211,5693500,LLY
2015-09-25,86.23999786376953,86.43000030517578,83.2300033569336,84.05999755859375,5794900,LLY
2015-09-28,83.68000030517578,83.86000061035156,78.5,79.73999786376953,8295100,LLY
2015-09-29,80.37000274658203,82.19999694824219,79.19000244140625,80.27999877929688,7315200,LLY
2015-09-30,81.52999877929688,83.7699966430664,81.5,83.69000244140625,6780700,LLY
2015-10-01,83.5999984741211,85.31999969482422,83.4000015258789,85.18000030517578,5350400,LLY
2015-10-02,84.16000366210938,87.55000305175781,83.58999633789062,87.5199966430664,5616600,LLY
2015-10-05,88.08000183105469,88.4800033569336,85.5999984741211,86.56999969482422,5297400,LLY
2015-10-06,86.38999938964844,86.51000213623047,82.08000183105469,84.16999816894531,5521200,LLY
2015-10-07,84.30000305175781,84.8499984741211,82.4000015258789,83.98999786376953,5128000,LLY
2015-10-08,83.1500015258789,83.98999786376953,81.79000091552734,83.7699966430664,4595400,LLY
2015-10-09,85.33000183105469,86.56999969482422,85.0,86.13999938964844,5115100,LLY
2015-10-12,78.58000183105469,80.75,78.30000305175781,79.44000244140625,26477400,LLY
2015-10-13,79.79000091552734,81.25,79.54000091552734,79.62000274658203,10104700,LLY
2015-10-14,80.97000122070312,82.0,79.05000305175781,79.25,9495500,LLY
2015-10-15,79.33999633789062,80.08000183105469,78.80999755859375,79.86000061035156,6408600,LLY
2015-10-16,80.58000183105469,81.52999877929688,79.95999908447266,81.51000213623047,5519800,LLY
2015-10-19,81.12999725341797,81.30000305175781,79.47000122070312,80.25,5869900,LLY
2015-10-20,80.1500015258789,80.33999633789062,77.62999725341797,77.79000091552734,7458000,LLY
2015-10-21,78.2300033569336,78.37999725341797,75.91999816894531,77.01000213623047,8955200,LLY
2015-10-22,77.22000122070312,77.83999633789062,75.16000366210938,76.9800033569336,10075500,LLY
2015-10-23,77.55000305175781,79.08000183105469,77.2699966430664,78.30999755859375,5679200,LLY
2015-10-26,78.30999755859375,79.86000061035156,77.7699966430664,79.11000061035156,4755200,LLY
2015-10-27,79.5,80.94999694824219,79.5,80.91000366210938,4771600,LLY
2015-10-28,81.19999694824219,83.0999984741211,80.38999938964844,83.06999969482422,5710300,LLY
2015-10-29,82.30000305175781,83.56999969482422,81.29000091552734,82.0,5158600,LLY
2015-10-30,82.08000183105469,82.55000305175781,81.56999969482422,81.56999969482422,4044300,LLY
2015-11-02,81.13999938964844,82.18000030517578,80.80999755859375,82.04000091552734,3473900,LLY
2015-11-03,82.2300033569336,82.54000091552734,81.12999725341797,81.66999816894531,4826100,LLY
2015-11-04,82.1500015258789,82.1500015258789,80.93000030517578,81.05000305175781,3401900,LLY
2015-11-05,81.0,81.4000015258789,79.66000366210938,80.61000061035156,3787200,LLY
2015-11-06,80.30000305175781,80.58999633789062,78.44000244140625,80.45999908447266,6082600,LLY
2015-11-09,80.02999877929688,80.29000091552734,78.58000183105469,79.36000061035156,4160200,LLY
2015-11-10,78.70999908447266,80.31999969482422,78.70999908447266,80.05999755859375,3302600,LLY
2015-11-11,80.0999984741211,81.27999877929688,79.97000122070312,80.69999694824219,3323400,LLY
2015-11-12,80.55000305175781,80.76000213623047,79.80000305175781,79.86000061035156,3647800,LLY
2015-11-13,79.66000366210938,80.2699966430664,79.18000030517578,79.55000305175781,3638600,LLY
2015-11-16,80.0,81.26000213623047,79.9800033569336,81.2300033569336,3318900,LLY
2015-11-17,80.93000030517578,82.43000030517578,80.62999725341797,81.30000305175781,3012100,LLY
2015-11-18,81.48999786376953,83.76000213623047,81.38999938964844,83.6500015258789,3916600,LLY
2015-11-19,83.19999694824219,83.87999725341797,82.7300033569336,83.72000122070312,3156100,LLY
2015-11-20,84.30000305175781,85.5,84.11000061035156,84.47000122070312,4251500,LLY
2015-11-23,84.5,84.91999816894531,84.12000274658203,84.73999786376953,4033100,LLY
2015-11-24,83.55999755859375,84.31999969482422,83.05000305175781,83.87999725341797,3431100,LLY
2015-11-25,83.87999725341797,84.41999816894531,83.55000305175781,83.73999786376953,2529400,LLY
2015-11-27,83.7699966430664,84.25,83.5999984741211,83.6500015258789,1253800,LLY
2015-11-30,83.76000213623047,84.02999877929688,82.04000091552734,82.04000091552734,6563300,LLY
2015-12-01,84.20999908447266,86.52999877929688,83.33999633789062,86.5,7368900,LLY
2015-12-02,86.26000213623047,86.7300033569336,84.41999816894531,84.55999755859375,4444800,LLY
2015-12-03,84.6500015258789,84.83999633789062,82.55999755859375,83.05999755859375,3669800,LLY
2015-12-04,83.47000122070312,87.27999877929688,83.43000030517578,86.62000274658203,6987600,LLY
2015-12-07,87.44999694824219,88.16000366210938,85.88999938964844,86.37999725341797,4379000,LLY
2015-12-08,85.62000274658203,87.66999816894531,85.56999969482422,86.41000366210938,4761000,LLY
2015-12-09,86.0199966430664,86.31999969482422,83.56999969482422,83.86000061035156,5479500,LLY
2015-12-10,84.2300033569336,85.51000213623047,83.36000061035156,84.91000366210938,3667200,LLY
2015-12-11,83.80000305175781,84.37999725341797,83.12000274658203,83.29000091552734,3738200,LLY
2015-12-14,83.36000061035156,84.70999908447266,82.97000122070312,84.68000030517578,5208700,LLY
2015-12-15,85.18000030517578,85.9800033569336,85.0199966430664,85.5199966430664,3975500,LLY
2015-12-16,86.0,86.58000183105469,84.05000305175781,86.29000091552734,2983600,LLY
2015-12-17,86.75,87.20999908447266,86.19999694824219,86.22000122070312,3928200,LLY
2015-12-18,85.56999969482422,85.9800033569336,84.7699966430664,84.7699966430664,5821300,LLY
2015-12-21,85.72000122070312,86.44999694824219,85.1500015258789,86.04000091552734,3742400,LLY
2015-12-22,86.2699966430664,86.47000122070312,85.2699966430664,85.91000366210938,2446100,LLY
2015-12-23,86.36000061035156,86.87000274658203,86.12999725341797,86.19999694824219,2804200,LLY
2015-12-24,85.9800033569336,86.1500015258789,85.47000122070312,85.8499984741211,1486900,LLY
2015-12-28,85.58000183105469,85.69999694824219,84.88999938964844,85.48999786376953,2031100,LLY
2015-12-29,85.83999633789062,86.87000274658203,85.5999984741211,86.25,2097700,LLY
2015-12-30,86.44999694824219,87.0999984741211,86.13999938964844,86.19999694824219,1969400,LLY
2015-12-31,85.72000122070312,85.75,84.08000183105469,84.26000213623047,3178500,LLY
2016-01-04,83.4000015258789,83.5999984741211,81.79000091552734,82.87000274658203,6907300,LLY
2016-01-05,82.9000015258789,85.4000015258789,82.87000274658203,84.11000061035156,7475300,LLY
2016-01-06,82.69000244140625,84.87999725341797,82.5,83.58000183105469,6628400,LLY
2016-01-07,81.62999725341797,82.80999755859375,80.83000183105469,81.41000366210938,5833200,LLY
2016-01-08,81.66999816894531,82.48999786376953,81.04000091552734,81.25,5880200,LLY
2016-01-11,81.30000305175781,81.91999816894531,78.83000183105469,80.2699966430664,4889300,LLY
2016-01-12,80.61000061035156,81.0,79.5199966430664,80.4000015258789,4329300,LLY
2016-01-13,80.73999786376953,80.81999969482422,79.08999633789062,79.30000305175781,4628400,LLY
2016-01-14,79.27999877929688,82.7300033569336,78.62000274658203,82.54000091552734,8253700,LLY
2016-01-15,80.69000244140625,81.58000183105469,80.08000183105469,81.23999786376953,6674300,LLY
2016-01-19,82.30999755859375,84.80000305175781,81.95999908447266,83.2300033569336,9162300,LLY
2016-01-20,81.8499984741211,83.47000122070312,80.41000366210938,82.62000274658203,8354400,LLY
2016-01-21,82.55999755859375,82.62000274658203,80.58999633789062,81.4000015258789,4930800,LLY
2016-01-22,82.4000015258789,83.16000366210938,81.91000366210938,82.4800033569336,3456300,LLY
2016-01-25,82.5,83.19999694824219,81.62000274658203,81.70999908447266,2632800,LLY
2016-01-26,81.75,82.16999816894531,80.91000366210938,81.95999908447266,4583400,LLY
2016-01-27,81.61000061035156,83.25,80.95999908447266,81.76000213623047,4341900,LLY
2016-01-28,81.87000274658203,82.48999786376953,76.54000091552734,76.80999755859375,10128700,LLY
2016-01-29,77.36000061035156,79.41999816894531,77.2300033569336,79.0999984741211,7042500,LLY
2016-02-01,78.20999908447266,79.16000366210938,77.27999877929688,78.4000015258789,4056000,LLY
2016-02-02,77.66000366210938,78.30000305175781,76.08999633789062,76.30000305175781,4804200,LLY
2016-02-03,76.45999908447266,77.55000305175781,74.18000030517578,76.08999633789062,6966400,LLY
2016-02-04,75.94999694824219,76.52999877929688,73.44000244140625,74.27999877929688,6339500,LLY
2016-02-05,74.16000366210938,75.81999969482422,73.55000305175781,74.31999969482422,6312800,LLY
2016-02-08,73.55000305175781,74.58000183105469,72.83000183105469,74.19000244140625,4348800,LLY
2016-02-09,73.43000030517578,74.95999908447266,72.72000122070312,73.73999786376953,5160000,LLY
2016-02-10,73.7300033569336,74.87000274658203,72.9800033569336,73.06999969482422,4748700,LLY
2016-02-11,72.19999694824219,72.62999725341797,70.83000183105469,71.41999816894531,5425400,LLY
2016-02-12,71.56999969482422,71.7300033569336,70.43000030517578,71.2699966430664,6332600,LLY
2016-02-16,71.94999694824219,73.41999816894531,71.93000030517578,73.33000183105469,4811300,LLY
2016-02-17,74.01000213623047,74.91999816894531,73.08999633789062,74.68000030517578,4000300,LLY
2016-02-18,73.41999816894531,74.55000305175781,73.16000366210938,73.47000122070312,5620000,LLY
2016-02-19,72.69000244140625,73.06999969482422,72.19999694824219,72.61000061035156,6650800,LLY
2016-02-22,72.91000366210938,73.63999938964844,72.0999984741211,73.01000213623047,5672600,LLY
2016-02-23,73.0999984741211,74.5,73.05999755859375,73.47000122070312,4411200,LLY
2016-02-24,73.33000183105469,74.27999877929688,72.63999938964844,74.0999984741211,3636100,LLY
2016-02-25,74.2699966430664,74.88999938964844,73.7699966430664,74.81999969482422,4306800,LLY
2016-02-26,75.41999816894531,75.79000091552734,73.41000366210938,73.5999984741211,4807700,LLY
2016-02-29,73.37000274658203,73.37000274658203,71.9800033569336,72.0,5730200,LLY
2016-03-01,72.62999725341797,72.80999755859375,71.86000061035156,72.73999786376953,4541700,LLY
2016-03-02,72.7300033569336,74.05000305175781,72.44000244140625,74.0199966430664,6738800,LLY
2016-03-03,73.80000305175781,73.88999938964844,72.58000183105469,73.25,4526500,LLY
2016-03-04,73.37000274658203,74.05999755859375,72.9000015258789,73.5999984741211,3481600,LLY
2016-03-07,73.16999816894531,73.95999908447266,72.80000305175781,73.4000015258789,3443100,LLY
2016-03-08,72.94000244140625,74.55000305175781,72.88999938964844,73.0,3278900,LLY
2016-03-09,73.51000213623047,73.94000244140625,73.0,73.54000091552734,2372000,LLY
2016-03-10,74.0,74.20999908447266,72.43000030517578,73.0199966430664,4419200,LLY
2016-03-11,73.47000122070312,74.94999694824219,73.19000244140625,74.6500015258789,3527200,LLY
2016-03-14,74.26000213623047,74.5999984741211,73.79000091552734,73.91000366210938,3201800,LLY
2016-03-15,71.6500015258789,72.0,69.5999984741211,71.23999786376953,13748200,LLY
2016-03-16,71.29000091552734,72.9000015258789,71.16999816894531,72.4800033569336,5287400,LLY
2016-03-17,72.2300033569336,72.3499984741211,67.87999725341797,69.05999755859375,15421600,LLY
2016-03-18,69.19999694824219,71.05000305175781,69.05999755859375,70.94999694824219,10131700,LLY
2016-03-21,70.80000305175781,71.05000305175781,69.83999633789062,70.25,5900100,LLY
2016-03-22,70.20999908447266,72.23999786376953,70.16000366210938,71.91999816894531,7655400,LLY
2016-03-23,72.16999816894531,72.2300033569336,70.91000366210938,71.16999816894531,3884400,LLY
2016-03-24,70.6500015258789,71.44000244140625,70.19999694824219,71.12000274658203,2892900,LLY
2016-03-28,71.3499984741211,71.47000122070312,70.37999725341797,70.62000274658203,2661900,LLY
2016-03-29,70.73999786376953,71.94000244140625,70.66000366210938,71.69999694824219,3814800,LLY
2016-03-30,71.9800033569336,72.33000183105469,71.06999969482422,71.77999877929688,3081000,LLY
2016-03-31,71.7699966430664,72.33000183105469,71.0999984741211,72.01000213623047,3680000,LLY
2016-04-01,71.5999984741211,73.69999694824219,71.52999877929688,73.41999816894531,4083600,LLY
2016-04-04,73.55999755859375,73.79000091552734,72.88999938964844,73.18000030517578,2796300,LLY
2016-04-05,72.77999877929688,73.6500015258789,72.4800033569336,73.04000091552734,3591800,LLY
2016-04-06,72.80000305175781,75.05999755859375,72.80000305175781,74.76000213623047,5669100,LLY
2016-04-07,74.51000213623047,75.16000366210938,73.8499984741211,74.58999633789062,3724100,LLY
2016-04-08,75.27999877929688,75.27999877929688,73.86000061035156,74.38999938964844,3224900,LLY
2016-04-11,74.4800033569336,74.73999786376953,73.80000305175781,73.94999694824219,3351100,LLY
2016-04-12,73.77999877929688,75.29000091552734,73.52999877929688,74.56999969482422,2849800,LLY
2016-04-13,74.7300033569336,75.23999786376953,74.08000183105469,75.16000366210938,2341600,LLY
2016-04-14,75.30000305175781,75.83000183105469,74.80000305175781,75.62999725341797,3022100,LLY
2016-04-15,75.62000274658203,76.25,75.08999633789062,75.52999877929688,3007500,LLY
2016-04-18,75.58000183105469,77.26000213623047,75.19000244140625,77.22000122070312,4088400,LLY
2016-04-19,77.58000183105469,78.5,76.63999938964844,77.25,3819600,LLY
2016-04-20,77.27999877929688,77.7699966430664,76.58000183105469,77.08000183105469,4049400,LLY
2016-04-21,77.16999816894531,78.0999984741211,76.91000366210938,77.37000274658203,3286600,LLY
2016-04-22,77.0999984741211,77.94000244140625,76.93000030517578,77.83000183105469,2697200,LLY
2016-04-25,77.45999908447266,78.0,77.1500015258789,77.94000244140625,3767100,LLY
2016-04-26,76.62000274658203,78.30000305175781,76.08999633789062,76.2699966430664,5347300,LLY
2016-04-27,76.5199966430664,77.16000366210938,75.81999969482422,76.51000213623047,3690900,LLY
2016-04-28,76.12000274658203,76.66000366210938,75.66999816894531,76.45999908447266,4383000,LLY
2016-04-29,76.51000213623047,76.51000213623047,75.0999984741211,75.52999877929688,3386600,LLY
2016-05-02,75.94999694824219,77.08000183105469,75.80999755859375,76.75,3571900,LLY
2016-05-03,76.33999633789062,76.6500015258789,75.58999633789062,76.25,3270700,LLY
2016-05-04,75.16999816894531,75.62000274658203,74.62999725341797,74.87000274658203,4176800,LLY
2016-05-05,74.72000122070312,75.38999938964844,74.55000305175781,75.2699966430664,3446400,LLY
2016-05-06,74.72000122070312,74.94999694824219,73.33999633789062,74.5999984741211,4196900,LLY
2016-05-09,74.77999877929688,75.9000015258789,74.76000213623047,75.58999633789062,2963200,LLY
2016-05-10,76.29000091552734,77.12999725341797,76.05000305175781,76.87999725341797,4366000,LLY
2016-05-11,75.97000122070312,77.05999755859375,75.83999633789062,76.30999755859375,3716300,LLY
2016-05-12,76.72000122070312,76.94000244140625,75.36000061035156,75.95999908447266,4081900,LLY
2016-05-13,75.81999969482422,77.05000305175781,75.56999969482422,76.33000183105469,3629700,LLY
2016-05-16,75.9800033569336,78.47000122070312,75.83999633789062,78.29000091552734,4580100,LLY
2016-05-17,78.20999908447266,78.70999908447266,75.5199966430664,76.38999938964844,7153300,LLY
2016-05-18,76.4000015258789,76.8499984741211,75.61000061035156,76.33000183105469,4664900,LLY
2016-05-19,75.12000274658203,75.2300033569336,73.73999786376953,74.30999755859375,4848800,LLY
2016-05-20,74.79000091552734,75.54000091552734,74.68000030517578,74.80999755859375,4689200,LLY
2016-05-23,75.0,75.13999938964844,73.91999816894531,74.08000183105469,4440500,LLY
2016-05-24,74.55000305175781,75.19999694824219,74.36000061035156,74.98999786376953,3711800,LLY
2016-05-25,75.48999786376953,75.5,74.44999694824219,74.54000091552734,4621700,LLY
2016-05-26,74.5999984741211,75.5999984741211,74.2699966430664,75.5199966430664,2654600,LLY
2016-05-27,75.5199966430664,75.72000122070312,74.66999816894531,74.98999786376953,3247500,LLY
2016-05-31,75.01000213623047,75.62999725341797,74.70999908447266,75.02999877929688,4438800,LLY
2016-06-01,74.9000015258789,75.44000244140625,74.68000030517578,74.94000244140625,2450200,LLY
2016-06-02,75.22000122070312,75.68000030517578,74.9000015258789,75.45999908447266,3231000,LLY
2016-06-03,75.5,75.5999984741211,74.25,75.12000274658203,5319000,LLY
2016-06-06,75.11000061035156,75.5,74.19999694824219,74.83999633789062,3253800,LLY
2016-06-07,74.62000274658203,75.05000305175781,74.51000213623047,74.69999694824219,2902900,LLY
2016-06-08,74.66000366210938,75.08999633789062,74.4000015258789,74.91000366210938,3194900,LLY
2016-06-09,74.7699966430664,75.54000091552734,74.23999786376953,74.43000030517578,2760500,LLY
2016-06-10,74.08999633789062,74.19000244140625,73.16999816894531,73.94999694824219,4124200,LLY
2016-06-13,74.08000183105469,74.97000122070312,73.66999816894531,73.86000061035156,3767000,LLY
2016-06-14,73.54000091552734,74.37000274658203,73.05999755859375,74.31999969482422,3691900,LLY
2016-06-15,74.7300033569336,74.88999938964844,73.61000061035156,73.70999908447266,3408900,LLY
2016-06-16,73.47000122070312,74.47000122070312,72.94999694824219,74.25,4788700,LLY
2016-06-17,74.6500015258789,75.08000183105469,73.47000122070312,73.86000061035156,6604900,LLY
2016-06-20,74.44999694824219,74.69999694824219,73.22000122070312,73.27999877929688,3640100,LLY
2016-06-21,73.69999694824219,73.80000305175781,72.52999877929688,72.56999969482422,5999200,LLY
2016-06-22,72.5,73.91000366210938,72.5,73.06999969482422,4410800,LLY
2016-06-23,73.58999633789062,73.94000244140625,73.19999694824219,73.94000244140625,2989700,LLY
2016-06-24,72.44999694824219,75.12000274658203,71.87000274658203,74.33000183105469,10471300,LLY
2016-06-27,74.05999755859375,75.06999969482422,73.19999694824219,74.88999938964844,7657800,LLY
2016-06-28,75.12999725341797,76.25,73.75,75.1500015258789,8012300,LLY
2016-06-29,75.87999725341797,78.23999786376953,75.87000274658203,78.1500015258789,7123700,LLY
2016-06-30,78.19999694824219,78.80999755859375,77.45999908447266,78.75,4017200,LLY
2016-07-01,78.88999938964844,79.33000183105469,78.37000274658203,78.94999694824219,2909600,LLY
2016-07-05,78.80999755859375,79.9000015258789,78.75,79.63999938964844,3286600,LLY
2016-07-06,79.31999969482422,80.4000015258789,79.0999984741211,80.0199966430664,4669800,LLY
2016-07-07,79.83000183105469,80.05000305175781,78.6500015258789,79.31999969482422,3587300,LLY
2016-07-08,79.31999969482422,79.9000015258789,78.93000030517578,79.66000366210938,3134900,LLY
2016-07-11,79.54000091552734,79.7699966430664,78.94999694824219,79.13999938964844,3461400,LLY
2016-07-12,79.62999725341797,79.83999633789062,78.97000122070312,79.66999816894531,4430000,LLY
2016-07-13,79.91000366210938,80.02999877929688,79.33000183105469,79.36000061035156,2917200,LLY
2016-07-14,79.5,80.69000244140625,79.4000015258789,80.58999633789062,3823800,LLY
2016-07-15,80.9800033569336,81.0,79.94000244140625,80.22000122070312,4529100,LLY
2016-07-18,80.37000274658203,80.58999633789062,79.86000061035156,79.94999694824219,3087600,LLY
2016-07-19,79.8499984741211,80.25,79.58000183105469,79.97000122070312,3303700,LLY
2016-07-20,80.2699966430664,80.5199966430664,79.98999786376953,80.27999877929688,2811100,LLY
2016-07-21,80.19999694824219,80.5999984741211,80.0199966430664,80.4000015258789,2685900,LLY
2016-07-22,80.4000015258789,81.70999908447266,80.27999877929688,81.58999633789062,4315900,LLY
2016-07-25,81.58999633789062,82.0,81.0,81.9800033569336,4180100,LLY
2016-07-26,82.75,83.3499984741211,81.62999725341797,82.08999633789062,5134900,LLY
2016-07-27,82.25,83.58999633789062,82.1500015258789,83.4000015258789,4057200,LLY
2016-07-28,83.25,83.38999938964844,81.94999694824219,82.93000030517578,4862000,LLY
2016-07-29,83.06999969482422,83.44999694824219,82.63999938964844,82.88999938964844,3016200,LLY
2016-08-01,83.0199966430664,83.79000091552734,82.94000244140625,83.18000030517578,3131100,LLY
2016-08-02,83.13999938964844,83.69999694824219,82.56999969482422,83.31999969482422,3340100,LLY
2016-08-03,83.41999816894531,83.41999816894531,82.36000061035156,82.72000122070312,2940900,LLY
2016-08-04,83.0199966430664,83.0199966430664,82.37000274658203,82.41999816894531,2093800,LLY
2016-08-05,82.41999816894531,82.5199966430664,81.04000091552734,81.55999755859375,5886900,LLY
2016-08-08,81.44000244140625,81.8499984741211,80.45999908447266,81.5999984741211,4227300,LLY
2016-08-09,81.75,82.13999938964844,80.69999694824219,81.5,2242800,LLY
2016-08-10,80.12000274658203,81.16000366210938,79.66999816894531,80.55000305175781,4956700,LLY
2016-08-11,79.9800033569336,80.66999816894531,79.9800033569336,80.55999755859375,2408000,LLY
2016-08-12,80.19000244140625,80.72000122070312,79.9000015258789,80.22000122070312,2525000,LLY
2016-08-15,80.33000183105469,80.62000274658203,80.06999969482422,80.26000213623047,2780400,LLY
2016-08-16,80.25,80.4000015258789,79.83999633789062,79.83999633789062,2158700,LLY
2016-08-17,80.16000366210938,80.3499984741211,79.58000183105469,80.11000061035156,2519500,LLY
2016-08-18,80.0999984741211,80.37999725341797,79.48999786376953,79.77999877929688,3037200,LLY
2016-08-19,79.55000305175781,79.79000091552734,78.77999877929688,79.05999755859375,3745500,LLY
2016-08-22,79.31999969482422,79.9000015258789,79.0199966430664,79.29000091552734,3157000,LLY
2016-08-23,79.68000030517578,79.97000122070312,79.44000244140625,79.56999969482422,3406900,LLY
2016-08-24,79.69999694824219,79.98999786376953,78.18000030517578,78.44000244140625,3423000,LLY
2016-08-25,78.44000244140625,79.16999816894531,77.80000305175781,78.01000213623047,2800500,LLY
2016-08-26,78.05000305175781,78.81999969482422,77.83999633789062,78.23999786376953,2602300,LLY
2016-08-29,78.33000183105469,78.73999786376953,78.05000305175781,78.5999984741211,2203300,LLY
2016-08-30,78.5999984741211,78.5999984741211,77.62999725341797,77.7699966430664,2025700,LLY
2016-08-31,77.88999938964844,78.08999633789062,77.52999877929688,77.75,2182600,LLY
2016-09-01,77.75,78.0,76.80000305175781,77.2300033569336,3544700,LLY
2016-09-02,77.5199966430664,77.62999725341797,76.44999694824219,76.8499984741211,3943400,LLY
2016-09-06,77.12000274658203,78.69999694824219,77.12000274658203,78.51000213623047,5528600,LLY
2016-09-07,78.48999786376953,78.88999938964844,78.26000213623047,78.58999633789062,2971400,LLY
2016-09-08,80.02999877929688,80.16999816894531,79.41000366210938,79.88999938964844,4405400,LLY
2016-09-09,79.62000274658203,79.62000274658203,78.19999694824219,78.23999786376953,4152500,LLY
2016-09-12,77.98999786376953,79.29000091552734,77.80999755859375,79.08000183105469,3288900,LLY
2016-09-13,78.87000274658203,78.87000274658203,77.98999786376953,78.4800033569336,3149000,LLY
2016-09-14,78.66999816894531,79.23999786376953,78.0199966430664,78.29000091552734,2660900,LLY
2016-09-15,78.12000274658203,79.05999755859375,77.7699966430664,78.81999969482422,2652300,LLY
2016-09-16,78.69999694824219,78.91000366210938,78.16999816894531,78.80000305175781,4255100,LLY
2016-09-19,78.79000091552734,79.37000274658203,78.48999786376953,79.16000366210938,3321500,LLY
2016-09-20,79.62999725341797,80.3499984741211,79.29000091552734,79.87999725341797,3629400,LLY
2016-09-21,79.80000305175781,81.0,79.68000030517578,80.87000274658203,3147600,LLY
2016-09-22,81.05000305175781,81.45999908447266,80.7300033569336,81.29000091552734,2639800,LLY
2016-09-23,80.97000122070312,81.45999908447266,80.7699966430664,81.16000366210938,2197700,LLY
2016-09-26,81.0,81.1500015258789,79.5,79.5199966430664,4332800,LLY
2016-09-27,80.62000274658203,80.93000030517578,79.61000061035156,80.87999725341797,6888900,LLY
2016-09-28,80.83999633789062,81.16999816894531,80.0199966430664,80.70999908447266,2467800,LLY
2016-09-29,80.3499984741211,80.47000122070312,79.2300033569336,79.73999786376953,3269200,LLY
2016-09-30,80.0999984741211,80.6500015258789,80.02999877929688,80.26000213623047,3623000,LLY
2016-10-03,80.0,81.06999969482422,79.69000244140625,81.0,3983500,LLY
2016-10-04,81.05999755859375,81.41000366210938,80.68000030517578,81.11000061035156,3184100,LLY
2016-10-05,81.3499984741211,82.08999633789062,81.2300033569336,81.75,3560400,LLY
2016-10-06,81.25,81.77999877929688,80.7300033569336,81.47000122070312,2994200,LLY
2016-10-07,81.56999969482422,82.30999755859375,81.30000305175781,82.08999633789062,4241400,LLY
2016-10-10,82.12999725341797,83.23999786376953,82.0999984741211,83.05999755859375,4608400,LLY
2016-10-11,82.5999984741211,82.8499984741211,81.25,81.80999755859375,4218200,LLY
2016-10-12,81.80999755859375,82.22000122070312,80.45999908447266,80.51000213623047,3629800,LLY
2016-10-13,79.93000030517578,80.48999786376953,79.5999984741211,80.0,3565000,LLY
2016-10-14,80.16999816894531,80.31999969482422,79.20999908447266,79.2699966430664,3143900,LLY
2016-10-17,79.52999877929688,79.52999877929688,78.01000213623047,78.52999877929688,3884700,LLY
2016-10-18,79.08999633789062,79.1500015258789,78.5,78.7699966430664,3218300,LLY
2016-10-19,78.95999908447266,79.33000183105469,78.52999877929688,78.55999755859375,2988500,LLY
2016-10-20,78.7300033569336,79.11000061035156,78.38999938964844,78.73999786376953,2661900,LLY
2016-10-21,78.54000091552734,78.77999877929688,78.08000183105469,78.25,3215000,LLY
2016-10-24,78.48999786376953,78.69000244140625,77.44000244140625,77.56999969482422,4363200,LLY
2016-10-25,76.87999725341797,78.27999877929688,75.5,77.75,8496000,LLY
2016-10-26,77.41999816894531,77.6500015258789,76.37000274658203,76.76000213623047,2988700,LLY
2016-10-27,77.36000061035156,77.41999816894531,76.12999725341797,76.16000366210938,3789900,LLY
2016-10-28,75.62000274658203,75.68000030517578,73.86000061035156,74.52999877929688,5651500,LLY
2016-10-31,74.62999725341797,74.73999786376953,73.80000305175781,73.83999633789062,3562100,LLY
2016-11-01,73.80999755859375,73.9800033569336,71.8499984741211,72.9800033569336,8190500,LLY
2016-11-02,73.1500015258789,73.48999786376953,72.63999938964844,72.6500015258789,4433900,LLY
2016-11-03,72.80999755859375,73.27999877929688,71.87999725341797,72.11000061035156,4843200,LLY
2016-11-04,72.12000274658203,73.02999877929688,71.66999816894531,72.48999786376953,3617200,LLY
2016-11-07,73.22000122070312,73.93000030517578,73.05000305175781,73.87999725341797,4969400,LLY
2016-11-08,73.56999969482422,74.47000122070312,73.36000061035156,74.0199966430664,2690800,LLY
2016-11-09,77.1500015258789,79.30000305175781,76.58000183105469,78.38999938964844,7332700,LLY
2016-11-10,78.95999908447266,79.69999694824219,78.0,78.33999633789062,6904800,LLY
2016-11-11,77.97000122070312,78.08999633789062,76.79000091552734,77.66999816894531,3072700,LLY
2016-11-14,78.01000213623047,78.23999786376953,76.69000244140625,77.0199966430664,3221700,LLY
2016-11-15,77.43000030517578,77.54000091552734,76.18000030517578,77.31999969482422,3097600,LLY
2016-11-16,77.5199966430664,77.5199966430664,76.81999969482422,76.94000244140625,1922300,LLY
2016-11-17,77.0,77.80999755859375,76.7300033569336,77.70999908447266,4519200,LLY
2016-11-18,77.58000183105469,77.91999816894531,76.5199966430664,76.66999816894531,4571600,LLY
2016-11-21,76.80000305175781,77.04000091552734,76.0999984741211,76.63999938964844,4060300,LLY
2016-11-22,77.80999755859375,77.80999755859375,75.5,75.98999786376953,5208800,LLY
2016-11-23,64.33999633789062,68.43000030517578,64.18000030517578,68.0,53877200,LLY
2016-11-25,68.52999877929688,69.13999938964844,67.77999877929688,69.12000274658203,8620700,LLY
2016-11-28,68.43000030517578,68.43000030517578,67.0999984741211,67.19999694824219,12507700,LLY
2016-11-29,67.56999969482422,67.63999938964844,66.4800033569336,67.1500015258789,8930000,LLY
2016-11-30,67.30000305175781,67.81999969482422,66.80999755859375,67.12000274658203,9085300,LLY
2016-12-01,67.29000091552734,67.30000305175781,65.66000366210938,65.97000122070312,7168100,LLY
2016-12-02,66.30000305175781,68.38999938964844,65.95999908447266,67.70999908447266,12272200,LLY
2016-12-05,68.16000366210938,68.30999755859375,66.73999786376953,67.26000213623047,7286000,LLY
2016-12-06,67.19999694824219,67.93000030517578,67.12999725341797,67.80000305175781,4617200,LLY
2016-12-07,67.25,67.37999725341797,66.55999755859375,67.37999725341797,5835900,LLY
2016-12-08,67.05000305175781,67.2699966430664,66.38999938964844,67.19000244140625,4811400,LLY
2016-12-09,67.37999725341797,68.16999816894531,67.22000122070312,67.8499984741211,4350800,LLY
2016-12-12,67.9800033569336,68.54000091552734,67.41999816894531,67.61000061035156,5273700,LLY
2016-12-13,67.98999786376953,68.88999938964844,67.98999786376953,68.63999938964844,6010900,LLY
2016-12-14,68.41999816894531,68.91999816894531,67.54000091552734,67.66999816894531,6140300,LLY
2016-12-15,70.37000274658203,71.58999633789062,69.66000366210938,71.37000274658203,14320800,LLY
2016-12-16,72.86000061035156,73.70999908447266,71.76000213623047,73.30999755859375,17584700,LLY
2016-12-19,73.4800033569336,74.48999786376953,73.30000305175781,73.41999816894531,6102400,LLY
2016-12-20,73.6500015258789,74.0999984741211,73.0,73.37999725341797,6001500,LLY
2016-12-21,73.33000183105469,73.88999938964844,73.0999984741211,73.25,5054100,LLY
2016-12-22,73.16000366210938,73.4800033569336,72.68000030517578,73.26000213623047,4827500,LLY
2016-12-23,73.4800033569336,74.0,73.26000213623047,73.79000091552734,2570100,LLY
2016-12-27,74.05999755859375,74.45999908447266,73.68000030517578,73.80999755859375,2786700,LLY
2016-12-28,73.66000366210938,73.77999877929688,72.97000122070312,73.05999755859375,3256800,LLY
2016-12-29,73.38999938964844,73.87000274658203,73.23999786376953,73.55999755859375,3031600,LLY
2016-12-30,73.47000122070312,73.75,73.2300033569336,73.55000305175781,2933900,LLY
2017-01-03,73.94000244140625,74.66999816894531,73.54000091552734,74.5999984741211,3622700,LLY
2017-01-04,74.94999694824219,75.0,74.37999725341797,74.72000122070312,3021600,LLY
2017-01-05,74.93000030517578,77.87000274658203,74.43000030517578,75.58999633789062,3310800,LLY
2017-01-06,75.45999908447266,76.06999969482422,75.02999877929688,75.66999816894531,2296500,LLY
2017-01-09,75.66999816894531,76.62000274658203,75.51000213623047,76.2699966430664,3204100,LLY
2017-01-10,76.44000244140625,76.55999755859375,75.80999755859375,76.2699966430664,3559400,LLY
2017-01-11,76.51000213623047,76.91999816894531,74.0,75.26000213623047,7701700,LLY
2017-01-12,74.8499984741211,77.5,74.76000213623047,77.1500015258789,11900700,LLY
2017-01-13,76.91999816894531,78.12000274658203,76.37999725341797,77.4000015258789,5602600,LLY
2017-01-17,77.05999755859375,77.05999755859375,75.87000274658203,76.8499984741211,4913300,LLY
2017-01-18,77.31999969482422,77.70999908447266,76.87999725341797,77.52999877929688,3360300,LLY
2017-01-19,77.47000122070312,77.62000274658203,76.76000213623047,76.83999633789062,4439200,LLY
2017-01-20,77.0199966430664,77.41000366210938,76.47000122070312,76.80999755859375,4371200,LLY
2017-01-23,76.23999786376953,76.87999725341797,76.16000366210938,76.31999969482422,5055100,LLY
2017-01-24,76.19999694824219,76.43000030517578,74.16999816894531,74.8499984741211,6594300,LLY
2017-01-25,75.12000274658203,75.5999984741211,74.2699966430664,74.8499984741211,4830800,LLY
2017-01-26,74.9800033569336,75.3499984741211,74.54000091552734,74.58000183105469,3748000,LLY
2017-01-27,74.91999816894531,75.4000015258789,74.51000213623047,75.37999725341797,3132800,LLY
2017-01-30,75.08999633789062,75.18000030517578,74.25,74.69999694824219,5909600,LLY
2017-01-31,74.25,77.27999877929688,74.0,77.02999877929688,6964100,LLY
2017-02-01,77.88999938964844,78.56999969482422,76.91000366210938,77.5999984741211,4959200,LLY
2017-02-02,76.98999786376953,77.91000366210938,76.55000305175781,77.38999938964844,3830900,LLY
2017-02-03,77.47000122070312,77.87999725341797,76.70999908447266,77.2300033569336,3836300,LLY
2017-02-06,76.91999816894531,77.8499984741211,76.76000213623047,77.83000183105469,2835500,LLY
2017-02-07,77.68000030517578,78.01000213623047,77.31999969482422,77.69999694824219,3346800,LLY
2017-02-08,77.44000244140625,78.6500015258789,77.19000244140625,78.11000061035156,2820800,LLY
2017-02-09,78.11000061035156,78.58999633789062,77.69000244140625,77.69999694824219,2962600,LLY
2017-02-10,77.87000274658203,78.25,77.5999984741211,77.79000091552734,2598600,LLY
2017-02-13,77.56999969482422,78.05999755859375,77.52999877929688,77.7699966430664,2097500,LLY
2017-02-14,77.5,78.83000183105469,77.25,78.80999755859375,3311200,LLY
2017-02-15,78.33999633789062,80.54000091552734,78.05000305175781,80.25,4272800,LLY
2017-02-16,80.05000305175781,80.37999725341797,79.41000366210938,80.04000091552734,3629600,LLY
2017-02-17,80.13999938964844,81.0,80.06999969482422,80.38999938964844,3111100,LLY
2017-02-21,80.16999816894531,80.87000274658203,80.11000061035156,80.36000061035156,3178800,LLY
2017-02-22,80.41999816894531,81.20999908447266,80.33000183105469,81.06999969482422,3468800,LLY
2017-02-23,81.37999725341797,82.87999725341797,81.13999938964844,82.55000305175781,6193500,LLY
2017-02-24,82.41999816894531,83.23999786376953,82.23999786376953,82.87000274658203,4016000,LLY
2017-02-27,82.83000183105469,83.4000015258789,82.66000366210938,83.05999755859375,3104200,LLY
2017-02-28,82.81999969482422,83.4800033569336,82.58000183105469,82.80999755859375,3672000,LLY
2017-03-01,83.44000244140625,84.13999938964844,82.97000122070312,83.8499984741211,3420600,LLY
2017-03-02,83.87000274658203,83.94999694824219,82.83999633789062,82.91000366210938,3371600,LLY
2017-03-03,82.69999694824219,83.9000015258789,82.5999984741211,83.77999877929688,2649100,LLY
2017-03-06,83.25,84.27999877929688,82.94999694824219,83.83000183105469,3960100,LLY
2017-03-07,82.94999694824219,83.13999938964844,81.37000274658203,82.73999786376953,5570600,LLY
2017-03-08,82.73999786376953,83.98999786376953,82.66999816894531,83.41000366210938,4491800,LLY
2017-03-09,83.66999816894531,84.7699966430664,83.51000213623047,84.55000305175781,5861600,LLY
2017-03-10,84.5,84.55000305175781,83.9000015258789,84.36000061035156,3629400,LLY
2017-03-13,84.51000213623047,84.55000305175781,83.83000183105469,84.13999938964844,2248500,LLY
2017-03-14,84.0,84.55000305175781,83.91999816894531,84.45999908447266,2839100,LLY
2017-03-15,84.43000030517578,86.13999938964844,84.37000274658203,85.87999725341797,4883900,LLY
2017-03-16,85.54000091552734,85.54000091552734,83.80000305175781,84.98999786376953,4742800,LLY
2017-03-17,84.44000244140625,84.75,83.83000183105469,83.95999908447266,5786900,LLY
2017-03-20,84.5999984741211,84.86000061035156,83.97000122070312,84.05999755859375,3121900,LLY
2017-03-21,84.33999633789062,84.94999694824219,83.62999725341797,83.7300033569336,4066200,LLY
2017-03-22,84.08999633789062,84.55000305175781,83.47000122070312,84.36000061035156,2850300,LLY
2017-03-23,83.91999816894531,85.05000305175781,83.91999816894531,84.41999816894531,3021100,LLY
2017-03-24,84.30000305175781,84.9800033569336,83.86000061035156,84.18000030517578,2479100,LLY
2017-03-27,83.9000015258789,84.44000244140625,83.73999786376953,84.23999786376953,2340300,LLY
2017-03-28,84.2699966430664,85.0,84.04000091552734,84.75,2755000,LLY
2017-03-29,84.55000305175781,84.76000213623047,84.31999969482422,84.44000244140625,2066600,LLY
2017-03-30,84.56999969482422,84.94999694824219,84.08000183105469,84.76000213623047,3204100,LLY
2017-03-31,84.4000015258789,84.94000244140625,84.08000183105469,84.11000061035156,3151900,LLY
2017-04-03,84.12999725341797,84.80999755859375,84.06999969482422,84.44999694824219,2429900,LLY
2017-04-04,84.52999877929688,86.38999938964844,84.29000091552734,86.08999633789062,4624600,LLY
2017-04-05,85.91999816894531,86.72000122070312,85.56999969482422,85.62999725341797,4056300,LLY
2017-04-06,85.47000122070312,85.9000015258789,85.12000274658203,85.36000061035156,2684600,LLY
2017-04-07,85.33999633789062,85.66000366210938,84.91000366210938,85.31999969482422,2808500,LLY
2017-04-10,85.45999908447266,85.8499984741211,85.2300033569336,85.47000122070312,1994900,LLY
2017-04-11,85.47000122070312,86.13999938964844,85.31999969482422,85.93000030517578,2699200,LLY
2017-04-12,85.73999786376953,86.33999633789062,85.66999816894531,86.25,2545100,LLY
2017-04-13,86.02999877929688,86.31999969482422,85.77999877929688,85.87999725341797,2172500,LLY
2017-04-17,81.30000305175781,82.98999786376953,81.11000061035156,82.37999725341797,12424500,LLY
2017-04-18,81.91000366210938,82.0999984741211,80.88999938964844,81.19999694824219,8210800,LLY
2017-04-19,81.12000274658203,81.70999908447266,79.87999725341797,80.88999938964844,5504500,LLY
2017-04-20,81.19000244140625,82.19999694824219,80.75,81.94000244140625,3267200,LLY
2017-04-21,81.81999969482422,82.23999786376953,81.66999816894531,81.88999938964844,3204000,LLY
2017-04-24,82.81999969482422,83.7300033569336,82.72000122070312,83.41999816894531,4813600,LLY
2017-04-25,82.70999908447266,82.70999908447266,80.5,81.19999694824219,9221100,LLY
2017-04-26,81.33999633789062,81.70999908447266,80.93000030517578,80.95999908447266,4421700,LLY
2017-04-27,80.97000122070312,81.5999984741211,80.69000244140625,81.33000183105469,3219200,LLY
2017-04-28,81.37000274658203,82.25,81.19999694824219,82.05999755859375,3161800,LLY
2017-05-01,82.08999633789062,82.22000122070312,81.75,81.81999969482422,2397200,LLY
2017-05-02,81.9800033569336,81.9800033569336,81.5,81.69999694824219,3626500,LLY
2017-05-03,81.26000213623047,81.55999755859375,81.23999786376953,81.25,3373200,LLY
2017-05-04,81.3499984741211,83.0999984741211,81.29000091552734,83.04000091552734,3567100,LLY
2017-05-05,83.05999755859375,83.11000061035156,82.06999969482422,82.51000213623047,3135600,LLY
2017-05-08,82.36000061035156,82.41000366210938,80.36000061035156,80.66999816894531,4712900,LLY
2017-05-09,80.81999969482422,80.94000244140625,80.3499984741211,80.79000091552734,3988100,LLY
2017-05-10,80.83999633789062,81.11000061035156,80.19000244140625,81.05000305175781,4018500,LLY
2017-05-11,80.72000122070312,81.0,79.91000366210938,80.22000122070312,3920500,LLY
2017-05-12,80.33000183105469,80.61000061035156,79.73999786376953,80.19000244140625,2935200,LLY
2017-05-15,80.19000244140625,80.48999786376953,79.43000030517578,80.30000305175781,2559100,LLY
2017-05-16,80.2300033569336,80.30000305175781,78.4000015258789,78.98999786376953,7170100,LLY
2017-05-17,78.98999786376953,79.02999877929688,77.91999816894531,78.13999938964844,4486000,LLY
2017-05-18,78.56999969482422,78.94000244140625,78.04000091552734,78.30000305175781,2928200,LLY
2017-05-19,78.5,78.70999908447266,77.7300033569336,77.80000305175781,5091800,LLY
2017-05-22,77.9000015258789,78.01000213623047,76.8499984741211,76.9800033569336,6936500,LLY
2017-05-23,77.19000244140625,78.36000061035156,77.0199966430664,77.98999786376953,5884800,LLY
2017-05-24,77.98999786376953,78.27999877929688,77.80000305175781,77.95999908447266,2253800,LLY
2017-05-25,78.30999755859375,78.45999908447266,77.76000213623047,78.33999633789062,1736700,LLY
2017-05-26,78.12000274658203,78.3499984741211,77.72000122070312,78.05000305175781,2238900,LLY
2017-05-30,77.94999694824219,78.66999816894531,77.75,78.3499984741211,3244900,LLY
2017-05-31,78.4800033569336,79.91000366210938,78.4800033569336,79.56999969482422,5163900,LLY
2017-06-01,79.5999984741211,80.2300033569336,79.37999725341797,79.98999786376953,3093100,LLY
2017-06-02,80.47000122070312,81.05999755859375,79.9000015258789,80.12999725341797,4005700,LLY
2017-06-05,80.0,80.06999969482422,78.9800033569336,79.3499984741211,2814800,LLY
2017-06-06,79.41000366210938,79.45999908447266,78.75,79.08999633789062,2688000,LLY
2017-06-07,79.16000366210938,79.54000091552734,79.08999633789062,79.38999938964844,2899900,LLY
2017-06-08,79.38999938964844,80.45999908447266,79.33999633789062,80.0999984741211,4610400,LLY
2017-06-09,80.0999984741211,81.19000244140625,79.69999694824219,81.04000091552734,4599300,LLY
2017-06-12,80.95999908447266,81.29000091552734,80.83999633789062,80.9000015258789,2842400,LLY
2017-06-13,81.20999908447266,81.29000091552734,80.23999786376953,81.25,4492900,LLY
2017-06-14,80.9000015258789,81.61000061035156,80.7699966430664,81.5999984741211,4025600,LLY
2017-06-15,81.38999938964844,82.1500015258789,80.95999908447266,82.05000305175781,3484800,LLY
2017-06-16,82.23999786376953,82.55999755859375,81.66000366210938,81.87999725341797,4903200,LLY
2017-06-19,82.0199966430664,82.76000213623047,81.87000274658203,82.33999633789062,2538000,LLY
2017-06-20,82.22000122070312,83.68000030517578,82.22000122070312,82.75,3694700,LLY
2017-06-21,83.0999984741211,83.41000366210938,82.37999725341797,82.63999938964844,3781400,LLY
2017-06-22,82.83999633789062,84.76000213623047,82.83999633789062,84.30999755859375,4891600,LLY
2017-06-23,84.12000274658203,84.33999633789062,83.70999908447266,83.88999938964844,3928000,LLY
2017-06-26,84.08999633789062,84.44999694824219,83.66000366210938,84.27999877929688,2952800,LLY
2017-06-27,84.18000030517578,84.33000183105469,83.04000091552734,83.04000091552734,2365800,LLY
2017-06-28,83.44999694824219,83.91999816894531,82.9000015258789,83.0999984741211,3035300,LLY
2017-06-29,83.08999633789062,83.22000122070312,82.30999755859375,82.69999694824219,2366800,LLY
2017-06-30,82.97000122070312,83.12999725341797,82.0,82.30000305175781,5713900,LLY
2017-07-03,82.41000366210938,82.91000366210938,82.31999969482422,82.69999694824219,1464700,LLY
2017-07-05,82.62999725341797,82.76000213623047,82.02999877929688,82.69999694824219,2263600,LLY
2017-07-06,82.31999969482422,82.56999969482422,81.37000274658203,81.5999984741211,3391000,LLY
2017-07-07,81.62000274658203,82.3499984741211,81.43000030517578,82.29000091552734,1803700,LLY
2017-07-10,82.33000183105469,82.56999969482422,81.88999938964844,82.27999877929688,2269700,LLY
2017-07-11,82.38999938964844,82.83999633789062,81.87999725341797,82.3499984741211,2708900,LLY
2017-07-12,82.7300033569336,84.0199966430664,82.61000061035156,83.5,3527000,LLY
2017-07-13,83.55999755859375,84.2300033569336,83.16000366210938,84.0199966430664,2944100,LLY
2017-07-14,84.11000061035156,84.58000183105469,83.80999755859375,84.3499984741211,2005700,LLY
2017-07-17,84.30999755859375,84.52999877929688,83.41999816894531,83.63999938964844,1989100,LLY
2017-07-18,83.51000213623047,83.7699966430664,83.22000122070312,83.69999694824219,1704500,LLY
2017-07-19,83.5199966430664,84.27999877929688,83.5199966430664,84.2300033569336,2297400,LLY
2017-07-20,84.52999877929688,85.12000274658203,84.41000366210938,84.75,2980600,LLY
2017-07-21,84.62000274658203,84.95999908447266,84.30999755859375,84.66000366210938,3064400,LLY
2017-07-24,84.66000366210938,85.52999877929688,84.51000213623047,84.73999786376953,3952200,LLY
2017-07-25,83.73999786376953,84.4000015258789,80.7699966430664,82.19000244140625,13319900,LLY
2017-07-26,81.56999969482422,81.87999725341797,81.04000091552734,81.83999633789062,7030500,LLY
2017-07-27,81.76000213623047,83.05000305175781,81.45999908447266,83.0199966430664,5577400,LLY
2017-07-28,82.87000274658203,83.22000122070312,82.5,83.0999984741211,3820100,LLY
2017-07-31,83.33999633789062,83.76000213623047,82.62999725341797,82.66000366210938,4083000,LLY
2017-08-01,82.86000061035156,83.1500015258789,82.12000274658203,82.37000274658203,3439400,LLY
2017-08-02,82.05999755859375,82.16999816894531,81.06999969482422,81.81999969482422,4574400,LLY
2017-08-03,81.58000183105469,82.27999877929688,81.5,81.93000030517578,3688300,LLY
2017-08-04,81.9000015258789,82.31999969482422,81.76000213623047,82.30999755859375,2802600,LLY
2017-08-07,82.30999755859375,82.4000015258789,81.72000122070312,82.06999969482422,2769700,LLY
2017-08-08,81.87000274658203,82.72000122070312,81.62999725341797,81.97000122070312,3292600,LLY
2017-08-09,82.12999725341797,82.73999786376953,81.97000122070312,82.56999969482422,2392100,LLY
2017-08-10,82.54000091552734,82.54000091552734,81.66000366210938,82.05000305175781,3367500,LLY
2017-08-11,81.80000305175781,81.97000122070312,81.12000274658203,81.1500015258789,2446400,LLY
2017-08-14,81.33999633789062,81.68000030517578,81.18000030517578,81.48999786376953,1879600,LLY
2017-08-15,81.5,82.33999633789062,81.5,81.70999908447266,1949500,LLY
2017-08-16,82.13999938964844,82.19999694824219,80.0199966430664,80.69000244140625,3970500,LLY
2017-08-17,80.4000015258789,80.56999969482422,77.69999694824219,77.80000305175781,7318200,LLY
2017-08-18,77.69999694824219,77.69999694824219,76.94000244140625,77.06999969482422,4061300,LLY
2017-08-21,77.12000274658203,77.63999938964844,76.88999938964844,77.37999725341797,3638100,LLY
2017-08-22,77.52999877929688,78.6500015258789,77.52999877929688,78.26000213623047,2131900,LLY
2017-08-23,78.19999694824219,78.5199966430664,78.05000305175781,78.1500015258789,1801500,LLY
2017-08-24,78.33000183105469,79.23999786376953,78.26000213623047,78.86000061035156,4188400,LLY
2017-08-25,78.95999908447266,79.52999877929688,78.73999786376953,78.79000091552734,2171500,LLY
2017-08-28,79.0999984741211,79.43000030517578,78.62999725341797,78.83999633789062,1923200,LLY
2017-08-29,78.54000091552734,78.83999633789062,78.12000274658203,78.55000305175781,2154300,LLY
2017-08-30,79.0999984741211,80.7699966430664,78.75,80.48999786376953,5036900,LLY
2017-08-31,80.7699966430664,81.3499984741211,80.33999633789062,81.29000091552734,3939500,LLY
2017-09-01,81.54000091552734,81.70999908447266,79.43000030517578,80.08000183105469,4345000,LLY
2017-09-05,79.47000122070312,80.05000305175781,79.05000305175781,79.81999969482422,3384000,LLY
2017-09-06,80.20999908447266,80.66999816894531,79.86000061035156,80.51000213623047,2689200,LLY
2017-09-07,80.62000274658203,82.75,80.37000274658203,81.54000091552734,6249300,LLY
2017-09-08,81.61000061035156,83.12000274658203,81.54000091552734,82.91999816894531,3961300,LLY
2017-09-11,82.94000244140625,83.3499984741211,81.7699966430664,82.62999725341797,4389200,LLY
2017-09-12,82.5999984741211,82.7300033569336,81.93000030517578,82.16999816894531,2566400,LLY
2017-09-13,81.95999908447266,82.58000183105469,81.87999725341797,82.43000030517578,2454900,LLY
2017-09-14,82.33000183105469,83.98999786376953,82.12000274658203,83.06999969482422,3370300,LLY
2017-09-15,83.30000305175781,83.56999969482422,82.18000030517578,82.44000244140625,5374500,LLY
2017-09-18,82.55000305175781,82.66999816894531,82.06999969482422,82.5199966430664,2200000,LLY
2017-09-19,82.63999938964844,82.83999633789062,81.55000305175781,81.7300033569336,2259200,LLY
2017-09-20,82.05999755859375,82.41999816894531,81.38999938964844,82.0199966430664,2849900,LLY
2017-09-21,82.01000213623047,83.69999694824219,81.87999725341797,83.33000183105469,4426700,LLY
2017-09-22,83.33999633789062,84.02999877929688,82.73999786376953,83.91000366210938,3148700,LLY
2017-09-25,83.87000274658203,84.6500015258789,83.80000305175781,84.63999938964844,4223800,LLY
2017-09-26,84.43000030517578,85.12999725341797,84.01000213623047,84.22000122070312,2347200,LLY
2017-09-27,84.33999633789062,84.80000305175781,83.97000122070312,84.6500015258789,3085200,LLY
2017-09-28,84.58999633789062,85.58000183105469,84.1500015258789,85.0,2841000,LLY
2017-09-29,85.16999816894531,85.61000061035156,84.38999938964844,85.54000091552734,3506100,LLY
2017-10-02,85.77999877929688,86.68000030517578,85.73999786376953,86.3499984741211,3071100,LLY
2017-10-03,86.23999786376953,86.55999755859375,85.93000030517578,86.44999694824219,2128800,LLY
2017-10-04,86.5,87.16000366210938,86.27999877929688,86.95999908447266,2317700,LLY
2017-10-05,86.7699966430664,89.08999633789062,86.38999938964844,87.6500015258789,5221000,LLY
2017-10-06,87.30999755859375,87.48999786376953,86.63999938964844,87.08000183105469,2297200,LLY
2017-10-09,87.13999938964844,87.27999877929688,86.45999908447266,87.05000305175781,1701400,LLY
2017-10-10,85.37999725341797,86.69999694824219,85.25,86.16000366210938,4943700,LLY
2017-10-11,86.3499984741211,86.66000366210938,85.44999694824219,86.05999755859375,3433200,LLY
2017-10-12,86.0999984741211,86.44999694824219,85.91000366210938,86.43000030517578,1941100,LLY
2017-10-13,86.4000015258789,86.69999694824219,85.70999908447266,86.55000305175781,3026500,LLY
2017-10-16,86.4800033569336,86.73999786376953,85.77999877929688,85.94999694824219,3800700,LLY
2017-10-17,85.94000244140625,86.5,85.41999816894531,86.05999755859375,3643700,LLY
2017-10-18,86.33000183105469,86.55999755859375,85.5199966430664,85.7300033569336,4002200,LLY
2017-10-19,85.69000244140625,86.37999725341797,85.51000213623047,86.36000061035156,3233400,LLY
2017-10-20,86.5199966430664,87.37999725341797,86.33000183105469,87.2300033569336,3223200,LLY
2017-10-23,87.47000122070312,88.19000244140625,87.12000274658203,87.18000030517578,4909800,LLY
2017-10-24,87.41999816894531,88.33000183105469,83.75,85.16999816894531,8696100,LLY
2017-10-25,85.91000366210938,86.37000274658203,84.68000030517578,84.8499984741211,3916000,LLY
2017-10-26,84.66999816894531,85.11000061035156,83.83000183105469,84.16000366210938,3820700,LLY
2017-10-27,84.06999969482422,84.80999755859375,83.58999633789062,83.86000061035156,2892900,LLY
2017-10-30,83.76000213623047,83.76000213623047,82.43000030517578,82.6500015258789,4667200,LLY
2017-10-31,82.76000213623047,83.0999984741211,81.72000122070312,81.94000244140625,3853300,LLY
2017-11-01,82.16999816894531,83.81999969482422,82.0,82.88999938964844,3309300,LLY
2017-11-02,82.55000305175781,83.91999816894531,82.30999755859375,83.12999725341797,2716100,LLY
2017-11-03,82.70999908447266,83.58999633789062,82.66000366210938,83.51000213623047,1534800,LLY
2017-11-06,83.29000091552734,83.43000030517578,82.91999816894531,82.94000244140625,1861700,LLY
2017-11-07,83.04000091552734,83.41999816894531,82.7699966430664,83.27999877929688,2851900,LLY
2017-11-08,83.0,84.38999938964844,83.0,84.01000213623047,2328700,LLY
2017-11-09,83.81999969482422,84.26000213623047,83.62999725341797,83.98999786376953,2098600,LLY
2017-11-10,83.66999816894531,83.87000274658203,82.56999969482422,83.29000091552734,2692500,LLY
2017-11-13,83.33000183105469,83.33000183105469,82.52999877929688,82.86000061035156,2478700,LLY
2017-11-14,82.69000244140625,83.11000061035156,82.20999908447266,82.48999786376953,2684800,LLY
2017-11-15,82.51000213623047,83.13999938964844,81.41999816894531,82.19000244140625,1838100,LLY
2017-11-16,82.41000366210938,83.62999725341797,81.83999633789062,83.44000244140625,2599700,LLY
2017-11-17,83.0,83.4800033569336,82.80000305175781,82.88999938964844,4097800,LLY
2017-11-20,83.08999633789062,83.31999969482422,82.81999969482422,83.18000030517578,2205900,LLY
2017-11-21,83.6500015258789,84.52999877929688,83.37000274658203,83.51000213623047,3529900,LLY
2017-11-22,83.66999816894531,84.26000213623047,83.4800033569336,83.68000030517578,2230900,LLY
2017-11-24,83.87000274658203,84.16999816894531,83.58000183105469,84.02999877929688,817600,LLY
2017-11-27,84.1500015258789,85.25,84.02999877929688,84.80999755859375,2980900,LLY
2017-11-28,85.06999969482422,85.36000061035156,84.73999786376953,85.05000305175781,2659400,LLY
2017-11-29,84.79000091552734,85.23999786376953,84.44999694824219,84.95999908447266,2316000,LLY
2017-11-30,85.25,85.4800033569336,84.31999969482422,84.63999938964844,5002100,LLY
2017-12-01,84.9800033569336,85.41000366210938,84.18000030517578,85.31999969482422,2736300,LLY
2017-12-04,85.48999786376953,86.77999877929688,85.36000061035156,85.58000183105469,4228300,LLY
2017-12-05,85.58999633789062,86.58000183105469,85.20999908447266,86.05999755859375,3876800,LLY
2017-12-06,86.04000091552734,86.38999938964844,84.52999877929688,85.31999969482422,3130900,LLY
2017-12-07,85.20999908447266,85.87000274658203,84.6500015258789,85.87000274658203,4344900,LLY
2017-12-08,85.66000366210938,86.45999908447266,85.47000122070312,86.44999694824219,3777100,LLY
2017-12-11,86.61000061035156,86.83999633789062,86.06999969482422,86.66999816894531,3336800,LLY
2017-12-12,86.48999786376953,86.9000015258789,85.98999786376953,86.70999908447266,4252500,LLY
2017-12-13,86.41000366210938,89.08999633789062,86.33999633789062,87.88999938964844,5786800,LLY
2017-12-14,88.22000122070312,88.33000183105469,86.12000274658203,86.5,4388400,LLY
2017-12-15,86.88999938964844,87.61000061035156,86.2699966430664,86.54000091552734,7346400,LLY
2017-12-18,86.76000213623047,87.44999694824219,85.98999786376953,86.08000183105469,3796000,LLY
2017-12-19,86.04000091552734,86.7699966430664,85.8499984741211,86.70999908447266,4027600,LLY
2017-12-20,86.68000030517578,86.94000244140625,85.63999938964844,85.73999786376953,3016900,LLY
2017-12-21,86.02999877929688,86.18000030517578,85.44000244140625,85.61000061035156,2024300,LLY
2017-12-22,85.5999984741211,85.77999877929688,84.75,85.06999969482422,1834800,LLY
2017-12-26,85.29000091552734,85.43000030517578,84.95999908447266,84.98999786376953,1099900,LLY
2017-12-27,85.19000244140625,85.45999908447266,84.9800033569336,85.13999938964844,1332800,LLY
2017-12-28,85.30000305175781,85.44000244140625,84.88999938964844,85.05000305175781,1731700,LLY
2017-12-29,85.12000274658203,85.44000244140625,84.45999908447266,84.45999908447266,2563800,LLY
2018-01-02,84.45999908447266,85.0,84.05999755859375,84.68000030517578,3456700,LLY
2018-01-03,84.73999786376953,85.41999816894531,84.2699966430664,85.13999938964844,3078400,LLY
2018-01-04,85.27999877929688,85.80000305175781,84.73999786376953,85.5199966430664,2462500,LLY
2018-01-05,86.08999633789062,86.75,85.93000030517578,86.56999969482422,2946300,LLY
2018-01-08,86.69000244140625,86.70999908447266,85.4000015258789,86.12999725341797,3251400,LLY
2018-01-09,86.19999694824219,86.41999816894531,85.73999786376953,86.05999755859375,2426000,LLY
2018-01-10,85.61000061035156,86.16999816894531,85.48999786376953,86.0999984741211,1674600,LLY
2018-01-11,86.16999816894531,86.58999633789062,85.87000274658203,86.38999938964844,2647500,LLY
2018-01-12,86.5199966430664,87.41000366210938,86.02999877929688,86.9800033569336,2728900,LLY
2018-01-16,85.93000030517578,86.58999633789062,85.1500015258789,85.29000091552734,4878300,LLY
2018-01-17,85.80000305175781,86.36000061035156,85.47000122070312,86.20999908447266,4083300,LLY
2018-01-18,86.04000091552734,86.13999938964844,85.2699966430664,85.81999969482422,4445800,LLY
2018-01-19,86.16999816894531,86.27999877929688,85.31999969482422,85.48999786376953,5826900,LLY
2018-01-22,83.25,85.56999969482422,82.4000015258789,85.44000244140625,6374000,LLY
2018-01-23,85.18000030517578,85.91999816894531,84.23999786376953,84.41999816894531,5728100,LLY
2018-01-24,84.86000061035156,85.16000366210938,84.27999877929688,84.30000305175781,5977700,LLY
2018-01-25,84.80999755859375,85.4000015258789,84.55999755859375,85.01000213623047,5201600,LLY
2018-01-26,84.76000213623047,87.47000122070312,84.76000213623047,87.08000183105469,6394100,LLY
2018-01-29,86.7699966430664,88.33000183105469,86.6500015258789,87.5999984741211,5324500,LLY
2018-01-30,86.63999938964844,86.94000244140625,85.20999908447266,86.08999633789062,5388400,LLY
2018-01-31,86.5,86.7300033569336,81.2699966430664,81.44999694824219,10558500,LLY
2018-02-01,81.54000091552734,82.87000274658203,81.29000091552734,82.41000366210938,8410700,LLY
2018-02-02,81.87999725341797,83.02999877929688,81.12000274658203,81.18000030517578,5152500,LLY
2018-02-05,80.88999938964844,81.61000061035156,76.55000305175781,77.48999786376953,8145200,LLY
2018-02-06,76.55999755859375,79.11000061035156,75.70999908447266,77.98999786376953,10558800,LLY
2018-02-07,77.76000213623047,78.55999755859375,76.70999908447266,76.72000122070312,8240300,LLY
2018-02-08,77.19000244140625,77.6500015258789,74.19000244140625,74.20999908447266,8059600,LLY
2018-02-09,75.05999755859375,76.81999969482422,73.69000244140625,76.2300033569336,8939700,LLY
2018-02-12,76.68000030517578,77.0999984741211,75.19999694824219,76.25,6454200,LLY
2018-02-13,76.0199966430664,76.58999633789062,75.75,76.20999908447266,4041200,LLY
2018-02-14,75.41000366210938,77.19000244140625,75.33999633789062,77.02999877929688,4361100,LLY
2018-02-15,77.75,78.1500015258789,77.02999877929688,78.0199966430664,4810700,LLY
2018-02-16,77.94999694824219,79.6500015258789,77.91000366210938,78.97000122070312,4699600,LLY
2018-02-20,78.18000030517578,78.69999694824219,77.18000030517578,77.55000305175781,3195000,LLY
2018-02-21,77.58999633789062,78.75,77.55000305175781,77.55000305175781,3871100,LLY
2018-02-22,77.19000244140625,78.08999633789062,76.5199966430664,77.19000244140625,7687400,LLY
2018-02-23,77.7300033569336,78.86000061035156,77.63999938964844,78.75,5170300,LLY
2018-02-26,78.98999786376953,80.47000122070312,78.97000122070312,80.18000030517578,6015900,LLY
2018-02-27,80.1500015258789,80.20999908447266,78.69000244140625,78.69999694824219,4860400,LLY
2018-02-28,78.77999877929688,79.18000030517578,77.01000213623047,77.0199966430664,6123400,LLY
2018-03-01,77.05999755859375,77.37000274658203,75.52999877929688,76.5,6258400,LLY
2018-03-02,76.37999725341797,77.5999984741211,76.31999969482422,77.2300033569336,3216700,LLY
2018-03-05,76.9000015258789,78.08000183105469,76.70999908447266,77.69999694824219,3816600,LLY
2018-03-06,77.86000061035156,78.0,76.87999725341797,77.19000244140625,2962700,LLY
2018-03-07,76.58000183105469,77.61000061035156,76.54000091552734,77.44000244140625,2266500,LLY
2018-03-08,77.6500015258789,79.0199966430664,77.47000122070312,78.88999938964844,3497200,LLY
2018-03-09,79.27999877929688,79.95999908447266,78.87999725341797,79.61000061035156,4399500,LLY
2018-03-12,79.83000183105469,79.97000122070312,78.61000061035156,79.04000091552734,5059600,LLY
2018-03-13,79.08000183105469,79.87000274658203,78.7699966430664,79.1500015258789,4863200,LLY
2018-03-14,79.38999938964844,79.55999755859375,78.0199966430664,78.48999786376953,3167900,LLY
2018-03-15,78.58000183105469,79.86000061035156,78.45999908447266,78.75,3910100,LLY
2018-03-16,79.19999694824219,80.48999786376953,79.12000274658203,80.48999786376953,8326300,LLY
2018-03-19,80.12000274658203,80.19999694824219,78.16000366210938,78.7300033569336,5117000,LLY
2018-03-20,79.04000091552734,79.19999694824219,77.8499984741211,78.37000274658203,3943800,LLY
2018-03-21,78.45999908447266,79.0,78.02999877929688,78.23999786376953,4052000,LLY
2018-03-22,77.55999755859375,78.01000213623047,76.41000366210938,76.52999877929688,3816900,LLY
2018-03-23,76.7699966430664,76.80000305175781,74.51000213623047,74.76000213623047,4298100,LLY
2018-03-26,75.61000061035156,76.2300033569336,74.6500015258789,76.18000030517578,3488700,LLY
2018-03-27,76.08999633789062,76.5999984741211,75.13999938964844,75.66000366210938,4070600,LLY
2018-03-28,76.05999755859375,77.66000366210938,76.04000091552734,77.01000213623047,4257500,LLY
2018-03-29,77.45999908447266,77.80000305175781,76.61000061035156,77.37000274658203,3424000,LLY
2018-04-02,76.87999725341797,77.30999755859375,75.4000015258789,75.69999694824219,6282600,LLY
2018-04-03,76.25,77.5999984741211,75.86000061035156,77.54000091552734,3610600,LLY
2018-04-04,76.81999969482422,78.81999969482422,76.70999908447266,78.5999984741211,3022200,LLY
2018-04-05,78.5199966430664,78.8499984741211,78.08999633789062,78.62000274658203,2213100,LLY
2018-04-06,78.18000030517578,78.25,76.30000305175781,76.8499984741211,4012800,LLY
2018-04-09,77.2699966430664,78.3499984741211,76.33000183105469,77.33999633789062,5377500,LLY
2018-04-10,78.08999633789062,79.68000030517578,78.06999969482422,79.22000122070312,3657200,LLY
2018-04-11,78.3499984741211,78.9000015258789,78.12000274658203,78.7300033569336,2830000,LLY
2018-04-12,79.19000244140625,79.68000030517578,78.80999755859375,79.29000091552734,2121100,LLY
2018-04-13,79.87999725341797,80.44999694824219,79.23999786376953,79.72000122070312,2652400,LLY
2018-04-16,80.45999908447266,80.75,79.66999816894531,80.12000274658203,2743000,LLY
2018-04-17,80.56999969482422,80.63999938964844,79.48999786376953,79.91999816894531,3782400,LLY
2018-04-18,79.95999908447266,80.23999786376953,79.58999633789062,79.72000122070312,4261000,LLY
2018-04-19,78.95999908447266,79.75,78.55000305175781,79.75,4989400,LLY
2018-04-20,79.63999938964844,79.91000366210938,78.81999969482422,79.05999755859375,5424100,LLY
2018-04-23,79.43000030517578,80.29000091552734,79.16999816894531,80.19999694824219,4015900,LLY
2018-04-24,81.16999816894531,81.5,78.91999816894531,80.08999633789062,6394900,LLY
2018-04-25,80.2699966430664,82.31999969482422,80.01000213623047,81.13999938964844,5379000,LLY
2018-04-26,81.41999816894531,83.55999755859375,81.41999816894531,82.55000305175781,5058700,LLY
2018-04-27,82.5,83.23999786376953,82.37999725341797,82.7300033569336,3209600,LLY
2018-04-30,83.08999633789062,83.20999908447266,81.05999755859375,81.06999969482422,5483500,LLY
2018-05-01,80.68000030517578,80.93000030517578,78.69000244140625,79.06999969482422,6306100,LLY
2018-05-02,78.68000030517578,79.38999938964844,78.45999908447266,78.83000183105469,5166300,LLY
2018-05-03,78.6500015258789,78.69999694824219,77.44000244140625,78.04000091552734,4469300,LLY
2018-05-04,77.41999816894531,78.62000274658203,77.08999633789062,78.4000015258789,3367500,LLY
2018-05-07,78.41000366210938,79.26000213623047,78.2300033569336,78.62999725341797,3722600,LLY
2018-05-08,78.4800033569336,78.9000015258789,78.16999816894531,78.87999725341797,4591700,LLY
2018-05-09,78.95999908447266,79.6500015258789,78.44999694824219,79.2699966430664,3325200,LLY
2018-05-10,79.45999908447266,81.16999816894531,79.41000366210938,80.86000061035156,3718400,LLY
2018-05-11,81.1500015258789,82.44999694824219,81.0199966430664,82.44999694824219,4393800,LLY
2018-05-14,82.5999984741211,83.31999969482422,82.5,83.06999969482422,4739700,LLY
2018-05-15,82.72000122070312,82.94000244140625,81.83000183105469,82.20999908447266,3662700,LLY
2018-05-16,81.80000305175781,81.94999694824219,80.95999908447266,81.18000030517578,3614500,LLY
2018-05-17,81.04000091552734,81.83999633789062,81.02999877929688,81.66000366210938,2808400,LLY
2018-05-18,81.48999786376953,82.29000091552734,81.48999786376953,82.06999969482422,4002300,LLY
2018-05-21,82.29000091552734,82.54000091552734,81.66999816894531,81.83000183105469,2505900,LLY
2018-05-22,82.13999938964844,82.88999938964844,81.80999755859375,82.22000122070312,2620700,LLY
2018-05-23,81.70999908447266,82.91999816894531,81.61000061035156,82.68000030517578,2516900,LLY
2018-05-24,82.70999908447266,82.79000091552734,82.0999984741211,82.70999908447266,2481800,LLY
2018-05-25,82.79000091552734,83.47000122070312,82.58999633789062,82.7699966430664,2338100,LLY
2018-05-29,82.11000061035156,82.62000274658203,81.6500015258789,82.44000244140625,3459300,LLY
2018-05-30,82.91999816894531,84.0199966430664,82.91000366210938,83.86000061035156,3475400,LLY
2018-05-31,83.87999725341797,85.11000061035156,83.68000030517578,85.04000091552734,9526400,LLY
2018-06-01,85.19999694824219,85.68000030517578,84.55999755859375,84.8499984741211,4057700,LLY
2018-06-04,84.6500015258789,85.5199966430664,84.36000061035156,85.06999969482422,4263100,LLY
2018-06-05,85.25,85.69999694824219,84.54000091552734,84.81999969482422,3667600,LLY
2018-06-06,84.87999725341797,85.93000030517578,84.66000366210938,85.93000030517578,2720100,LLY
2018-06-07,86.19999694824219,86.31999969482422,85.31999969482422,85.87999725341797,3123600,LLY
2018-06-08,85.83000183105469,86.41999816894531,85.43000030517578,86.08000183105469,3172300,LLY
2018-06-11,86.30999755859375,86.77999877929688,85.80999755859375,85.86000061035156,3506900,LLY
2018-06-12,85.76000213623047,86.0199966430664,85.44999694824219,85.48999786376953,3016900,LLY
2018-06-13,85.76000213623047,86.37999725341797,85.5999984741211,85.72000122070312,3052100,LLY
2018-06-14,85.66999816894531,86.45999908447266,85.16999816894531,86.3499984741211,3115100,LLY
2018-06-15,86.12999725341797,87.2699966430664,86.0999984741211,86.87999725341797,5575200,LLY
2018-06-18,85.9800033569336,86.1500015258789,85.01000213623047,86.11000061035156,2903900,LLY
2018-06-19,85.88999938964844,86.87000274658203,85.66999816894531,86.81999969482422,3044500,LLY
2018-06-20,86.73999786376953,87.16000366210938,86.19999694824219,86.27999877929688,4675500,LLY
2018-06-21,85.81999969482422,86.27999877929688,85.19000244140625,86.06999969482422,2856400,LLY
2018-06-22,86.0199966430664,86.4000015258789,85.80999755859375,85.91999816894531,3769500,LLY
2018-06-25,86.0,86.61000061035156,85.12000274658203,85.7699966430664,3414100,LLY
2018-06-26,85.54000091552734,86.0,84.95999908447266,85.11000061035156,2840600,LLY
2018-06-27,84.91000366210938,85.5999984741211,84.63999938964844,84.66999816894531,3005400,LLY
2018-06-28,84.8499984741211,85.95999908447266,84.80999755859375,85.48999786376953,2564600,LLY
2018-06-29,85.83999633789062,86.0999984741211,85.12999725341797,85.33000183105469,2964000,LLY
2018-07-02,85.05999755859375,85.93000030517578,84.70999908447266,85.86000061035156,2347000,LLY
2018-07-03,85.80999755859375,87.0199966430664,85.80999755859375,86.51000213623047,2163500,LLY
2018-07-05,86.91000366210938,87.19000244140625,86.12999725341797,86.55999755859375,2675500,LLY
2018-07-06,86.83000183105469,87.70999908447266,86.81999969482422,87.38999938964844,2290500,LLY
2018-07-09,87.5999984741211,88.33000183105469,87.5199966430664,87.87000274658203,2718300,LLY
2018-07-10,88.08000183105469,88.2300033569336,87.66999816894531,88.05000305175781,2227200,LLY
2018-07-11,87.7699966430664,88.06999969482422,87.19999694824219,87.55999755859375,2449500,LLY
2018-07-12,88.0999984741211,88.98999786376953,87.91999816894531,88.91000366210938,2604500,LLY
2018-07-13,88.83000183105469,89.87000274658203,88.54000091552734,89.70999908447266,3335000,LLY
2018-07-16,89.62999725341797,89.83999633789062,88.83999633789062,89.06999969482422,3175200,LLY
2018-07-17,89.36000061035156,89.97000122070312,89.33999633789062,89.56999969482422,2179400,LLY
2018-07-18,89.5999984741211,90.12999725341797,89.06999969482422,90.02999877929688,3021400,LLY
2018-07-19,89.83000183105469,89.9800033569336,88.87000274658203,89.43000030517578,3171000,LLY
2018-07-20,89.0199966430664,89.37000274658203,88.26000213623047,88.47000122070312,3829800,LLY
2018-07-23,88.30000305175781,89.16000366210938,88.16999816894531,88.87999725341797,3145300,LLY
2018-07-24,91.05999755859375,93.76000213623047,90.0,93.3499984741211,9910000,LLY
2018-07-25,93.16000366210938,96.6500015258789,93.02999877929688,96.43000030517578,8476800,LLY
2018-07-26,96.63999938964844,96.95999908447266,94.83000183105469,95.18000030517578,4826100,LLY
2018-07-27,95.6500015258789,96.95999908447266,95.0199966430664,96.5999984741211,3975500,LLY
2018-07-30,96.37999725341797,98.12000274658203,96.25,98.0199966430664,5356000,LLY
2018-07-31,98.25,99.19999694824219,97.52999877929688,98.80999755859375,4957800,LLY
2018-08-01,98.73999786376953,99.3499984741211,98.44000244140625,98.69999694824219,4971800,LLY
2018-08-02,97.94999694824219,100.38999938964844,97.83999633789062,99.47000122070312,4321000,LLY
2018-08-03,99.18000030517578,100.69000244140625,98.87999725341797,100.58000183105469,4572100,LLY
2018-08-06,100.4000015258789,102.58999633789062,100.22000122070312,102.0,5090900,LLY
2018-08-07,101.79000091552734,103.80999755859375,101.68000030517578,101.94000244140625,5095100,LLY
2018-08-08,101.8499984741211,102.66999816894531,101.43000030517578,102.2699966430664,3901600,LLY
2018-08-09,102.05999755859375,102.72000122070312,101.91999816894531,102.19000244140625,3298100,LLY
2018-08-10,102.1500015258789,103.19000244140625,101.98999786376953,102.25,2783800,LLY
2018-08-13,102.44999694824219,102.68000030517578,102.12000274658203,102.44000244140625,2816400,LLY
2018-08-14,101.7699966430664,102.83999633789062,101.2699966430664,102.44000244140625,3283900,LLY
2018-08-15,102.27999877929688,103.44000244140625,102.08000183105469,103.33000183105469,3143200,LLY
2018-08-16,103.25,104.94000244140625,103.25,104.36000061035156,4427200,LLY
2018-08-17,104.43000030517578,105.91999816894531,103.95999908447266,105.55000305175781,3824300,LLY
2018-08-20,105.58000183105469,106.37999725341797,105.58000183105469,105.81999969482422,2765500,LLY
2018-08-21,106.0199966430664,106.12999725341797,104.72000122070312,105.06999969482422,2775500,LLY
2018-08-22,104.80000305175781,105.62999725341797,104.1500015258789,105.02999877929688,1964400,LLY
2018-08-23,104.98999786376953,105.25,104.38999938964844,104.81999969482422,2043400,LLY
2018-08-24,105.56999969482422,106.04000091552734,104.52999877929688,105.7699966430664,3089900,LLY
2018-08-27,106.1500015258789,106.48999786376953,104.94000244140625,105.11000061035156,2452500,LLY
2018-08-28,105.02999877929688,105.58999633789062,104.58999633789062,105.18000030517578,2516800,LLY
2018-08-29,104.4000015258789,105.58999633789062,104.27999877929688,105.33000183105469,2949500,LLY
2018-08-30,105.18000030517578,105.73999786376953,104.94000244140625,105.4800033569336,2928600,LLY
2018-08-31,105.13999938964844,105.86000061035156,104.47000122070312,105.6500015258789,3278900,LLY
2018-09-04,105.30999755859375,105.69999694824219,104.37999725341797,104.62000274658203,3107000,LLY
2018-09-05,104.8499984741211,106.11000061035156,104.69999694824219,105.72000122070312,3366600,LLY
2018-09-06,105.66999816894531,105.75,103.66000366210938,105.37000274658203,3180700,LLY
2018-09-07,105.1500015258789,107.23999786376953,104.80000305175781,107.02999877929688,3822900,LLY
2018-09-10,107.5,107.83999633789062,106.38999938964844,106.41999816894531,2950800,LLY
2018-09-11,106.41000366210938,106.62000274658203,105.5199966430664,105.63999938964844,3516400,LLY
2018-09-12,105.80999755859375,106.48999786376953,105.51000213623047,105.97000122070312,3926000,LLY
2018-09-13,106.16000366210938,106.70999908447266,105.81999969482422,106.58000183105469,5167400,LLY
2018-09-14,106.56999969482422,106.69000244140625,105.4000015258789,105.7699966430664,3103100,LLY
2018-09-17,105.61000061035156,106.7699966430664,105.05000305175781,105.70999908447266,4972200,LLY
2018-09-18,105.87000274658203,107.19000244140625,105.11000061035156,106.87999725341797,3668800,LLY
2018-09-19,106.87999725341797,107.06999969482422,105.5,105.73999786376953,3270400,LLY
2018-09-20,105.72000122070312,106.11000061035156,104.22000122070312,106.06999969482422,3762000,LLY
2018-09-21,106.2300033569336,106.87000274658203,105.3499984741211,106.33000183105469,5333700,LLY
2018-09-24,105.94999694824219,106.66999816894531,105.58999633789062,105.58999633789062,3095500,LLY
2018-09-25,106.01000213623047,106.76000213623047,105.54000091552734,105.69999694824219,3775700,LLY
2018-09-26,106.05999755859375,107.37000274658203,106.01000213623047,106.30999755859375,3707300,LLY
2018-09-27,106.48999786376953,107.16999816894531,106.20999908447266,106.69000244140625,2093700,LLY
2018-09-28,106.7699966430664,107.73999786376953,106.30000305175781,107.30999755859375,2812300,LLY
2018-10-01,107.66999816894531,107.70999908447266,107.02999877929688,107.5999984741211,2707500,LLY
2018-10-02,107.5,108.13999938964844,107.19000244140625,107.95999908447266,3787900,LLY
2018-10-03,108.47000122070312,109.61000061035156,108.23999786376953,108.62000274658203,5097200,LLY
2018-10-04,113.62000274658203,115.68000030517578,111.04000091552734,112.98999786376953,10940700,LLY
2018-10-05,114.08999633789062,115.44999694824219,114.08999633789062,115.0199966430664,8330300,LLY
2018-10-08,114.8499984741211,116.61000061035156,114.7699966430664,115.45999908447266,6002300,LLY
2018-10-09,115.08999633789062,116.0,114.2300033569336,115.44999694824219,4716000,LLY
2018-10-10,114.95999908447266,115.37000274658203,113.25,113.33999633789062,5602900,LLY
2018-10-11,113.08999633789062,113.31999969482422,106.58000183105469,107.91000366210938,7226300,LLY
2018-10-12,109.0,111.0199966430664,108.43000030517578,110.4800033569336,4519100,LLY
2018-10-15,110.5,111.80999755859375,109.9800033569336,110.62000274658203,3884700,LLY
2018-10-16,110.83999633789062,111.22000122070312,109.93000030517578,111.02999877929688,4192800,LLY
2018-10-17,110.9800033569336,113.7699966430664,110.86000061035156,113.58999633789062,4402100,LLY
2018-10-18,113.93000030517578,114.25,112.41000366210938,113.30999755859375,3619600,LLY
2018-10-19,112.87999725341797,113.36000061035156,110.66000366210938,111.91999816894531,4224000,LLY
2018-10-22,112.0,112.72000122070312,111.37000274658203,112.02999877929688,2938300,LLY
2018-10-23,110.69999694824219,111.45999908447266,109.05999755859375,110.38999938964844,3757000,LLY
2018-10-24,110.22000122070312,111.1500015258789,106.19000244140625,106.31999969482422,6739400,LLY
2018-10-25,106.43000030517578,108.81999969482422,104.16999816894531,107.88999938964844,4114800,LLY
2018-10-26,107.05000305175781,107.47000122070312,105.05999755859375,106.38999938964844,4464500,LLY
2018-10-29,107.44999694824219,109.08000183105469,106.30000305175781,107.4000015258789,3587800,LLY
2018-10-30,107.2300033569336,108.51000213623047,107.08000183105469,108.33999633789062,3325900,LLY
2018-10-31,109.58999633789062,110.43000030517578,108.3499984741211,108.44000244140625,4349200,LLY
2018-11-01,108.73999786376953,109.2300033569336,107.33000183105469,107.86000061035156,3639400,LLY
2018-11-02,108.13999938964844,108.38999938964844,105.93000030517578,106.75,3577200,LLY
2018-11-05,110.43000030517578,112.08000183105469,109.76000213623047,110.13999938964844,7368600,LLY
2018-11-06,109.0,109.30000305175781,104.94999694824219,105.9000015258789,6803700,LLY
2018-11-07,106.8499984741211,110.77999877929688,106.72000122070312,109.72000122070312,5875400,LLY
2018-11-08,109.48999786376953,110.94000244140625,109.01000213623047,110.0999984741211,3666300,LLY
2018-11-09,110.41999816894531,112.54000091552734,109.69999694824219,112.20999908447266,5054400,LLY
2018-11-12,112.26000213623047,114.70999908447266,112.26000213623047,113.19999694824219,5078900,LLY
2018-11-13,114.25,114.25,111.83000183105469,112.38999938964844,4239700,LLY
2018-11-14,112.36000061035156,112.6500015258789,109.73999786376953,109.80999755859375,5392800,LLY
2018-11-15,109.18000030517578,112.2300033569336,108.54000091552734,112.19999694824219,4796800,LLY
2018-11-16,111.68000030517578,114.30000305175781,111.66999816894531,113.83000183105469,4766400,LLY
2018-11-19,113.0,116.0999984741211,113.0,115.80999755859375,4869800,LLY
2018-11-20,114.87999725341797,116.19999694824219,114.31999969482422,114.72000122070312,4877300,LLY
2018-11-21,114.27999877929688,114.27999877929688,112.12999725341797,112.2300033569336,3619700,LLY
2018-11-23,111.86000061035156,113.80999755859375,111.4000015258789,112.87000274658203,1897000,LLY
2018-11-26,111.26000213623047,113.5999984741211,110.97000122070312,112.37999725341797,3296200,LLY
2018-11-27,112.27999877929688,114.25,111.70999908447266,114.22000122070312,3263200,LLY
2018-11-28,114.7300033569336,115.83000183105469,113.76000213623047,115.52999877929688,4814500,LLY
2018-11-29,115.30000305175781,117.93000030517578,114.97000122070312,117.0,4688300,LLY
2018-11-30,117.61000061035156,118.70999908447266,116.22000122070312,118.63999938964844,8965600,LLY
2018-12-03,118.63999938964844,118.69000244140625,117.54000091552734,118.5199966430664,4290100,LLY
2018-12-04,118.6500015258789,119.83999633789062,116.31999969482422,116.5199966430664,5676600,LLY
2018-12-06,115.31999969482422,115.98999786376953,112.9800033569336,115.83999633789062,5064400,LLY
2018-12-07,115.52999877929688,115.77999877929688,112.7699966430664,113.58000183105469,4128100,LLY
2018-12-10,113.5999984741211,114.6500015258789,111.0199966430664,114.08999633789062,3832600,LLY
2018-12-11,114.83999633789062,115.62000274658203,113.91999816894531,114.5,3806800,LLY
2018-12-12,115.4800033569336,115.73999786376953,114.2699966430664,114.33999633789062,3758800,LLY
2018-12-13,114.62000274658203,115.1500015258789,113.83999633789062,114.86000061035156,3609900,LLY
2018-12-14,114.29000091552734,114.58000183105469,111.23999786376953,111.93000030517578,5306100,LLY
2018-12-17,111.20999908447266,111.30000305175781,107.72000122070312,108.36000061035156,6121700,LLY
2018-12-18,109.43000030517578,109.66000366210938,105.66999816894531,106.5,6864400,LLY
2018-12-19,111.54000091552734,111.54000091552734,107.69999694824219,109.11000061035156,8362800,LLY
2018-12-20,109.0999984741211,110.16000366210938,108.12000274658203,109.29000091552734,8362300,LLY
2018-12-21,109.29000091552734,111.51000213623047,108.68000030517578,109.41999816894531,13154500,LLY
2018-12-24,109.3499984741211,109.41000366210938,106.62999725341797,106.75,3284000,LLY
2018-12-26,106.76000213623047,111.08999633789062,106.43000030517578,111.08999633789062,3792400,LLY
2018-12-27,110.23999786376953,112.9000015258789,108.7300033569336,112.88999938964844,4101600,LLY
2018-12-28,113.4000015258789,115.08999633789062,112.58999633789062,114.19999694824219,3984000,LLY
2018-12-31,114.33999633789062,115.8499984741211,114.23999786376953,115.72000122070312,2731000,LLY
2019-01-02,114.79000091552734,115.43000030517578,112.75,114.87999725341797,4247100,LLY
2019-01-03,114.72000122070312,114.73999786376953,111.0999984741211,111.30999755859375,4203300,LLY
2019-01-04,112.20999908447266,114.83999633789062,111.73999786376953,114.66000366210938,5795200,LLY
2019-01-07,112.37000274658203,116.44000244140625,112.05000305175781,115.27999877929688,7749600,LLY
2019-01-08,115.69000244140625,116.41999816894531,114.5199966430664,116.33999633789062,3428900,LLY
2019-01-09,116.37000274658203,118.22000122070312,116.22000122070312,117.20999908447266,5820100,LLY
2019-01-10,117.08999633789062,117.22000122070312,114.97000122070312,115.94000244140625,4282300,LLY
2019-01-11,115.2699966430664,116.20999908447266,115.0999984741211,116.18000030517578,2648800,LLY
2019-01-14,115.19999694824219,115.25,114.33000183105469,114.68000030517578,4404600,LLY
2019-01-15,113.91000366210938,118.22000122070312,113.4000015258789,117.08999633789062,5097700,LLY
2019-01-16,116.98999786376953,118.06999969482422,116.4800033569336,116.80000305175781,2920600,LLY
2019-01-17,116.80999755859375,119.19999694824219,116.55000305175781,119.16000366210938,4401900,LLY
2019-01-18,115.58000183105469,116.9000015258789,115.0199966430664,116.58999633789062,8887000,LLY
2019-01-22,115.69000244140625,117.11000061035156,115.69000244140625,117.08999633789062,4377500,LLY
2019-01-23,117.11000061035156,118.9000015258789,116.91999816894531,118.79000091552734,4012100,LLY
2019-01-24,118.22000122070312,118.22000122070312,114.19999694824219,114.98999786376953,6946200,LLY
2019-01-25,115.33999633789062,115.3499984741211,114.04000091552734,114.97000122070312,4599100,LLY
2019-01-28,114.72000122070312,115.11000061035156,113.54000091552734,115.02999877929688,3590900,LLY
2019-01-29,114.38999938964844,115.94999694824219,113.91000366210938,115.70999908447266,3767400,LLY
2019-01-30,115.52999877929688,117.08000183105469,115.52999877929688,116.94000244140625,4362900,LLY
2019-01-31,116.94000244140625,120.13999938964844,116.7300033569336,119.86000061035156,5746100,LLY
2019-02-01,120.31999969482422,120.98999786376953,119.12999725341797,120.88999938964844,4171500,LLY
2019-02-04,121.20999908447266,121.83999633789062,118.69000244140625,120.16999816894531,4518400,LLY
2019-02-05,120.72000122070312,121.73999786376953,120.4000015258789,120.43000030517578,8832400,LLY
2019-02-06,118.66999816894531,120.81999969482422,117.73999786376953,119.2699966430664,7421000,LLY
2019-02-07,119.0,119.33000183105469,116.86000061035156,117.5,7935000,LLY
2019-02-08,117.7300033569336,121.43000030517578,117.44999694824219,119.5999984741211,16195100,LLY
2019-02-11,119.19999694824219,119.94000244140625,117.04000091552734,118.01000213623047,7203100,LLY
2019-02-12,117.76000213623047,119.9000015258789,117.5,119.48999786376953,6975500,LLY
2019-02-13,119.5999984741211,120.27999877929688,118.11000061035156,119.6500015258789,12738600,LLY
2019-02-14,118.94000244140625,121.25,118.80000305175781,120.75,17847000,LLY
2019-02-15,121.18000030517578,122.4800033569336,120.4000015258789,122.4800033569336,10366400,LLY
2019-02-19,121.30999755859375,123.33000183105469,121.30000305175781,122.12999725341797,17861300,LLY
2019-02-20,122.37999725341797,123.05000305175781,121.61000061035156,122.66000366210938,19880300,LLY
2019-02-21,122.05999755859375,123.76000213623047,121.80000305175781,122.72000122070312,20798700,LLY
2019-02-22,122.7300033569336,124.73999786376953,122.6500015258789,124.0,19574000,LLY
2019-02-25,124.0999984741211,124.66999816894531,123.47000122070312,123.88999938964844,13682400,LLY
2019-02-26,123.86000061035156,125.16000366210938,123.31999969482422,124.66999816894531,20790900,LLY
2019-02-27,124.48999786376953,126.4800033569336,124.08000183105469,125.68000030517578,32135600,LLY
2019-02-28,125.5199966430664,127.7699966430664,125.19999694824219,126.29000091552734,36023600,LLY
2019-03-01,127.25,129.4199981689453,126.58000183105469,128.83999633789062,43290900,LLY
2019-03-04,130.50999450683594,130.50999450683594,125.33999633789062,127.45999908447266,59468600,LLY
2019-03-05,128.39999389648438,128.8699951171875,126.72000122070312,128.49000549316406,53212600,LLY
2019-03-06,128.75,128.7899932861328,125.38999938964844,126.68000030517578,74822500,LLY
2019-03-07,126.41000366210938,127.19000244140625,125.12999725341797,126.33999633789062,60615600,LLY
2019-03-08,126.37000274658203,126.9800033569336,125.25,126.69999694824219,50169800,LLY
2019-03-11,122.80000305175781,124.91000366210938,122.51000213623047,123.5,61771200,LLY
2019-03-12,123.5,124.0199966430664,122.68000030517578,123.5,8077600,LLY
2019-03-13,124.5999984741211,130.75,123.16000366210938,124.30999755859375,68139300,LLY
2019-03-14,124.9800033569336,124.9800033569336,122.51000213623047,123.08000183105469,42768700,LLY
2019-03-15,123.0999984741211,124.16000366210938,121.95999908447266,123.94000244140625,47331000,LLY
2019-03-18,123.98999786376953,125.3499984741211,123.5,125.23999786376953,16052200,LLY
2019-03-19,125.26000213623047,126.6500015258789,125.13999938964844,126.58999633789062,13726300,LLY
2019-03-20,127.54000091552734,129.10000610351562,126.83000183105469,128.16000366210938,7520700,LLY
2019-03-21,126.87999725341797,128.97999572753906,126.63999938964844,128.30999755859375,5704300,LLY
2019-03-22,128.72999572753906,129.47999572753906,127.43000030517578,128.3000030517578,15332900,LLY
2019-03-25,128.61000061035156,130.5800018310547,128.41000366210938,129.8699951171875,5972800,LLY
2019-03-26,130.24000549316406,132.1300048828125,129.6999969482422,131.02000427246094,5872900,LLY
2019-03-27,130.9600067138672,131.55999755859375,128.52000427246094,128.77000427246094,7675100,LLY
2019-03-28,129.33999633789062,129.89999389648438,128.8699951171875,128.9499969482422,6112900,LLY
2019-03-29,129.00999450683594,129.94000244140625,128.97999572753906,129.75999450683594,5729100,LLY
2019-04-01,130.7100067138672,131.35000610351562,129.0500030517578,129.0500030517578,5132300,LLY
2019-04-02,129.0399932861328,129.57000732421875,128.24000549316406,129.32000732421875,3214600,LLY
2019-04-03,129.11000061035156,129.25,126.83999633789062,127.05000305175781,4425300,LLY
2019-04-04,127.33999633789062,127.3499984741211,124.61000061035156,125.61000061035156,5539800,LLY
2019-04-05,126.48999786376953,127.01000213623047,125.61000061035156,126.98999786376953,4656400,LLY
2019-04-08,126.5,127.27999877929688,126.08999633789062,127.16000366210938,3430900,LLY
2019-04-09,126.76000213623047,128.1199951171875,126.5999984741211,127.23999786376953,4215600,LLY
2019-04-10,127.55999755859375,127.97000122070312,126.93000030517578,127.19000244140625,4227100,LLY
2019-04-11,126.86000061035156,127.31999969482422,124.51000213623047,125.1500015258789,5520700,LLY
2019-04-12,125.23999786376953,125.23999786376953,123.0199966430664,123.05999755859375,5470400,LLY
2019-04-15,123.7699966430664,124.3499984741211,123.16000366210938,124.08000183105469,4549100,LLY
2019-04-16,124.93000030517578,124.93000030517578,119.79000091552734,119.95999908447266,6573400,LLY
2019-04-17,120.0,120.05999755859375,115.88999938964844,116.5,14842800,LLY
2019-04-18,116.2300033569336,116.6500015258789,114.13999938964844,115.19999694824219,9805800,LLY
2019-04-22,115.04000091552734,115.56999969482422,113.6500015258789,115.47000122070312,7519700,LLY
2019-04-23,116.04000091552734,117.88999938964844,115.43000030517578,117.48999786376953,5891500,LLY
2019-04-24,118.29000091552734,118.43000030517578,117.2300033569336,118.0,4254100,LLY
2019-04-25,117.75,118.68000030517578,116.75,118.2300033569336,3425000,LLY
2019-04-26,118.83000183105469,119.91999816894531,118.66999816894531,119.87000274658203,3372500,LLY
2019-04-29,119.9000015258789,120.01000213623047,119.25,119.5999984741211,4097200,LLY
2019-04-30,116.61000061035156,117.13999938964844,114.91000366210938,117.04000091552734,7548300,LLY
2019-05-01,117.05000305175781,119.52999877929688,116.55999755859375,118.18000030517578,5392100,LLY
2019-05-02,118.44000244140625,118.56999969482422,116.86000061035156,118.45999908447266,4168800,LLY
2019-05-03,118.44000244140625,118.44000244140625,116.54000091552734,116.91000366210938,5695500,LLY
2019-05-06,115.81999969482422,117.08000183105469,115.30000305175781,116.6500015258789,5952100,LLY
2019-05-07,116.30000305175781,116.48999786376953,114.45999908447266,114.94000244140625,5127200,LLY
2019-05-08,115.8499984741211,116.88999938964844,115.2300033569336,116.25,2992600,LLY
2019-05-09,115.86000061035156,116.1500015258789,114.77999877929688,115.80000305175781,5818900,LLY
2019-05-10,115.62999725341797,116.31999969482422,114.22000122070312,116.22000122070312,3660500,LLY
2019-05-13,114.86000061035156,115.19000244140625,113.87000274658203,114.37000274658203,4284600,LLY
2019-05-14,114.7300033569336,115.52999877929688,114.52999877929688,114.94000244140625,3668400,LLY
2019-05-15,115.25,115.83999633789062,114.31999969482422,115.62000274658203,3724400,LLY
2019-05-16,114.56999969482422,117.68000030517578,114.56999969482422,116.7300033569336,3914100,LLY
2019-05-17,115.69999694824219,116.6500015258789,115.22000122070312,116.01000213623047,3109800,LLY
2019-05-20,115.87000274658203,116.30000305175781,115.0,116.2300033569336,3042800,LLY
2019-05-21,117.04000091552734,117.79000091552734,116.52999877929688,116.58000183105469,2611100,LLY
2019-05-22,116.12000274658203,118.38999938964844,116.12000274658203,117.9800033569336,3934200,LLY
2019-05-23,117.76000213623047,117.95999908447266,116.4800033569336,116.80999755859375,3653500,LLY
2019-05-24,117.52999877929688,117.55000305175781,116.44999694824219,116.79000091552734,2086400,LLY
2019-05-28,117.08999633789062,118.41000366210938,115.69999694824219,115.76000213623047,5007200,LLY
2019-05-29,115.61000061035156,115.80000305175781,114.43000030517578,115.48999786376953,5915800,LLY
2019-05-30,115.48999786376953,116.30000305175781,114.95999908447266,115.9000015258789,2392800,LLY
2019-05-31,115.33999633789062,117.58000183105469,114.98999786376953,115.94000244140625,6098400,LLY
2019-06-03,116.52999877929688,117.72000122070312,116.04000091552734,116.7699966430664,4722000,LLY
2019-06-04,118.08000183105469,118.93000030517578,117.41000366210938,117.55999755859375,3122700,LLY
2019-06-05,118.02999877929688,118.37999725341797,116.52999877929688,117.0199966430664,4175800,LLY
2019-06-06,117.5199966430664,118.94000244140625,117.2699966430664,117.5,3882800,LLY
2019-06-07,118.19000244140625,118.94000244140625,117.88999938964844,118.3499984741211,2726300,LLY
2019-06-10,116.0,116.0,113.87999725341797,113.93000030517578,8172400,LLY
2019-06-11,114.77999877929688,115.58999633789062,111.8499984741211,112.20999908447266,5681200,LLY
2019-06-12,112.5,115.5,112.5,115.23999786376953,3793800,LLY
2019-06-13,115.4000015258789,115.4000015258789,110.61000061035156,111.81999969482422,8477300,LLY
2019-06-14,112.12999725341797,112.25,111.01000213623047,111.73999786376953,3188100,LLY
2019-06-17,111.63999938964844,113.41999816894531,111.33999633789062,113.4000015258789,3032300,LLY
2019-06-18,113.6500015258789,114.83000183105469,113.22000122070312,114.6500015258789,2868700,LLY
2019-06-19,115.0199966430664,115.98999786376953,114.33999633789062,115.2300033569336,3320600,LLY
2019-06-20,116.3499984741211,117.06999969482422,115.26000213623047,115.55999755859375,2840100,LLY
2019-06-21,115.73999786376953,115.93000030517578,114.80999755859375,115.48999786376953,4024600,LLY
2019-06-24,115.08000183105469,116.1500015258789,114.70999908447266,115.62999725341797,2570500,LLY
2019-06-25,115.51000213623047,116.83000183105469,115.16999816894531,115.36000061035156,2110100,LLY
2019-06-26,114.80999755859375,114.94999694824219,110.62000274658203,111.33999633789062,4677500,LLY
2019-06-27,111.73999786376953,112.20999908447266,111.16000366210938,111.47000122070312,3615900,LLY
2019-06-28,111.80000305175781,111.83000183105469,110.0199966430664,110.79000091552734,8958700,LLY
2019-07-01,111.30999755859375,112.83999633789062,110.63999938964844,112.73999786376953,3236400,LLY
2019-07-02,112.81999969482422,114.20999908447266,112.4000015258789,114.19999694824219,2343400,LLY
2019-07-03,114.87000274658203,115.47000122070312,113.77999877929688,114.41999816894531,3707700,LLY
2019-07-05,114.05000305175781,114.37000274658203,112.55000305175781,112.81999969482422,2444000,LLY
2019-07-08,112.47000122070312,112.79000091552734,110.91000366210938,111.5199966430664,2998700,LLY
2019-07-09,111.8499984741211,113.36000061035156,111.8499984741211,113.08000183105469,2717700,LLY
2019-07-10,113.2699966430664,114.6500015258789,112.66999816894531,114.52999877929688,3339100,LLY
2019-07-11,111.52999877929688,112.23999786376953,109.0999984741211,109.81999969482422,6589600,LLY
2019-07-12,109.47000122070312,109.47000122070312,105.1500015258789,108.29000091552734,7211100,LLY
2019-07-15,108.30000305175781,109.16000366210938,107.58999633789062,108.47000122070312,4405200,LLY
2019-07-16,109.0,109.19000244140625,107.97000122070312,108.81999969482422,2206500,LLY
2019-07-17,109.3499984741211,109.6500015258789,107.08000183105469,107.08999633789062,3507300,LLY
2019-07-18,107.83000183105469,108.4800033569336,107.23999786376953,108.33999633789062,3232900,LLY
2019-07-19,108.5,108.5199966430664,106.58000183105469,106.79000091552734,4820600,LLY
2019-07-22,106.91999816894531,107.36000061035156,105.87000274658203,107.2699966430664,2894400,LLY
2019-07-23,107.5,109.4000015258789,106.05999755859375,108.22000122070312,5098200,LLY
2019-07-24,108.3499984741211,109.66000366210938,107.16000366210938,108.5199966430664,3762700,LLY
2019-07-25,108.56999969482422,110.37999725341797,107.68000030517578,107.81999969482422,4596700,LLY
2019-07-26,107.91999816894531,109.2300033569336,107.54000091552734,108.2699966430664,3470700,LLY
2019-07-29,108.06999969482422,110.23999786376953,108.06999969482422,108.72000122070312,3192500,LLY
2019-07-30,108.30000305175781,110.0199966430664,107.0,108.69000244140625,4664200,LLY
2019-07-31,108.05999755859375,110.70999908447266,107.61000061035156,108.94999694824219,5535700,LLY
2019-08-01,109.0199966430664,110.73999786376953,108.30999755859375,110.51000213623047,3679000,LLY
2019-08-02,110.95999908447266,113.2699966430664,110.19000244140625,112.41999816894531,4477700,LLY
2019-08-05,111.37999725341797,112.48999786376953,107.44000244140625,108.70999908447266,4765800,LLY
2019-08-06,109.47000122070312,112.12000274658203,109.04000091552734,111.4000015258789,5490000,LLY
2019-08-07,110.37000274658203,111.37999725341797,108.52999877929688,111.12000274658203,4231700,LLY
2019-08-08,111.95999908447266,114.54000091552734,111.63999938964844,113.97000122070312,4815900,LLY
2019-08-09,113.23999786376953,114.55000305175781,112.3499984741211,113.7699966430664,2788100,LLY
2019-08-12,112.9000015258789,114.05999755859375,112.29000091552734,113.5999984741211,2318400,LLY
2019-08-13,113.52999877929688,116.13999938964844,113.43000030517578,115.69999694824219,5247200,LLY
2019-08-14,114.86000061035156,114.87000274658203,110.22000122070312,110.29000091552734,4937900,LLY
2019-08-15,110.41999816894531,111.30999755859375,109.20999908447266,110.2300033569336,3939900,LLY
2019-08-16,110.94000244140625,111.33000183105469,109.29000091552734,110.5199966430664,3497600,LLY
2019-08-19,111.05000305175781,112.94000244140625,110.79000091552734,112.52999877929688,2903500,LLY
2019-08-20,112.33000183105469,112.87999725341797,110.91000366210938,111.01000213623047,2074800,LLY
2019-08-21,112.0,112.44000244140625,110.0,111.45999908447266,2207300,LLY
2019-08-22,111.44000244140625,112.2699966430664,110.79000091552734,111.61000061035156,1840200,LLY
2019-08-23,111.45999908447266,112.55999755859375,108.87999725341797,109.51000213623047,3870100,LLY
2019-08-26,110.61000061035156,111.81999969482422,110.25,111.77999877929688,2565500,LLY
2019-08-27,112.30999755859375,112.87999725341797,110.7300033569336,110.7300033569336,2945200,LLY
2019-08-28,110.33000183105469,111.54000091552734,109.79000091552734,110.97000122070312,1744400,LLY
2019-08-29,111.80999755859375,112.37999725341797,110.5999984741211,112.25,2708600,LLY
2019-08-30,112.81999969482422,114.16999816894531,111.91999816894531,112.97000122070312,2870700,LLY
2019-09-03,112.54000091552734,114.0199966430664,112.19000244140625,113.95999908447266,3710300,LLY
2019-09-04,114.37999725341797,114.5,112.44999694824219,113.25,3756400,LLY
2019-09-05,113.95999908447266,115.44000244140625,113.26000213623047,114.5999984741211,4045900,LLY
2019-09-06,114.77999877929688,114.98999786376953,113.83999633789062,114.05000305175781,2904700,LLY
2019-09-09,114.5199966430664,114.5199966430664,110.3499984741211,111.06999969482422,4982300,LLY
2019-09-10,108.37000274658203,111.12999725341797,106.4000015258789,111.0999984741211,6589500,LLY
2019-09-11,111.77999877929688,112.0,110.29000091552734,111.69000244140625,3404100,LLY
2019-09-12,111.91999816894531,112.41999816894531,111.12000274658203,111.47000122070312,3578500,LLY
2019-09-13,111.73999786376953,112.1500015258789,110.23999786376953,110.88999938964844,2842600,LLY
2019-09-16,110.41999816894531,110.52999877929688,109.20999908447266,110.12999725341797,1728900,LLY
2019-09-17,110.33000183105469,111.19000244140625,109.62999725341797,111.12000274658203,2438100,LLY
2019-09-18,111.44000244140625,112.91000366210938,111.16999816894531,112.72000122070312,3132500,LLY
2019-09-19,112.86000061035156,115.11000061035156,112.38999938964844,114.3499984741211,3929800,LLY
2019-09-20,115.93000030517578,117.2300033569336,114.47000122070312,116.16000366210938,7517700,LLY
2019-09-23,116.0,116.54000091552734,113.97000122070312,114.18000030517578,2611300,LLY
2019-09-24,114.36000061035156,114.55000305175781,111.94000244140625,113.25,3480200,LLY
2019-09-25,112.87999725341797,113.8499984741211,111.30999755859375,111.38999938964844,3093400,LLY
2019-09-26,112.04000091552734,112.66000366210938,110.69000244140625,111.81999969482422,2266400,LLY
2019-09-27,112.3499984741211,113.37000274658203,111.37999725341797,112.37000274658203,1906300,LLY
2019-09-30,112.4000015258789,113.44999694824219,111.69000244140625,111.83000183105469,2516600,LLY
2019-10-01,111.94000244140625,112.44999694824219,110.41000366210938,110.95999908447266,2203400,LLY
2019-10-02,110.33000183105469,110.63999938964844,106.66000366210938,107.0,4483900,LLY
2019-10-03,107.08999633789062,108.0999984741211,106.20999908447266,107.29000091552734,2735000,LLY
2019-10-04,107.48999786376953,108.26000213623047,107.0,108.19999694824219,2865300,LLY
2019-10-07,108.30999755859375,108.6500015258789,107.56999969482422,107.83000183105469,1460800,LLY
2019-10-08,106.88999938964844,108.33000183105469,105.94999694824219,107.19000244140625,2802500,LLY
2019-10-09,107.55999755859375,108.1500015258789,106.87999725341797,107.30000305175781,1636600,LLY
2019-10-10,107.02999877929688,107.48999786376953,106.58000183105469,106.91999816894531,2736900,LLY
2019-10-11,107.75,109.13999938964844,107.58999633789062,108.36000061035156,2554900,LLY
2019-10-14,108.5199966430664,109.12999725341797,107.87999725341797,107.9000015258789,1341300,LLY
2019-10-15,108.3499984741211,110.0999984741211,108.22000122070312,109.69999694824219,1760000,LLY
2019-10-16,109.18000030517578,109.4800033569336,107.79000091552734,107.94999694824219,2314600,LLY
2019-10-17,109.22000122070312,109.45999908447266,108.26000213623047,108.45999908447266,2018900,LLY
2019-10-18,108.30999755859375,108.94000244140625,107.9000015258789,108.63999938964844,2207100,LLY
2019-10-21,108.87000274658203,109.0,107.7699966430664,107.91000366210938,3944900,LLY
2019-10-22,109.9800033569336,111.45999908447266,108.88999938964844,109.83999633789062,5708500,LLY
2019-10-23,106.0,107.75,101.36000061035156,107.4000015258789,9047500,LLY
2019-10-24,107.5,108.20999908447266,106.25,107.83999633789062,3304500,LLY
2019-10-25,108.08000183105469,110.58999633789062,107.54000091552734,110.19999694824219,4234600,LLY
2019-10-28,110.62000274658203,113.19000244140625,110.62000274658203,112.98999786376953,4168500,LLY
2019-10-29,112.5,112.80999755859375,111.5,111.66999816894531,2987800,LLY
2019-10-30,111.37000274658203,113.20999908447266,111.26000213623047,112.72000122070312,2424700,LLY
2019-10-31,112.36000061035156,114.66999816894531,112.0,113.94999694824219,4124400,LLY
2019-11-01,114.06999969482422,114.51000213623047,112.30999755859375,112.51000213623047,2629100,LLY
2019-11-04,113.23999786376953,114.33000183105469,112.87000274658203,113.11000061035156,3002100,LLY
2019-11-05,112.94999694824219,113.08000183105469,110.51000213623047,111.25,3357300,LLY
2019-11-06,111.56999969482422,114.29000091552734,111.51000213623047,113.81999969482422,3973700,LLY
2019-11-07,114.2300033569336,114.62999725341797,112.02999877929688,112.7699966430664,3076200,LLY
2019-11-08,112.6500015258789,113.56999969482422,112.0999984741211,113.52999877929688,2224100,LLY
2019-11-11,113.45999908447266,114.20999908447266,112.22000122070312,112.80000305175781,1770200,LLY
2019-11-12,112.7699966430664,114.04000091552734,112.44999694824219,113.16999816894531,2273200,LLY
2019-11-13,112.87000274658203,113.52999877929688,112.25,112.79000091552734,3250600,LLY
2019-11-14,112.19000244140625,112.36000061035156,111.0,111.38999938964844,2627100,LLY
2019-11-15,111.33000183105469,113.81999969482422,111.33000183105469,113.19000244140625,4857400,LLY
2019-11-18,113.0199966430664,114.12999725341797,112.86000061035156,114.06999969482422,3361600,LLY
2019-11-19,114.02999877929688,116.12000274658203,113.75,115.0999984741211,3781600,LLY
2019-11-20,114.95999908447266,115.91999816894531,114.05000305175781,114.61000061035156,3638200,LLY
2019-11-21,114.69999694824219,115.5199966430664,113.29000091552734,114.75,2909500,LLY
2019-11-22,115.08999633789062,116.68000030517578,114.70999908447266,116.19999694824219,3120100,LLY
2019-11-25,116.5999984741211,118.45999908447266,116.5999984741211,117.47000122070312,2939300,LLY
2019-11-26,117.47000122070312,118.11000061035156,117.0,117.08999633789062,4704900,LLY
2019-11-27,117.7300033569336,117.9000015258789,116.62000274658203,117.44000244140625,1798200,LLY
2019-11-29,117.2300033569336,118.04000091552734,117.16999816894531,117.3499984741211,1243900,LLY
2019-12-02,117.5199966430664,118.25,116.0999984741211,116.73999786376953,2199700,LLY
2019-12-03,116.4000015258789,117.91999816894531,115.91999816894531,117.61000061035156,2786000,LLY
2019-12-04,118.27999877929688,118.83999633789062,117.56999969482422,118.66999816894531,2597000,LLY
2019-12-05,118.4000015258789,119.91999816894531,117.54000091552734,119.7699966430664,3003200,LLY
2019-12-06,119.97000122070312,120.70999908447266,119.58000183105469,119.63999938964844,2462800,LLY
2019-12-09,119.52999877929688,120.83999633789062,118.94000244140625,120.23999786376953,2335100,LLY
2019-12-10,120.55999755859375,121.1500015258789,120.11000061035156,120.6500015258789,3592600,LLY
2019-12-11,120.55999755859375,121.19999694824219,119.9800033569336,120.77999877929688,3438100,LLY
2019-12-12,120.55999755859375,121.93000030517578,120.55999755859375,121.69999694824219,2959400,LLY
2019-12-13,121.9800033569336,122.19000244140625,120.72000122070312,121.52999877929688,3343900,LLY
2019-12-16,123.06999969482422,124.26000213623047,122.05999755859375,122.8499984741211,3468400,LLY
2019-12-17,124.0,127.02999877929688,123.30999755859375,125.33000183105469,6718800,LLY
2019-12-18,127.87999725341797,129.97999572753906,127.69000244140625,129.47999572753906,8173000,LLY
2019-12-19,129.0800018310547,130.99000549316406,128.33999633789062,130.85000610351562,4423400,LLY
2019-12-20,132.49000549316406,137.0,131.24000549316406,132.42999267578125,9229900,LLY
2019-12-23,132.38999938964844,132.5800018310547,131.02999877929688,131.14999389648438,2473400,LLY
2019-12-24,131.07000732421875,131.2100067138672,130.1300048828125,131.11000061035156,1215800,LLY
2019-12-26,131.0,131.6999969482422,130.66000366210938,131.13999938964844,1272000,LLY
2019-12-27,131.57000732421875,131.77000427246094,130.83999633789062,131.52000427246094,2161300,LLY
2019-12-30,131.52000427246094,131.92999267578125,130.8699951171875,131.3000030517578,1856200,LLY
2019-12-31,131.17999267578125,131.52000427246094,130.5,131.42999267578125,1549800,LLY
2020-01-02,131.77000427246094,132.25999450683594,130.72999572753906,132.2100067138672,2204200,LLY
2020-01-03,130.3000030517578,132.47000122070312,130.22999572753906,131.77000427246094,1963500,LLY
2020-01-06,131.4199981689453,132.55999755859375,130.94000244140625,132.25999450683594,2102900,LLY
2020-01-07,131.6999969482422,132.92999267578125,131.6999969482422,132.50999450683594,2448300,LLY
2020-01-08,132.4600067138672,134.2100067138672,132.00999450683594,133.7100067138672,5188600,LLY
2020-01-09,134.5500030517578,136.36000061035156,134.00999450683594,135.9199981689453,4522800,LLY
2020-01-10,135.77999877929688,138.27000427246094,135.52999877929688,138.0,4177600,LLY
2020-01-13,138.1999969482422,139.99000549316406,137.88999938964844,138.94000244140625,5117100,LLY
2020-01-14,138.99000549316406,140.89999389648438,138.1199951171875,140.64999389648438,4685200,LLY
2020-01-15,140.5800018310547,141.69000244140625,140.00999450683594,141.11000061035156,3676500,LLY
2020-01-16,141.8300018310547,141.97000122070312,139.85000610351562,141.42999267578125,3794800,LLY
2020-01-17,140.8800048828125,141.74000549316406,139.36000061035156,139.5800018310547,5393200,LLY
2020-01-21,139.5,141.57000732421875,138.42999267578125,140.91000366210938,4849500,LLY
2020-01-22,141.25,142.25,140.69000244140625,141.55999755859375,2742100,LLY
2020-01-23,141.25,141.74000549316406,139.8800048828125,141.2100067138672,3138700,LLY
2020-01-24,141.85000610351562,141.99000549316406,138.6999969482422,139.07000732421875,3183300,LLY
2020-01-27,137.33999633789062,139.10000610351562,137.33999633789062,138.30999755859375,2826400,LLY
2020-01-28,138.69000244140625,139.8800048828125,138.22999572753906,139.25999450683594,2649100,LLY
2020-01-29,139.50999450683594,141.13999938964844,138.97000122070312,139.9199981689453,2815500,LLY
2020-01-30,138.17999267578125,143.72000122070312,138.10000610351562,142.6699981689453,5243400,LLY
2020-01-31,142.85000610351562,142.85000610351562,139.47000122070312,139.63999938964844,3913500,LLY
2020-02-03,140.52999877929688,141.57000732421875,139.67999267578125,141.0,5137800,LLY
2020-02-04,142.3000030517578,144.07000732421875,141.77999877929688,143.44000244140625,3177500,LLY
2020-02-05,144.77999877929688,147.36000061035156,144.52999877929688,147.35000610351562,4060900,LLY
2020-02-06,147.74000549316406,147.8699951171875,146.80999755859375,147.3000030517578,3285000,LLY
2020-02-07,147.22000122070312,147.22000122070312,145.3800048828125,146.41000366210938,2670400,LLY
2020-02-10,141.5,145.5500030517578,141.1199951171875,145.50999450683594,4892100,LLY
2020-02-11,145.72999572753906,145.86000061035156,143.17999267578125,144.25,2976400,LLY
2020-02-12,144.6699981689453,144.89999389648438,143.49000549316406,143.50999450683594,3953200,LLY
2020-02-13,142.86000061035156,143.74000549316406,141.7899932861328,141.8000030517578,3455500,LLY
2020-02-14,142.25,142.32000732421875,140.57000732421875,141.1199951171875,2273700,LLY
2020-02-18,141.02000427246094,141.9600067138672,140.52999877929688,141.00999450683594,2858200,LLY
2020-02-19,141.6199951171875,141.83999633789062,140.36000061035156,140.8300018310547,3082800,LLY
2020-02-20,141.6300048828125,142.80999755859375,141.1999969482422,142.0,3417000,LLY
2020-02-21,141.33999633789062,142.64999389648438,140.3300018310547,142.0399932861328,2900900,LLY
2020-02-24,139.27999877929688,141.58999633789062,137.8699951171875,138.14999389648438,4727400,LLY
2020-02-25,138.94000244140625,139.22999572753906,134.6199951171875,135.41000366210938,3401600,LLY
2020-02-26,136.02999877929688,137.02000427246094,133.30999755859375,133.52999877929688,4659000,LLY
2020-02-27,133.3300018310547,134.6699981689453,129.0500030517578,129.19000244140625,4292800,LLY
2020-02-28,126.37999725341797,126.80000305175781,121.51000213623047,126.12999725341797,7898300,LLY
2020-03-02,127.73999786376953,133.0,126.20999908447266,132.83999633789062,7355700,LLY
2020-03-03,133.27999877929688,135.64999389648438,128.69000244140625,130.30999755859375,6936600,LLY
2020-03-04,133.02999877929688,140.86000061035156,133.0,140.3800048828125,5301900,LLY
2020-03-05,138.3800048828125,141.91000366210938,137.52999877929688,140.14999389648438,6882100,LLY
2020-03-06,136.1199951171875,142.36000061035156,135.5500030517578,141.4600067138672,8010700,LLY
2020-03-09,134.02000427246094,140.92999267578125,133.30999755859375,135.72000122070312,5351300,LLY
2020-03-10,139.22999572753906,141.92999267578125,134.72000122070312,141.19000244140625,5961200,LLY
2020-03-11,139.4600067138672,141.83999633789062,137.38999938964844,140.02000427246094,7211800,LLY
2020-03-12,130.7899932861328,136.5,125.93000030517578,126.0199966430664,7836300,LLY
2020-03-13,132.9499969482422,139.3699951171875,128.50999450683594,139.3699951171875,6841700,LLY
2020-03-16,131.0,138.67999267578125,128.25,129.3800048828125,6619700,LLY
2020-03-17,133.2100067138672,143.58999633789062,131.10000610351562,143.1999969482422,8909200,LLY
2020-03-18,136.33999633789062,144.0,134.0800018310547,143.08999633789062,6734600,LLY
2020-03-19,142.49000549316406,142.97999572753906,131.1199951171875,133.08999633789062,6554800,LLY
2020-03-20,132.16000366210938,132.25,120.2300033569336,122.4000015258789,9113500,LLY
2020-03-23,120.94999694824219,126.87999725341797,117.05999755859375,119.05000305175781,7299300,LLY
2020-03-24,123.23999786376953,124.5999984741211,117.41000366210938,122.88999938964844,6827300,LLY
2020-03-25,120.12000274658203,126.13999938964844,119.20999908447266,121.94000244140625,6472100,LLY
2020-03-26,123.29000091552734,135.74000549316406,121.94000244140625,134.35000610351562,6723600,LLY
2020-03-27,130.64999389648438,137.61000061035156,130.1999969482422,134.11000061035156,4717400,LLY
2020-03-30,133.8699951171875,141.77000427246094,133.50999450683594,138.44000244140625,5057400,LLY
2020-03-31,136.9600067138672,142.02000427246094,134.52000427246094,138.72000122070312,7560100,LLY
2020-04-01,134.0,137.19000244140625,132.97999572753906,136.4199981689453,3297900,LLY
2020-04-02,135.35000610351562,142.8000030517578,133.02999877929688,142.17999267578125,4725000,LLY
2020-04-03,140.9199981689453,144.60000610351562,138.4600067138672,139.66000366210938,4013200,LLY
2020-04-06,142.27000427246094,143.5,140.3000030517578,141.61000061035156,4159900,LLY
2020-04-07,143.1300048828125,144.8000030517578,140.0500030517578,141.8800048828125,3900600,LLY
2020-04-08,142.0500030517578,147.25,140.5,146.22000122070312,4006600,LLY
2020-04-09,144.50999450683594,146.39999389648438,143.5500030517578,145.72999572753906,4415300,LLY
2020-04-13,144.97000122070312,146.58999633789062,142.8800048828125,144.4199981689453,2289000,LLY
2020-04-14,147.27999877929688,151.5500030517578,144.0500030517578,151.11000061035156,3809600,LLY
2020-04-15,148.94000244140625,153.39999389648438,148.50999450683594,151.17999267578125,3614400,LLY
2020-04-16,152.88999938964844,155.58999633789062,152.0,154.72999572753906,3512900,LLY
2020-04-17,155.4199981689453,157.6699981689453,153.02999877929688,157.2899932861328,3709900,LLY
2020-04-20,156.6300048828125,160.1999969482422,155.61000061035156,157.7899932861328,2562200,LLY
2020-04-21,155.41000366210938,155.8000030517578,151.41000366210938,152.6699981689453,4270200,LLY
2020-04-22,154.61000061035156,157.27999877929688,153.57000732421875,156.7100067138672,3278000,LLY
2020-04-23,157.17999267578125,162.55999755859375,154.0,159.92999267578125,5692900,LLY
2020-04-24,162.0,164.89999389648438,160.61000061035156,162.92999267578125,4414000,LLY
2020-04-27,164.0,164.5,160.72000122070312,161.2899932861328,3210300,LLY
2020-04-28,160.94000244140625,161.97999572753906,156.58999633789062,157.3000030517578,3270200,LLY
2020-04-29,157.75999450683594,158.02999877929688,154.6699981689453,155.16000366210938,3240700,LLY
2020-04-30,155.1999969482422,156.97999572753906,153.27999877929688,154.63999938964844,4175800,LLY
2020-05-01,153.72000122070312,154.60000610351562,151.57000732421875,153.6300048828125,2576400,LLY
2020-05-04,154.64999389648438,156.0,151.25999450683594,153.27999877929688,2228500,LLY
2020-05-05,153.8000030517578,159.22000122070312,152.75,157.88999938964844,2862600,LLY
2020-05-06,158.4600067138672,158.94000244140625,156.35000610351562,156.67999267578125,1964800,LLY
2020-05-07,157.5,157.69000244140625,152.72000122070312,152.97000122070312,2330600,LLY
2020-05-08,154.1999969482422,154.4199981689453,152.5500030517578,153.50999450683594,1966600,LLY
2020-05-11,153.47000122070312,159.47000122070312,153.0800018310547,158.5500030517578,3196200,LLY
2020-05-12,159.8699951171875,161.39999389648438,157.58999633789062,157.72000122070312,2329400,LLY
2020-05-13,157.02999877929688,159.35000610351562,156.0399932861328,157.92999267578125,2650000,LLY
2020-05-14,155.94000244140625,158.9499969482422,153.80999755859375,158.3800048828125,2393900,LLY
2020-05-15,158.6300048828125,159.50999450683594,156.02999877929688,159.22999572753906,2824500,LLY
2020-05-18,161.33999633789062,162.3699951171875,157.11000061035156,157.9600067138672,2703700,LLY
2020-05-19,156.85000610351562,159.1300048828125,155.27999877929688,156.6999969482422,2339400,LLY
2020-05-20,155.27000427246094,157.42999267578125,151.61000061035156,153.1300048828125,3780800,LLY
2020-05-21,153.14999389648438,153.14999389648438,149.72000122070312,152.27999877929688,3049800,LLY
2020-05-22,152.22000122070312,152.55999755859375,150.1699981689453,151.16000366210938,2355000,LLY
2020-05-26,151.11000061035156,151.75999450683594,147.16000366210938,147.9600067138672,5013400,LLY
2020-05-27,148.1699981689453,148.1699981689453,143.6199951171875,145.6999969482422,5376100,LLY
2020-05-28,147.42999267578125,152.10000610351562,146.50999450683594,150.64999389648438,3982700,LLY
2020-05-29,151.66000366210938,153.63999938964844,149.94000244140625,152.9499969482422,9466300,LLY
2020-06-01,154.47000122070312,154.99000549316406,150.88999938964844,152.4499969482422,5233800,LLY
2020-06-02,152.0800018310547,154.0800018310547,151.0399932861328,153.86000061035156,3269400,LLY
2020-06-03,153.33999633789062,154.38999938964844,150.85000610351562,152.52999877929688,3190300,LLY
2020-06-04,152.2100067138672,153.5399932861328,149.7100067138672,150.7100067138672,3328700,LLY
2020-06-05,149.6999969482422,151.75999450683594,148.33999633789062,149.2100067138672,4578800,LLY
2020-06-08,146.75,149.25,146.52000427246094,149.2100067138672,4076400,LLY
2020-06-09,149.75,151.75,149.11000061035156,149.1300048828125,4302100,LLY
2020-06-10,149.9600067138672,152.39999389648438,149.83999633789062,151.0,4940200,LLY
2020-06-11,151.85000610351562,152.24000549316406,143.0500030517578,144.0800018310547,4547400,LLY
2020-06-12,145.5399932861328,146.3800048828125,141.47000122070312,143.5399932861328,3973200,LLY
2020-06-15,142.0,142.89999389648438,139.67999267578125,141.52000427246094,3709900,LLY
2020-06-16,156.32000732421875,167.42999267578125,155.0,163.7100067138672,15029300,LLY
2020-06-17,164.22999572753906,164.36000061035156,159.39999389648438,159.97000122070312,4711200,LLY
2020-06-18,159.1999969482422,162.97000122070312,158.1999969482422,161.07000732421875,3631600,LLY
2020-06-19,162.22999572753906,162.47999572753906,158.25999450683594,159.94000244140625,6004900,LLY
2020-06-22,159.17999267578125,161.47999572753906,158.9199981689453,160.4499969482422,2647300,LLY
2020-06-23,160.88999938964844,162.8699951171875,158.9499969482422,159.33999633789062,2771500,LLY
2020-06-24,158.5500030517578,159.7899932861328,156.3300018310547,157.02999877929688,3096000,LLY
2020-06-25,157.63999938964844,163.38999938964844,156.7100067138672,162.86000061035156,3735400,LLY
2020-06-26,162.3300018310547,163.7899932861328,160.17999267578125,162.8300018310547,5290400,LLY
2020-06-29,163.85000610351562,164.2100067138672,161.02999877929688,162.72000122070312,2640300,LLY
2020-06-30,163.11000061035156,165.1699981689453,162.3000030517578,164.17999267578125,3296300,LLY
2020-07-01,164.32000732421875,165.47000122070312,162.52000427246094,163.3000030517578,2065100,LLY
2020-07-02,164.07000732421875,164.77000427246094,162.3699951171875,163.8699951171875,1960200,LLY
2020-07-06,164.4600067138672,168.9199981689453,164.00999450683594,166.88999938964844,2760100,LLY
2020-07-07,166.1199951171875,168.3800048828125,165.27000427246094,166.75,3273300,LLY
2020-07-08,166.83999633789062,169.82000732421875,166.83999633789062,169.1300048828125,2781800,LLY
2020-07-09,169.8800048828125,170.75,163.7100067138672,166.4499969482422,2955200,LLY
2020-07-10,166.13999938964844,166.13999938964844,162.74000549316406,163.36000061035156,2245100,LLY
2020-07-13,164.61000061035156,167.0,161.0399932861328,162.0800018310547,3455600,LLY
2020-07-14,162.8800048828125,164.77000427246094,161.52999877929688,163.8800048828125,2642900,LLY
2020-07-15,165.19000244140625,166.47999572753906,163.89999389648438,165.4499969482422,2346200,LLY
2020-07-16,164.9499969482422,165.44000244140625,162.60000610351562,165.0,1486800,LLY
2020-07-17,166.0399932861328,167.25999450683594,165.11000061035156,165.9600067138672,2935800,LLY
2020-07-20,166.49000549316406,167.7100067138672,165.72999572753906,167.0399932861328,1806200,LLY
2020-07-21,166.8699951171875,167.22999572753906,164.75999450683594,165.3000030517578,1540700,LLY
2020-07-22,165.5399932861328,165.85000610351562,162.3300018310547,164.83999633789062,1686500,LLY
2020-07-23,165.25999450683594,165.4600067138672,160.7899932861328,161.52000427246094,2408800,LLY
2020-07-24,161.47000122070312,161.47000122070312,158.4499969482422,159.5399932861328,2247900,LLY
2020-07-27,159.60000610351562,161.74000549316406,158.58999633789062,160.5,2709700,LLY
2020-07-28,161.6699981689453,165.41000366210938,161.35000610351562,162.64999389648438,3483100,LLY
2020-07-29,162.52999877929688,163.02999877929688,161.10000610351562,161.75,3108900,LLY
2020-07-30,158.4499969482422,158.5,150.4499969482422,153.0,6638100,LLY
2020-07-31,153.1300048828125,153.33999633789062,148.74000549316406,150.2899932861328,5342700,LLY
2020-08-03,152.8000030517578,153.85000610351562,151.22000122070312,152.83999633789062,3615000,LLY
2020-08-04,153.3800048828125,156.0,153.08999633789062,154.85000610351562,3260000,LLY
2020-08-05,157.30999755859375,157.49000549316406,153.3000030517578,154.33999633789062,2386400,LLY
2020-08-06,153.85000610351562,155.5,151.0,152.8800048828125,2176200,LLY
2020-08-07,152.9600067138672,153.5,151.5800018310547,152.92999267578125,2017100,LLY
2020-08-10,152.92999267578125,153.49000549316406,151.52999877929688,153.0,1745200,LLY
2020-08-11,153.13999938964844,153.13999938964844,150.1999969482422,150.6300048828125,2103400,LLY
2020-08-12,150.7899932861328,153.1699981689453,150.60000610351562,152.5500030517578,2430400,LLY
2020-08-13,150.82000732421875,151.69000244140625,149.7899932861328,150.4600067138672,2077700,LLY
2020-08-14,149.8000030517578,151.69000244140625,149.14999389648438,150.08999633789062,1538000,LLY
2020-08-17,150.9199981689453,152.6999969482422,150.36000061035156,151.52999877929688,2704700,LLY
2020-08-18,152.14999389648438,153.14999389648438,151.14999389648438,153.11000061035156,1959700,LLY
2020-08-19,153.80999755859375,154.41000366210938,152.00999450683594,152.2899932861328,1938800,LLY
2020-08-20,152.5500030517578,152.85000610351562,150.85000610351562,151.33999633789062,1830200,LLY
2020-08-21,151.33999633789062,151.35000610351562,147.9499969482422,149.25999450683594,3112000,LLY
2020-08-24,150.0500030517578,150.39999389648438,148.25,149.52000427246094,2268400,LLY
2020-08-25,150.36000061035156,151.30999755859375,149.30999755859375,149.67999267578125,2216100,LLY
2020-08-26,149.19000244140625,149.4600067138672,147.41000366210938,149.25999450683594,3029700,LLY
2020-08-27,150.5800018310547,150.94000244140625,148.94000244140625,148.97000122070312,3146100,LLY
2020-08-28,148.83999633789062,149.14999389648438,146.97999572753906,147.33999633789062,2102600,LLY
2020-08-31,147.35000610351562,148.7899932861328,147.02999877929688,148.38999938964844,4430700,LLY
2020-09-01,148.61000061035156,149.1999969482422,146.64999389648438,147.3000030517578,2358700,LLY
2020-09-02,146.7899932861328,150.0,146.50999450683594,149.5500030517578,2406800,LLY
2020-09-03,152.19000244140625,153.3699951171875,147.4600067138672,149.02000427246094,4226100,LLY
2020-09-04,148.77000427246094,152.5800018310547,147.9499969482422,150.91000366210938,4361800,LLY
2020-09-08,150.9499969482422,151.30999755859375,148.5,149.30999755859375,4351200,LLY
2020-09-09,150.6199951171875,154.1199951171875,150.30999755859375,151.97000122070312,2328500,LLY
2020-09-10,149.8800048828125,150.60000610351562,145.72000122070312,146.22000122070312,3961300,LLY
2020-09-11,147.55999755859375,149.19000244140625,146.8800048828125,148.08999633789062,3001400,LLY
2020-09-14,149.08999633789062,150.50999450683594,147.47000122070312,149.0,3072500,LLY
2020-09-15,149.9600067138672,151.8699951171875,149.4199981689453,150.0800018310547,2923500,LLY
2020-09-16,151.72000122070312,152.67999267578125,150.7899932861328,150.9600067138672,3618800,LLY
2020-09-17,150.1300048828125,152.67999267578125,149.4600067138672,152.47000122070312,3620700,LLY
2020-09-18,152.0399932861328,154.5,152.0399932861328,154.1699981689453,13209800,LLY
2020-09-21,153.1699981689453,153.66000366210938,149.05999755859375,151.17999267578125,3501600,LLY
2020-09-22,150.91000366210938,151.57000732421875,149.14999389648438,149.86000061035156,2926400,LLY
2020-09-23,150.0500030517578,151.58999633789062,148.6999969482422,149.80999755859375,3545700,LLY
2020-09-24,149.25999450683594,149.66000366210938,147.3699951171875,148.80999755859375,3424200,LLY
2020-09-25,148.38999938964844,150.39999389648438,147.85000610351562,150.25999450683594,2440600,LLY
2020-09-28,151.0,151.5800018310547,147.89999389648438,148.10000610351562,2427100,LLY
2020-09-29,147.97999572753906,148.44000244140625,145.92999267578125,146.25999450683594,3308300,LLY
2020-09-30,146.39999389648438,148.4499969482422,145.05999755859375,148.02000427246094,5083900,LLY
2020-10-01,148.3300018310547,148.7100067138672,144.05999755859375,144.2899932861328,3809200,LLY
2020-10-02,143.6699981689453,146.94000244140625,143.27000427246094,145.2100067138672,3880000,LLY
2020-10-05,145.07000732421875,147.47000122070312,144.17999267578125,146.6300048828125,2790600,LLY
2020-10-06,146.92999267578125,147.8300018310547,143.92999267578125,144.1300048828125,2409200,LLY
2020-10-07,148.52000427246094,149.88999938964844,146.85000610351562,148.9600067138672,4602800,LLY
2020-10-08,152.39999389648438,153.94000244140625,150.5,153.5,4686100,LLY
2020-10-09,154.08999633789062,157.14999389648438,154.07000732421875,156.8800048828125,4590600,LLY
2020-10-12,156.8300018310547,157.14999389648438,154.4199981689453,154.49000549316406,3242700,LLY
2020-10-13,153.0,154.3300018310547,148.5500030517578,150.0800018310547,5963900,LLY
2020-10-14,150.3800048828125,150.60000610351562,147.7100067138672,148.4600067138672,2710200,LLY
2020-10-15,146.50999450683594,146.91000366210938,145.3800048828125,146.77999877929688,3785900,LLY
2020-10-16,147.11000061035156,148.3800048828125,146.0,146.1199951171875,2918900,LLY
2020-10-19,147.0,147.41000366210938,142.2100067138672,142.8000030517578,3158900,LLY
2020-10-20,143.36000061035156,144.1199951171875,142.11000061035156,143.58999633789062,2188700,LLY
2020-10-21,142.2899932861328,143.3300018310547,141.2100067138672,141.30999755859375,1983700,LLY
2020-10-22,141.52999877929688,142.25999450683594,140.8000030517578,141.64999389648438,3056600,LLY
2020-10-23,142.24000549316406,144.6999969482422,141.72000122070312,142.3800048828125,2427200,LLY
2020-10-26,141.89999389648438,142.2899932861328,140.0500030517578,141.6999969482422,2947100,LLY
2020-10-27,133.02000427246094,136.0800018310547,131.8699951171875,131.89999389648438,11374600,LLY
2020-10-28,130.4600067138672,134.10000610351562,130.30999755859375,131.30999755859375,6188000,LLY
2020-10-29,132.0,133.1300048828125,130.3800048828125,132.5500030517578,4099900,LLY
2020-10-30,131.75999450683594,133.10000610351562,129.2100067138672,130.4600067138672,4335300,LLY
2020-11-02,132.5399932861328,133.9499969482422,129.99000549316406,131.6300048828125,3449500,LLY
2020-11-03,133.63999938964844,134.07000732421875,130.6999969482422,130.97999572753906,3628400,LLY
2020-11-04,134.91000366210938,151.97999572753906,134.91000366210938,148.58999633789062,12211700,LLY
2020-11-05,147.67999267578125,148.80999755859375,144.6999969482422,145.52000427246094,5731000,LLY
2020-11-06,145.0500030517578,147.38999938964844,139.10000610351562,142.74000549316406,6229800,LLY
2020-11-09,142.5399932861328,144.75,140.60000610351562,142.3300018310547,5493800,LLY
2020-11-10,147.60000610351562,149.1999969482422,143.7899932861328,146.55999755859375,5377000,LLY
2020-11-11,147.75999450683594,147.75999450683594,143.3699951171875,144.75999450683594,3046800,LLY
2020-11-12,142.92999267578125,143.4600067138672,139.86000061035156,141.02999877929688,3463400,LLY
2020-11-13,142.42999267578125,143.2100067138672,141.32000732421875,142.3800048828125,2142700,LLY
2020-11-16,143.05999755859375,144.3000030517578,140.0,140.58999633789062,4957600,LLY
2020-11-17,139.57000732421875,141.9600067138672,138.61000061035156,141.1999969482422,3619200,LLY
2020-11-18,141.89999389648438,142.4199981689453,140.1300048828125,140.1699981689453,2795100,LLY
2020-11-19,140.25,143.88999938964844,138.9199981689453,143.41000366210938,4626100,LLY
2020-11-20,142.83999633789062,147.08999633789062,142.83999633789062,145.49000549316406,5063800,LLY
2020-11-23,145.5399932861328,145.6199951171875,141.16000366210938,143.3800048828125,3794200,LLY
2020-11-24,143.38999938964844,145.63999938964844,143.11000061035156,144.89999389648438,4127000,LLY
2020-11-25,144.89999389648438,145.33999633789062,142.61000061035156,144.75,3223700,LLY
2020-11-27,145.64999389648438,147.9199981689453,145.36000061035156,147.44000244140625,1754000,LLY
2020-11-30,146.33999633789062,148.1699981689453,144.89999389648438,145.64999389648438,5842200,LLY
2020-12-01,146.69000244140625,148.05999755859375,145.25999450683594,145.55999755859375,3954400,LLY
2020-12-02,145.36000061035156,147.08999633789062,144.3800048828125,145.16000366210938,3757400,LLY
2020-12-03,145.6999969482422,146.5,143.1300048828125,144.11000061035156,4059600,LLY
2020-12-04,144.07000732421875,148.72000122070312,144.0,148.4499969482422,3058600,LLY
2020-12-07,147.3000030517578,148.3300018310547,146.47999572753906,147.4199981689453,2637200,LLY
2020-12-08,146.97999572753906,150.13999938964844,146.91000366210938,149.3000030517578,2754400,LLY
2020-12-09,154.58999633789062,158.94000244140625,153.67999267578125,158.0,8364400,LLY
2020-12-10,159.8699951171875,162.0,158.17999267578125,161.0,6430600,LLY
2020-12-11,159.72000122070312,161.17999267578125,159.05999755859375,160.0399932861328,3441900,LLY
2020-12-14,160.69000244140625,162.2899932861328,157.8300018310547,157.91000366210938,4390100,LLY
2020-12-15,159.42999267578125,168.22999572753906,158.0500030517578,167.42999267578125,6974300,LLY
2020-12-16,169.69000244140625,173.19000244140625,166.75,172.0500030517578,6009900,LLY
2020-12-17,171.72999572753906,173.89999389648438,171.10000610351562,172.6300048828125,3521100,LLY
2020-12-18,172.52000427246094,172.88999938964844,169.0,171.39999389648438,7356400,LLY
2020-12-21,168.8800048828125,169.0,165.8000030517578,168.77999877929688,3655900,LLY
2020-12-22,167.7100067138672,168.38999938964844,165.8699951171875,166.72000122070312,2447900,LLY
2020-12-23,167.4499969482422,168.0,165.47000122070312,165.47999572753906,1697300,LLY
2020-12-24,165.85000610351562,167.94000244140625,165.85000610351562,166.66000366210938,627200,LLY
2020-12-28,167.2100067138672,167.60000610351562,165.2100067138672,166.5,1482000,LLY
2020-12-29,166.6300048828125,167.75,165.91000366210938,166.5800018310547,1712000,LLY
2020-12-30,167.44000244140625,168.38999938964844,166.67999267578125,167.00999450683594,1413300,LLY
2020-12-31,167.07000732421875,169.13999938964844,166.2899932861328,168.83999633789062,1643600,LLY
2021-01-04,169.02000427246094,169.47999572753906,163.10000610351562,165.5,3164800,LLY
2021-01-05,165.19000244140625,166.66000366210938,163.1999969482422,166.32000732421875,2322600,LLY
2021-01-06,162.97999572753906,167.27999877929688,162.97000122070312,164.32000732421875,3619700,LLY
2021-01-07,164.17999267578125,167.1199951171875,161.77999877929688,165.8300018310547,3025500,LLY
2021-01-08,166.22000122070312,166.86000061035156,164.63999938964844,166.41000366210938,3438100,LLY
2021-01-11,185.0,189.3000030517578,182.02000427246094,185.94000244140625,11396500,LLY
2021-01-12,182.7899932861328,184.24000549316406,177.44000244140625,178.8000030517578,7179300,LLY
2021-01-13,179.8300018310547,187.6199951171875,179.33999633789062,185.5,7303900,LLY
2021-01-14,185.27000427246094,188.9600067138672,184.5800018310547,186.69000244140625,4413200,LLY
2021-01-15,186.8000030517578,191.77999877929688,186.8000030517578,190.77000427246094,6624600,LLY
2021-01-19,196.0,199.52000427246094,194.07000732421875,198.47999572753906,7729100,LLY
2021-01-20,198.77000427246094,201.77000427246094,198.67999267578125,201.25999450683594,5335800,LLY
2021-01-21,203.6999969482422,204.72000122070312,198.00999450683594,202.35000610351562,8698800,LLY
2021-01-22,202.0399932861328,206.5399932861328,200.55999755859375,206.13999938964844,6128800,LLY
2021-01-25,208.24000549316406,212.52999877929688,208.08999633789062,212.35000610351562,5959100,LLY
2021-01-26,212.5500030517578,213.22999572753906,210.60000610351562,212.72000122070312,6601500,LLY
2021-01-27,211.07000732421875,212.02000427246094,205.10000610351562,207.57000732421875,7358000,LLY
2021-01-28,208.0,211.83999633789062,207.57000732421875,210.1199951171875,5460400,LLY
2021-01-29,211.9600067138672,218.0,204.4600067138672,207.97000122070312,8401700,LLY
2021-02-01,209.4600067138672,209.88999938964844,203.10000610351562,203.13999938964844,5383800,LLY
2021-02-02,204.3800048828125,205.89999389648438,197.35000610351562,197.55999755859375,5314600,LLY
2021-02-03,197.80999755859375,200.58999633789062,196.88999938964844,196.9600067138672,3679000,LLY
2021-02-04,196.80999755859375,201.8800048828125,195.63999938964844,201.6199951171875,2924300,LLY
2021-02-05,201.6199951171875,202.9199981689453,200.85000610351562,201.77000427246094,2732200,LLY
2021-02-08,202.3800048828125,206.42999267578125,201.91000366210938,205.77000427246094,2909300,LLY
2021-02-09,203.75,204.9499969482422,200.32000732421875,201.7100067138672,2661300,LLY
2021-02-10,204.47000122070312,205.5500030517578,201.63999938964844,204.38999938964844,3062700,LLY
2021-02-11,202.8699951171875,204.17999267578125,201.6199951171875,202.5800018310547,3544700,LLY
2021-02-12,201.64999389648438,208.22000122070312,201.14999389648438,207.2899932861328,2611300,LLY
2021-02-16,205.97999572753906,207.49000549316406,203.61000061035156,205.75999450683594,2741900,LLY
2021-02-17,205.00999450683594,206.69000244140625,204.27000427246094,206.4600067138672,3329900,LLY
2021-02-18,205.3000030517578,205.4199981689453,200.9499969482422,201.1199951171875,3919400,LLY
2021-02-19,201.1300048828125,202.8800048828125,200.3300018310547,200.9199981689453,3434900,LLY
2021-02-22,199.17999267578125,201.61000061035156,197.9600067138672,200.67999267578125,2263600,LLY
2021-02-23,200.30999755859375,204.30999755859375,198.67999267578125,202.47999572753906,3287700,LLY
2021-02-24,201.6699981689453,206.4600067138672,201.6300048828125,204.52000427246094,2848800,LLY
2021-02-25,203.57000732421875,205.5500030517578,201.75,203.82000732421875,2386700,LLY
2021-02-26,206.6999969482422,206.99000549316406,202.05999755859375,204.88999938964844,3887900,LLY
2021-03-01,205.77999877929688,208.24000549316406,204.77999877929688,206.47000122070312,2797400,LLY
2021-03-02,208.88999938964844,209.9499969482422,204.10000610351562,204.13999938964844,3445300,LLY
2021-03-03,203.3699951171875,204.30999755859375,199.7100067138672,202.0,3660300,LLY
2021-03-04,203.7899932861328,204.74000549316406,198.61000061035156,200.5399932861328,4308400,LLY
2021-03-05,201.02000427246094,207.6699981689453,200.8800048828125,206.9199981689453,3875900,LLY
2021-03-08,207.0,210.88999938964844,206.32000732421875,207.02999877929688,3300300,LLY
2021-03-09,208.33999633789062,212.16000366210938,206.05999755859375,206.11000061035156,4227300,LLY
2021-03-10,206.88999938964844,208.0399932861328,204.38999938964844,205.4499969482422,3400200,LLY
2021-03-11,206.50999450683594,207.25,204.27000427246094,205.2100067138672,4037300,LLY
2021-03-12,204.88999938964844,208.4600067138672,202.27999877929688,208.0800018310547,4541400,LLY
2021-03-15,193.00999450683594,193.17999267578125,188.1999969482422,189.16000366210938,12388500,LLY
2021-03-16,191.5399932861328,191.6199951171875,187.22999572753906,190.89999389648438,6194200,LLY
2021-03-17,189.72999572753906,189.8300018310547,186.55999755859375,186.72999572753906,5134200,LLY
2021-03-18,186.02000427246094,187.08999633789062,183.8000030517578,183.92999267578125,4240000,LLY
2021-03-19,184.6999969482422,185.8000030517578,183.8800048828125,184.2899932861328,6048600,LLY
2021-03-22,184.0500030517578,185.91000366210938,183.1999969482422,185.83999633789062,2666600,LLY
2021-03-23,185.35000610351562,186.66000366210938,183.25,183.67999267578125,3284700,LLY
2021-03-24,183.6999969482422,183.83999633789062,179.82000732421875,180.1699981689453,3931500,LLY
2021-03-25,181.0,183.63999938964844,180.22000122070312,183.08999633789062,2630500,LLY
2021-03-26,184.0500030517578,185.91000366210938,182.6300048828125,185.30999755859375,2868200,LLY
2021-03-29,184.66000366210938,187.6699981689453,183.50999450683594,186.33999633789062,3002600,LLY
2021-03-30,185.52999877929688,186.86000061035156,184.7100067138672,185.5,2523600,LLY
2021-03-31,185.57000732421875,187.94000244140625,185.25999450683594,186.82000732421875,3621300,LLY
2021-04-01,186.82000732421875,188.07000732421875,184.66000366210938,185.24000549316406,2340400,LLY
2021-04-05,185.58999633789062,185.89999389648438,183.10000610351562,184.88999938964844,2864800,LLY
2021-04-06,184.69000244140625,185.6300048828125,182.49000549316406,182.8000030517578,2488400,LLY
2021-04-07,182.89999389648438,183.17999267578125,181.22000122070312,182.32000732421875,3406600,LLY
2021-04-08,182.9499969482422,183.97000122070312,182.47000122070312,182.61000061035156,2393200,LLY
2021-04-09,182.52999877929688,185.13999938964844,182.41000366210938,184.49000549316406,2611200,LLY
2021-04-12,183.42999267578125,183.94000244140625,180.8800048828125,181.82000732421875,2876100,LLY
2021-04-13,181.17999267578125,183.63999938964844,181.17999267578125,182.52999877929688,3089100,LLY
2021-04-14,182.58999633789062,184.47000122070312,182.0500030517578,183.0,2002100,LLY
2021-04-15,183.7899932861328,187.72000122070312,183.41000366210938,185.9199981689453,2586600,LLY
2021-04-16,187.3800048828125,190.3000030517578,186.8800048828125,189.25,3731800,LLY
2021-04-19,189.24000549316406,190.8800048828125,188.07000732421875,189.63999938964844,2966400,LLY
2021-04-20,190.41000366210938,193.5,190.1699981689453,190.61000061035156,2460900,LLY
2021-04-21,191.55999755859375,193.00999450683594,189.8000030517578,190.9499969482422,2219800,LLY
2021-04-22,190.0,191.27000427246094,186.75,187.0500030517578,2982600,LLY
2021-04-23,187.02999877929688,189.1300048828125,187.02999877929688,188.72000122070312,2482800,LLY
2021-04-26,188.57000732421875,188.64999389648438,186.05999755859375,187.22000122070312,2797500,LLY
2021-04-27,184.0,185.8699951171875,180.7899932861328,182.2100067138672,6838700,LLY
2021-04-28,181.4499969482422,182.0,178.5800018310547,180.5500030517578,4682800,LLY
2021-04-29,181.05999755859375,182.6300048828125,180.0,182.1999969482422,2432500,LLY
2021-04-30,181.83999633789062,183.9499969482422,181.19000244140625,182.77000427246094,3103900,LLY
2021-05-03,182.99000549316406,186.35000610351562,182.9199981689453,185.9199981689453,3197000,LLY
2021-05-04,187.52999877929688,190.0800018310547,186.77999877929688,188.1999969482422,3703500,LLY
2021-05-05,188.64999389648438,193.57000732421875,188.1699981689453,192.80999755859375,4274400,LLY
2021-05-06,191.5500030517578,194.10000610351562,189.32000732421875,193.88999938964844,3101600,LLY
2021-05-07,194.82000732421875,196.27000427246094,193.89999389648438,195.4199981689453,2526700,LLY
2021-05-10,196.1699981689453,196.61000061035156,193.5,194.75999450683594,2242000,LLY
2021-05-11,193.38999938964844,195.75,193.00999450683594,194.75,1850200,LLY
2021-05-12,194.75,195.64999389648438,192.72999572753906,193.1999969482422,2397400,LLY
2021-05-13,192.25,196.11000061035156,191.75,194.94000244140625,2174300,LLY
2021-05-14,195.7100067138672,197.27000427246094,194.9199981689453,196.2100067138672,1823700,LLY
2021-05-17,196.47999572753906,199.61000061035156,195.08999633789062,195.52999877929688,2466000,LLY
2021-05-18,195.0,196.35000610351562,193.5800018310547,194.6300048828125,2369400,LLY
2021-05-19,193.61000061035156,197.38999938964844,193.11000061035156,196.50999450683594,3070500,LLY
2021-05-20,197.16000366210938,201.0800018310547,196.1699981689453,199.52999877929688,3494400,LLY
2021-05-21,200.0,201.9199981689453,199.47000122070312,199.8800048828125,2579000,LLY
2021-05-24,201.0,203.6199951171875,200.0399932861328,201.02000427246094,2074900,LLY
2021-05-25,201.42999267578125,201.85000610351562,199.13999938964844,199.22000122070312,2919100,LLY
2021-05-26,199.22999572753906,202.44000244140625,198.25,200.99000549316406,2891300,LLY
2021-05-27,200.64999389648438,201.3800048828125,195.5,199.1999969482422,9340300,LLY
2021-05-28,199.1199951171875,202.27999877929688,198.52999877929688,199.74000549316406,2386000,LLY
2021-06-01,200.32000732421875,200.88999938964844,196.67999267578125,198.4199981689453,3070200,LLY
2021-06-02,199.00999450683594,200.9199981689453,198.25,199.1300048828125,2030300,LLY
2021-06-03,198.99000549316406,203.63999938964844,198.61000061035156,202.6999969482422,3066600,LLY
2021-06-04,202.7899932861328,204.4499969482422,201.2899932861328,202.02000427246094,2817700,LLY
2021-06-07,201.99000549316406,233.3300018310547,201.8300018310547,222.52000427246094,17231400,LLY
2021-06-08,221.7100067138672,222.27000427246094,217.3699951171875,220.6999969482422,4618500,LLY
2021-06-09,221.35000610351562,226.72999572753906,220.25999450683594,226.0,4934900,LLY
2021-06-10,226.97000122070312,235.85000610351562,226.25,233.5399932861328,5598200,LLY
2021-06-11,227.02999877929688,229.58999633789062,221.55999755859375,224.08999633789062,5636000,LLY
2021-06-14,224.22999572753906,226.66000366210938,223.02000427246094,226.10000610351562,2720700,LLY
2021-06-15,226.10000610351562,226.66000366210938,222.8699951171875,223.52000427246094,2188900,LLY
2021-06-16,223.52999877929688,224.36000061035156,220.1999969482422,220.75999450683594,2548800,LLY
2021-06-17,220.27000427246094,223.10000610351562,220.27000427246094,222.2100067138672,1890700,LLY
2021-06-18,220.42999267578125,221.0500030517578,218.32000732421875,218.5500030517578,4016600,LLY
2021-06-21,219.10000610351562,223.77000427246094,218.0800018310547,222.6699981689453,3671300,LLY
2021-06-22,222.6300048828125,223.61000061035156,220.50999450683594,221.44000244140625,1658800,LLY
2021-06-23,222.19000244140625,222.24000549316406,217.0,217.10000610351562,2419600,LLY
2021-06-24,234.9199981689453,239.3699951171875,230.4199981689453,232.97000122070312,12290500,LLY
2021-06-25,233.1199951171875,233.49000549316406,229.38999938964844,230.22000122070312,6992200,LLY
2021-06-28,229.0,229.8800048828125,226.8800048828125,228.22000122070312,2507500,LLY
2021-06-29,228.25,231.39999389648438,227.85000610351562,229.3699951171875,1621200,LLY
2021-06-30,230.08999633789062,230.85000610351562,229.05999755859375,229.52000427246094,1786700,LLY
2021-07-01,229.50999450683594,231.5,228.66000366210938,231.1300048828125,1977300,LLY
2021-07-02,231.97000122070312,234.2100067138672,231.3300018310547,233.9600067138672,1994000,LLY
2021-07-06,233.6300048828125,235.5800018310547,233.22999572753906,235.4199981689453,3125400,LLY
2021-07-07,234.67999267578125,236.58999633789062,233.4600067138672,235.82000732421875,3141500,LLY
2021-07-08,233.8300018310547,237.27000427246094,232.10000610351562,237.1199951171875,2431500,LLY
2021-07-09,237.1699981689453,238.47000122070312,232.75,234.99000549316406,4030100,LLY
2021-07-12,235.1699981689453,238.0,235.14999389648438,236.00999450683594,2928600,LLY
2021-07-13,235.97999572753906,236.64999389648438,234.02999877929688,235.3000030517578,1974000,LLY
2021-07-14,235.7899932861328,237.22999572753906,234.72999572753906,236.35000610351562,2103400,LLY
2021-07-15,235.00999450683594,235.99000549316406,230.69000244140625,231.47000122070312,3611200,LLY
2021-07-16,232.5,233.0399932861328,231.2100067138672,232.4600067138672,2229100,LLY
2021-07-19,231.8800048828125,234.3000030517578,230.57000732421875,234.13999938964844,2305600,LLY
2021-07-20,235.0,237.75,233.94000244140625,235.02000427246094,2297800,LLY
2021-07-21,236.3800048828125,237.3699951171875,233.58999633789062,237.2899932861328,1651500,LLY
2021-07-22,237.27999877929688,239.6999969482422,236.3699951171875,238.49000549316406,1703500,LLY
2021-07-23,239.27999877929688,244.5500030517578,238.55999755859375,244.14999389648438,2448100,LLY
2021-07-26,242.57000732421875,245.27999877929688,242.57000732421875,243.2100067138672,2678800,LLY
2021-07-27,243.7100067138672,244.05999755859375,242.66000366210938,243.5800018310547,2116500,LLY
2021-07-28,243.3699951171875,248.39999389648438,242.63999938964844,246.50999450683594,1688000,LLY
2021-07-29,247.5,248.24000549316406,242.24000549316406,245.3300018310547,1924100,LLY
2021-07-30,244.89999389648438,245.9499969482422,242.6300048828125,243.5,1905100,LLY
2021-08-02,245.72999572753906,247.88999938964844,244.25,246.60000610351562,1958900,LLY
2021-08-03,244.75,259.3699951171875,243.5,255.99000549316406,5406200,LLY
2021-08-04,256.0,270.6499938964844,255.4199981689453,262.4700012207031,3892400,LLY
2021-08-05,263.2799987792969,265.510009765625,261.3299865722656,264.19000244140625,2262400,LLY
2021-08-06,263.510009765625,264.2699890136719,260.739990234375,263.44000244140625,2155200,LLY
2021-08-09,264.5799865722656,273.0400085449219,264.5,267.1600036621094,3238500,LLY
2021-08-10,266.75,271.0799865722656,266.17999267578125,269.45001220703125,2060200,LLY
2021-08-11,269.5899963378906,270.94000244140625,262.6600036621094,264.1000061035156,2813300,LLY
2021-08-12,263.20001220703125,264.5400085449219,261.489990234375,263.4700012207031,2100900,LLY
2021-08-13,263.1499938964844,265.69000244140625,263.0199890136719,264.2099914550781,1482300,LLY
2021-08-16,264.8800048828125,270.260009765625,264.2699890136719,269.94000244140625,2623200,LLY
2021-08-17,271.1600036621094,275.8699951171875,267.17999267578125,272.7099914550781,2096100,LLY
2021-08-18,272.010009765625,274.760009765625,268.0299987792969,268.5199890136719,2527400,LLY
2021-08-19,266.1499938964844,271.8500061035156,265.42999267578125,270.3999938964844,1901000,LLY
2021-08-20,269.3800048828125,272.8699951171875,269.05999755859375,270.9100036621094,1536800,LLY
2021-08-23,272.29998779296875,272.9100036621094,267.70001220703125,267.82000732421875,2438800,LLY
2021-08-24,266.20001220703125,267.44000244140625,261.7799987792969,262.7699890136719,3736000,LLY
2021-08-25,262.7799987792969,264.5199890136719,261.2900085449219,263.8699951171875,2388500,LLY
2021-08-26,264.0,265.5899963378906,260.5799865722656,261.32000732421875,1732900,LLY
2021-08-27,262.5199890136719,263.1300048828125,258.5799865722656,259.75,1839700,LLY
2021-08-30,261.0299987792969,264.07000732421875,259.6099853515625,262.30999755859375,1300700,LLY
2021-08-31,262.8399963378906,263.6400146484375,257.8599853515625,258.2900085449219,2733400,LLY
2021-09-01,258.5400085449219,258.7699890136719,254.49000549316406,257.3999938964844,2956800,LLY
2021-09-02,257.4100036621094,259.7300109863281,256.4700012207031,259.57000732421875,1469700,LLY
2021-09-03,260.8299865722656,260.989990234375,256.7799987792969,259.5299987792969,1124500,LLY
2021-09-07,259.0,260.82000732421875,254.41000366210938,254.8000030517578,2403700,LLY
2021-09-08,254.60000610351562,255.7100067138672,253.67999267578125,254.83999633789062,1542400,LLY
2021-09-09,253.2899932861328,254.02000427246094,239.6699981689453,240.0,4976600,LLY
2021-09-10,242.1999969482422,243.88999938964844,238.57000732421875,239.5,4633500,LLY
2021-09-13,240.0399932861328,241.14999389648438,235.14999389648438,237.9600067138672,2832800,LLY
2021-09-14,238.72000122070312,239.7899932861328,231.97999572753906,233.08999633789062,3826000,LLY
2021-09-15,233.5800018310547,239.3800048828125,233.05999755859375,233.72999572753906,2802500,LLY
2021-09-16,234.0800018310547,234.69000244140625,229.72999572753906,231.0399932861328,2958700,LLY
2021-09-17,229.7100067138672,230.8300018310547,228.22999572753906,230.10000610351562,4480000,LLY
2021-09-20,228.08999633789062,232.72999572753906,227.2899932861328,231.63999938964844,2803400,LLY
2021-09-21,232.05999755859375,233.72000122070312,229.74000549316406,230.1699981689453,2172800,LLY
2021-09-22,230.0,231.02999877929688,227.5800018310547,228.3000030517578,2529600,LLY
2021-09-23,229.3000030517578,234.1999969482422,229.00999450683594,232.17999267578125,1912300,LLY
2021-09-24,232.77000427246094,235.38999938964844,231.33999633789062,231.67999267578125,1642500,LLY
2021-09-27,229.97000122070312,231.05999755859375,225.61000061035156,226.39999389648438,2785900,LLY
2021-09-28,226.38999938964844,226.39999389648438,220.1999969482422,221.60000610351562,3583300,LLY
2021-09-29,225.41000366210938,231.44000244140625,224.55999755859375,230.36000061035156,3971000,LLY
2021-09-30,232.77999877929688,237.16000366210938,230.8000030517578,231.0500030517578,3786100,LLY
2021-10-01,231.0,231.67999267578125,225.4499969482422,229.58999633789062,2215700,LLY
2021-10-04,227.8000030517578,230.19000244140625,224.22000122070312,224.85000610351562,4784700,LLY
2021-10-05,226.44000244140625,232.55999755859375,226.1699981689453,230.92999267578125,2802000,LLY
2021-10-06,230.55999755859375,230.85000610351562,226.0500030517578,227.85000610351562,2462700,LLY
2021-10-07,229.1199951171875,234.11000061035156,229.0,233.17999267578125,2001800,LLY
2021-10-08,233.4199981689453,235.80999755859375,231.5500030517578,233.94000244140625,2563000,LLY
2021-10-11,236.6999969482422,237.99000549316406,233.60000610351562,233.6699981689453,1892300,LLY
2021-10-12,234.6999969482422,235.07000732421875,231.97999572753906,232.77999877929688,1719200,LLY
2021-10-13,234.07000732421875,237.9199981689453,232.8000030517578,236.44000244140625,2105700,LLY
2021-10-14,237.00999450683594,238.44000244140625,234.11000061035156,236.69000244140625,1824700,LLY
2021-10-15,237.4199981689453,239.3000030517578,235.82000732421875,237.8800048828125,2598300,LLY
2021-10-18,237.9499969482422,242.66000366210938,236.6999969482422,238.97999572753906,2546000,LLY
2021-10-19,239.05999755859375,242.5500030517578,239.05999755859375,242.30999755859375,1573200,LLY
2021-10-20,243.72999572753906,245.89999389648438,243.0399932861328,243.72000122070312,1537500,LLY
2021-10-21,244.9499969482422,244.9499969482422,239.8300018310547,241.1699981689453,1717700,LLY
2021-10-22,240.9600067138672,244.0399932861328,239.55999755859375,243.75,1960700,LLY
2021-10-25,244.66000366210938,246.27000427246094,240.52000427246094,245.0500030517578,2763100,LLY
2021-10-26,244.5,248.9199981689453,237.08999633789062,248.44000244140625,4533000,LLY
2021-10-27,248.61000061035156,254.4600067138672,248.32000732421875,250.1699981689453,3181300,LLY
2021-10-28,250.16000366210938,256.75,250.0800018310547,253.35000610351562,3386500,LLY
2021-10-29,253.77999877929688,256.4700012207031,251.77000427246094,254.75999450683594,3152000,LLY
2021-11-01,255.11000061035156,256.4800109863281,248.0500030517578,249.30999755859375,2735800,LLY
2021-11-02,251.25,259.29998779296875,249.39999389648438,256.8500061035156,3987800,LLY
2021-11-03,257.7699890136719,266.7900085449219,257.760009765625,266.260009765625,4382900,LLY
2021-11-04,265.4800109863281,271.1099853515625,265.2699890136719,271.0,4133400,LLY
2021-11-05,268.989990234375,269.489990234375,258.55999755859375,265.0,3745700,LLY
2021-11-08,263.989990234375,266.9100036621094,259.1499938964844,260.5299987792969,2386100,LLY
2021-11-09,260.5299987792969,262.1600036621094,258.3900146484375,262.0199890136719,1963800,LLY
2021-11-10,262.0,266.0,261.6000061035156,264.6499938964844,2215100,LLY
2021-11-11,262.32000732421875,264.32000732421875,261.95001220703125,262.6300048828125,1739400,LLY
2021-11-12,261.7799987792969,262.5199890136719,258.92999267578125,259.6499938964844,1964000,LLY
2021-11-15,259.3900146484375,259.6099853515625,257.1600036621094,258.42999267578125,1903200,LLY
2021-11-16,256.9599914550781,260.3500061035156,255.99000549316406,257.7200012207031,2565700,LLY
2021-11-17,256.80999755859375,264.54998779296875,256.07000732421875,261.17999267578125,2873600,LLY
2021-11-18,262.0,263.79998779296875,259.82000732421875,261.3299865722656,1689200,LLY
2021-11-19,266.42999267578125,270.79998779296875,260.29998779296875,260.70001220703125,2786800,LLY
2021-11-22,262.2200012207031,263.989990234375,259.1300048828125,260.44000244140625,1995400,LLY
2021-11-23,259.4700012207031,262.760009765625,259.25,261.9599914550781,1986200,LLY
2021-11-24,262.7699890136719,264.94000244140625,260.04998779296875,262.0,2518500,LLY
2021-11-26,261.79998779296875,265.8800048828125,259.0299987792969,260.3699951171875,1495500,LLY
2021-11-29,260.0199890136719,262.32000732421875,254.5,254.8300018310547,4041700,LLY
2021-11-30,253.27000427246094,254.0,246.47999572753906,248.0399932861328,8265900,LLY
2021-12-01,249.44000244140625,255.3000030517578,247.88999938964844,249.1300048828125,3241400,LLY
2021-12-02,246.52000427246094,249.97999572753906,245.1199951171875,247.8800048828125,3817700,LLY
2021-12-03,252.1300048828125,253.47999572753906,243.0800018310547,245.5800018310547,4169700,LLY
2021-12-06,245.9199981689453,246.94000244140625,241.52999877929688,246.3300018310547,3491200,LLY
2021-12-07,244.24000549316406,245.44000244140625,241.4499969482422,245.11000061035156,4035800,LLY
2021-12-08,246.61000061035156,248.17999267578125,239.47000122070312,244.32000732421875,3636200,LLY
2021-12-09,244.49000549316406,245.91000366210938,242.75,242.89999389648438,2291100,LLY
2021-12-10,241.1999969482422,244.58999633789062,241.1999969482422,244.13999938964844,2380800,LLY
2021-12-13,245.50999450683594,250.6999969482422,245.4600067138672,248.52999877929688,3016700,LLY
2021-12-14,247.74000549316406,250.00999450683594,246.38999938964844,249.3800048828125,3424000,LLY
2021-12-15,262.07000732421875,275.5400085449219,257.2099914550781,275.2799987792969,10016700,LLY
2021-12-16,275.6700134277344,283.8999938964844,272.04998779296875,279.0400085449219,5546400,LLY
2021-12-17,276.6700134277344,276.6700134277344,265.3299865722656,267.4200134277344,7582900,LLY
2021-12-20,269.2300109863281,270.010009765625,260.3500061035156,263.4800109863281,3479400,LLY
2021-12-21,264.0,265.95001220703125,260.57000732421875,264.8800048828125,2702500,LLY
2021-12-22,264.739990234375,266.55999755859375,262.8500061035156,266.5,2721000,LLY
2021-12-23,269.04998779296875,275.2699890136719,266.67999267578125,273.1000061035156,2632200,LLY
2021-12-27,275.0400085449219,280.29998779296875,274.7200012207031,278.4100036621094,1677100,LLY
2021-12-28,279.3399963378906,279.3999938964844,275.8900146484375,276.42999267578125,1033900,LLY
2021-12-29,275.82000732421875,279.3599853515625,275.739990234375,278.4200134277344,1112300,LLY
2021-12-30,279.19000244140625,280.6499938964844,276.3699951171875,277.25,1181500,LLY
2021-12-31,277.4700012207031,278.7300109863281,276.010009765625,276.2200012207031,1315700,LLY
2022-01-03,274.4100036621094,274.4100036621094,267.05999755859375,271.7300109863281,2621300,LLY
2022-01-04,269.0,269.8800048828125,263.5799865722656,266.80999755859375,2340500,LLY
2022-01-05,268.1600036621094,268.7699890136719,260.4200134277344,260.6499938964844,3004200,LLY
2022-01-06,260.1000061035156,261.29998779296875,255.4600067138672,259.3299865722656,2863200,LLY
2022-01-07,259.739990234375,261.25,256.7099914550781,259.5,2245100,LLY
2022-01-10,258.19000244140625,260.1600036621094,255.88999938964844,260.1099853515625,2576700,LLY
2022-01-11,261.5899963378906,262.4100036621094,257.05999755859375,262.32000732421875,2294000,LLY
2022-01-12,252.89999389648438,257.44000244140625,250.97000122070312,255.9199981689453,6562800,LLY
2022-01-13,254.07000732421875,255.5,248.5500030517578,249.6699981689453,3726500,LLY
2022-01-14,250.14999389648438,250.5399932861328,242.89999389648438,244.1199951171875,2894300,LLY
2022-01-18,242.75,248.52000427246094,242.08999633789062,247.07000732421875,3241200,LLY
2022-01-19,246.3300018310547,250.41000366210938,244.72999572753906,245.0500030517578,2487600,LLY
2022-01-20,245.5800018310547,247.9499969482422,242.5,243.1300048828125,2655400,LLY
2022-01-21,246.8800048828125,247.8800048828125,242.1199951171875,243.05999755859375,2788600,LLY
2022-01-24,242.5500030517578,243.75999450683594,232.67999267578125,240.4199981689453,3712800,LLY
2022-01-25,236.80999755859375,241.52999877929688,235.1199951171875,239.4600067138672,2525100,LLY
2022-01-26,239.6300048828125,242.42999267578125,235.91000366210938,237.86000061035156,2913200,LLY
2022-01-27,239.97999572753906,243.27000427246094,235.75999450683594,236.72000122070312,2178500,LLY
2022-01-28,237.49000549316406,245.22000122070312,235.0500030517578,245.10000610351562,3081100,LLY
2022-01-31,243.27000427246094,245.49000549316406,241.9199981689453,245.38999938964844,3237100,LLY
2022-02-01,247.0500030517578,248.83999633789062,243.25999450683594,248.27999877929688,2449400,LLY
2022-02-02,245.35000610351562,251.8800048828125,244.02999877929688,250.8300018310547,2586700,LLY
2022-02-03,247.5,248.1199951171875,241.10000610351562,244.80999755859375,3473600,LLY
2022-02-04,242.72000122070312,244.10000610351562,241.22000122070312,242.27000427246094,3569300,LLY
2022-02-07,242.41000366210938,244.02999877929688,240.3000030517578,243.5500030517578,3948300,LLY
2022-02-08,241.89999389648438,242.88999938964844,237.47000122070312,239.91000366210938,2615000,LLY
2022-02-09,241.25999450683594,244.4600067138672,241.05999755859375,243.27000427246094,1759900,LLY
2022-02-10,239.89999389648438,244.08999633789062,238.11000061035156,239.63999938964844,2283100,LLY
2022-02-11,239.22999572753906,240.6300048828125,234.85000610351562,235.74000549316406,2054300,LLY
2022-02-14,234.0,236.8800048828125,231.8699951171875,234.69000244140625,2572000,LLY
2022-02-15,236.64999389648438,244.7899932861328,236.64999389648438,243.83999633789062,3409600,LLY
2022-02-16,242.5800018310547,247.02000427246094,242.5800018310547,245.5800018310547,2459000,LLY
2022-02-17,245.5800018310547,245.58999633789062,240.41000366210938,240.97000122070312,2059100,LLY
2022-02-18,238.02000427246094,242.42999267578125,238.02000427246094,240.30999755859375,2517900,LLY
2022-02-22,239.2100067138672,240.86000061035156,237.52000427246094,239.1300048828125,2936700,LLY
2022-02-23,240.5500030517578,242.67999267578125,238.02000427246094,238.30999755859375,2296300,LLY
2022-02-24,235.17999267578125,243.92999267578125,234.0,243.0800018310547,3272300,LLY
2022-02-25,243.83999633789062,252.89999389648438,243.72999572753906,250.85000610351562,2442200,LLY
2022-02-28,246.13999938964844,250.05999755859375,244.58999633789062,249.9499969482422,3188800,LLY
2022-03-01,247.55999755859375,250.33999633789062,245.44000244140625,249.5,2873200,LLY
2022-03-02,249.8800048828125,256.4800109863281,249.05999755859375,254.1699981689453,2452000,LLY
2022-03-03,254.8300018310547,259.5799865722656,254.38999938964844,258.6400146484375,3153700,LLY
2022-03-04,256.2099914550781,263.4599914550781,255.52000427246094,262.8699951171875,3497100,LLY
2022-03-07,259.8599853515625,263.6300048828125,257.8599853515625,261.6400146484375,3074800,LLY
2022-03-08,259.92999267578125,265.29998779296875,258.9100036621094,259.92999267578125,3482600,LLY
2022-03-09,263.29998779296875,267.7900085449219,262.07000732421875,262.7900085449219,2965900,LLY
2022-03-10,262.8399963378906,267.7300109863281,262.8399963378906,266.0199890136719,2797200,LLY
2022-03-11,265.07000732421875,271.7200012207031,265.07000732421875,266.29998779296875,2469600,LLY
2022-03-14,268.989990234375,270.8999938964844,267.32000732421875,269.0,2713800,LLY
2022-03-15,269.8699951171875,276.4800109863281,269.8699951171875,275.4599914550781,4396900,LLY
2022-03-16,277.8500061035156,278.6099853515625,273.010009765625,276.44000244140625,3148600,LLY
2022-03-17,277.010009765625,285.8900146484375,276.45001220703125,285.510009765625,3270100,LLY
2022-03-18,285.8399963378906,291.3500061035156,284.8599853515625,287.6400146484375,4557900,LLY
2022-03-21,287.760009765625,295.3299865722656,287.760009765625,289.6400146484375,3495700,LLY
2022-03-22,289.6700134277344,290.55999755859375,283.3900146484375,285.0199890136719,3791600,LLY
2022-03-23,284.4200134277344,288.17999267578125,283.3500061035156,284.19000244140625,3149200,LLY
2022-03-24,286.2900085449219,288.8500061035156,284.6600036621094,287.69000244140625,2412400,LLY
2022-03-25,288.5,291.6499938964844,286.5799865722656,289.0199890136719,2399800,LLY
2022-03-28,291.3299865722656,292.45001220703125,288.30999755859375,291.6600036621094,2195000,LLY
2022-03-29,292.0299987792969,293.1400146484375,287.5799865722656,288.3900146484375,2798100,LLY
2022-03-30,290.5799865722656,292.2900085449219,287.989990234375,289.8900146484375,2220100,LLY
2022-03-31,289.3699951171875,291.79998779296875,285.9200134277344,286.3699951171875,3227600,LLY
2022-04-01,286.1499938964844,293.1400146484375,284.0,292.6700134277344,3066200,LLY
2022-04-04,292.75,294.9800109863281,290.95001220703125,291.4200134277344,3014100,LLY
2022-04-05,291.7200012207031,295.8299865722656,289.1000061035156,292.489990234375,2324200,LLY
2022-04-06,296.0899963378906,306.55999755859375,294.7699890136719,305.8399963378906,4672900,LLY
2022-04-07,305.0,314.0,305.0,308.42999267578125,4270800,LLY
2022-04-08,308.0,312.3800048828125,307.95001220703125,311.69000244140625,3024700,LLY
2022-04-11,313.0899963378906,313.760009765625,308.04998779296875,308.9599914550781,2178100,LLY
2022-04-12,306.5799865722656,309.6099853515625,304.17999267578125,308.0799865722656,2688100,LLY
2022-04-13,307.2799987792969,308.29998779296875,300.4100036621094,302.6700134277344,2528700,LLY
2022-04-14,303.75,304.4700012207031,300.19000244140625,301.8599853515625,1898100,LLY
2022-04-18,301.07000732421875,302.05999755859375,296.79998779296875,298.82000732421875,1581400,LLY
2022-04-19,298.4100036621094,299.69000244140625,293.79998779296875,297.010009765625,2021700,LLY
2022-04-20,297.0199890136719,299.0,292.29998779296875,292.9200134277344,2608600,LLY
2022-04-21,292.9200134277344,293.45001220703125,286.6600036621094,289.6099853515625,2716800,LLY
2022-04-22,289.29998779296875,289.6199951171875,278.3999938964844,278.7300109863281,2772600,LLY
2022-04-25,278.75,285.95001220703125,276.8299865722656,285.20001220703125,2410200,LLY
2022-04-26,286.17999267578125,290.2099914550781,282.7900085449219,282.8299865722656,2166600,LLY
2022-04-27,283.1000061035156,288.1300048828125,280.5899963378906,285.0899963378906,2352100,LLY
2022-04-28,295.989990234375,300.510009765625,288.55999755859375,297.2699890136719,5886900,LLY
2022-04-29,295.7900085449219,297.30999755859375,289.1400146484375,292.1300048828125,3910900,LLY
2022-05-02,291.2300109863281,292.8399963378906,284.2799987792969,289.55999755859375,2789900,LLY
2022-05-03,288.6300048828125,289.80999755859375,284.1099853515625,288.07000732421875,2109500,LLY
2022-05-04,288.5,296.9800109863281,284.1199951171875,294.8999938964844,2743600,LLY
2022-05-05,293.4200134277344,294.989990234375,288.29998779296875,292.3699951171875,3120200,LLY
2022-05-06,290.1700134277344,298.25,288.5199890136719,296.8999938964844,2931200,LLY
2022-05-09,293.510009765625,294.92999267578125,286.6499938964844,289.2300109863281,3460500,LLY
2022-05-10,292.0,293.42999267578125,285.0,285.70001220703125,3140800,LLY
2022-05-11,283.6700134277344,294.5,283.0,286.69000244140625,2625200,LLY
2022-05-12,283.3299865722656,291.989990234375,283.3299865722656,291.79998779296875,2370000,LLY
2022-05-13,292.6300048828125,292.79998779296875,286.510009765625,291.6300048828125,2337700,LLY
2022-05-16,292.1099853515625,309.44000244140625,291.6000061035156,299.3800048828125,5118300,LLY
2022-05-17,300.0,303.3999938964844,293.3900146484375,301.3999938964844,2553000,LLY
2022-05-18,300.0,302.6000061035156,294.0299987792969,295.19000244140625,2161400,LLY
2022-05-19,293.5799865722656,293.5799865722656,284.3699951171875,286.2699890136719,3157400,LLY
2022-05-20,290.7300109863281,299.239990234375,288.9200134277344,298.8500061035156,3129100,LLY
2022-05-23,300.6000061035156,304.9200134277344,299.3500061035156,302.6000061035156,2873600,LLY
2022-05-24,303.7099914550781,307.6700134277344,299.79998779296875,305.9599914550781,2804900,LLY
2022-05-25,307.0,310.4200134277344,304.6400146484375,307.010009765625,3195700,LLY
2022-05-26,305.2300109863281,313.9100036621094,303.6099853515625,313.4599914550781,3284200,LLY
2022-05-27,312.6499938964844,324.0799865722656,311.260009765625,323.4800109863281,3694300,LLY
2022-05-31,316.6300048828125,318.4599914550781,309.0299987792969,313.44000244140625,6298900,LLY
2022-06-01,313.44000244140625,313.8999938964844,305.5899963378906,311.0799865722656,2731500,LLY
2022-06-02,310.57000732421875,310.6700134277344,298.1700134277344,302.42999267578125,3703300,LLY
2022-06-03,302.1600036621094,305.80999755859375,300.70001220703125,301.6499938964844,2490000,LLY
2022-06-06,315.1300048828125,315.1300048828125,303.0899963378906,303.3599853515625,3734400,LLY
2022-06-07,303.989990234375,312.1499938964844,303.0199890136719,312.1000061035156,3652800,LLY
2022-06-08,312.42999267578125,315.5,310.80999755859375,313.489990234375,2684500,LLY
2022-06-09,311.6000061035156,311.9200134277344,303.1099853515625,303.25,1963300,LLY
2022-06-10,299.2300109863281,301.6600036621094,296.8699951171875,297.010009765625,2469800,LLY
2022-06-13,290.42999267578125,293.1600036621094,288.510009765625,291.2799987792969,2898800,LLY
2022-06-14,289.1700134277344,292.0,287.2900085449219,290.7900085449219,2422600,LLY
2022-06-15,291.6000061035156,296.3399963378906,288.5299987792969,292.989990234375,1970100,LLY
2022-06-16,290.20001220703125,290.20001220703125,283.1099853515625,288.07000732421875,2628600,LLY
2022-06-17,290.010009765625,300.989990234375,289.67999267578125,290.8999938964844,6900000,LLY
2022-06-21,292.3800048828125,299.2799987792969,290.30999755859375,297.3399963378906,2821300,LLY
2022-06-22,296.9599914550781,309.6499938964844,296.42999267578125,306.69000244140625,4535700,LLY
2022-06-23,309.5,313.19000244140625,307.19000244140625,312.7200012207031,3729300,LLY
2022-06-24,319.54998779296875,325.82000732421875,319.010009765625,325.6199951171875,5449900,LLY
2022-06-27,324.2300109863281,330.8500061035156,322.0,327.2699890136719,3218900,LLY
2022-06-28,326.5199890136719,329.07000732421875,316.760009765625,317.6199951171875,2742900,LLY
2022-06-29,318.1600036621094,324.70001220703125,317.6499938964844,323.0,2562500,LLY
2022-06-30,322.1300048828125,327.04998779296875,320.010009765625,324.2300109863281,2732900,LLY
2022-07-01,323.8800048828125,325.3999938964844,317.760009765625,324.7099914550781,1817800,LLY
2022-07-05,322.44000244140625,327.42999267578125,318.92999267578125,327.17999267578125,2107700,LLY
2022-07-06,328.0,332.739990234375,326.75,330.1499938964844,2252500,LLY
2022-07-07,327.25,330.5,326.239990234375,327.95001220703125,2395000,LLY
2022-07-08,326.54998779296875,334.5199890136719,326.1600036621094,330.4700012207031,1898200,LLY
2022-07-11,330.6099853515625,332.67999267578125,329.42999267578125,331.07000732421875,1342600,LLY
2022-07-12,330.0,331.989990234375,323.3599853515625,323.5899963378906,2058200,LLY
2022-07-13,322.010009765625,324.67999267578125,320.8299865722656,322.4599914550781,2564200,LLY
2022-07-14,317.5400085449219,327.760009765625,315.510009765625,326.8900146484375,2615700,LLY
2022-07-15,331.9700012207031,335.3299865722656,328.1700134277344,331.6000061035156,3340300,LLY
2022-07-18,330.1199951171875,331.9700012207031,319.7099914550781,321.7699890136719,2116300,LLY
2022-07-19,324.0899963378906,327.3800048828125,321.8399963378906,326.20001220703125,1628100,LLY
2022-07-20,327.0899963378906,327.82000732421875,320.30999755859375,322.0299987792969,2051000,LLY
2022-07-21,321.45001220703125,328.04998779296875,319.7099914550781,326.9200134277344,1692100,LLY
2022-07-22,326.95001220703125,329.2200012207031,325.8299865722656,328.75,1850800,LLY
2022-07-25,328.75,332.2699890136719,328.05999755859375,331.54998779296875,1741700,LLY
2022-07-26,330.989990234375,332.57000732421875,328.6099853515625,331.55999755859375,1812300,LLY
2022-07-27,328.9800109863281,330.8699951171875,325.19000244140625,328.94000244140625,1643000,LLY
2022-07-28,330.239990234375,333.5899963378906,321.739990234375,330.79998779296875,2350900,LLY
2022-07-29,331.05999755859375,331.05999755859375,326.82000732421875,329.69000244140625,3399900,LLY
2022-08-01,327.510009765625,330.42999267578125,323.4599914550781,324.1499938964844,2464300,LLY
2022-08-02,327.19000244140625,328.9800109863281,319.3599853515625,320.20001220703125,3405700,LLY
2022-08-03,320.6300048828125,320.9800109863281,310.2200012207031,313.8299865722656,5152200,LLY
2022-08-04,310.20001220703125,310.25,302.239990234375,305.7900085449219,4696300,LLY
2022-08-05,302.4800109863281,305.32000732421875,300.30999755859375,301.32000732421875,2814300,LLY
2022-08-08,300.6499938964844,306.1199951171875,296.5299987792969,302.5,3218900,LLY
2022-08-09,305.0899963378906,306.70001220703125,301.29998779296875,303.0199890136719,2122900,LLY
2022-08-10,304.5,307.1300048828125,302.5899963378906,304.6099853515625,2351000,LLY
2022-08-11,301.0299987792969,305.4200134277344,299.6300048828125,301.1700134277344,2198800,LLY
2022-08-12,302.9200134277344,308.489990234375,301.29998779296875,308.0799865722656,2305100,LLY
2022-08-15,309.2099914550781,314.6099853515625,307.30999755859375,313.94000244140625,2795800,LLY
2022-08-16,313.92999267578125,314.3699951171875,309.6300048828125,310.30999755859375,2248000,LLY
2022-08-17,310.010009765625,320.6000061035156,310.010009765625,316.82000732421875,2747200,LLY
2022-08-18,316.75,318.9599914550781,314.20001220703125,316.7200012207031,2261600,LLY
2022-08-19,317.510009765625,325.75,317.5,322.7699890136719,3393100,LLY
2022-08-22,322.2799987792969,325.7699890136719,320.3900146484375,323.1000061035156,2488000,LLY
2022-08-23,321.239990234375,321.8399963378906,313.8699951171875,315.1000061035156,2962000,LLY
2022-08-24,316.4700012207031,320.8599853515625,315.2200012207031,318.8699951171875,1827000,LLY
2022-08-25,320.6000061035156,323.3699951171875,315.8299865722656,323.1400146484375,1977900,LLY
2022-08-26,323.5899963378906,324.5899963378906,315.2699890136719,315.55999755859375,1858000,LLY
2022-08-29,313.3399963378906,314.8699951171875,309.67999267578125,310.1499938964844,1697000,LLY
2022-08-30,310.1400146484375,311.9700012207031,306.010009765625,307.0400085449219,1980300,LLY
2022-08-31,307.1400146484375,308.82000732421875,301.1099853515625,301.2300109863281,3183500,LLY
2022-09-01,301.0,309.4100036621094,300.5,309.1300048828125,2939200,LLY
2022-09-02,310.1099853515625,310.2200012207031,299.760009765625,301.3299865722656,2525400,LLY
2022-09-06,302.95001220703125,312.8299865722656,302.2300109863281,306.82000732421875,2322200,LLY
2022-09-07,308.7699890136719,312.3999938964844,304.8800048828125,311.6000061035156,2228100,LLY
2022-09-08,311.95001220703125,315.7300109863281,307.5899963378906,315.5,2212500,LLY
2022-09-09,316.45001220703125,320.1700134277344,315.2200012207031,317.70001220703125,2177000,LLY
2022-09-12,318.8900146484375,320.45001220703125,314.8800048828125,315.2200012207031,2077400,LLY
2022-09-13,310.010009765625,312.30999755859375,304.989990234375,306.4800109863281,2272400,LLY
2022-09-14,307.2099914550781,311.80999755859375,305.8999938964844,309.6099853515625,2002900,LLY
2022-09-15,309.7099914550781,312.2799987792969,305.75,309.4700012207031,2348100,LLY
2022-09-16,307.9700012207031,311.9599914550781,306.739990234375,308.8900146484375,4380200,LLY
2022-09-19,306.4800109863281,306.5199890136719,297.6499938964844,305.0899963378906,2515300,LLY
2022-09-20,303.82000732421875,303.82000732421875,298.94000244140625,301.7300109863281,1816800,LLY
2022-09-21,301.0,304.5299987792969,296.32000732421875,296.4800109863281,2241200,LLY
2022-09-22,300.79998779296875,312.6099853515625,299.9599914550781,310.8699951171875,5918300,LLY
2022-09-23,311.8699951171875,315.17999267578125,305.1199951171875,311.4599914550781,4572600,LLY
2022-09-26,308.79998779296875,311.7300109863281,304.8800048828125,307.5,3760000,LLY
2022-09-27,309.1499938964844,313.95001220703125,308.32000732421875,311.1000061035156,3019600,LLY
2022-09-28,333.5299987792969,341.70001220703125,328.1000061035156,334.3800048828125,9436300,LLY
2022-09-29,333.9700012207031,334.67999267578125,327.2699890136719,330.010009765625,3743100,LLY
2022-09-30,327.1499938964844,329.510009765625,322.4200134277344,323.3500061035156,4474100,LLY
2022-10-03,325.989990234375,329.3500061035156,317.04998779296875,321.54998779296875,3340500,LLY
2022-10-04,322.17999267578125,330.1000061035156,321.7799987792969,329.8900146484375,2622500,LLY
2022-10-05,328.29998779296875,333.8500061035156,327.5199890136719,331.7799987792969,2186100,LLY
2022-10-06,327.94000244140625,339.260009765625,326.8699951171875,332.95001220703125,4299200,LLY
2022-10-07,332.9700012207031,333.07000732421875,324.8999938964844,326.6600036621094,2601600,LLY
2022-10-10,326.2300109863281,327.010009765625,320.239990234375,323.8900146484375,1956200,LLY
2022-10-11,320.0,329.0299987792969,319.42999267578125,327.6000061035156,2598900,LLY
2022-10-12,327.3800048828125,333.6499938964844,323.8800048828125,324.57000732421875,1764700,LLY
2022-10-13,319.1199951171875,333.3699951171875,319.1000061035156,332.1000061035156,2657400,LLY
2022-10-14,331.55999755859375,335.2900085449219,328.2300109863281,331.3900146484375,2231400,LLY
2022-10-17,332.7900085449219,337.5799865722656,331.75,332.760009765625,2230000,LLY
2022-10-18,334.1400146484375,335.3299865722656,330.3699951171875,335.0299987792969,2087100,LLY
2022-10-19,335.25,335.6300048828125,325.9700012207031,329.2900085449219,2419000,LLY
2022-10-20,331.1499938964844,331.44000244140625,325.8999938964844,329.07000732421875,1761200,LLY
2022-10-21,329.07000732421875,342.42999267578125,326.7699890136719,340.7699890136719,3274700,LLY
2022-10-24,344.2200012207031,351.7699890136719,344.2200012207031,347.8999938964844,3375900,LLY
2022-10-25,346.5199890136719,352.3299865722656,343.04998779296875,351.30999755859375,2513100,LLY
2022-10-26,352.5,361.4800109863281,350.44000244140625,357.8599853515625,2373500,LLY
2022-10-27,358.989990234375,361.1199951171875,355.32000732421875,356.3299865722656,2347600,LLY
2022-10-28,360.32000732421875,362.0,357.0400085449219,359.8999938964844,2942100,LLY
2022-10-31,358.6499938964844,363.9200134277344,350.4599914550781,362.0899963378906,4258200,LLY
2022-11-01,345.8299865722656,358.989990234375,340.75,352.5799865722656,7013000,LLY
2022-11-02,354.1600036621094,363.1499938964844,350.2099914550781,354.9599914550781,3774400,LLY
2022-11-03,354.05999755859375,362.8299865722656,351.510009765625,361.67999267578125,2602500,LLY
2022-11-04,365.20001220703125,365.8800048828125,353.3399963378906,357.4100036621094,3004600,LLY
2022-11-07,358.0,367.0,357.5,365.07000732421875,2560300,LLY
2022-11-08,365.1499938964844,368.75,361.92999267578125,366.6600036621094,3278600,LLY
2022-11-09,368.44000244140625,369.79998779296875,361.9100036621094,363.2699890136719,2323700,LLY
2022-11-10,367.239990234375,369.0,363.0,368.7200012207031,2994000,LLY
2022-11-11,366.1600036621094,367.8299865722656,344.5199890136719,352.29998779296875,6646300,LLY
2022-11-14,359.07000732421875,360.79998779296875,340.1199951171875,356.05999755859375,4717400,LLY
2022-11-15,356.94000244140625,356.989990234375,346.3599853515625,349.95001220703125,4180700,LLY
2022-11-16,350.0,356.8800048828125,349.9599914550781,352.92999267578125,3563800,LLY
2022-11-17,352.9100036621094,362.29998779296875,352.7099914550781,360.7699890136719,2929700,LLY
2022-11-18,362.54998779296875,364.6700134277344,359.3500061035156,361.6700134277344,2420900,LLY
2022-11-21,360.3900146484375,363.760009765625,355.3699951171875,361.1700134277344,1999200,LLY
2022-11-22,362.0,362.79998779296875,357.29998779296875,360.8800048828125,2460400,LLY
2022-11-23,361.3399963378906,362.4700012207031,358.6300048828125,361.7200012207031,1993000,LLY
2022-11-25,362.8999938964844,365.8299865722656,361.54998779296875,365.25,1039100,LLY
2022-11-28,363.45001220703125,369.510009765625,361.0,365.7699890136719,2481300,LLY
2022-11-29,364.6199951171875,366.1099853515625,360.6400146484375,363.95001220703125,2207000,LLY
2022-11-30,365.07000732421875,372.3500061035156,361.79998779296875,371.0799865722656,5556400,LLY
2022-12-01,374.7900085449219,375.19000244140625,368.489990234375,370.3299865722656,2516100,LLY
2022-12-02,366.0799865722656,375.0400085449219,365.0,374.760009765625,1925600,LLY
2022-12-05,373.760009765625,375.25,368.2799987792969,369.2900085449219,2296500,LLY
2022-12-06,367.0,370.6400146484375,365.5199890136719,368.5400085449219,1971000,LLY
2022-12-07,369.32000732421875,375.239990234375,368.760009765625,371.9700012207031,1629100,LLY
2022-12-08,373.260009765625,373.260009765625,366.5,371.7900085449219,2090900,LLY
2022-12-09,373.0,374.0,360.80999755859375,360.989990234375,2787200,LLY
2022-12-12,362.92999267578125,367.8299865722656,362.5,367.25,2639200,LLY
2022-12-13,361.6300048828125,372.739990234375,358.32000732421875,358.6600036621094,5032600,LLY
2022-12-14,359.010009765625,369.42999267578125,357.05999755859375,363.5,5095500,LLY
2022-12-15,360.6600036621094,363.9700012207031,356.69000244140625,360.010009765625,3437100,LLY
2022-12-16,357.92999267578125,360.4800109863281,355.1700134277344,359.8699951171875,6612200,LLY
2022-12-19,357.80999755859375,359.70001220703125,354.6099853515625,357.7799987792969,2658400,LLY
2022-12-20,358.5,361.45001220703125,356.3399963378906,359.6400146484375,2276000,LLY
2022-12-21,362.6300048828125,370.67999267578125,361.2099914550781,368.010009765625,2211200,LLY
2022-12-22,367.32000732421875,369.760009765625,362.2900085449219,365.30999755859375,1958100,LLY
2022-12-23,364.82000732421875,367.8999938964844,362.4700012207031,367.8999938964844,1030300,LLY
2022-12-27,369.5,369.7300109863281,364.3299865722656,364.8800048828125,1372100,LLY
2022-12-28,366.1700134277344,368.010009765625,363.94000244140625,365.2200012207031,996000,LLY
2022-12-29,368.1000061035156,370.95001220703125,366.4599914550781,367.0199890136719,1077900,LLY
2022-12-30,367.489990234375,367.95001220703125,362.1099853515625,365.8399963378906,1388000,LLY
2023-01-03,366.260009765625,369.0,361.4599914550781,364.989990234375,2006700,LLY
2023-01-04,364.6400146484375,367.1199951171875,360.3399963378906,363.1000061035156,1886200,LLY
2023-01-05,360.95001220703125,361.489990234375,352.9599914550781,358.9200134277344,2008500,LLY
2023-01-06,360.0,366.70001220703125,357.5799865722656,362.94000244140625,2131300,LLY
2023-01-09,364.0,364.9700012207031,348.7900085449219,349.8299865722656,2980600,LLY
2023-01-10,349.0,353.2099914550781,343.3399963378906,352.75,2465200,LLY
2023-01-11,354.3399963378906,361.760009765625,351.0,360.4100036621094,2602800,LLY
2023-01-12,359.25,360.5,353.0799865722656,359.1199951171875,2019700,LLY
2023-01-13,359.57000732421875,363.30999755859375,358.6400146484375,361.6199951171875,1690900,LLY
2023-01-17,361.6199951171875,362.0,356.54998779296875,357.739990234375,2435200,LLY
2023-01-18,356.32000732421875,359.0,351.5799865722656,352.010009765625,2302300,LLY
2023-01-19,352.3699951171875,355.79998779296875,350.4200134277344,351.0799865722656,2658300,LLY
2023-01-20,347.0,349.07000732421875,341.5799865722656,346.07000732421875,5391900,LLY
2023-01-23,346.6099853515625,346.6099853515625,340.2200012207031,342.2099914550781,3403100,LLY
2023-01-24,346.0,346.6300048828125,341.3599853515625,346.3900146484375,2242500,LLY
2023-01-25,345.54998779296875,349.7799987792969,345.1000061035156,349.7300109863281,2503300,LLY
2023-01-26,351.0,352.17999267578125,346.7300109863281,348.010009765625,2576200,LLY
2023-01-27,346.1099853515625,348.0899963378906,341.5299987792969,342.1000061035156,2363600,LLY
2023-01-30,344.3299865722656,347.79998779296875,339.4599914550781,340.5,2647700,LLY
2023-01-31,340.67999267578125,344.3999938964844,339.3800048828125,344.1499938964844,2406700,LLY
2023-02-01,342.7900085449219,345.94000244140625,337.5199890136719,342.57000732421875,2990900,LLY
2023-02-02,334.0,335.29998779296875,317.0,330.70001220703125,13036600,LLY
2023-02-03,332.95001220703125,342.3299865722656,329.3699951171875,339.0799865722656,5670700,LLY
2023-02-06,341.9800109863281,343.4200134277344,334.6199951171875,337.6600036621094,3055700,LLY
2023-02-07,336.04998779296875,340.9599914550781,332.69000244140625,339.67999267578125,2464100,LLY
2023-02-08,338.55999755859375,342.8699951171875,337.82000732421875,340.7300109863281,2399400,LLY
2023-02-09,340.8900146484375,347.3500061035156,340.5,341.7900085449219,3072800,LLY
2023-02-10,343.2699890136719,348.42999267578125,342.7300109863281,345.1199951171875,1980000,LLY
2023-02-13,346.4700012207031,350.80999755859375,346.0,350.3999938964844,2291600,LLY
2023-02-14,350.5400085449219,353.82000732421875,347.2799987792969,347.55999755859375,2028900,LLY
2023-02-15,345.8500061035156,346.8699951171875,334.3500061035156,335.010009765625,3600700,LLY
2023-02-16,331.0,332.94000244140625,325.7200012207031,326.07000732421875,3654200,LLY
2023-02-17,323.1499938964844,331.5899963378906,320.5,328.3999938964844,3695600,LLY
2023-02-21,327.1499938964844,331.7200012207031,326.3299865722656,327.510009765625,2515600,LLY
2023-02-22,328.7099914550781,332.6000061035156,326.3299865722656,329.07000732421875,2379800,LLY
2023-02-23,328.010009765625,332.8299865722656,325.69000244140625,327.5199890136719,2229500,LLY
2023-02-24,326.0,327.2300109863281,320.0899963378906,321.6400146484375,2594600,LLY
2023-02-27,322.6000061035156,323.3999938964844,315.8999938964844,316.6199951171875,3043500,LLY
2023-02-28,315.489990234375,315.489990234375,309.6400146484375,311.2200012207031,3966900,LLY
2023-03-01,310.0,316.9100036621094,309.20001220703125,314.1700134277344,3580800,LLY
2023-03-02,311.7900085449219,316.29998779296875,310.5299987792969,315.04998779296875,2885200,LLY
2023-03-03,316.3699951171875,320.1600036621094,315.239990234375,318.42999267578125,3002800,LLY
2023-03-06,316.94000244140625,320.239990234375,316.5,318.9599914550781,2673700,LLY
2023-03-07,319.0,320.3500061035156,309.6000061035156,310.6300048828125,2620800,LLY
2023-03-08,310.5,313.0299987792969,309.32000732421875,312.5400085449219,2313200,LLY
2023-03-09,312.30999755859375,318.7699890136719,312.30999755859375,316.8500061035156,3920300,LLY
2023-03-10,318.8500061035156,326.5299987792969,314.3399963378906,315.0199890136719,4597300,LLY
2023-03-13,317.239990234375,331.79998779296875,317.239990234375,324.489990234375,5275600,LLY
2023-03-14,324.04998779296875,327.2799987792969,321.44000244140625,327.07000732421875,4214300,LLY
2023-03-15,326.0,331.3599853515625,324.5,329.4700012207031,4743500,LLY
2023-03-16,327.6400146484375,331.70001220703125,325.0400085449219,329.5299987792969,3498200,LLY
2023-03-17,331.5,334.95001220703125,328.1000061035156,329.17999267578125,8679800,LLY
2023-03-20,329.17999267578125,333.94000244140625,329.010009765625,333.6000061035156,3540900,LLY
2023-03-21,334.3900146484375,334.44000244140625,328.0799865722656,331.0799865722656,3240400,LLY
2023-03-22,331.7699890136719,335.6000061035156,330.6499938964844,330.9700012207031,2472200,LLY
2023-03-23,330.8900146484375,335.3399963378906,330.2099914550781,332.6400146484375,2703400,LLY
2023-03-24,332.989990234375,336.92999267578125,328.7699890136719,336.1300048828125,2791900,LLY
2023-03-27,327.79998779296875,336.2200012207031,323.260009765625,334.6000061035156,3102300,LLY
2023-03-28,335.79998779296875,338.8299865722656,334.7200012207031,337.6499938964844,2433200,LLY
2023-03-29,339.0,339.7699890136719,334.5799865722656,335.8699951171875,2743800,LLY
2023-03-30,336.07000732421875,341.30999755859375,336.07000732421875,340.69000244140625,2146900,LLY
2023-03-31,342.0,343.6499938964844,340.69000244140625,343.4200134277344,2933600,LLY
2023-04-03,343.239990234375,351.5400085449219,342.29998779296875,350.739990234375,3039600,LLY
2023-04-04,352.07000732421875,359.0,351.2699890136719,354.6199951171875,3585900,LLY
2023-04-05,358.0799865722656,364.8500061035156,357.92999267578125,362.239990234375,3442700,LLY
2023-04-06,364.8500061035156,369.5,364.25,368.2900085449219,3531700,LLY
2023-04-10,368.17999267578125,368.3500061035156,363.0400085449219,367.0,1868000,LLY
2023-04-11,367.760009765625,368.79998779296875,363.5899963378906,364.0400085449219,2027000,LLY
2023-04-12,364.0199890136719,372.44000244140625,363.3299865722656,369.04998779296875,2672600,LLY
2023-04-13,372.6199951171875,375.55999755859375,370.30999755859375,375.1499938964844,2839900,LLY
2023-04-14,374.239990234375,376.30999755859375,372.510009765625,374.7300109863281,2287900,LLY
2023-04-17,375.0,375.8999938964844,371.1600036621094,372.3500061035156,2059700,LLY
2023-04-18,373.0,374.260009765625,369.6600036621094,369.9100036621094,1925300,LLY
2023-04-19,370.54998779296875,371.2799987792969,367.3500061035156,370.4700012207031,2173000,LLY
2023-04-20,371.3900146484375,376.05999755859375,369.760009765625,374.80999755859375,2766500,LLY
2023-04-21,378.010009765625,386.2699890136719,378.0,385.239990234375,3682500,LLY
2023-04-24,385.239990234375,387.04998779296875,381.6300048828125,383.3500061035156,2059700,LLY
2023-04-25,385.04998779296875,390.4800109863281,384.0,384.8399963378906,2648600,LLY
2023-04-26,381.1199951171875,381.5,370.67999267578125,376.2699890136719,3161200,LLY
2023-04-27,391.260009765625,398.5299987792969,380.7699890136719,390.3500061035156,4981300,LLY
2023-04-28,398.0,404.30999755859375,392.510009765625,395.8599853515625,5350100,LLY
2023-05-01,397.260009765625,407.3500061035156,392.260009765625,405.80999755859375,4091100,LLY
2023-05-02,407.0,411.5400085449219,399.260009765625,404.20001220703125,3884600,LLY
2023-05-03,415.0299987792969,434.20001220703125,414.30999755859375,431.19000244140625,10129800,LLY
2023-05-04,431.45001220703125,432.70001220703125,425.2200012207031,428.44000244140625,4070700,LLY
2023-05-05,428.1000061035156,431.2699890136719,424.55999755859375,427.80999755859375,2753400,LLY
2023-05-08,426.20001220703125,435.0,423.0,432.7200012207031,2478600,LLY
2023-05-09,431.7699890136719,435.6000061035156,428.04998779296875,428.3800048828125,2601600,LLY
2023-05-10,426.05999755859375,438.3900146484375,426.05999755859375,435.9200134277344,2766300,LLY
2023-05-11,436.70001220703125,436.8500061035156,431.1199951171875,435.54998779296875,2595900,LLY
2023-05-12,440.1600036621094,445.5400085449219,434.4200134277344,434.42999267578125,3939200,LLY
2023-05-15,435.3699951171875,436.0,430.6700134277344,434.510009765625,2234800,LLY
2023-05-16,434.20001220703125,438.4800109863281,430.6600036621094,436.6499938964844,2128800,LLY
2023-05-17,438.79998779296875,438.95001220703125,432.7300109863281,437.4700012207031,2274200,LLY
2023-05-18,436.510009765625,439.5199890136719,433.5899963378906,437.8900146484375,2268100,LLY
2023-05-19,439.0,447.510009765625,439.0,442.3800048828125,3442800,LLY
2023-05-22,444.30999755859375,454.95001220703125,432.3900146484375,433.989990234375,4398000,LLY
2023-05-23,432.9200134277344,435.8900146484375,421.510009765625,423.2099914550781,4492100,LLY
2023-05-24,424.0,428.9599914550781,420.260009765625,425.7699890136719,3133000,LLY
2023-05-25,426.3800048828125,428.20001220703125,419.79998779296875,427.30999755859375,2882200,LLY
2023-05-26,424.8999938964844,431.6700134277344,423.6700134277344,425.7900085449219,2338400,LLY
2023-05-30,423.7900085449219,428.7300109863281,422.05999755859375,427.239990234375,2595700,LLY
2023-05-31,427.0,430.55999755859375,424.010009765625,429.4599914550781,3950900,LLY
2023-06-01,430.2699890136719,436.7900085449219,428.1300048828125,436.489990234375,2914400,LLY
2023-06-02,439.9599914550781,444.70001220703125,436.7799987792969,442.3299865722656,2499000,LLY
2023-06-05,443.0,447.79998779296875,441.7099914550781,444.260009765625,2113800,LLY
2023-06-06,447.8299865722656,448.8699951171875,440.0199890136719,443.07000732421875,1495300,LLY
2023-06-07,440.20001220703125,446.69000244140625,435.67999267578125,436.3699951171875,2458300,LLY
2023-06-08,435.8800048828125,447.4700012207031,432.3399963378906,445.6600036621094,2040300,LLY
2023-06-09,449.29998779296875,449.29998779296875,442.6000061035156,446.0400085449219,2082000,LLY
2023-06-12,446.1499938964844,446.989990234375,438.67999267578125,445.30999755859375,2566600,LLY
2023-06-13,443.6700134277344,447.3999938964844,442.25,445.7200012207031,1766300,LLY
2023-06-14,444.2900085449219,448.7799987792969,443.5400085449219,447.7200012207031,2163300,LLY
2023-06-15,448.0,456.5799865722656,447.69000244140625,453.92999267578125,2287100,LLY
2023-06-16,455.79998779296875,456.9800109863281,447.5,447.7099914550781,4295700,LLY
2023-06-20,445.8599853515625,454.8800048828125,445.1099853515625,451.95001220703125,2506300,LLY
2023-06-21,454.5,455.3399963378906,450.2099914550781,453.0,2347500,LLY
2023-06-22,455.0,462.260009765625,453.82000732421875,457.67999267578125,2912500,LLY
2023-06-23,457.0,460.010009765625,452.32000732421875,458.8399963378906,4832100,LLY
2023-06-26,465.260009765625,465.260009765625,448.9200134277344,452.760009765625,3214700,LLY
2023-06-27,462.5,467.9800109863281,451.70001220703125,464.5,4138700,LLY
2023-06-28,468.510009765625,468.5299987792969,457.32000732421875,458.70001220703125,2854700,LLY
2023-06-29,459.05999755859375,465.8299865722656,457.510009765625,464.489990234375,2112400,LLY
2023-06-30,464.6499938964844,469.8699951171875,464.0,468.9800109863281,3173200,LLY
2023-07-03,466.260009765625,466.260009765625,457.3699951171875,461.4200134277344,2113200,LLY
2023-07-05,462.1000061035156,467.25,460.0,465.70001220703125,2130200,LLY
2023-07-06,463.1199951171875,467.6000061035156,461.6199951171875,463.2099914550781,2191700,LLY
2023-07-07,462.3299865722656,463.6099853515625,451.239990234375,452.0799865722656,2914700,LLY
2023-07-10,452.9599914550781,454.6700134277344,449.7099914550781,453.1600036621094,2011400,LLY
2023-07-11,450.0,450.55999755859375,437.6099853515625,439.3900146484375,3570900,LLY
2023-07-12,438.4700012207031,444.29998779296875,435.010009765625,440.6000061035156,3107800,LLY
2023-07-13,440.2300109863281,442.239990234375,434.3399963378906,434.70001220703125,2865100,LLY
2023-07-14,441.1000061035156,450.45001220703125,440.8699951171875,449.4599914550781,2955000,LLY
2023-07-17,449.45001220703125,450.6199951171875,443.260009765625,447.1400146484375,2347900,LLY
2023-07-18,446.95001220703125,453.32000732421875,445.0400085449219,451.20001220703125,2237000,LLY
2023-07-19,451.3999938964844,455.0,448.55999755859375,453.55999755859375,2212800,LLY
2023-07-20,455.1499938964844,465.2200012207031,455.0,463.82000732421875,2624200,LLY
2023-07-21,465.4100036621094,467.0400085449219,461.9700012207031,462.0400085449219,2226700,LLY
2023-07-24,462.0,465.6400146484375,457.6700134277344,459.32000732421875,2190700,LLY
2023-07-25,457.760009765625,460.9200134277344,456.6000061035156,457.5400085449219,1737800,LLY
2023-07-26,455.0,455.0,446.55999755859375,453.5899963378906,1959800,LLY
2023-07-27,453.32000732421875,458.67999267578125,452.25,454.989990234375,1883500,LLY
2023-07-28,455.1300048828125,459.57000732421875,451.7799987792969,458.4800109863281,1437600,LLY
2023-07-31,459.0199890136719,459.0199890136719,450.79998779296875,454.54998779296875,2110200,LLY
2023-08-01,455.3500061035156,457.3699951171875,451.45001220703125,453.0899963378906,1738200,LLY
2023-08-02,455.2300109863281,461.6400146484375,451.32000732421875,454.4800109863281,2366600,LLY
2023-08-03,450.7799987792969,454.1000061035156,448.260009765625,449.1600036621094,2414100,LLY
2023-08-04,449.239990234375,452.4700012207031,446.8900146484375,449.489990234375,1870400,LLY
2023-08-07,453.25,455.0,450.5799865722656,454.0799865722656,2446400,LLY
2023-08-08,506.0,538.0,502.7099914550781,521.5999755859375,15094500,LLY
2023-08-09,520.3699951171875,532.530029296875,516.8900146484375,526.22998046875,5376600,LLY
2023-08-10,523.469970703125,528.739990234375,519.989990234375,521.3400268554688,4108500,LLY
2023-08-11,523.719970703125,531.8099975585938,520.0,528.280029296875,2524300,LLY
2023-08-14,531.280029296875,542.2999877929688,529.25,538.0,3981100,LLY
2023-08-15,537.72998046875,547.2899780273438,533.780029296875,546.6199951171875,2826800,LLY
2023-08-16,547.4000244140625,552.8699951171875,542.5,546.239990234375,2597100,LLY
2023-08-17,543.2100219726562,548.7999877929688,537.3900146484375,537.6599731445312,2549900,LLY
2023-08-18,535.030029296875,547.77001953125,533.9000244140625,546.4299926757812,2958600,LLY
2023-08-21,546.989990234375,553.5,545.75,550.0499877929688,2305400,LLY
2023-08-22,549.530029296875,556.0999755859375,547.280029296875,553.6599731445312,1936600,LLY
2023-08-23,556.719970703125,557.4000244140625,548.2100219726562,553.3599853515625,2121300,LLY
2023-08-24,552.7000122070312,556.97998046875,547.2999877929688,548.0,1776700,LLY
2023-08-25,549.6300048828125,556.0999755859375,547.0800170898438,553.6500244140625,1847600,LLY
2023-08-28,550.1300048828125,556.22998046875,550.1199951171875,553.9199829101562,1373700,LLY
2023-08-29,553.4500122070312,556.3499755859375,549.8599853515625,553.9000244140625,1701200,LLY
2023-08-30,555.010009765625,557.75,547.0399780273438,547.989990234375,2191100,LLY
2023-08-31,547.02001953125,557.4099731445312,543.0,554.2000122070312,3043400,LLY
2023-09-01,556.3200073242188,559.2100219726562,553.510009765625,557.1099853515625,2030800,LLY
2023-09-05,559.22998046875,561.9299926757812,556.7100219726562,558.1900024414062,2257200,LLY
2023-09-06,561.02001953125,561.5900268554688,552.7000122070312,559.9500122070312,2424300,LLY
2023-09-07,564.1900024414062,576.3099975585938,562.6199951171875,573.22998046875,3707100,LLY
2023-09-08,572.3300170898438,587.5499877929688,571.219970703125,586.4600219726562,4308300,LLY
2023-09-11,587.1500244140625,598.1599731445312,584.47998046875,595.5599975585938,3876500,LLY
2023-09-12,590.969970703125,601.1300048828125,587.8499755859375,599.2999877929688,3212100,LLY
2023-09-13,594.6599731445312,600.75,591.7000122070312,598.8800048828125,3126600,LLY
2023-09-14,599.239990234375,601.8400268554688,590.010009765625,591.6099853515625,3244800,LLY
2023-09-15,592.0,594.0599975585938,575.0599975585938,575.6599731445312,5941200,LLY
2023-09-18,578.0,578.0,564.4099731445312,571.280029296875,2723600,LLY
2023-09-19,571.6199951171875,578.4099731445312,570.6300048828125,574.9600219726562,2185100,LLY
2023-09-20,573.4199829101562,575.25,569.1900024414062,569.6400146484375,1869900,LLY
2023-09-21,567.1900024414062,568.0,542.5,550.1300048828125,4049900,LLY
2023-09-22,548.8099975585938,555.489990234375,547.6300048828125,550.5399780273438,2353800,LLY
2023-09-25,550.0999755859375,552.6599731445312,545.75,552.2899780273438,1686500,LLY
2023-09-26,550.7000122070312,554.1300048828125,548.0,550.010009765625,1864300,LLY
2023-09-27,549.8900146484375,551.6900024414062,543.6699829101562,549.760009765625,2004200,LLY
2023-09-28,551.3200073242188,551.6799926757812,541.4000244140625,544.4500122070312,2178800,LLY
2023-09-29,545.489990234375,546.0900268554688,532.2000122070312,537.1300048828125,2967700,LLY
2023-10-02,536.010009765625,540.6400146484375,526.8099975585938,538.2899780273438,2810100,LLY
2023-10-03,536.0,537.3400268554688,516.5700073242188,525.1900024414062,3266100,LLY
2023-10-04,525.5599975585938,536.1699829101562,523.6300048828125,531.4600219726562,2220400,LLY
2023-10-05,533.5399780273438,542.5,531.6099853515625,541.47998046875,2950700,LLY
2023-10-06,544.0,566.3599853515625,542.7100219726562,565.219970703125,4745200,LLY
2023-10-09,564.02001953125,579.7899780273438,563.5800170898438,571.760009765625,4208100,LLY
2023-10-10,570.0,585.9500122070312,569.72998046875,579.3099975585938,3526700,LLY
2023-10-11,596.2000122070312,608.7899780273438,585.010009765625,605.280029296875,5850600,LLY
2023-10-12,605.4600219726562,613.0,602.2000122070312,610.5,4063500,LLY
2023-10-13,617.8900146484375,629.969970703125,602.5599975585938,609.2000122070312,3963800,LLY
2023-10-16,610.989990234375,621.97998046875,608.4299926757812,616.6400146484375,2941500,LLY
2023-10-17,619.0,620.4000244140625,602.530029296875,608.3099975585938,2911700,LLY
2023-10-18,607.239990234375,615.8800048828125,603.239990234375,607.239990234375,2049100,LLY
2023-10-19,605.0,605.0,578.3400268554688,590.7999877929688,3493700,LLY
2023-10-20,590.0,596.9199829101562,580.8800048828125,584.6400146484375,3666900,LLY
2023-10-23,586.0599975585938,588.3400268554688,576.1400146484375,576.6500244140625,2781900,LLY
2023-10-24,580.0,594.52001953125,579.1099853515625,592.4299926757812,2633000,LLY
2023-10-25,596.9400024414062,599.7000122070312,585.8699951171875,586.4600219726562,2283300,LLY
2023-10-26,580.0,581.0,566.1599731445312,568.0999755859375,2846500,LLY
2023-10-27,563.010009765625,570.8099975585938,556.6400146484375,560.22998046875,2717400,LLY
2023-10-30,571.2100219726562,573.2100219726562,562.5499877929688,565.7100219726562,2290900,LLY
2023-10-31,568.969970703125,569.6099853515625,547.6099853515625,553.9299926757812,3661400,LLY
2023-11-01,555.0,558.4299926757812,551.260009765625,554.4600219726562,2935900,LLY
2023-11-02,578.3300170898438,597.4400024414062,571.989990234375,580.2899780273438,5181300,LLY
2023-11-03,578.4299926757812,583.0,567.1799926757812,567.8099975585938,3056500,LLY
2023-11-06,571.0999755859375,597.7100219726562,571.010009765625,595.1900024414062,3978500,LLY
2023-11-07,597.0,601.9400024414062,590.1300048828125,599.9299926757812,3168200,LLY
2023-11-08,607.6599731445312,625.8699951171875,592.1799926757812,619.1300048828125,7776400,LLY
2023-11-09,614.760009765625,615.6500244140625,583.4299926757812,591.3200073242188,6279800,LLY
2023-11-10,595.0,598.8599853515625,586.0,597.7100219726562,3645900,LLY
2023-11-13,594.3499755859375,618.75,578.1500244140625,612.7100219726562,5744800,LLY
2023-11-14,608.219970703125,616.0399780273438,602.6699829101562,610.8200073242188,3827600,LLY
2023-11-15,610.8800048828125,612.9099731445312,584.4199829101562,588.5399780273438,4287000,LLY
2023-11-16,591.5,595.0900268554688,581.75,588.75,3030500,LLY
2023-11-17,592.4500122070312,596.1799926757812,587.2100219726562,591.7100219726562,2628200,LLY
2023-11-20,591.4400024414062,604.8599853515625,590.6900024414062,597.5999755859375,2827200,LLY
2023-11-21,598.4400024414062,601.5599975585938,591.77001953125,592.5999755859375,1851600,LLY
2023-11-22,595.4000244140625,599.1799926757812,586.75,595.0900268554688,2052200,LLY
2023-11-24,598.3599853515625,603.5,596.97998046875,601.0999755859375,1341700,LLY
2023-11-27,601.1699829101562,603.6900024414062,591.1400146484375,591.530029296875,2630700,LLY
2023-11-28,592.0,595.3800048828125,589.3599853515625,591.5999755859375,1793900,LLY
2023-11-29,592.2000122070312,594.5399780273438,584.4400024414062,591.8599853515625,1908600,LLY
2023-11-30,591.4600219726562,596.22998046875,586.2100219726562,591.0399780273438,5658400,LLY
2023-12-01,591.7000122070312,601.969970703125,583.0,584.0399780273438,3638600,LLY
2023-12-04,582.1300048828125,587.0900268554688,574.3300170898438,585.6799926757812,2577100,LLY
2023-12-05,583.280029296875,591.7999877929688,579.3699951171875,588.1500244140625,2157300,LLY
2023-12-06,590.739990234375,593.9000244140625,584.4000244140625,589.25,2093100,LLY
2023-12-07,588.280029296875,588.8699951171875,577.6099853515625,588.27001953125,2095000,LLY
2023-12-08,589.0,598.2999877929688,584.77001953125,598.0499877929688,2446800,LLY
2023-12-11,598.6599731445312,601.1900024414062,567.4099731445312,584.0399780273438,5614100,LLY
2023-12-12,582.0,585.8499755859375,578.1699829101562,584.760009765625,2846100,LLY
2023-12-13,583.260009765625,598.6699829101562,582.3099975585938,597.5,3112500,LLY
2023-12-14,594.5,594.5,568.6900024414062,573.6699829101562,5275900,LLY
2023-12-15,572.0999755859375,573.7100219726562,561.6500244140625,572.0399780273438,5317000,LLY
2023-12-18,576.469970703125,583.0499877929688,575.7000122070312,579.760009765625,3033900,LLY
2023-12-19,580.25,585.1099853515625,577.25,579.8099975585938,2192700,LLY
2023-12-20,576.47998046875,579.8599853515625,570.030029296875,570.2100219726562,2647100,LLY
2023-12-21,571.4099731445312,575.0,567.02001953125,572.0,1786500,LLY
2023-12-22,573.02001953125,575.9000244140625,567.4199829101562,570.3900146484375,2226100,LLY
2023-12-26,569.5,572.77001953125,567.6400146484375,570.6699829101562,1678700,LLY
2023-12-27,570.5,583.6799926757812,570.5,581.510009765625,2163400,LLY
2023-12-28,581.97998046875,586.6900024414062,580.0,580.8499755859375,1973500,LLY
2023-12-29,582.8499755859375,586.1699829101562,579.469970703125,582.9199829101562,2000100,LLY
2024-01-02,580.4099731445312,592.719970703125,579.0499877929688,592.2000122070312,3226700,LLY
2024-01-03,600.0,619.8400268554688,598.7999877929688,617.7000122070312,5130300,LLY
2024-01-04,625.260009765625,636.4099731445312,613.27001953125,614.5,6272500,LLY
2024-01-05,614.0,619.9400024414062,610.1900024414062,618.5499877929688,2404000,LLY
2024-01-08,622.4299926757812,626.0599975585938,609.5900268554688,626.030029296875,2453900,LLY
2024-01-09,630.1099853515625,634.4199829101562,623.719970703125,625.47998046875,2918900,LLY
2024-01-10,628.489990234375,637.0499877929688,625.760009765625,630.1900024414062,2679100,LLY
2024-01-11,634.3900146484375,639.760009765625,628.1400146484375,635.719970703125,2690300,LLY
2024-01-12,638.2000122070312,644.0,633.010009765625,642.9199829101562,2067800,LLY
2024-01-16,643.9099731445312,647.72998046875,633.6699829101562,634.5700073242188,2413600,LLY
2024-01-17,639.4500122070312,640.52001953125,625.1900024414062,628.9099731445312,2124100,LLY
2024-01-18,621.280029296875,623.8800048828125,612.7000122070312,623.3499755859375,3385000,LLY
2024-01-19,622.3900146484375,629.5900268554688,620.0,628.5800170898438,3125000,LLY
2024-01-22,630.0,632.6400146484375,625.0,630.8800048828125,2030200,LLY
2024-01-23,627.6900024414062,630.0,614.8200073242188,629.6799926757812,2525000,LLY
2024-01-24,633.52001953125,643.1699829101562,632.0,633.7000122070312,2276900,LLY
2024-01-25,627.3699951171875,632.6099853515625,624.6799926757812,627.6199951171875,2407900,LLY
2024-01-26,637.3499755859375,639.5999755859375,630.5,639.25,2410300,LLY
2024-01-29,641.5,645.6500244140625,639.77001953125,645.0,2718500,LLY
2024-01-30,645.7000122070312,646.7999877929688,641.0,644.97998046875,2006100,LLY
2024-01-31,650.3800048828125,663.5499877929688,637.0,645.6099853515625,4719000,LLY
2024-02-01,647.3300170898438,660.52001953125,643.1699829101562,660.4299926757812,2494300,LLY
2024-02-02,662.3800048828125,672.6199951171875,659.739990234375,667.6500244140625,3019200,LLY
2024-02-05,691.02001953125,711.8800048828125,682.530029296875,706.2000122070312,7602400,LLY
2024-02-06,742.0,742.0,691.0999755859375,705.030029296875,8187300,LLY
2024-02-07,710.3800048828125,740.989990234375,707.02001953125,725.3800048828125,5798000,LLY
2024-02-08,728.3200073242188,741.0,725.75,735.6799926757812,4636900,LLY
2024-02-09,735.5,745.7000122070312,733.6099853515625,740.1599731445312,2833900,LLY
2024-02-12,740.7999877929688,740.7999877929688,726.4500122070312,737.260009765625,2932300,LLY
2024-02-13,730.1799926757812,742.97998046875,730.1799926757812,742.969970703125,2860300,LLY
2024-02-14,745.8200073242188,764.0499877929688,745.0,757.3099975585938,3394300,LLY
2024-02-15,755.7999877929688,762.989990234375,750.010009765625,757.780029296875,2507000,LLY
2024-02-16,771.030029296875,794.469970703125,763.5,782.0599975585938,5009400,LLY
2024-02-20,790.0,793.3800048828125,753.2000122070312,755.6599731445312,4701100,LLY
2024-02-21,738.0800170898438,749.5,733.239990234375,745.9099731445312,3541800,LLY
2024-02-22,763.5800170898438,775.1199951171875,756.27001953125,769.6400146484375,3167400,LLY
2024-02-23,774.0,777.6500244140625,762.260009765625,769.5399780273438,2394800,LLY
2024-02-26,771.2999877929688,780.219970703125,769.1199951171875,771.9199829101562,2243800,LLY
2024-02-27,754.9000244140625,772.9500122070312,745.4400024414062,765.0,2716700,LLY
2024-02-28,762.25,763.0,751.6599731445312,757.6400146484375,2716300,LLY
2024-02-29,753.0800170898438,756.4600219726562,744.030029296875,753.6799926757812,3905400,LLY
2024-03-01,769.02001953125,784.0800170898438,764.1300048828125,782.1199951171875,4247500,LLY
2024-03-04,796.4400024414062,800.780029296875,786.1599731445312,792.280029296875,3855600,LLY
2024-03-05,785.3099975585938,788.530029296875,769.280029296875,777.5900268554688,3168700,LLY
2024-03-06,784.2899780273438,787.8499755859375,774.0,779.77001953125,2518600,LLY
2024-03-07,771.8400268554688,792.989990234375,761.1199951171875,780.1599731445312,3977400,LLY
2024-03-08,780.0,780.0,755.0,762.1400146484375,4054900,LLY
2024-03-11,752.2100219726562,756.7999877929688,727.6199951171875,734.3699951171875,3968900,LLY
2024-03-12,740.9600219726562,755.969970703125,738.010009765625,754.9500122070312,2701700,LLY
2024-03-13,757.0,760.77001953125,745.7100219726562,757.8400268554688,2357500,LLY
2024-03-14,764.9500122070312,768.0,749.4000244140625,760.72998046875,2647500,LLY
2024-03-15,755.3800048828125,760.8900146484375,747.7100219726562,754.1699829101562,3730100,LLY
2024-03-18,762.280029296875,769.6799926757812,758.25,762.6599731445312,2521400,LLY
2024-03-19,758.4400024414062,773.8499755859375,755.0,772.780029296875,2557100,LLY
2024-03-20,770.1099853515625,773.1599731445312,756.6400146484375,772.8599853515625,2038000,LLY
2024-03-21,774.0,780.5399780273438,758.8800048828125,770.260009765625,3013200,LLY
2024-03-22,770.0,777.0,767.280029296875,770.6099853515625,1981000,LLY
2024-03-25,771.0999755859375,778.489990234375,768.1500244140625,773.1400146484375,1806600,LLY
2024-03-26,774.2000122070312,778.3300170898438,769.0,774.9000244140625,2099000,LLY
2024-03-27,778.7100219726562,785.260009765625,767.3800048828125,778.1799926757812,2297700,LLY
2024-03-28,780.3200073242188,793.6699829101562,776.4400024414062,777.9600219726562,3209400,LLY
2024-04-01,776.0,777.5,753.8200073242188,760.5499877929688,2921300,LLY
2024-04-02,755.0700073242188,765.0700073242188,753.5,763.9600219726562,2596800,LLY
2024-04-03,765.6900024414062,787.25,765.4099731445312,775.989990234375,3044900,LLY
2024-04-04,781.5399780273438,787.9000244140625,767.8200073242188,768.0800170898438,2354000,LLY
2024-04-05,765.469970703125,786.7100219726562,763.0900268554688,784.2100219726562,2113400,LLY
2024-04-08,785.02001953125,785.2000122070312,773.3499755859375,777.2899780273438,1664200,LLY
2024-04-09,777.6400146484375,777.8200073242188,750.6500244140625,757.239990234375,2464100,LLY
2024-04-10,751.280029296875,765.260009765625,746.8300170898438,761.97998046875,1700300,LLY
2024-04-11,759.780029296875,763.3300170898438,750.6699829101562,759.5900268554688,1594800,LLY
2024-04-12,759.5700073242188,763.5,749.7899780273438,751.6400146484375,2495000,LLY
2024-04-15,760.0700073242188,768.0,749.52001953125,750.77001953125,2358600,LLY
2024-04-16,751.6799926757812,753.1400146484375,743.0,746.739990234375,2569800,LLY
2024-04-17,759.2000122070312,771.8300170898438,744.8800048828125,750.77001953125,3069400,LLY
2024-04-18,749.4199829101562,752.2000122070312,743.77001953125,745.9500122070312,1717300,LLY
2024-04-19,749.1599731445312,750.010009765625,722.0700073242188,726.3099975585938,3505500,LLY
2024-04-22,729.739990234375,737.8800048828125,725.4199829101562,731.3300170898438,2354100,LLY
2024-04-23,741.2000122070312,746.1599731445312,731.4400024414062,745.6900024414062,2042000,LLY
2024-04-24,752.6400146484375,752.6400146484375,728.7899780273438,732.2000122070312,2133400,LLY
2024-04-25,725.0,727.989990234375,718.2999877929688,724.8699951171875,2608800,LLY
2024-04-26,723.47998046875,737.4500122070312,721.0,733.510009765625,2009200,LLY
2024-04-29,735.75,740.5800170898438,729.6099853515625,737.2000122070312,2665600,LLY
2024-04-30,775.0,795.5,767.6599731445312,781.0999755859375,7437100,LLY
2024-05-01,774.760009765625,782.6099853515625,768.25,776.75,2802100,LLY
2024-05-02,777.3400268554688,777.3400268554688,754.2899780273438,755.9099731445312,3205600,LLY
2024-05-03,743.0,745.0,730.3400268554688,734.969970703125,4595100,LLY
2024-05-06,738.0399780273438,766.989990234375,736.0,766.6799926757812,3398300,LLY
2024-05-07,768.9000244140625,779.0900268554688,762.1099853515625,777.77001953125,2879400,LLY
2024-05-08,779.0999755859375,781.3499755859375,772.2000122070312,775.0,2089800,LLY
2024-05-09,777.0,784.0,769.2000122070312,771.5499877929688,2522100,LLY
2024-05-10,774.02001953125,777.4199829101562,760.0,760.0,2082300,LLY
2024-05-13,763.5,763.5499877929688,750.530029296875,757.7000122070312,1848900,LLY
2024-05-14,751.52001953125,764.5,751.52001953125,763.97998046875,1956200,LLY
2024-05-15,764.1500244140625,787.6599731445312,763.0999755859375,787.02001953125,3038300,LLY
2024-05-16,784.7100219726562,786.47998046875,770.1400146484375,771.1199951171875,2299700,LLY
2024-05-17,772.8900146484375,774.8699951171875,767.0999755859375,770.0,1670300,LLY
2024-05-20,766.9000244140625,784.3300170898438,766.1199951171875,783.1799926757812,2188800,LLY
2024-05-21,792.4600219726562,816.6099853515625,791.3900146484375,803.1699829101562,4334500,LLY
2024-05-22,801.0,804.8800048828125,795.25,802.9099731445312,1767500,LLY
2024-05-23,810.0,820.6099853515625,802.1599731445312,808.4500122070312,3025800,LLY
2024-05-24,808.0,810.1199951171875,804.1500244140625,807.4299926757812,1778100,LLY
2024-05-28,809.0,809.0,788.25,807.8599853515625,2483500,LLY
2024-05-29,803.0,815.6099853515625,802.0900268554688,811.530029296875,2380000,LLY
2024-05-30,812.7899780273438,819.989990234375,806.1099853515625,815.0599975585938,1984600,LLY
2024-05-31,818.7999877929688,826.2100219726562,811.0999755859375,820.3400268554688,4472100,LLY
2024-06-03,823.8300170898438,838.280029296875,818.5,831.260009765625,2537200,LLY
2024-06-04,834.0,835.469970703125,825.3099975585938,832.5900268554688,1748300,LLY
2024-06-05,830.489990234375,838.4500122070312,817.6199951171875,831.760009765625,2169000,LLY
2024-06-06,834.8800048828125,846.969970703125,831.8800048828125,837.2899780273438,2109000,LLY
2024-06-07,837.760009765625,856.8099975585938,837.010009765625,849.989990234375,2468800,LLY
2024-06-10,853.97998046875,871.6300048828125,849.3900146484375,865.0,3417500,LLY
2024-06-11,882.1400146484375,882.1400146484375,852.22998046875,865.8200073242188,4109100,LLY
2024-06-12,872.0,872.0,853.8499755859375,867.2999877929688,2594600,LLY
2024-06-13,869.030029296875,885.0599975585938,861.5,883.3300170898438,2243400,LLY
2024-06-14,882.3300170898438,884.6099853515625,876.0,878.4500122070312,2023300,LLY
2024-06-17,878.0,892.2000122070312,876.8599853515625,885.010009765625,2532200,LLY
2024-06-18,887.0,894.8699951171875,884.0,891.4600219726562,2437000,LLY
2024-06-20,893.0,905.4500122070312,870.1300048828125,885.989990234375,3360000,LLY
2024-06-21,885.6599731445312,891.969970703125,879.7999877929688,883.8800048828125,3445900,LLY
2024-06-24,889.97998046875,903.5800170898438,882.9400024414062,890.1099853515625,2878200,LLY
2024-06-25,891.77001953125,909.4199829101562,891.5,904.6099853515625,2830100,LLY
2024-06-26,904.0,906.3499755859375,897.8400268554688,901.260009765625,2232100,LLY
2024-06-27,903.530029296875,909.5700073242188,899.719970703125,909.0399780273438,1948100,LLY
2024-06-28,911.3099975585938,915.5399780273438,905.3800048828125,905.3800048828125,3375400,LLY
2024-07-01,911.77001953125,916.8300170898438,904.3099975585938,914.3699951171875,2546100,LLY
2024-07-02,902.7100219726562,912.0,878.5,906.7100219726562,4584600,LLY
2024-07-03,911.0,918.5,884.0,898.0999755859375,3078400,LLY
2024-07-05,898.4299926757812,916.4600219726562,896.9000244140625,914.5700073242188,2880900,LLY
2024-07-08,917.8900146484375,928.6099853515625,912.0,918.0,2364600,LLY
2024-07-09,929.0499877929688,935.0,920.780029296875,932.5,2416000,LLY
2024-07-10,936.5700073242188,945.6900024414062,933.0,939.780029296875,2683300,LLY
2024-07-11,934.0900268554688,942.8800048828125,918.6199951171875,934.1400146484375,2855100,LLY
2024-07-12,937.0,950.7899780273438,936.030029296875,948.4000244140625,2315100,LLY
2024-07-15,956.2000122070312,966.0999755859375,948.0900268554688,950.4600219726562,2358700,LLY
2024-07-16,955.75,956.3900146484375,938.3800048828125,941.5999755859375,2111800,LLY
2024-07-17,910.010009765625,925.0,902.6400146484375,905.5900268554688,4200600,LLY
2024-07-18,907.030029296875,909.8699951171875,836.6599731445312,848.9000244140625,7649600,LLY
2024-07-19,867.6599731445312,880.2100219726562,853.0,857.469970703125,3782200,LLY
2024-07-22,864.7999877929688,874.4199829101562,856.8200073242188,865.969970703125,2904500,LLY
2024-07-23,870.0,887.719970703125,864.0800170898438,878.2899780273438,2087700,LLY
2024-07-24,872.5,878.3400268554688,854.27001953125,859.8800048828125,2726100,LLY
2024-07-25,847.0,851.6199951171875,806.3800048828125,821.1900024414062,5468000,LLY
2024-07-26,811.8699951171875,822.010009765625,801.2999877929688,804.6199951171875,4173900,LLY
2024-07-29,814.010009765625,824.77001953125,804.0,807.7899780273438,2473700,LLY
2024-07-30,815.1799926757812,821.9000244140625,775.8099975585938,790.2100219726562,3848600,LLY
2024-07-31,800.1699829101562,811.1400146484375,792.0900268554688,804.27001953125,2961700,LLY
2024-08-01,833.6199951171875,840.8900146484375,820.1799926757812,832.4400024414062,4060700,LLY
2024-08-02,816.6699829101562,820.1900024414062,787.02001953125,804.4600219726562,3515900,LLY
2024-08-05,758.0,792.9400024414062,747.5499877929688,775.260009765625,4661800,LLY
2024-08-06,789.1400146484375,806.27001953125,785.0,793.1799926757812,3437600,LLY
2024-08-07,778.2999877929688,786.5800170898438,763.02001953125,772.1400146484375,4407700,LLY
2024-08-08,875.0,877.780029296875,825.239990234375,845.3099975585938,9434900,LLY
2024-08-09,860.0,908.489990234375,860.0,891.6799926757812,6587600,LLY
2024-08-12,904.2100219726562,904.719970703125,883.0,884.3800048828125,4206100,LLY
2024-08-13,894.0800170898438,914.6900024414062,890.3300170898438,908.0499877929688,3506800,LLY
2024-08-14,910.0,934.3800048828125,903.7899780273438,931.6799926757812,3562900,LLY
2024-08-15,936.0,937.9600219726562,920.0,931.5800170898438,3080000,LLY
2024-08-16,928.3900146484375,936.2999877929688,919.3900146484375,922.1199951171875,2364900,LLY
2024-08-19,922.1199951171875,926.0,916.5,921.8099975585938,2374600,LLY
2024-08-20,932.0999755859375,967.0,930.510009765625,949.969970703125,4961500,LLY
2024-08-21,955.6199951171875,956.5,939.1699829101562,951.969970703125,2617000,LLY
2024-08-22,951.97998046875,972.530029296875,948.1400146484375,954.1699829101562,3183700,LLY
2024-08-23,955.4400024414062,960.5,943.1099853515625,952.739990234375,2063300,LLY
2024-08-26,949.2000122070312,955.0,942.77001953125,950.530029296875,2166000,LLY
2024-08-27,952.5,972.47998046875,949.9500122070312,954.47998046875,2912900,LLY
2024-08-28,954.1500244140625,958.3400268554688,943.260009765625,948.9400024414062,1701800,LLY
2024-08-29,955.0,957.52001953125,936.0,940.2000122070312,1762800,LLY
2024-08-30,945.0,961.0,940.510009765625,960.02001953125,2555100,LLY
2024-09-03,957.77001953125,969.6500244140625,951.5800170898438,956.530029296875,2529400,LLY
2024-09-04,949.75,954.0,938.010009765625,946.3099975585938,1891700,LLY
2024-09-05,941.1599731445312,943.0,906.1699829101562,912.75,3201100,LLY
2024-09-06,917.760009765625,927.9000244140625,893.0,902.7100219726562,3440000,LLY
2024-09-09,912.5700073242188,915.4299926757812,895.9199829101562,908.27001953125,2405900,LLY
2024-09-10,914.1099853515625,915.1099853515625,895.0,901.25,1930400,LLY
2024-09-11,902.1500244140625,921.5399780273438,897.2000122070312,920.8900146484375,2721100,LLY
2024-09-12,924.3099975585938,937.6199951171875,918.6300048828125,935.02001953125,2510800,LLY
2024-09-13,937.010009765625,942.3499755859375,922.0999755859375,923.7100219726562,2045400,LLY
2024-09-16,931.1300048828125,932.6099853515625,920.4299926757812,923.5399780273438,1760300,LLY
2024-09-17,921.5,921.5,902.2999877929688,906.1799926757812,2248000,LLY
2024-09-18,906.3099975585938,915.5,903.4600219726562,904.969970703125,1777000,LLY
2024-09-19,912.8499755859375,916.8099975585938,903.8599853515625,915.0399780273438,2446500,LLY
2024-09-20,921.989990234375,939.8599853515625,913.2000122070312,921.489990234375,9921800,LLY
2024-09-23,921.0,922.0,909.4500122070312,918.52001953125,2292000,LLY
2024-09-24,922.1199951171875,925.6799926757812,909.2000122070312,924.4299926757812,2767400,LLY
2024-09-25,931.7899780273438,939.2999877929688,921.1900024414062,924.5599975585938,1805100,LLY
2024-09-26,920.260009765625,921.8499755859375,905.2999877929688,909.3200073242188,2693000,LLY
2024-09-27,893.6199951171875,901.2100219726562,875.6099853515625,877.7899780273438,4377300,LLY
2024-09-30,864.52001953125,887.4299926757812,858.8099975585938,885.9400024414062,3244600,LLY
2024-10-01,888.8300170898438,891.27001953125,878.8699951171875,884.47998046875,2455200,LLY
2024-10-02,880.0,893.3499755859375,878.7000122070312,891.0700073242188,1751600,LLY
2024-10-03,889.5399780273438,892.0,880.8800048828125,885.5499877929688,1974700,LLY
2024-10-04,885.9099731445312,888.969970703125,876.8900146484375,887.1599731445312,1970500,LLY
2024-10-07,890.510009765625,905.280029296875,889.5700073242188,898.4000244140625,2915700,LLY
2024-10-08,903.0,921.969970703125,902.22998046875,913.719970703125,2200000,LLY
2024-10-09,916.2899780273438,921.3499755859375,912.0,919.739990234375,1820100,LLY
2024-10-10,920.0,922.0,905.1500244140625,910.6900024414062,1682100,LLY
2024-10-11,916.0399780273438,932.239990234375,911.1799926757812,932.0599975585938,2293900,LLY
2024-10-14,936.0,937.0,926.0,929.510009765625,1550400,LLY
2024-10-15,924.4400024414062,926.52001953125,907.7999877929688,913.3200073242188,2284200,LLY
2024-10-16,910.030029296875,917.8099975585938,897.8400268554688,916.4199829101562,1645400,LLY
2024-10-17,921.0,930.510009765625,916.0399780273438,917.1199951171875,2191200,LLY
2024-10-18,917.1799926757812,920.9199829101562,905.6199951171875,917.969970703125,2286900,LLY
2024-10-21,917.97998046875,918.8599853515625,904.5599975585938,906.1300048828125,1592200,LLY
2024-10-22,901.6799926757812,911.1199951171875,900.2000122070312,909.1500244140625,1391800,LLY
2024-10-23,905.6199951171875,907.9500122070312,891.72998046875,903.25,2646600,LLY
2024-10-24,898.3300170898438,900.0,888.280029296875,891.3200073242188,1797100,LLY
2024-10-25,899.72998046875,900.9600219726562,889.4500122070312,892.7000122070312,2228300,LLY
2024-10-28,894.8699951171875,898.2100219726562,890.780029296875,895.5900268554688,2084100,LLY
2024-10-29,898.2100219726562,907.97998046875,898.2100219726562,903.5800170898438,3187500,LLY
2024-10-30,798.5,860.5,769.0,846.8300170898438,18257200,LLY
2024-10-31,836.510009765625,853.5,825.239990234375,829.739990234375,6582800,LLY
2024-11-01,828.0,833.0,816.72998046875,818.9299926757812,5266300,LLY
2024-11-04,805.0,820.1900024414062,803.6799926757812,806.1400146484375,3918100,LLY
2024-11-05,803.8300170898438,809.2100219726562,797.489990234375,806.0599975585938,3733300,LLY
2024-11-06,817.3300170898438,820.72998046875,767.6099853515625,776.3800048828125,8257900,LLY
2024-11-07,784.6500244140625,802.5499877929688,778.1900024414062,797.4500122070312,4557600,LLY
2024-11-08,803.5,847.27001953125,801.260009765625,831.5399780273438,7212900,LLY
2024-11-11,831.2999877929688,844.0,824.6300048828125,832.4400024414062,3342800,LLY
2024-11-12,830.2000122070312,833.989990234375,810.719970703125,818.8599853515625,3378600,LLY
2024-11-13,820.3200073242188,829.1099853515625,811.2899780273438,811.8099975585938,3059300,LLY
2024-11-14,809.1900024414062,809.1900024414062,783.510009765625,786.22998046875,3998800,LLY
2024-11-15,775.1900024414062,777.97998046875,744.2000122070312,746.2000122070312,7334600,LLY
2024-11-18,733.1900024414062,734.0,711.4000244140625,727.2000122070312,9148100,LLY
2024-11-19,716.3099975585938,730.0,712.4199829101562,729.72998046875,5832500,LLY
2024-11-20,735.7899780273438,757.3699951171875,735.4600219726562,753.4099731445312,5158900,LLY
2024-11-21,746.1199951171875,753.0,735.0,749.9199829101562,4143200,LLY
2024-11-22,757.0499877929688,761.280029296875,745.0800170898438,748.010009765625,4015500,LLY
2024-11-25,750.0,755.0,740.010009765625,755.0,5690500,LLY
2024-11-26,785.2000122070312,807.0,773.9500122070312,789.3200073242188,6622600,LLY
2024-11-27,788.1199951171875,794.8300170898438,780.2999877929688,788.1900024414062,2714700,LLY
2024-11-29,791.3300170898438,800.3300170898438,789.3300170898438,795.3499755859375,2206900,LLY
2024-12-02,798.1099853515625,805.3499755859375,795.219970703125,799.7999877929688,2895600,LLY
2024-12-03,802.9299926757812,817.1300048828125,801.6099853515625,813.3300170898438,2782100,LLY
2024-12-04,828.0999755859375,846.4600219726562,820.5,829.8400268554688,3871100,LLY
2024-12-05,827.780029296875,831.1300048828125,817.4600219726562,825.6199951171875,2423400,LLY
2024-12-06,827.6799926757812,841.0,825.6900024414062,826.7100219726562,3047100,LLY
2024-12-09,823.7000122070312,823.7000122070312,801.280029296875,803.5800170898438,3176000,LLY
2024-12-10,809.27001953125,814.0,797.0,799.5800170898438,2695200,LLY
2024-12-11,795.25,799.5,786.3699951171875,796.030029296875,3510900,LLY
2024-12-12,796.72998046875,801.8400268554688,778.3900146484375,782.3499755859375,2823800,LLY
2024-12-13,777.1300048828125,794.25,772.989990234375,789.1199951171875,3059400,LLY
2024-12-16,792.0,799.780029296875,775.25,779.0,3426200,LLY
2024-12-17,777.8599853515625,788.0,772.4299926757812,778.6199951171875,3924800,LLY
2024-12-18,775.0,779.0,762.5,764.7100219726562,3354200,LLY
2024-12-19,765.0999755859375,772.969970703125,752.4000244140625,757.5399780273438,4032600,LLY
2024-12-20,811.3499755859375,811.3499755859375,766.6099853515625,767.760009765625,9942300,LLY
2024-12-23,785.1699829101562,799.3599853515625,773.0700073242188,796.280029296875,3622300,LLY
2024-12-24,791.3699951171875,797.75,787.0999755859375,795.6699829101562,1165400,LLY
2024-12-26,794.1199951171875,803.9099731445312,791.5,794.1400146484375,1274200,LLY
2024-12-27,790.0,793.2999877929688,779.219970703125,783.1699829101562,2096500,LLY
2024-12-30,777.9199829101562,779.760009765625,771.0,773.8400268554688,1719100,LLY
2024-12-31,771.0,773.9099731445312,764.2999877929688,772.0,2327000,LLY
2025-01-02,780.5900268554688,787.0,771.77001953125,778.0700073242188,1938900,LLY
2025-01-03,778.1699829101562,785.8400268554688,775.530029296875,781.97998046875,1799100,LLY
2025-01-06,783.719970703125,784.77001953125,763.3499755859375,765.0999755859375,3991100,LLY
2025-01-07,764.9000244140625,783.9600219726562,761.6199951171875,773.2899780273438,3576100,LLY
2025-01-08,773.8300170898438,792.5599975585938,770.6699829101562,787.219970703125,3478400,LLY
2025-01-10,791.9299926757812,800.0,784.8599853515625,799.9000244140625,3973100,LLY
2025-01-13,794.4000244140625,805.3400268554688,783.6099853515625,797.47998046875,3683800,LLY
2025-01-14,784.22998046875,784.22998046875,729.0,744.9099731445312,10373000,LLY
2025-01-15,749.0,754.5999755859375,735.27001953125,746.739990234375,5736900,LLY
2025-01-16,747.5,765.510009765625,746.4000244140625,757.5999755859375,3070300,LLY
2025-01-17,747.8300170898438,755.280029296875,725.010009765625,725.719970703125,5560100,LLY
2025-01-21,731.27001953125,743.280029296875,726.530029296875,742.3499755859375,5122800,LLY
2025-01-22,745.5800170898438,760.3699951171875,739.0499877929688,753.97998046875,3737800,LLY
2025-01-23,747.6599731445312,766.5999755859375,744.25,766.5999755859375,3127200,LLY
2025-01-24,761.9500122070312,789.2899780273438,760.489990234375,785.4099731445312,4170600,LLY
2025-01-27,778.7100219726562,809.25,778.7100219726562,808.1699829101562,3915200,LLY
2025-01-28,807.239990234375,816.1500244140625,800.1099853515625,804.989990234375,2808800,LLY
2025-01-29,806.989990234375,809.1199951171875,799.0,804.0800170898438,1827600,LLY
2025-01-30,808.4099731445312,824.6199951171875,805.0,823.22998046875,2643000,LLY
2025-01-31,823.0,827.3499755859375,811.030029296875,811.0800170898438,2561600,LLY
2025-02-03,804.27001953125,817.9600219726562,801.75,810.4299926757812,2808800,LLY
2025-02-04,811.0499877929688,829.0399780273438,805.9400024414062,826.0700073242188,4299700,LLY
2025-02-05,835.1500244140625,846.9000244140625,831.0599975585938,842.1799926757812,4578900,LLY
2025-02-06,839.52001953125,887.739990234375,835.6099853515625,870.3699951171875,7138500,LLY
2025-02-07,876.530029296875,889.3599853515625,869.6199951171875,878.3099975585938,4426100,LLY
2025-02-10,877.72998046875,880.0,859.3699951171875,868.8800048828125,3065600,LLY
2025-02-11,867.030029296875,874.1900024414062,860.5,865.0,1944200,LLY
2025-02-12,856.9299926757812,877.780029296875,856.1099853515625,872.969970703125,2533400,LLY
2025-02-13,877.0700073242188,883.5,867.7999877929688,871.8599853515625,2472900,LLY
2025-02-14,869.0999755859375,873.5,841.489990234375,844.27001953125,3222300,LLY
2025-02-18,856.4199829101562,862.72998046875,851.3599853515625,857.2000122070312,4289400,LLY
2025-02-19,857.1799926757812,881.3300170898438,857.1799926757812,867.0499877929688,3205500,LLY
2025-02-20,866.8400268554688,880.3200073242188,864.0,873.1199951171875,2990300,LLY
2025-02-21,880.6199951171875,894.4000244140625,873.4299926757812,873.6799926757812,3940400,LLY
2025-02-24,879.2899780273438,893.1099853515625,870.02001953125,881.4000244140625,3017100,LLY
2025-02-25,890.739990234375,912.0,890.739990234375,901.7999877929688,5111300,LLY
2025-02-26,898.3699951171875,922.4299926757812,896.5999755859375,915.010009765625,3032800,LLY
2025-02-27,915.719970703125,925.5,904.0599975585938,905.1599731445312,3085400,LLY
2025-02-28,901.8400268554688,921.219970703125,892.6099853515625,920.6300048828125,4071100,LLY
2025-03-03,912.7999877929688,935.6300048828125,910.0,929.719970703125,3979800,LLY
2025-03-04,922.239990234375,929.1599731445312,902.7899780273438,911.0599975585938,3343500,LLY
2025-03-05,904.7999877929688,930.489990234375,901.6400146484375,929.719970703125,3109500,LLY
2025-03-06,920.4199829101562,931.3800048828125,898.280029296875,912.760009765625,3273100,LLY
2025-03-07,905.3900146484375,908.0,861.3900146484375,869.5800170898438,4818100,LLY
2025-03-10,853.9099731445312,863.1900024414062,825.780029296875,829.760009765625,5962900,LLY
2025-03-11,827.2000122070312,832.3499755859375,811.6400146484375,824.0599975585938,3796500,LLY
2025-03-12,814.9500122070312,834.6500244140625,813.260009765625,821.8599853515625,3014800,LLY
2025-03-13,818.239990234375,821.1099853515625,795.3800048828125,801.6500244140625,3566300,LLY
2025-03-14,803.1099853515625,815.2100219726562,800.0,813.47998046875,3102300,LLY
2025-03-17,816.9500122070312,829.0,814.5700073242188,824.760009765625,2546600,LLY
2025-03-18,833.4199829101562,836.2899780273438,812.6199951171875,822.510009765625,2354900,LLY
2025-03-19,821.719970703125,842.1300048828125,819.5,837.010009765625,3790500,LLY
2025-03-20,839.030029296875,854.3900146484375,832.4600219726562,842.5700073242188,4402700,LLY
2025-03-21,837.7999877929688,850.4299926757812,825.3200073242188,837.5700073242188,5963800,LLY
2025-03-24,845.3200073242188,866.8699951171875,837.760009765625,864.9000244140625,3102400,LLY
2025-03-25,869.5499877929688,874.9199829101562,847.9199829101562,852.3499755859375,2670600,LLY
2025-03-26,845.6900024414062,851.4099731445312,826.4000244140625,826.760009765625,2562100,LLY
2025-03-27,822.8200073242188,826.77001953125,815.2899780273438,821.6699829101562,2128200,LLY
2025-03-28,820.0,829.780029296875,817.4299926757812,822.510009765625,2124700,LLY
2025-03-31,808.97998046875,828.010009765625,789.4000244140625,825.9099731445312,3737000,LLY
2025-04-01,818.5999755859375,820.6599731445312,797.0,805.22998046875,2987700,LLY
2025-04-02,795.0399780273438,819.8499755859375,795.0399780273438,818.219970703125,2683800,LLY
2025-04-03,810.510009765625,818.7899780273438,787.0599975585938,789.0900268554688,2675100,LLY
2025-04-04,762.1099853515625,768.27001953125,734.7000122070312,738.2100219726562,5299400,LLY
2025-04-07,697.9299926757812,748.0,677.0900268554688,723.72998046875,6274400,LLY
2025-04-08,754.97998046875,763.5,713.280029296875,726.239990234375,4115200,LLY
2025-04-09,704.4000244140625,754.8300170898438,689.0,753.7100219726562,6619000,LLY
2025-04-10,738.9000244140625,741.9500122070312,691.77001953125,720.9099731445312,4182700,LLY
2025-04-11,722.8900146484375,735.8400268554688,711.97998046875,732.4099731445312,3603400,LLY
2025-04-14,750.4500122070312,759.5599975585938,734.52001953125,754.3499755859375,3461200,LLY
2025-04-15,755.5700073242188,765.3099975585938,751.489990234375,757.1799926757812,2458100,LLY
2025-04-16,755.6400146484375,756.2999877929688,730.3400268554688,734.9000244140625,3302600,LLY
2025-04-17,840.7999877929688,858.0,821.8400268554688,839.9600219726562,10853400,LLY
2025-04-21,841.510009765625,843.9099731445312,807.0,818.02001953125,3326600,LLY
2025-04-22,821.8800048828125,832.0,814.0,827.5399780273438,3086500,LLY
2025-04-23,836.9600219726562,846.010009765625,818.6400146484375,829.4199829101562,2714600,LLY
2025-04-24,836.0,862.25,829.2100219726562,859.72998046875,2939500,LLY
2025-04-25,859.6599731445312,885.5800170898438,851.0700073242188,884.5399780273438,3398900,LLY
2025-04-28,870.4400024414062,882.25,864.4099731445312,877.2899780273438,3457600,LLY
2025-04-29,877.7000122070312,892.469970703125,874.030029296875,885.2000122070312,2454400,LLY
2025-04-30,888.2000122070312,902.5,882.1199951171875,898.9500122070312,4374100,LLY
2025-05-01,844.0,850.9299926757812,792.0700073242188,794.0999755859375,12601100,LLY
2025-05-02,825.1199951171875,831.530029296875,807.5900268554688,823.6199951171875,6059400,LLY
2025-05-05,817.0,829.6400146484375,812.030029296875,821.4600219726562,2889600,LLY
2025-05-06,816.8900146484375,818.4199829101562,770.3499755859375,775.1199951171875,5982000,LLY
2025-05-07,780.5,784.3400268554688,772.260009765625,776.719970703125,3807800,LLY
2025-05-08,765.0,769.97998046875,739.0800170898438,751.4500122070312,6162000,LLY
2025-05-09,752.010009765625,762.010009765625,733.0,734.5700073242188,4072600,LLY
2025-05-12,727.8699951171875,765.3300170898438,722.1799926757812,755.5700073242188,9176100,LLY
2025-05-13,755.5499877929688,759.5,740.8499755859375,746.0599975585938,4523900,LLY
2025-05-14,749.239990234375,759.5,714.030029296875,715.5599975585938,7558500,LLY
2025-05-15,725.7000122070312,738.6799926757812,712.2100219726562,733.2899780273438,5212900,LLY
2025-05-16,740.0,758.8699951171875,738.0,757.3900146484375,4645100,LLY
2025-05-19,753.0,758.719970703125,747.5599975585938,755.1099853515625,4062700,LLY
2025-05-20,756.0,763.5,743.0,747.010009765625,3873500,LLY
2025-05-21,747.0499877929688,750.52001953125,723.969970703125,724.9500122070312,4060000,LLY
2025-05-22,717.0999755859375,722.1900024414062,711.5499877929688,715.2000122070312,4249900,LLY
2025-05-23,710.0,719.6400146484375,709.0,713.7100219726562,2635700,LLY
2025-05-27,717.030029296875,731.3099975585938,714.3300170898438,725.219970703125,3792700,LLY
2025-05-28,725.219970703125,729.989990234375,714.739990234375,719.3900146484375,2948800,LLY
2025-05-29,719.22998046875,727.3300170898438,716.9600219726562,722.5700073242188,2785500,LLY
2025-05-30,725.0,745.9000244140625,717.1099853515625,737.6699829101562,6106200,LLY
2025-06-02,732.5,747.3699951171875,730.7000122070312,747.1199951171875,2946900,LLY
2025-06-03,746.25,757.0,741.4600219726562,750.780029296875,3056500,LLY
2025-06-04,756.3900146484375,772.6199951171875,756.0,765.8400268554688,3135900,LLY
2025-06-05,769.5,770.0,753.0499877929688,765.6799926757812,3636400,LLY
2025-06-06,768.47998046875,772.5999755859375,765.2000122070312,769.8800048828125,2069900,LLY
2025-06-09,771.9500122070312,779.2899780273438,767.5900268554688,773.7100219726562,2262200,LLY
2025-06-10,777.0900268554688,808.6300048828125,777.0,807.1900024414062,4744400,LLY
2025-06-11,809.6500244140625,820.719970703125,805.030029296875,808.6099853515625,3125400,LLY
2025-06-12,810.3300170898438,818.5599975585938,806.3499755859375,812.030029296875,2271100,LLY
2025-06-13,810.3400268554688,825.0,808.0999755859375,819.3599853515625,2754600,LLY
2025-06-16,821.6799926757812,825.0,805.760009765625,807.5800170898438,2821800,LLY
2025-06-17,805.1599731445312,805.1599731445312,788.9400024414062,791.239990234375,2875600,LLY
2025-06-18,789.9500122070312,790.6300048828125,779.4400024414062,785.030029296875,2442900,LLY
2025-06-20,786.0,786.0,755.5599975585938,762.72998046875,6210600,LLY
2025-06-23,770.530029296875,793.2100219726562,763.8300170898438,770.6400146484375,3951500,LLY
2025-06-24,772.8900146484375,784.4400024414062,763.02001953125,778.0800170898438,2788500,LLY
2025-06-25,779.0,798.9500122070312,773.5999755859375,792.2999877929688,3023100,LLY
2025-06-26,793.9500122070312,798.7999877929688,788.25,795.1199951171875,3118200,LLY
2025-06-27,795.7999877929688,802.5,774.6400146484375,775.4500122070312,4115100,LLY
2025-06-30,778.5399780273438,785.0,774.0,779.530029296875,3041500,LLY
2025-07-01,779.530029296875,790.0,773.0,775.9000244140625,2734000,LLY
2025-07-02,776.5,779.8400268554688,768.0,779.280029296875,1978300,LLY
2025-07-03,780.4600219726562,783.5499877929688,773.0,780.6699829101562,1450800,LLY
2025-07-07,780.6799926757812,781.1500244140625,762.030029296875,772.8699951171875,2576900,LLY
2025-07-08,774.8499755859375,792.6900024414062,768.7999877929688,777.6599731445312,3301800,LLY
2025-07-09,783.7999877929688,794.0,781.989990234375,786.9199829101562,2703100,LLY
2025-07-10,789.6699829101562,799.489990234375,786.4299926757812,790.6500244140625,3130400,LLY
2025-07-11,786.3499755859375,795.72998046875,777.2000122070312,793.010009765625,2852500,LLY
2025-07-14,790.0,800.8800048828125,787.3599853515625,799.3400268554688,2401400,LLY
2025-07-15,801.6699829101562,805.4199829101562,764.3800048828125,771.75,4174100,LLY
2025-07-16,773.5,796.0399780273438,772.1599731445312,789.7999877929688,3255400,LLY
2025-07-17,786.7899780273438,790.0,760.02001953125,761.5,4107300,LLY
2025-07-18,763.8599853515625,775.9600219726562,760.5,771.7100219726562,3357700,LLY
2025-07-21,768.1699829101562,772.0,760.5,762.1799926757812,3058000,LLY
2025-07-22,763.3400268554688,778.2899780273438,762.5,776.4400024414062,2496600,LLY
2025-07-23,780.0,800.0900268554688,777.0800170898438,798.8900146484375,2683600,LLY
2025-07-24,801.3599853515625,810.1400146484375,797.6500244140625,805.4299926757812,2786400,LLY
2025-07-25,809.0,815.1900024414062,802.3699951171875,812.6900024414062,2976900,LLY
2025-07-28,812.6500244140625,820.219970703125,802.5,808.1099853515625,2587700,LLY
2025-07-29,774.5,779.489990234375,755.1799926757812,762.9500122070312,7100700,LLY
2025-07-30,774.0,778.0999755859375,758.4099731445312,760.0800170898438,4338700,LLY
2025-07-31,747.2999877929688,766.4500122070312,735.4400024414062,740.0700073242188,5810300,LLY
2025-08-01,746.8200073242188,768.0,745.989990234375,762.3300170898438,4859500,LLY
2025-08-04,759.969970703125,774.47998046875,752.5700073242188,769.0,3353400,LLY
2025-08-05,765.5700073242188,769.9400024414062,759.52001953125,765.9500122070312,3615200,LLY
2025-08-06,756.5599975585938,763.0,740.1900024414062,746.3699951171875,4752100,LLY
2025-08-07,675.6599731445312,678.2899780273438,633.2000122070312,640.8599853515625,26101600,LLY
2025-08-08,655.0,656.1799926757812,623.780029296875,625.6500244140625,14125100,LLY
2025-08-11,629.4199829101562,654.4400024414062,625.9000244140625,635.219970703125,11294200,LLY
2025-08-12,639.5,646.1799926757812,629.4000244140625,639.4299926757812,6897400,LLY
2025-08-13,650.4000244140625,661.75,644.5,660.489990234375,6310000,LLY
2025-08-14,662.0,685.47998046875,655.0999755859375,684.4299926757812,8395900,LLY
2025-08-15,694.2000122070312,706.7899780273438,685.7999877929688,701.22998046875,8224600,LLY
2025-08-18,695.02001953125,707.75,693.5,698.0499877929688,4997300,LLY
2025-08-19,706.6099853515625,714.27001953125,698.5499877929688,703.2100219726562,5941000,LLY
2025-08-20,701.52001953125,705.7999877929688,685.1500244140625,705.4400024414062,4139400,LLY
2025-08-21,705.2000122070312,718.4000244140625,705.2000122070312,709.8200073242188,3617300,LLY
2025-08-22,715.0399780273438,719.4600219726562,709.4299926757812,711.6799926757812,3222700,LLY
2025-08-25,711.0,713.5,694.22998046875,695.3300170898438,2898100,LLY
2025-08-26,716.239990234375,736.1799926757812,713.0999755859375,736.030029296875,7695600,LLY
2025-08-27,736.9600219726562,746.5900268554688,731.5499877929688,734.1699829101562,4326200,LLY
2025-08-28,735.7999877929688,738.5900268554688,726.3400268554688,731.9600219726562,3117000,LLY
2025-08-29,732.3200073242188,737.4199829101562,728.5,732.5800170898438,2551200,LLY
2025-09-02,727.989990234375,737.1400146484375,723.6400146484375,735.1900024414062,3222500,LLY
2025-09-03,732.02001953125,737.8300170898438,729.02001953125,737.8300170898438,2222500,LLY
2025-09-04,736.3200073242188,747.0,735.3300170898438,742.9099731445312,2423400,LLY
2025-09-05,744.7000122070312,744.7000122070312,722.5700073242188,727.2100219726562,3958200,LLY
2025-09-08,729.7100219726562,742.7000122070312,719.219970703125,738.6400146484375,4534600,LLY
2025-09-09,734.1799926757812,752.8400268554688,733.8699951171875,750.6099853515625,2986900,LLY
2025-09-10,748.0900268554688,755.7999877929688,742.489990234375,754.6199951171875,2477400,LLY
2025-09-11,752.47998046875,761.1300048828125,750.3699951171875,756.280029296875,2197500,LLY
2025-09-12,760.1699829101562,761.5999755859375,748.0,755.3900146484375,2198300,LLY
2025-09-15,753.0700073242188,756.3400268554688,742.1099853515625,748.1900024414062,2790900,LLY
2025-09-16,745.4099731445312,770.3800048828125,744.5399780273438,764.7100219726562,3881300,LLY
2025-09-17,761.489990234375,776.9600219726562,756.3400268554688,760.1300048828125,3471200,LLY
2025-09-18,761.3800048828125,772.5399780273438,759.010009765625,762.9299926757812,3464000,LLY
2025-09-19,765.0,765.0,749.2000122070312,751.989990234375,7349500,LLY
2025-09-22,748.5599975585938,762.0399780273438,746.27001953125,754.9500122070312,2527400,LLY
2025-09-23,750.5700073242188,753.0,743.1699829101562,746.97998046875,2910100,LLY
2025-09-24,745.989990234375,746.9400024414062,736.1599731445312,741.8499755859375,2243000,LLY
2025-09-25,737.6699829101562,740.0,712.0499877929688,714.5900268554688,5136400,LLY
2025-09-26,724.1199951171875,729.0,717.0800170898438,724.5399780273438,3559700,LLY
2025-09-29,725.5499877929688,727.8599853515625,716.0800170898438,726.510009765625,3309200,LLY
2025-09-30,726.9600219726562,766.3499755859375,725.3099975585938,763.0,6234300,LLY
2025-10-01,763.2999877929688,833.2999877929688,763.2999877929688,825.4199829101562,10124500,LLY
2025-10-02,814.3599853515625,834.4600219726562,812.8099975585938,819.8499755859375,4291800,LLY
2025-10-03,824.9400024414062,848.1300048828125,816.0999755859375,839.8699951171875,5088500,LLY
2025-10-06,839.9500122070312,856.5700073242188,838.6599731445312,845.0499877929688,3651400,LLY
2025-10-07,845.0,848.5399780273438,836.5800170898438,843.6300048828125,2610800,LLY
2025-10-08,850.0,856.0,844.989990234375,845.719970703125,2180900,LLY
2025-10-09,851.6900024414062,860.25,845.7000122070312,855.3499755859375,3071700,LLY
2025-10-10,858.0,864.3499755859375,830.1099853515625,833.489990234375,3431000,LLY
2025-10-13,832.6799926757812,835.3200073242188,817.3499755859375,819.4000244140625,2167500,LLY
2025-10-14,822.0900268554688,822.0900268554688,806.0,812.3499755859375,1928400,LLY
2025-10-15,812.5,830.1900024414062,808.5800170898438,826.5700073242188,2355800,LLY
2025-10-16,825.0700073242188,834.7000122070312,815.3699951171875,819.3800048828125,2272900,LLY
2025-10-17,788.9600219726562,804.4400024414062,783.8499755859375,802.8300170898438,3983000,LLY
2025-10-20,805.5999755859375,809.4099731445312,799.77001953125,808.9600219726562,2279700,LLY
2025-10-21,806.9299926757812,812.989990234375,798.7100219726562,799.5700073242188,2099500,LLY
2025-10-22,798.4000244140625,815.9400024414062,793.8200073242188,812.4299926757812,2930600,LLY
2025-10-23,806.4000244140625,824.7000122070312,806.02001953125,821.0399780273438,2632900,LLY
2025-10-24,815.2100219726562,834.1500244140625,812.5,825.4500122070312,2211200,LLY
2025-10-27,825.0,826.4199829101562,811.47998046875,826.4099731445312,2114800,LLY
2025-10-28,826.0,829.4600219726562,814.0499877929688,820.0999755859375,2493500,LLY
2025-10-29,827.3099975585938,830.2899780273438,809.6300048828125,813.530029296875,3591200,LLY
2025-10-30,837.5,853.0,812.25,844.5,6037200,LLY
2025-10-31,839.1599731445312,869.9099731445312,834.1900024414062,862.8599853515625,5015000,LLY
2025-11-03,866.530029296875,901.3400268554688,862.6199951171875,896.530029296875,5401500,LLY
2025-11-04,891.4099731445312,915.219970703125,883.6400146484375,906.8599853515625,5911500,LLY
2025-11-05,911.0,955.4600219726562,907.8599853515625,925.8099975585938,7272900,LLY
2025-11-06,928.0,949.9000244140625,916.260009765625,937.4400024414062,6417400,LLY
2025-11-07,931.1699829101562,932.0,900.9000244140625,924.3699951171875,4373400,LLY
2025-11-10,939.739990234375,981.989990234375,938.4099731445312,966.6400146484375,5696600,LLY
2025-11-11,966.5499877929688,999.9500122070312,965.2899780273438,988.6199951171875,4166400,LLY
2025-11-12,993.1199951171875,1022.4199829101562,990.0999755859375,1017.780029296875,5185200,LLY
2025-11-13,1010.0900268554688,1032.949951171875,1010.0900268554688,1022.8699951171875,4153600,LLY
2025-11-14,1009.0,1033.6199951171875,1007.7899780273438,1025.280029296875,3862300,LLY
2025-11-17,1003.719970703125,1032.1400146484375,998.2999877929688,1021.7000122070312,4720000,LLY
2025-11-18,1014.010009765625,1040.719970703125,1014.010009765625,1030.050048828125,3430500,LLY
2025-11-19,1029.6400146484375,1055.5899658203125,1026.25,1049.5999755859375,3571200,LLY
2025-11-20,1045.5,1057.0,1038.25,1043.2900390625,3135700,LLY
2025-11-21,1041.0,1066.6500244140625,1038.0,1059.699951171875,4266700,LLY
2025-11-24,1056.77001953125,1075.719970703125,1049.3800048828125,1070.1600341796875,5497200,LLY
2025-11-25,1075.8299560546875,1111.1099853515625,1073.25,1109.93994140625,4181500,LLY
2025-11-26,1102.0,1111.989990234375,1098.0999755859375,1104.3399658203125,3093700,LLY
2025-11-28,1096.719970703125,1099.050048828125,1067.68994140625,1075.469970703125,2732200,LLY
2025-12-01,1074.3800048828125,1084.1500244140625,1055.0,1057.8900146484375,3070200,LLY
2025-12-02,1052.5699462890625,1068.1800537109375,1040.3599853515625,1046.1199951171875,3280000,LLY
2025-12-03,1046.3900146484375,1051.47998046875,1022.3200073242188,1033.56005859375,3447000,LLY
2025-12-04,1032.6300048828125,1032.6300048828125,1007.1799926757812,1014.489990234375,3854900,LLY
2025-12-05,1023.8400268554688,1027.3900146484375,1004.0,1010.3099975585938,2502100,LLY
2025-12-08,1010.739990234375,1014.2000122070312,988.8800048828125,997.5900268554688,3088600,LLY
2025-12-09,1002.8400268554688,1012.0,979.1799926757812,982.219970703125,2569700,LLY
2025-12-10,985.0,1003.0,977.1199951171875,993.6400146484375,2966300,LLY
2025-12-11,1008.1500244140625,1031.56005859375,987.0,1009.3800048828125,4517000,LLY
2025-12-12,1008.760009765625,1028.9000244140625,1003.5,1027.510009765625,3275200,LLY
2025-12-15,1032.550048828125,1065.0,1032.550048828125,1062.18994140625,4648400,LLY
2025-12-16,1063.5,1068.25,1036.22998046875,1054.2900390625,4024500,LLY
2025-12-17,1064.300048828125,1064.300048828125,1036.4100341796875,1041.7900390625,3726600,LLY
2025-12-18,1041.800048828125,1079.260009765625,1039.5400390625,1056.8800048828125,3848600,LLY
2025-12-19,1059.010009765625,1075.3800048828125,1059.010009765625,1071.43994140625,5829100,LLY
2025-12-22,1076.719970703125,1083.47998046875,1063.0,1076.47998046875,2625600,LLY
2025-12-23,1063.5,1088.47998046875,1063.5,1071.6400146484375,2108600,LLY
2025-12-24,1074.6400146484375,1085.72998046875,1072.7099609375,1076.97998046875,932800,LLY
2025-12-26,1076.97998046875,1081.3900146484375,1068.300048828125,1077.75,1014600,LLY
2025-12-29,1077.949951171875,1085.5,1074.3800048828125,1078.72998046875,1653000,LLY
2025-12-30,1078.9599609375,1082.3699951171875,1072.0699462890625,1079.75,1251500,LLY
2025-12-31,1079.760009765625,1083.5,1074.4300537109375,1074.6800537109375,1646700,LLY
2026-01-02,1076.4000244140625,1080.6600341796875,1052.0799560546875,1080.3599853515625,2469100,LLY
2026-01-05,1069.22998046875,1085.3800048828125,1033.3800048828125,1041.510009765625,4084800,LLY
2026-01-06,1044.1099853515625,1070.8299560546875,1039.9300537109375,1064.0400390625,2690700,LLY
2026-01-07,1077.0,1117.6600341796875,1075.9599609375,1108.0899658203125,4652800,LLY
2026-01-08,1113.68994140625,1133.949951171875,1070.1500244140625,1085.18994140625,3156000,LLY
2026-01-09,1086.8299560546875,1104.52001953125,1063.030029296875,1063.56005859375,2561900,LLY
2026-01-12,1058.0,1083.3599853515625,1058.0,1081.0,2380200,LLY
2026-01-13,1083.0,1090.219970703125,1069.0899658203125,1077.18994140625,2194200,LLY
2026-01-14,1081.75,1084.0,1061.1199951171875,1073.2900390625,1912600,LLY
2026-01-15,1062.56005859375,1067.6500244140625,1012.5700073242188,1032.969970703125,4183400,LLY
2026-01-16,1024.4300537109375,1049.93994140625,1018.0,1038.4000244140625,3829000,LLY
2026-01-20,1028.1500244140625,1045.8499755859375,1015.9600219726562,1041.2900390625,2484900,LLY
2026-01-21,1043.8599853515625,1081.3299560546875,1042.02001953125,1078.52001953125,3685900,LLY
2026-01-22,1078.52001953125,1095.47998046875,1071.739990234375,1087.3800048828125,2478200,LLY
2026-01-23,1083.72998046875,1084.3199462890625,1063.02001953125,1064.2900390625,2592900,LLY
2026-01-26,1062.2099609375,1067.0799560546875,1043.3199462890625,1062.75,2244900,LLY
2026-01-27,1064.1099853515625,1073.3900146484375,1034.81005859375,1039.510009765625,2587900,LLY
2026-01-28,1029.1099853515625,1029.68994140625,1004.1400146484375,1023.7999877929688,3300200,LLY
2026-01-29,1025.3599853515625,1040.0,1018.0,1024.1400146484375,2293000,LLY
2026-01-30,1033.300048828125,1048.5699462890625,1020.0,1037.1500244140625,3303100,LLY
2026-02-02,1037.5699462890625,1057.4100341796875,1037.5699462890625,1044.1300048828125,2757100,LLY
2026-02-03,1040.75,1048.800048828125,993.5800170898438,1003.4600219726562,5483900,LLY
2026-02-04,1075.1199951171875,1114.0,1065.0,1107.1199951171875,7119400,LLY
2026-02-05,1065.5,1075.0,1005.8300170898438,1020.8400268554688,7742400,LLY
2026-02-06,1056.0,1060.02001953125,1033.27001953125,1058.1800537109375,4887100,LLY
2026-02-09,1077.0899658203125,1106.93994140625,1042.9200439453125,1044.6700439453125,3423800,LLY
2026-02-10,1050.6600341796875,1055.6500244140625,1023.8800048828125,1025.0,3539400,LLY
2026-02-11,1026.5,1030.0999755859375,1012.6199951171875,1015.2100219726562,2599900,LLY
2026-02-12,1024.8699951171875,1059.8399658203125,1012.0,1038.27001953125,3592200,LLY
2026-02-13,1039.97998046875,1064.3399658203125,1033.68994140625,1040.0,2698700,LLY
2026-02-17,1045.6099853515625,1067.0,1034.8800048828125,1036.050048828125,2984600,LLY
2026-02-18,1032.3599853515625,1037.5400390625,1011.3099975585938,1020.5599975585938,3236900,LLY
2026-02-19,1010.8200073242188,1025.22998046875,1007.0,1023.219970703125,2145800,LLY
2026-02-20,1023.8599853515625,1028.6500244140625,1002.4600219726562,1009.52001953125,3249400,LLY
2026-02-23,1047.02001953125,1064.449951171875,1034.0,1058.56005859375,4767600,LLY
2026-02-24,1042.949951171875,1058.9000244140625,1024.0799560546875,1042.1500244140625,2803100,LLY
2026-02-25,1036.5799560546875,1053.6300048828125,1027.0,1028.8299560546875,2481900,LLY
2026-02-26,1024.0799560546875,1026.9200439453125,1007.3800048828125,1022.02001953125,2666400,LLY
2026-02-27,1019.1699829101562,1053.0,1017.3599853515625,1051.989990234375,4325900,LLY
2026-03-02,1044.6199951171875,1056.199951171875,1013.0,1017.969970703125,3094300,LLY
2026-03-03,1015.0,1020.010009765625,995.0700073242188,1007.72998046875,2846000,LLY
2026-03-04,1011.6300048828125,1015.6599731445312,993.6599731445312,1003.5700073242188,1965500,LLY
2026-03-05,990.0,993.5599975585938,965.5999755859375,983.260009765625,3769900,LLY
2026-03-06,975.0,991.219970703125,966.0900268554688,990.3300170898438,2627800,LLY
2026-03-09,986.8900146484375,1008.9299926757812,980.5800170898438,1008.3900146484375,2802200,LLY
2026-03-10,1006.0,1012.0,994.0,1001.3499755859375,1663700,LLY
2026-03-11,1000.030029296875,1002.9299926757812,990.2999877929688,999.8400268554688,1446900,LLY
2026-03-12,993.4500122070312,994.5,973.1599731445312,977.25,2340100,LLY
2026-03-13,980.1300048828125,1003.219970703125,978.0,985.0800170898438,1984400,LLY
2026-03-16,991.97998046875,998.1699829101562,975.510009765625,989.1199951171875,2289900,LLY
2026-03-17,978.9199829101562,981.1699829101562,925.25,930.3499755859375,5637500,LLY
2026-03-18,925.0,929.0,905.1099853515625,918.0499877929688,3443800,LLY
2026-03-19,914.0,924.530029296875,910.8599853515625,917.5,2379000,LLY
2026-03-20,910.5499877929688,925.3800048828125,899.2899780273438,906.7000122070312,4818800,LLY
2026-03-23,913.489990234375,926.780029296875,907.22998046875,910.5499877929688,2817500,LLY
2026-03-24,907.0,908.6699829101562,895.6099853515625,903.02001953125,2572700,LLY
2026-03-25,912.489990234375,922.1500244140625,909.0900268554688,916.3099975585938,2177700,LLY
2026-03-26,912.3800048828125,916.3499755859375,896.2899780273438,897.0,2163200,LLY
2026-03-27,896.0,900.8300170898438,877.1099853515625,878.239990234375,2740800,LLY
2026-03-30,888.47998046875,897.4299926757812,883.1099853515625,886.6300048828125,3070200,LLY
2026-03-31,893.489990234375,924.1400146484375,892.1400146484375,919.77001953125,3464200,LLY
2026-04-01,926.8800048828125,976.6799926757812,925.989990234375,954.52001953125,6267900,LLY
2026-04-02,945.0,957.6900024414062,930.02001953125,935.5800170898438,2727100,LLY
2026-04-06,932.0399780273438,936.0,919.780029296875,927.0599975585938,1821100,LLY
2026-04-07,924.5,932.6599731445312,898.4500122070312,931.0900268554688,2726900,LLY
2026-04-08,941.52001953125,961.1400146484375,933.1300048828125,953.2999877929688,2568000,LLY
2026-04-09,948.469970703125,963.760009765625,939.2899780273438,955.1900024414062,1672100,LLY
2026-04-10,963.6900024414062,963.9400024414062,935.5399780273438,939.469970703125,1958900,LLY
2026-04-13,939.969970703125,945.9000244140625,927.1699829101562,929.5499877929688,2089600,LLY
2026-04-14,925.0,939.9299926757812,915.0399780273438,922.5,2360200,LLY
2026-04-15,923.5,930.0,888.030029296875,905.030029296875,4233400,LLY
2026-04-16,911.6699829101562,920.0,898.1500244140625,903.989990234375,2836600,LLY
2026-04-17,917.7999877929688,929.989990234375,917.7999877929688,927.030029296875,3266100,LLY
2026-04-20,926.9000244140625,929.6400146484375,912.5,919.9000244140625,1926300,LLY
2026-04-21,910.2000122070312,913.0499877929688,881.1099853515625,903.02001953125,4062800,LLY
2026-04-22,906.4000244140625,922.5399780273438,902.22998046875,921.47998046875,2623800,LLY
2026-04-23,929.489990234375,930.0,911.8900146484375,917.6500244140625,2149200,LLY
2026-04-24,900.010009765625,900.4199829101562,871.72998046875,883.9600219726562,4463700,LLY
2026-04-27,878.1300048828125,891.2000122070312,868.0399780273438,868.27001953125,2700300,LLY
2026-04-28,871.9000244140625,878.1500244140625,863.3499755859375,874.0,2561300,LLY
2026-04-29,866.0399780273438,869.02001953125,850.510009765625,851.2100219726562,3904600,LLY
2026-04-30,898.780029296875,945.5,896.7999877929688,934.5999755859375,8236700,LLY
2026-05-01,948.9500122070312,984.4500122070312,943.7999877929688,963.3300170898438,4352400,LLY
2026-05-04,960.0,974.219970703125,951.760009765625,967.9299926757812,3696900,LLY
2026-05-05,971.8900146484375,992.7999877929688,964.4099731445312,988.8699951171875,2955500,LLY
2026-05-06,991.3499755859375,996.489990234375,983.5,987.0499877929688,3921200,LLY
2026-05-07,985.3699951171875,989.0,967.0999755859375,974.9600219726562,3494900,LLY
2026-05-08,974.0700073242188,980.0,947.510009765625,948.4500122070312,3559200,LLY
2026-05-11,949.0,995.0,943.260009765625,966.989990234375,3517500,LLY
2026-05-12,974.4400024414062,997.52001953125,971.1799926757812,989.8699951171875,3037500,LLY
2026-05-13,994.75,1022.8200073242188,992.0,1015.75,3486400,LLY
2026-05-14,1017.489990234375,1018.1699829101562,996.010009765625,1006.7000122070312,1751700,LLY
2026-05-15,1006.97998046875,1014.3800048828125,997.4099731445312,1004.9199829101562,2820700,LLY
2026-05-18,1000.6099853515625,1003.0,978.8699951171875,988.0900268554688,2016000,LLY
2026-05-19,989.510009765625,1021.7999877929688,984.5999755859375,1021.4099731445312,3796000,LLY
2026-05-20,1024.989990234375,1037.8800048828125,1003.6900024414062,1018.8699951171875,2998800,LLY
2026-05-21,1024.300048828125,1047.300048828125,1022.0,1041.6500244140625,2705200,LLY
2026-05-22,1049.81005859375,1070.3399658203125,1047.0699462890625,1065.0,3470600,LLY
2026-05-26,1075.0,1082.0,1060.3599853515625,1064.739990234375,2981000,LLY
2026-05-27,1072.260009765625,1093.0,1069.9000244140625,1082.9200439453125,2583000,LLY
2026-05-28,1096.6400146484375,1149.0999755859375,1092.010009765625,1126.800048828125,4600700,LLY
2026-05-29,1127.0,1132.6600341796875,1089.010009765625,1105.0,4600800,LLY
2026-06-01,1095.0,1106.1700439453125,1071.5999755859375,1082.199951171875,2693400,LLY
2026-06-02,1067.3699951171875,1078.219970703125,1052.1500244140625,1064.1500244140625,2408500,LLY
2026-06-03,1059.5,1093.280029296875,1053.510009765625,1078.780029296875,2655600,LLY
2026-06-04,1108.5999755859375,1140.4599609375,1101.6199951171875,1125.27001953125,4046700,LLY
2026-06-05,1142.969970703125,1166.2900390625,1131.030029296875,1131.4200439453125,4126200,LLY
2026-06-08,1159.0,1182.72998046875,1143.5999755859375,1149.1500244140625,4504400,LLY
2026-06-09,1165.0,1174.5999755859375,1137.75,1144.6800537109375,3822000,LLY
2026-06-10,1152.5,1166.4200439453125,1133.530029296875,1136.3699951171875,2700600,LLY
2026-06-11,1139.7099609375,1170.1199951171875,1125.6400146484375,1160.949951171875,2764900,LLY
2026-06-12,1165.0,1169.989990234375,1132.81005859375,1133.0,2438400,LLY
2026-06-15,1134.0,1137.489990234375,1112.010009765625,1129.3499755859375,3167200,LLY
2026-06-16,1138.8199462890625,1146.68994140625,1115.5,1122.5,2260700,LLY
2026-06-17,1116.699951171875,1121.489990234375,1104.9000244140625,1112.0,2383300,LLY
2026-06-18,1120.489990234375,1122.3299560546875,1088.6600341796875,1098.5699462890625,4470500,LLY
2026-06-22,1112.239990234375,1119.449951171875,1093.1500244140625,1102.0799560546875,3015000,LLY
2026-06-23,1117.0,1122.02001953125,1079.219970703125,1107.0799560546875,3316300,LLY
2026-06-24,1129.4100341796875,1135.1400146484375,1100.97998046875,1117.260009765625,2908200,LLY
2026-06-25,1126.989990234375,1145.4300537109375,1114.0,1127.68994140625,2757200,LLY
2026-06-26,1128.800048828125,1215.760009765625,1128.0,1208.1199951171875,7725800,LLY
2026-06-29,1222.780029296875,1238.0,1203.1400146484375,1229.9300537109375,3684700,LLY
2026-06-30,1228.8800048828125,1230.050048828125,1190.199951171875,1199.4300537109375,3723600,LLY
2026-07-01,1217.510009765625,1217.510009765625,1173.9300537109375,1191.739990234375,2720400,LLY
2026-07-02,1193.010009765625,1232.0,1180.300048828125,1213.9100341796875,3296100,LLY
2026-07-06,1208.0,1213.7900390625,1183.3399658203125,1200.06005859375,2348800,LLY
2026-07-07,1232.8800048828125,1249.449951171875,1222.77001953125,1235.56005859375,2933800,LLY
2026-07-08,1221.0999755859375,1241.8900146484375,1204.1600341796875,1215.8299560546875,2608600,LLY
2026-07-09,1211.6400146484375,1230.0,1200.3699951171875,1216.949951171875,2088100,LLY
2026-07-10,1210.31005859375,1212.9599609375,1178.3199462890625,1188.5799560546875,2010200,LLY
2026-07-13,1180.1099853515625,1196.2900390625,1166.010009765625,1181.8699951171875,2072700,LLY
2026-07-14,1166.010009765625,1166.010009765625,1140.739990234375,1152.5400390625,2642900,LLY
2026-07-15,1145.5,1160.8199462890625,1134.4000244140625,1156.6300048828125,2552200,LLY
2026-07-16,1162.27001953125,1189.0699462890625,1141.199951171875,1169.1700439453125,2791100,LLY
2026-07-17,1159.449951171875,1187.949951171875,1151.010009765625,1179.1099853515625,2757500,LLY
2026-07-20,1179.6500244140625,1187.1199951171875,1144.4300537109375,1146.9000244140625,2644200,LLY
2026-07-21,1143.0,1177.5799560546875,1139.0,1175.4100341796875,2092000,LLY
2026-07-22,1173.9100341796875,1175.0,1153.5,1163.010009765625,1555800,LLY
2026-07-23,1146.6199951171875,1189.5899658203125,1141.780029296875,1185.8699951171875,1909900,LLY
2026-07-24,1194.3499755859375,1206.93994140625,1187.5,1196.030029296875,1983300,LLY
2026-07-27,1201.0,1205.050048828125,1183.449951171875,1197.530029296875,1592800,LLY
2026-07-28,1217.5999755859375,1232.0,1205.010009765625,1220.6600341796875,2375400,LLY
2026-07-29,1215.1800537109375,1229.18994140625,1204.800048828125,1210.02001953125,2170900,LLY
2026-07-30,1174.030029296875,1186.6500244140625,1153.1400146484375,1154.969970703125,3027700,LLY
2026-07-31,1148.510009765625,1150.6300048828125,1119.0,1148.8399658203125,2884600,LLY
2026-08-03,1152.0,1161.93994140625,1109.1500244140625,1121.3599853515625,2934000,LLY
2026-08-04,1117.3800048828125,1135.8299560546875,1109.1600341796875,1115.6800537109375,4097200,LLY
2026-08-05,1174.0,1216.93994140625,1138.4300537109375,1169.8599853515625,6445700,LLY
2026-08-06,1196.550048828125,1230.8800048828125,1173.5,1191.93994140625,3422400,LLY
2026-08-07,1188.0,1196.800048828125,1161.199951171875,1185.7099609375,2898500,LLY
2026-08-10,1185.010009765625,1231.93994140625,1184.4100341796875,1231.93994140625,3011900,LLY
2026-08-11,1230.6500244140625,1238.0,1209.530029296875,1215.02001953125,2113200,LLY
2026-08-12,1201.72998046875,1226.5,1191.0799560546875,1220.280029296875,1941600,LLY
2026-08-13,1238.300048828125,1240.0999755859375,1206.0,1209.0,1927300,LLY
2026-08-14,1194.010009765625,1199.0,1171.199951171875,1180.1600341796875,2274500,LLY
2026-08-17,1175.199951171875,1198.52001953125,1163.5,1183.1600341796875,1807000,LLY
2026-08-18,1200.0,1228.469970703125,1194.010009765625,1225.72998046875,2509100,LLY
2026-08-19,1245.81005859375,1292.6500244140625,1240.5400390625,1280.3399658203125,4541800,LLY
2026-08-20,1274.1300048828125,1280.280029296875,1243.22998046875,1244.4000244140625,2621400,LLY
2026-08-21,1232.0,1271.219970703125,1230.0,1255.4000244140625,2497300,LLY
2026-08-24,1262.1400146484375,1262.1400146484375,1230.949951171875,1246.9300537109375,1664600,LLY
2026-08-25,1249.0,1264.72998046875,1229.7900390625,1233.6600341796875,2141100,LLY
2026-08-26,1234.0,1235.780029296875,1180.010009765625,1189.4100341796875,3000500,LLY
2026-08-27,1182.25,1190.1099853515625,1171.7099609375,1176.0999755859375,2730600,LLY
2026-08-28,1172.6600341796875,1180.0,1162.9300537109375,1174.6099853515625,2450800,LLY
2026-08-31,1168.469970703125,1171.449951171875,1147.0,1156.72998046875,3055800,LLY
2026-09-01,1188.0,1188.3299560546875,1156.8499755859375,1160.0,2520100,LLY
2026-09-02,1164.1500244140625,1187.8299560546875,1158.0,1160.0799560546875,2445100,LLY
2026-09-03,1170.0,1171.6600341796875,1137.5,1159.5999755859375,2550500,LLY
2026-09-04,1150.6099853515625,1158.43994140625,1138.31005859375,1149.3599853515625,2218900,LLY
2026-09-08,1133.0,1134.530029296875,1113.550048828125,1123.9100341796875,2400500,LLY
2026-09-09,1127.6099853515625,1138.7900390625,1119.0,1124.2099609375,2045000,LLY
2026-09-10,1126.0799560546875,1133.7900390625,1120.52001953125,1123.0,1995600,LLY
2026-09-11,1129.4100341796875,1131.43994140625,1113.2900390625,1115.699951171875,1837200,LLY
2026-09-14,1142.199951171875,1153.949951171875,1130.5,1138.280029296875,2129600,LLY
2026-09-15,1156.6300048828125,1161.0,1131.5899658203125,1136.1099853515625,1885200,LLY
2026-09-16,1137.31005859375,1151.22998046875,1132.6300048828125,1137.8199462890625,1475400,LLY
2026-09-17,1150.27001953125,1159.75,1138.260009765625,1152.43994140625,1896400,LLY
2026-09-18,1150.0,1157.5999755859375,1140.27001953125,1152.9300537109375,4542600,LLY
2026-09-21,1144.5,1170.9000244140625,1134.4100341796875,1164.8900146484375,2476600,LLY
2026-09-22,1146.1500244140625,1180.530029296875,1139.260009765625,1170.1400146484375,2453100,LLY
2026-09-23,1174.7099609375,1188.8800048828125,1145.97998046875,1150.989990234375,2154100,LLY
2026-09-24,1156.6700439453125,1197.7900390625,1151.0,1181.8900146484375,2417700,LLY
2026-09-25,1185.3199462890625,1190.0,1160.8399658203125,1183.4599609375,1923200,LLY
2026-09-28,1180.300048828125,1194.0899658203125,1172.56005859375,1184.780029296875,1971200,LLY
2026-09-29,1186.050048828125,1192.93994140625,1168.469970703125,1184.6300048828125,1658100,LLY
2026-09-30,1186.489990234375,1215.0,1155.27001953125,1157.0799560546875,3407700,LLY
2026-10-01,1155.0,1158.719970703125,1139.8499755859375,1149.8499755859375,2172500,LLY
2026-10-02,1153.8199462890625,1164.9200439453125,1136.6600341796875,1142.8499755859375,2052300,LLY
