time,open,high,low,close,volume,symbol
2010-01-04,0.7931429743766785,0.7961429953575134,0.7565709948539734,0.7639999985694885,172396000,NFLX
2010-01-05,0.7652860283851624,0.7657139897346497,0.7258570194244385,0.7358570098876953,237531000,NFLX
2010-01-06,0.7361429929733276,0.7672860026359558,0.7197139859199524,0.761713981628418,232904000,NFLX
2010-01-07,0.7731429934501648,0.7757139801979065,0.7462859749794006,0.74857097864151,99554000,NFLX
2010-01-08,0.7498570084571838,0.7742859721183777,0.7465710043907166,0.7614290118217468,81809000,NFLX
2010-01-11,0.765999972820282,0.7704290151596069,0.7528570294380188,0.7604290246963501,67837000,NFLX
2010-01-12,0.7528570294380188,0.7582859992980957,0.7451429963111877,0.7481430172920227,63301000,NFLX
2010-01-13,0.7612860202789307,0.7754290103912354,0.755856990814209,0.7708569765090942,144221000,NFLX
2010-01-14,0.7518569827079773,0.7575709819793701,0.7269999980926514,0.7284290194511414,176855000,NFLX
2010-01-15,0.7245709896087646,0.7407140135765076,0.723285973072052,0.7278569936752319,130312000,NFLX
2010-01-19,0.7250000238418579,0.738286018371582,0.7242860198020935,0.7314289808273315,53025000,NFLX
2010-01-20,0.7265710234642029,0.7492859959602356,0.7221429944038391,0.7319999933242798,96852000,NFLX
2010-01-21,0.7217140197753906,0.7454289793968201,0.7214289903640747,0.7312859892845154,86149000,NFLX
2010-01-22,0.7297139763832092,0.748429000377655,0.7214289903640747,0.7269999980926514,93954000,NFLX
2010-01-25,0.7292860150337219,0.7357140183448792,0.6931430101394653,0.7018569707870483,137914000,NFLX
2010-01-26,0.6959999799728394,0.7178570032119751,0.6937140226364136,0.7135710120201111,113435000,NFLX
2010-01-27,0.7142860293388367,0.7311429977416992,0.6992859840393066,0.7281429767608643,233471000,NFLX
2010-01-28,0.8812860250473022,0.9121429920196533,0.8675709962844849,0.9005709886550903,773528000,NFLX
2010-01-29,0.8962860107421875,0.9224290251731873,0.879285991191864,0.8892859816551208,246043000,NFLX
2010-02-01,0.8830000162124634,0.8981429934501648,0.8532860279083252,0.8718569874763489,189140000,NFLX
2010-02-02,0.870714008808136,0.8878570199012756,0.8695709705352783,0.8835710287094116,102424000,NFLX
2010-02-03,0.8835710287094116,0.898285984992981,0.8761429786682129,0.8849999904632568,87612000,NFLX
2010-02-04,0.87642902135849,0.8892859816551208,0.859000027179718,0.8619999885559082,110264000,NFLX
2010-02-05,0.8595709800720215,0.8715710043907166,0.8468570113182068,0.869143009185791,110992000,NFLX
2010-02-08,0.8705710172653198,0.8815709948539734,0.857142984867096,0.8700000047683716,93464000,NFLX
2010-02-09,0.8722860217094421,0.8880000114440918,0.8709999918937683,0.8875709772109985,88116000,NFLX
2010-02-10,0.8872860074043274,0.8918570280075073,0.871999979019165,0.8784289956092834,58079000,NFLX
2010-02-11,0.8744289875030518,0.9070000052452087,0.8728569746017456,0.9051430225372314,72037000,NFLX
2010-02-12,0.8999999761581421,0.9025710225105286,0.8868569731712341,0.9025710225105286,84084000,NFLX
2010-02-16,0.908856987953186,0.9287139773368835,0.9071429967880249,0.9265710115432739,99225000,NFLX
2010-02-17,0.9255710244178772,0.9255710244178772,0.9061430096626282,0.9215710163116455,81340000,NFLX
2010-02-18,0.9129999876022339,0.9467139840126038,0.9127140045166016,0.9442859888076782,88060000,NFLX
2010-02-19,0.9407140016555786,0.9581429958343506,0.9361429810523987,0.9521430134773254,88130000,NFLX
2010-02-22,0.9577140212059021,0.9614289999008179,0.9115710258483887,0.9324290156364441,352982000,NFLX
2010-02-23,0.9265710115432739,0.932142972946167,0.9167140126228333,0.9192860126495361,130494000,NFLX
2010-02-24,0.9244289994239807,0.9340000152587891,0.9165710210800171,0.9241430163383484,120057000,NFLX
2010-02-25,0.9141430258750916,0.9374290108680725,0.9014289975166321,0.9372860193252563,107177000,NFLX
2010-02-26,0.9380000233650208,0.9547140002250671,0.9328569769859314,0.9435709714889526,86205000,NFLX
2010-03-01,0.9431430101394653,0.9964290261268616,0.9431430101394653,0.995714008808136,128667000,NFLX
2010-03-02,0.9998570084571838,1.0,0.9831429719924927,0.9854289889335632,119567000,NFLX
2010-03-03,0.9447140097618103,0.9769999980926514,0.9374290108680725,0.9649999737739563,220493000,NFLX
2010-03-04,0.9599999785423279,0.9795709848403931,0.9591429829597473,0.9715710282325745,70630000,NFLX
2010-03-05,0.9750000238418579,0.9814289808273315,0.9575710296630859,0.9664289951324463,91175000,NFLX
2010-03-08,0.9712859988212585,0.9822859764099121,0.9688569903373718,0.9811429977416992,60641000,NFLX
2010-03-09,0.9742860198020935,1.019286036491394,0.9735710024833679,0.9991430044174194,141799000,NFLX
2010-03-10,1.0038570165634155,1.022143006324768,1.0010000467300415,1.0182859897613525,77448000,NFLX
2010-03-11,1.0157140493392944,1.0227140188217163,1.0061429738998413,1.0169999599456787,84574000,NFLX
2010-03-12,1.0021430253982544,1.0071430206298828,0.9902859926223755,0.9997140169143677,93695000,NFLX
2010-03-15,0.9997140169143677,0.9997140169143677,0.9879999756813049,0.9942860007286072,70126000,NFLX
2010-03-16,0.9935709834098816,1.0121430158615112,0.9935709834098816,1.0089999437332153,84980000,NFLX
2010-03-17,1.0128569602966309,1.0248570442199707,1.0057140588760376,1.0131429433822632,43904000,NFLX
2010-03-18,1.0101430416107178,1.0161429643630981,1.0062860250473022,1.007714033126831,35931000,NFLX
2010-03-19,1.0099999904632568,1.0128569602966309,1.0010000467300415,1.0064289569854736,99057000,NFLX
2010-03-22,1.0049999952316284,1.042857050895691,1.0007139444351196,1.0412859916687012,72163000,NFLX
2010-03-23,1.042857050895691,1.0498570203781128,1.0290000438690186,1.0422860383987427,49791000,NFLX
2010-03-24,1.0418570041656494,1.0452860593795776,1.032142996788025,1.033856987953186,33999000,NFLX
2010-03-25,1.0382859706878662,1.0714290142059326,1.0365710258483887,1.0505709648132324,83496000,NFLX
2010-03-26,1.0504289865493774,1.0701429843902588,1.0477139949798584,1.0614290237426758,54278000,NFLX
2010-03-29,1.0700000524520874,1.0714290142059326,1.0521429777145386,1.0557140111923218,56021000,NFLX
2010-03-30,1.0700000524520874,1.0807139873504639,1.0632859468460083,1.0722860097885132,76622000,NFLX
2010-03-31,1.0614290237426758,1.0722860097885132,1.05314302444458,1.0534290075302124,57148000,NFLX
2010-04-01,1.0517139434814453,1.0814290046691895,1.0517139434814453,1.0714290142059326,135772000,NFLX
2010-04-05,1.0797139406204224,1.1437139511108398,1.079571008682251,1.142714023590088,166635000,NFLX
2010-04-06,1.1488569974899292,1.1995710134506226,1.1405709981918335,1.190999984741211,274225000,NFLX
2010-04-07,1.1727139949798584,1.1767139434814453,1.1314289569854736,1.1390000581741333,252147000,NFLX
2010-04-08,1.1324290037155151,1.1714290380477905,1.1324290037155151,1.1690000295639038,139125000,NFLX
2010-04-09,1.1584290266036987,1.1785709857940674,1.1490000486373901,1.177428960800171,115633000,NFLX
2010-04-12,1.1757140159606934,1.1892859935760498,1.1649999618530273,1.1882859468460083,94304000,NFLX
2010-04-13,1.189713954925537,1.2378569841384888,1.1857140064239502,1.2339999675750732,174244000,NFLX
2010-04-14,1.242285966873169,1.2728569507598877,1.2259999513626099,1.2510000467300415,180565000,NFLX
2010-04-15,1.2464289665222168,1.2552859783172607,1.2214289903640747,1.2404290437698364,119994000,NFLX
2010-04-16,1.2351429462432861,1.2414289712905884,1.2025710344314575,1.2187139987945557,109718000,NFLX
2010-04-19,1.217857003211975,1.2371430397033691,1.1824289560317993,1.2114289999008179,134708000,NFLX
2010-04-20,1.2154289484024048,1.248857021331787,1.2122859954833984,1.2438570261001587,124145000,NFLX
2010-04-21,1.26357102394104,1.2714289426803589,1.2198569774627686,1.2425709962844849,243117000,NFLX
2010-04-22,1.2999999523162842,1.4641430377960205,1.2949999570846558,1.432142972946167,904421000,NFLX
2010-04-23,1.4287140369415283,1.4365710020065308,1.3765710592269897,1.4247139692306519,298179000,NFLX
2010-04-26,1.4348570108413696,1.5671429634094238,1.4348570108413696,1.5452860593795776,472150000,NFLX
2010-04-27,1.5010000467300415,1.5151430368423462,1.4518569707870483,1.4581429958343506,342636000,NFLX
2010-04-28,1.4504289627075195,1.468000054359436,1.397143006324768,1.4198570251464844,227703000,NFLX
2010-04-29,1.4401429891586304,1.4850000143051147,1.4194289445877075,1.473857045173645,180782000,NFLX
2010-04-30,1.4835710525512695,1.4838570356369019,1.4082859754562378,1.4128570556640625,130592000,NFLX
2010-05-03,1.4279999732971191,1.4830000400543213,1.4142860174179077,1.4570000171661377,139741000,NFLX
2010-05-04,1.4288569688796997,1.4412859678268433,1.3978569507598877,1.4194289445877075,153839000,NFLX
2010-05-05,1.3930000066757202,1.452713966369629,1.3744289875030518,1.4032859802246094,147497000,NFLX
2010-05-06,1.3871430158615112,1.442713975906372,1.285714030265808,1.3852859735488892,244489000,NFLX
2010-05-07,1.385714054107666,1.4285709857940674,1.2918570041656494,1.301285982131958,259084000,NFLX
2010-05-10,1.3747140169143677,1.3994289636611938,1.357285976409912,1.3928569555282593,185675000,NFLX
2010-05-11,1.3664289712905884,1.4592859745025635,1.3654290437698364,1.4259999990463257,231007000,NFLX
2010-05-12,1.452713966369629,1.541571021080017,1.4490000009536743,1.5404289960861206,272447000,NFLX
2010-05-13,1.5492860078811646,1.707142949104309,1.5315710306167603,1.5715709924697876,715498000,NFLX
2010-05-14,1.5071430206298828,1.5138570070266724,1.4290000200271606,1.4365710020065308,349643000,NFLX
2010-05-17,1.4495710134506226,1.52914297580719,1.4472860097885132,1.519286036491394,315777000,NFLX
2010-05-18,1.5055710077285767,1.5390000343322754,1.4371429681777954,1.45728600025177,274981000,NFLX
2010-05-19,1.4434289932250977,1.4927140474319458,1.3908569812774658,1.4372860193252563,229271000,NFLX
2010-05-20,1.3821430206298828,1.3995709419250488,1.3284289836883545,1.3569999933242798,289226000,NFLX
2010-05-21,1.306143045425415,1.4284290075302124,1.297286033630371,1.4210000038146973,300090000,NFLX
2010-05-24,1.4482860565185547,1.4908570051193237,1.4287140369415283,1.451714038848877,184331000,NFLX
2010-05-25,1.3928569555282593,1.5,1.385714054107666,1.5,233625000,NFLX
2010-05-26,1.534999966621399,1.5547139644622803,1.479714035987854,1.497143030166626,334019000,NFLX
2010-05-27,1.542857050895691,1.5570000410079956,1.5071430206298828,1.5551429986953735,196266000,NFLX
2010-05-28,1.5552860498428345,1.6277140378952026,1.545714020729065,1.5878570079803467,281883000,NFLX
2010-06-01,1.5608570575714111,1.58828604221344,1.5297139883041382,1.5327140092849731,158949000,NFLX
2010-06-02,1.5557140111923218,1.5865709781646729,1.496999979019165,1.582571029663086,184940000,NFLX
2010-06-03,1.5991430282592773,1.6381429433822632,1.5701429843902588,1.5978569984436035,182616000,NFLX
2010-06-04,1.5697139501571655,1.63857102394104,1.5362859964370728,1.5682859420776367,217441000,NFLX
2010-06-07,1.5685709714889526,1.6177140474319458,1.532142996788025,1.5594290494918823,262157000,NFLX
2010-06-08,1.5867140293121338,1.6071430444717407,1.5328569412231445,1.5761430263519287,241227000,NFLX
2010-06-09,1.6139999628067017,1.6838569641113281,1.6031429767608643,1.6490000486373901,397313000,NFLX
2010-06-10,1.6859999895095825,1.7125710248947144,1.6624289751052856,1.6951429843902588,247681000,NFLX
2010-06-11,1.6782859563827515,1.73642897605896,1.6657140254974365,1.7241430282592773,286937000,NFLX
2010-06-14,1.7628569602966309,1.8279999494552612,1.7542860507965088,1.8115710020065308,347830000,NFLX
2010-06-15,1.785714030265808,1.7884290218353271,1.7461429834365845,1.7642860412597656,317107000,NFLX
2010-06-16,1.7542860507965088,1.7999999523162842,1.7145709991455078,1.781000018119812,306397000,NFLX
2010-06-17,1.7935709953308105,1.8257139921188354,1.7771430015563965,1.7979999780654907,186109000,NFLX
2010-06-18,1.7990000247955322,1.8157140016555786,1.7788569927215576,1.805999994277954,174461000,NFLX
2010-06-21,1.8005709648132324,1.809999942779541,1.6771429777145386,1.6998569965362549,260785000,NFLX
2010-06-22,1.707429051399231,1.7200000286102295,1.629714012145996,1.6632859706878662,277333000,NFLX
2010-06-23,1.682142972946167,1.7000000476837158,1.6288570165634155,1.6824289560317993,147329000,NFLX
2010-06-24,1.6697139739990234,1.6837140321731567,1.6372859477996826,1.6464289426803589,136367000,NFLX
2010-06-25,1.6487139463424683,1.6945710182189941,1.6071430444717407,1.6854289770126343,181293000,NFLX
2010-06-28,1.6952860355377197,1.7125710248947144,1.6602859497070312,1.6801429986953735,115535000,NFLX
2010-06-29,1.6488569974899292,1.6547139883041382,1.6009999513626099,1.6082860231399536,204295000,NFLX
2010-06-30,1.5712859630584717,1.6184289455413818,1.54271399974823,1.5521429777145386,261044000,NFLX
2010-07-01,1.554286003112793,1.5779999494552612,1.4752860069274902,1.5665709972381592,227598000,NFLX
2010-07-02,1.5808570384979248,1.5920000076293945,1.5185710191726685,1.5297139883041382,112182000,NFLX
2010-07-06,1.5628570318222046,1.5915709733963013,1.5184290409088135,1.5324289798736572,157738000,NFLX
2010-07-07,1.5545710325241089,1.692857027053833,1.5325709581375122,1.692713975906372,284837000,NFLX
2010-07-08,1.7145709991455078,1.7535710334777832,1.645570993423462,1.6711430549621582,262829000,NFLX
2010-07-09,1.6597139835357666,1.6834290027618408,1.6325709819793701,1.6790000200271606,127260000,NFLX
2010-07-12,1.684999942779541,1.7214289903640747,1.6728570461273193,1.705428957939148,134106000,NFLX
2010-07-13,1.7345709800720215,1.7387139797210693,1.6835709810256958,1.7274290323257446,175812000,NFLX
2010-07-14,1.7217140197753906,1.7714289426803589,1.701429009437561,1.7571430206298828,136437000,NFLX
2010-07-15,1.738142967224121,1.7464289665222168,1.7034289836883545,1.7301429510116577,152957000,NFLX
2010-07-16,1.7242859601974487,1.7282860279083252,1.682142972946167,1.6912859678268433,144732000,NFLX
2010-07-19,1.6824289560317993,1.716143012046814,1.6449999809265137,1.698570966720581,132391000,NFLX
2010-07-20,1.673570990562439,1.7271430492401123,1.636428952217102,1.7198569774627686,176239000,NFLX
2010-07-21,1.7435710430145264,1.7657140493392944,1.6982860565185547,1.7092859745025635,330554000,NFLX
2010-07-22,1.5642859935760498,1.6067140102386475,1.4535709619522095,1.479429006576538,956179000,NFLX
2010-07-23,1.4997140169143677,1.5535709857940674,1.460142970085144,1.5385710000991821,335076000,NFLX
2010-07-26,1.5501430034637451,1.5570000410079956,1.4508570432662964,1.4684289693832397,329595000,NFLX
2010-07-27,1.5,1.5065710544586182,1.4647140502929688,1.4869999885559082,226996000,NFLX
2010-07-28,1.482714056968689,1.4908570051193237,1.4242860078811646,1.4329999685287476,346269000,NFLX
2010-07-29,1.4359999895095825,1.4450000524520874,1.3618570566177368,1.4002859592437744,353927000,NFLX
2010-07-30,1.4241429567337036,1.4739999771118164,1.4077140092849731,1.465000033378601,307048000,NFLX
2010-08-02,1.4859999418258667,1.5,1.4424289464950562,1.455428957939148,242956000,NFLX
2010-08-03,1.4437140226364136,1.4961429834365845,1.4104290008544922,1.4915709495544434,301392000,NFLX
2010-08-04,1.4995709657669067,1.5499999523162842,1.4957139492034912,1.5447139739990234,242431000,NFLX
2010-08-05,1.5318570137023926,1.5814290046691895,1.5071430206298828,1.5789999961853027,242963000,NFLX
2010-08-06,1.5527139902114868,1.6964290142059326,1.5411429405212402,1.6902860403060913,486934000,NFLX
2010-08-09,1.6857140064239502,1.6992859840393066,1.6372859477996826,1.6699999570846558,214200000,NFLX
2010-08-10,1.6200000047683716,1.8068569898605347,1.6171430349349976,1.7858569622039795,909874000,NFLX
2010-08-11,1.7431429624557495,1.8345710039138794,1.7335710525512695,1.8067140579223633,713503000,NFLX
2010-08-12,1.7778569459915161,1.9114290475845337,1.7717139720916748,1.9007140398025513,719593000,NFLX
2010-08-13,1.8917139768600464,1.919571042060852,1.8609999418258667,1.889428973197937,472248000,NFLX
2010-08-16,1.8805710077285767,1.9700000286102295,1.8668570518493652,1.960286021232605,426685000,NFLX
2010-08-17,1.9928569793701172,2.012856960296631,1.8935710191726685,1.8995709419250488,595189000,NFLX
2010-08-18,1.842857003211975,1.8592859506607056,1.7905709743499756,1.795714020729065,597254000,NFLX
2010-08-19,1.7678569555282593,1.8538570404052734,1.7655709981918335,1.8320000171661377,465759000,NFLX
2010-08-20,1.8240000009536743,1.8680000305175781,1.8215709924697876,1.8565709590911865,242214000,NFLX
2010-08-23,1.864285945892334,1.892570972442627,1.807142972946167,1.8128570318222046,268716000,NFLX
2010-08-24,1.7940000295639038,1.7949999570846558,1.7291430234909058,1.732571005821228,364784000,NFLX
2010-08-25,1.7144290208816528,1.7837140560150146,1.7092859745025635,1.774999976158142,200536000,NFLX
2010-08-26,1.798429012298584,1.8244290351867676,1.7768570184707642,1.7977139949798584,284991000,NFLX
2010-08-27,1.8049999475479126,1.822571039199829,1.7554290294647217,1.801429033279419,211344000,NFLX
2010-08-30,1.7892860174179077,1.795714020729065,1.7510000467300415,1.7585710287094116,186431000,NFLX
2010-08-31,1.7408570051193237,1.8135709762573242,1.7401429414749146,1.7931430339813232,242193000,NFLX
2010-09-01,1.8695709705352783,1.9464290142059326,1.8444290161132812,1.9272860288619995,582680000,NFLX
2010-09-02,1.9185709953308105,1.979714035987854,1.8944289684295654,1.9714289903640747,368004000,NFLX
2010-09-03,2.0,2.0357139110565186,1.9721430540084839,1.9782860279083252,348005000,NFLX
2010-09-07,1.9701429605484009,2.0421431064605713,1.9657139778137207,2.02557110786438,324002000,NFLX
2010-09-08,2.051285982131958,2.1105709075927734,2.048285961151123,2.085714101791382,389802000,NFLX
2010-09-09,2.1185710430145264,2.1391429901123047,2.068571090698242,2.0811429023742676,279594000,NFLX
2010-09-10,2.0947139263153076,2.0981431007385254,2.062856912612915,2.0880000591278076,184751000,NFLX
2010-09-13,2.1344289779663086,2.1421430110931396,2.0999999046325684,2.113429069519043,234073000,NFLX
2010-09-14,2.110285997390747,2.127000093460083,2.0871429443359375,2.0950000286102295,204141000,NFLX
2010-09-15,2.0941429138183594,2.0941429138183594,2.037429094314575,2.0445709228515625,241164000,NFLX
2010-09-16,2.039285898208618,2.049999952316284,2.001857042312622,2.007143020629883,285313000,NFLX
2010-09-17,2.0339999198913574,2.0350000858306885,2.000286102294922,2.006571054458618,231910000,NFLX
2010-09-20,2.0285708904266357,2.057142972946167,2.000286102294922,2.041285991668701,370090000,NFLX
2010-09-21,2.049999952316284,2.122857093811035,2.044429063796997,2.1028571128845215,324604000,NFLX
2010-09-22,2.1440000534057617,2.24242901802063,2.132857084274292,2.2418570518493652,624449000,NFLX
2010-09-23,2.2679998874664307,2.3388569355010986,2.2631430625915527,2.292428970336914,819910000,NFLX
2010-09-24,2.344571113586426,2.3874289989471436,2.299999952316284,2.3172860145568848,653310000,NFLX
2010-09-27,2.2928569316864014,2.373713970184326,2.2768568992614746,2.3570001125335693,416969000,NFLX
2010-09-28,2.3550000190734863,2.3570001125335693,2.2784290313720703,2.312285900115967,383026000,NFLX
2010-09-29,2.291285991668701,2.43928599357605,2.2888569831848145,2.4375710487365723,544845000,NFLX
2010-09-30,2.4549999237060547,2.491429090499878,2.3125710487365723,2.316570997238159,720027000,NFLX
2010-10-01,2.294286012649536,2.2957139015197754,2.1972858905792236,2.2094290256500244,589127000,NFLX
2010-10-04,2.186000108718872,2.2684290409088135,2.165286064147949,2.234143018722534,474068000,NFLX
2010-10-05,2.2785708904266357,2.2858569622039795,2.203000068664551,2.2308568954467773,410529000,NFLX
2010-10-06,2.2070000171661377,2.267857074737549,2.120857000350952,2.146713972091675,474873000,NFLX
2010-10-07,2.1524291038513184,2.2012860774993896,2.126286029815674,2.163285970687866,287679000,NFLX
2010-10-08,2.171999931335449,2.18571400642395,2.115000009536743,2.13771390914917,243775000,NFLX
2010-10-11,2.1534290313720703,2.235429048538208,2.1461429595947266,2.195570945739746,286223000,NFLX
2010-10-12,2.196000099182129,2.2261428833007812,2.164428949356079,2.2198569774627686,254492000,NFLX
2010-10-13,2.258570909500122,2.2785708904266357,2.2001430988311768,2.208714008331299,229607000,NFLX
2010-10-14,2.198714017868042,2.239428997039795,2.1648569107055664,2.1825709342956543,219296000,NFLX
2010-10-15,2.1932859420776367,2.2261428833007812,2.172286033630371,2.2245709896087646,240751000,NFLX
2010-10-18,2.234428882598877,2.2378571033477783,2.1717140674591064,2.18571400642395,199766000,NFLX
2010-10-19,2.1472859382629395,2.1775710582733154,2.1050000190734863,2.1332859992980957,256277000,NFLX
2010-10-20,2.142857074737549,2.2252860069274902,2.114285945892334,2.187856912612915,632821000,NFLX
2010-10-21,2.421999931335449,2.49914288520813,2.379714012145996,2.4670000076293945,1117690000,NFLX
2010-10-22,2.3871428966522217,2.449713945388794,2.3705708980560303,2.4014289379119873,492989000,NFLX
2010-10-25,2.4175710678100586,2.426429033279419,2.3580000400543213,2.3834290504455566,258643000,NFLX
2010-10-26,2.3871428966522217,2.56514310836792,2.3864290714263916,2.537429094314575,736456000,NFLX
2010-10-27,2.561429023742676,2.6391429901123047,2.507999897003174,2.549999952316284,648312000,NFLX
2010-10-28,2.557142972946167,2.560286045074463,2.4721429347991943,2.509999990463257,263921000,NFLX
2010-10-29,2.49914288520813,2.5114290714263916,2.4188570976257324,2.4795711040496826,416108000,NFLX
2010-11-01,2.484999895095825,2.4857139587402344,2.367142915725708,2.3910000324249268,345534000,NFLX
2010-11-02,2.3812859058380127,2.4768569469451904,2.3794291019439697,2.451570987701416,382032000,NFLX
2010-11-03,2.4662859439849854,2.486285924911499,2.4147140979766846,2.4494290351867676,273770000,NFLX
2010-11-04,2.476428985595703,2.4775710105895996,2.380000114440918,2.3974289894104004,412188000,NFLX
2010-11-05,2.4405710697174072,2.441570997238159,2.383713960647583,2.4014289379119873,219940000,NFLX
2010-11-08,2.3832859992980957,2.436285972595215,2.3608570098876953,2.4161429405212402,287994000,NFLX
2010-11-09,2.424999952316284,2.4985709190368652,2.420285940170288,2.435142993927002,402759000,NFLX
2010-11-10,2.4285709857940674,2.5322859287261963,2.4092860221862793,2.5267140865325928,385189000,NFLX
2010-11-11,2.498857021331787,2.5527141094207764,2.479285955429077,2.502000093460083,294175000,NFLX
2010-11-12,2.494143009185791,2.5269999504089355,2.430000066757202,2.4714291095733643,291669000,NFLX
2010-11-15,2.4561429023742676,2.479142904281616,2.3954288959503174,2.4042859077453613,319767000,NFLX
2010-11-16,2.3822860717773438,2.4175710678100586,2.336714029312134,2.3628571033477783,273658000,NFLX
2010-11-17,2.3529999256134033,2.4072859287261963,2.3431429862976074,2.381143093109131,188104000,NFLX
2010-11-18,2.4227139949798584,2.440000057220459,2.4002859592437744,2.4047141075134277,177765000,NFLX
2010-11-19,2.4051430225372314,2.4749999046325684,2.3972859382629395,2.4719998836517334,225946000,NFLX
2010-11-22,2.586714029312134,2.695713996887207,2.585714101791382,2.6902859210968018,718046000,NFLX
2010-11-23,2.660429000854492,2.744286060333252,2.6577138900756836,2.6815710067749023,477085000,NFLX
2010-11-24,2.7272861003875732,2.740428924560547,2.6688570976257324,2.696713924407959,282023000,NFLX
2010-11-26,2.690713882446289,2.749713897705078,2.682857036590576,2.741429090499878,212926000,NFLX
2010-11-29,2.771570920944214,2.857142925262451,2.75,2.8417139053344727,493878000,NFLX
2010-11-30,2.828571081161499,2.9542860984802246,2.7935709953308105,2.9414288997650146,831705000,NFLX
2010-12-01,2.9688570499420166,2.989142894744873,2.826714038848877,2.859143018722534,749868000,NFLX
2010-12-02,2.7747139930725098,2.806428909301758,2.733428955078125,2.7631430625915527,597828000,NFLX
2010-12-03,2.7815709114074707,2.7885708808898926,2.6371428966522217,2.6492860317230225,628698000,NFLX
2010-12-06,2.670142889022827,2.766714096069336,2.6612861156463623,2.763856887817383,477771000,NFLX
2010-12-07,2.817857027053833,2.8485710620880127,2.7072858810424805,2.711570978164673,493052000,NFLX
2010-12-08,2.6444289684295654,2.692713975906372,2.5912859439849854,2.688999891281128,733439000,NFLX
2010-12-09,2.7142860889434814,2.7448570728302,2.6512858867645264,2.729285955429077,473354000,NFLX
2010-12-10,2.819714069366455,2.8281428813934326,2.75,2.780428886413574,475118000,NFLX
2010-12-13,2.750714063644409,2.7515709400177,2.607142925262451,2.625714063644409,500472000,NFLX
2010-12-14,2.5877139568328857,2.609999895095825,2.5301430225372314,2.549285888671875,635299000,NFLX
2010-12-15,2.5465710163116455,2.5917139053344727,2.507999897003174,2.549999952316284,445116000,NFLX
2010-12-16,2.5507140159606934,2.610429048538208,2.54714298248291,2.5950000286102295,340809000,NFLX
2010-12-17,2.615143060684204,2.635714054107666,2.5655710697174072,2.571713924407959,1034075000,NFLX
2010-12-20,2.5828568935394287,2.5864291191101074,2.5220000743865967,2.5435709953308105,329959000,NFLX
2010-12-21,2.5810000896453857,2.664428949356079,2.5644290447235107,2.6605710983276367,405839000,NFLX
2010-12-22,2.673142910003662,2.7108569145202637,2.6371428966522217,2.6478569507598877,291774000,NFLX
2010-12-23,2.6482861042022705,2.6484289169311523,2.5935709476470947,2.636857032775879,210147000,NFLX
2010-12-27,2.573570966720581,2.5834290981292725,2.539428949356079,2.571571111679077,261891000,NFLX
2010-12-28,2.559000015258789,2.633857011795044,2.550286054611206,2.623857021331787,272153000,NFLX
2010-12-29,2.629286050796509,2.635714054107666,2.5739998817443848,2.5752859115600586,193991000,NFLX
2010-12-30,2.5714290142059326,2.5764288902282715,2.55314302444458,2.568571090698242,147434000,NFLX
2010-12-31,2.557857036590576,2.567713975906372,2.50757098197937,2.509999990463257,215628000,NFLX
2011-01-03,2.5,2.5838570594787598,2.4785709381103516,2.5487139225006104,399560000,NFLX
2011-01-04,2.5907139778137207,2.6414289474487305,2.546999931335449,2.5910000801086426,440657000,NFLX
2011-01-05,2.5878570079803467,2.611285924911499,2.552999973297119,2.567570924758911,317996000,NFLX
2011-01-06,2.5168569087982178,2.566999912261963,2.5092859268188477,2.5427141189575195,319914000,NFLX
2011-01-07,2.552428960800171,2.5792860984802246,2.519714117050171,2.561429023742676,221550000,NFLX
2011-01-10,2.567142963409424,2.684999942779541,2.5597140789031982,2.684000015258789,436744000,NFLX
2011-01-11,2.7060000896453857,2.7328569889068604,2.6538569927215576,2.666429042816162,325227000,NFLX
2011-01-12,2.685857057571411,2.700000047683716,2.6392860412597656,2.698570966720581,210987000,NFLX
2011-01-13,2.691999912261963,2.747857093811035,2.671428918838501,2.7355709075927734,299033000,NFLX
2011-01-14,2.7258570194244385,2.760714054107666,2.697000026702881,2.735429048538208,195755000,NFLX
2011-01-18,2.735285997390747,2.783428907394409,2.7081429958343506,2.7668569087982178,185808000,NFLX
2011-01-19,2.7544291019439697,2.7692859172821045,2.7002859115600586,2.7267138957977295,217406000,NFLX
2011-01-20,2.6688570976257324,2.688999891281128,2.5899999141693115,2.642857074737549,382312000,NFLX
2011-01-21,2.640856981277466,2.6511430740356445,2.5955710411071777,2.601285934448242,249081000,NFLX
2011-01-24,2.5712859630584717,2.634571075439453,2.5152859687805176,2.628000020980835,269717000,NFLX
2011-01-25,2.614142894744873,2.669286012649536,2.5937139987945557,2.6677141189575195,214641000,NFLX
2011-01-26,2.677143096923828,2.679857015609741,2.5975708961486816,2.6147139072418213,598416000,NFLX
2011-01-27,2.9592859745025635,3.02557110786438,2.9225709438323975,3.0124289989471436,1290422000,NFLX
2011-01-28,3.0241429805755615,3.114285945892334,2.9807140827178955,3.114000082015991,628054000,NFLX
2011-01-31,3.044286012649536,3.0929999351501465,3.003714084625244,3.05828595161438,410641000,NFLX
2011-02-01,3.066143035888672,3.0968570709228516,3.0292859077453613,3.041429042816162,286608000,NFLX
2011-02-02,2.9818570613861084,3.052428960800171,2.9749999046325684,3.0179998874664307,333585000,NFLX
2011-02-03,3.015000104904175,3.047429084777832,2.996000051498413,3.0212860107421875,212457000,NFLX
2011-02-04,3.042285919189453,3.1571431159973145,3.0291430950164795,3.143857002258301,442624000,NFLX
2011-02-07,3.1827139854431152,3.183000087738037,3.11228609085083,3.1145710945129395,254324000,NFLX
2011-02-08,3.117856979370117,3.1198570728302,3.0877139568328857,3.1089999675750732,173677000,NFLX
2011-02-09,3.104142904281616,3.199713945388794,3.104142904281616,3.1755709648132324,289541000,NFLX
2011-02-10,3.1567139625549316,3.2142860889434814,3.1472859382629395,3.188570976257324,217567000,NFLX
2011-02-11,3.2034289836883545,3.3085711002349854,3.198857069015503,3.3010001182556152,462994000,NFLX
2011-02-14,3.3668570518493652,3.536428928375244,3.3510000705718994,3.536428928375244,785239000,NFLX
2011-02-15,3.478429079055786,3.494999885559082,3.4001429080963135,3.439857006072998,480739000,NFLX
2011-02-16,3.4672861099243164,3.4984290599823,3.376286029815674,3.3959999084472656,455553000,NFLX
2011-02-17,3.3695709705352783,3.4542860984802246,3.3437139987945557,3.366142988204956,394492000,NFLX
2011-02-18,3.3968570232391357,3.4052860736846924,3.3055710792541504,3.364428997039795,321132000,NFLX
2011-02-22,3.219571113586426,3.2772860527038574,3.1530001163482666,3.1657140254974365,553742000,NFLX
2011-02-23,3.0792860984802246,3.1128571033477783,2.93414306640625,3.0171430110931396,689332000,NFLX
2011-02-24,3.0357139110565186,3.0912859439849854,3.003999948501587,3.0739998817443848,316288000,NFLX
2011-02-25,3.066143035888672,3.1070001125335693,3.015000104904175,3.0348570346832275,294686000,NFLX
2011-02-28,3.055000066757202,3.061570882797241,2.9000000953674316,2.9524290561676025,405244000,NFLX
2011-03-01,2.945713996887207,2.9637138843536377,2.867856979370117,2.923285961151123,398391000,NFLX
2011-03-02,2.9285709857940674,2.9642860889434814,2.882143020629883,2.9175710678100586,330288000,NFLX
2011-03-03,2.950000047683716,2.9584290981292725,2.862143039703369,2.9052860736846924,352632000,NFLX
2011-03-04,2.9107139110565186,3.0182859897613525,2.9107139110565186,3.0102860927581787,441784000,NFLX
2011-03-07,3.067570924758911,3.069856882095337,2.9178569316864014,2.9628570079803467,371294000,NFLX
2011-03-08,2.859999895095825,2.8892860412597656,2.776571035385132,2.7921431064605713,680001000,NFLX
2011-03-09,2.7898569107055664,2.8491430282592773,2.730285882949829,2.756999969482422,502390000,NFLX
2011-03-10,2.7297139167785645,2.9105710983276367,2.6984291076660156,2.857429027557373,698901000,NFLX
2011-03-11,2.888856887817383,2.931999921798706,2.8587141036987305,2.921999931335449,359786000,NFLX
2011-03-14,2.9032859802246094,2.9571430683135986,2.8402860164642334,2.874285936355591,299138000,NFLX
2011-03-15,2.892570972442627,3.1314289569854736,2.885714054107666,3.1015710830688477,767368000,NFLX
2011-03-16,3.1575710773468018,3.190999984741211,3.0321431159973145,3.054857015609741,595553000,NFLX
2011-03-17,3.0991430282592773,3.1381430625915527,3.0407140254974365,3.0557138919830322,287098000,NFLX
2011-03-18,3.0508570671081543,3.063429117202759,2.961714029312134,2.991429090499878,383544000,NFLX
2011-03-21,3.0264289379119873,3.095428943634033,2.9649999141693115,3.0405709743499756,325500000,NFLX
2011-03-22,3.1538569927215576,3.181428909301758,3.114285945892334,3.1627140045166016,468923000,NFLX
2011-03-23,3.17214298248291,3.2857139110565186,3.122999906539917,3.2722859382629395,578788000,NFLX
2011-03-24,3.313999891281128,3.3302860260009766,3.2331430912017822,3.2732861042022705,439929000,NFLX
2011-03-25,3.242285966873169,3.3144290447235107,3.2368569374084473,3.2858569622039795,301924000,NFLX
2011-03-28,3.335714101791382,3.447143077850342,3.3334290981292725,3.3902859687805176,513436000,NFLX
2011-03-29,3.399570941925049,3.4125709533691406,3.357142925262451,3.3911430835723877,268247000,NFLX
2011-03-30,3.4098570346832275,3.45957088470459,3.386713981628418,3.3992860317230225,270375000,NFLX
2011-03-31,3.389714002609253,3.424285888671875,3.3577139377593994,3.3968570232391357,248227000,NFLX
2011-04-01,3.442857027053833,3.492000102996826,3.434286117553711,3.4584290981292725,377664000,NFLX
2011-04-04,3.4975709915161133,3.5315709114074707,3.4681429862976074,3.496000051498413,240219000,NFLX
2011-04-05,3.494286060333252,3.552143096923828,3.4609999656677246,3.489000082015991,265692000,NFLX
2011-04-06,3.5428569316864014,3.555428981781006,3.404571056365967,3.42814302444458,402472000,NFLX
2011-04-07,3.3625710010528564,3.378143072128296,3.300429105758667,3.3422861099243164,418502000,NFLX
2011-04-08,3.3705708980560303,3.424285888671875,3.3241429328918457,3.3551430702209473,386015000,NFLX
2011-04-11,3.3254289627075195,3.367285966873169,3.235429048538208,3.2594289779663086,313313000,NFLX
2011-04-12,3.2124290466308594,3.3417139053344727,3.205857038497925,3.3417139053344727,404698000,NFLX
2011-04-13,3.3782858848571777,3.4121429920196533,3.318142890930176,3.4107139110565186,304304000,NFLX
2011-04-14,3.3997139930725098,3.434999942779541,3.3392860889434814,3.381856918334961,359485000,NFLX
2011-04-15,3.3804290294647217,3.3851430416107178,3.3318569660186768,3.364142894744873,219387000,NFLX
2011-04-18,3.3144290447235107,3.3452858924865723,3.2574288845062256,3.3332860469818115,217693000,NFLX
2011-04-19,3.339570999145508,3.4612860679626465,3.312285900115967,3.450714111328125,360878000,NFLX
2011-04-20,3.4769999980926514,3.5072860717773438,3.420142889022827,3.4918570518493652,295323000,NFLX
2011-04-21,3.4877140522003174,3.6045711040496826,3.4798569679260254,3.6031429767608643,369425000,NFLX
2011-04-25,3.638714075088501,3.642570972442627,3.5428569316864014,3.5952858924865723,710514000,NFLX
2011-04-26,3.3872859477996826,3.4604289531707764,3.247143030166626,3.2701430320739746,1106637000,NFLX
2011-04-27,3.266714096069336,3.3801429271698,3.2164289951324463,3.370857000350952,564935000,NFLX
2011-04-28,3.328571081161499,3.4205710887908936,3.3234291076660156,3.3481431007385254,308518000,NFLX
2011-04-29,3.325714111328125,3.3638570308685303,3.309999942779541,3.323857069015503,214123000,NFLX
2011-05-02,3.4031429290771484,3.4267139434814453,3.3485710620880127,3.3884289264678955,355502000,NFLX
2011-05-03,3.367000102996826,3.3705708980560303,3.257143020629883,3.303428888320923,322000000,NFLX
2011-05-04,3.311429023742676,3.31428599357605,3.2185709476470947,3.2741429805755615,335279000,NFLX
2011-05-05,3.234143018722534,3.3397140502929688,3.2317140102386475,3.2901430130004883,273000000,NFLX
2011-05-06,3.3252859115600586,3.330570936203003,3.2714290618896484,3.2781429290771484,221228000,NFLX
2011-05-09,3.311429023742676,3.382857084274292,3.305143117904663,3.377285957336426,288533000,NFLX
2011-05-10,3.388000011444092,3.421428918838501,3.357285976409912,3.394714117050171,268765000,NFLX
2011-05-11,3.4149999618530273,3.4642860889434814,3.4001429080963135,3.438143014907837,336000000,NFLX
2011-05-12,3.445713996887207,3.5250000953674316,3.4198570251464844,3.510999917984009,364000000,NFLX
2011-05-13,3.4875710010528564,3.565999984741211,3.4761428833007812,3.521713972091675,353171000,NFLX
2011-05-16,3.5142860412597656,3.5152859687805176,3.3471429347991943,3.38700008392334,339213000,NFLX
2011-05-17,3.357142925262451,3.4011430740356445,3.3015708923339844,3.384856939315796,296562000,NFLX
2011-05-18,3.3914289474487305,3.481429100036621,3.3894290924072266,3.4648571014404297,309470000,NFLX
2011-05-19,3.4785709381103516,3.505570888519287,3.4442861080169678,3.4675710201263428,237328000,NFLX
2011-05-20,3.4511430263519287,3.5269999504089355,3.445142984390259,3.512856960296631,307559000,NFLX
2011-05-23,3.4717140197753906,3.569714069366455,3.4285709857940674,3.54042911529541,350000000,NFLX
2011-05-24,3.569856882095337,3.6097140312194824,3.5231430530548096,3.5371429920196533,318024000,NFLX
2011-05-25,3.5420000553131104,3.7134289741516113,3.5309998989105225,3.706713914871216,556479000,NFLX
2011-05-26,3.7042860984802246,3.798285961151123,3.693713903427124,3.767857074737549,416906000,NFLX
2011-05-27,3.7785708904266357,3.7869999408721924,3.7360000610351562,3.7787139415740967,196273000,NFLX
2011-05-31,3.817857027053833,3.8685710430145264,3.7771430015563965,3.8685710430145264,336588000,NFLX
2011-06-01,3.8495709896087646,3.9091429710388184,3.7928569316864014,3.818000078201294,416843000,NFLX
2011-06-02,3.8007140159606934,3.8997139930725098,3.7731430530548096,3.8814289569854736,300412000,NFLX
2011-06-03,3.857142925262451,3.9462859630584717,3.8499999046325684,3.9100000858306885,349349000,NFLX
2011-06-06,3.9052860736846924,3.9671430587768555,3.7230000495910645,3.751286029815674,458990000,NFLX
2011-06-07,3.753571033477783,3.820570945739746,3.725429058074951,3.7669999599456787,364112000,NFLX
2011-06-08,3.760857105255127,3.7920000553131104,3.692857027053833,3.7465710639953613,278642000,NFLX
2011-06-09,3.746000051498413,3.7782859802246094,3.688570976257324,3.750999927520752,215915000,NFLX
2011-06-10,3.737428903579712,3.7799999713897705,3.683142900466919,3.694571018218994,305018000,NFLX
2011-06-13,3.7111430168151855,3.757143020629883,3.6391429901123047,3.6745710372924805,232463000,NFLX
2011-06-14,3.7114291191101074,3.737143039703369,3.6562860012054443,3.73042893409729,213192000,NFLX
2011-06-15,3.7068569660186768,3.753856897354126,3.6612861156463623,3.673142910003662,222481000,NFLX
2011-06-16,3.6635708808898926,3.681286096572876,3.489428997039795,3.561429023742676,393736000,NFLX
2011-06-17,3.5864291191101074,3.5977139472961426,3.495713949203491,3.509571075439453,285544000,NFLX
2011-06-20,3.4551429748535156,3.5401430130004883,3.430285930633545,3.509000062942505,196490000,NFLX
2011-06-21,3.509856939315796,3.640000104904175,3.4694290161132812,3.6235709190368652,216139000,NFLX
2011-06-22,3.5971429347991943,3.6177139282226562,3.538285970687866,3.55228590965271,218764000,NFLX
2011-06-23,3.502000093460083,3.726428985595703,3.495713949203491,3.6531429290771484,367458000,NFLX
2011-06-24,3.671428918838501,3.7214291095733643,3.629857063293457,3.6708569526672363,340634000,NFLX
2011-06-27,3.6414289474487305,3.7494289875030518,3.5948569774627686,3.7160000801086426,231602000,NFLX
2011-06-28,3.7417140007019043,3.808429002761841,3.722429037094116,3.7869999408721924,164906000,NFLX
2011-06-29,3.814142942428589,3.8391430377960205,3.757143020629883,3.7848570346832275,182399000,NFLX
2011-06-30,3.7814290523529053,3.7857139110565186,3.7257139682769775,3.752713918685913,179669000,NFLX
2011-07-01,3.7437140941619873,3.8322858810424805,3.7437140941619873,3.8284289836883545,279405000,NFLX
2011-07-05,3.942857027053833,4.160429000854492,3.938714027404785,4.137570858001709,629041000,NFLX
2011-07-06,4.09499979019165,4.168285846710205,4.064286231994629,4.156570911407471,325878000,NFLX
2011-07-07,4.191856861114502,4.247857093811035,4.16614294052124,4.17742919921875,267701000,NFLX
2011-07-08,4.118000030517578,4.225714206695557,4.101714134216309,4.2162861824035645,207382000,NFLX
2011-07-11,4.211856842041016,4.307143211364746,4.098570823669434,4.15342903137207,369173000,NFLX
2011-07-12,4.170429229736328,4.2327141761779785,4.097143173217773,4.160999774932861,363398000,NFLX
2011-07-13,4.295713901519775,4.354143142700195,4.237143039703369,4.267570972442627,492450000,NFLX
2011-07-14,4.278571128845215,4.285714149475098,4.075142860412598,4.094571113586426,408814000,NFLX
2011-07-15,4.113714218139648,4.139286041259766,4.0231428146362305,4.098999977111816,284592000,NFLX
2011-07-18,4.03514289855957,4.035285949707031,3.9177141189575195,3.9857139587402344,288442000,NFLX
2011-07-19,4.057143211364746,4.132999897003174,4.056285858154297,4.104143142700195,191492000,NFLX
2011-07-20,4.0428571701049805,4.070000171661377,3.9717140197753906,4.019999980926514,199143000,NFLX
2011-07-21,4.021429061889648,4.068285942077637,3.930143117904663,3.94014310836792,226688000,NFLX
2011-07-22,3.8998570442199707,3.981429100036621,3.865000009536743,3.9511430263519287,237398000,NFLX
2011-07-25,4.008142948150635,4.07857084274292,3.9628570079803467,4.021856784820557,527086000,NFLX
2011-07-26,3.6514289379119873,3.832714080810547,3.5922861099243164,3.812999963760376,970179000,NFLX
2011-07-27,3.8510000705718994,3.914285898208618,3.817142963409424,3.8488569259643555,382291000,NFLX
2011-07-28,3.7761430740356445,3.867285966873169,3.758713960647583,3.808856964111328,283192000,NFLX
2011-07-29,3.7298569679260254,3.810286045074463,3.7214291095733643,3.7998569011688232,233520000,NFLX
2011-08-01,3.8362860679626465,3.8499999046325684,3.696571111679077,3.762571096420288,258867000,NFLX
2011-08-02,3.739142894744873,3.822856903076172,3.6705710887908936,3.674285888671875,233562000,NFLX
2011-08-03,3.6785709857940674,3.7357139587402344,3.587570905685425,3.7142860889434814,249172000,NFLX
2011-08-04,3.67214298248291,3.7181429862976074,3.4965710639953613,3.510999917984009,332143000,NFLX
2011-08-05,3.5505709648132324,3.5838570594787598,3.3775711059570312,3.4444289207458496,378595000,NFLX
2011-08-08,3.2850000858306885,3.3665709495544434,3.164285898208618,3.2377140522003174,372918000,NFLX
2011-08-09,3.245142936706543,3.430000066757202,3.201857089996338,3.3971428871154785,369474000,NFLX
2011-08-10,3.335714101791382,3.428428888320923,3.302000045776367,3.3202860355377197,220717000,NFLX
2011-08-11,3.3587141036987305,3.509999990463257,3.3372859954833984,3.4732859134674072,215649000,NFLX
2011-08-12,3.5291430950164795,3.5407140254974365,3.4581429958343506,3.4857139587402344,180460000,NFLX
2011-08-15,3.509571075439453,3.5254290103912354,3.3744289875030518,3.5182859897613525,231910000,NFLX
2011-08-16,3.490428924560547,3.504857063293457,3.369999885559082,3.4148569107055664,184471000,NFLX
2011-08-17,3.437285900115967,3.444000005722046,3.264857053756714,3.317713975906372,257971000,NFLX
2011-08-18,3.1914288997650146,3.2285709381103516,3.0711429119110107,3.1068570613861084,349839000,NFLX
2011-08-19,3.0624289512634277,3.1571431159973145,2.9285709857940674,2.9315710067749023,328706000,NFLX
2011-08-22,3.0338571071624756,3.0338571071624756,2.9049999713897705,2.9315710067749023,335510000,NFLX
2011-08-23,2.9571430683135986,3.1392860412597656,2.9155709743499756,3.1362860202789307,294714000,NFLX
2011-08-24,3.129142999649048,3.142857074737549,2.992856979370117,3.0861430168151855,308497000,NFLX
2011-08-25,3.111285924911499,3.195857048034668,3.063143014907837,3.0832860469818115,260505000,NFLX
2011-08-26,3.0625710487365723,3.1785709857940674,3.0357139110565186,3.1698570251464844,256165000,NFLX
2011-08-29,3.24242901802063,3.2425711154937744,3.174999952316284,3.2148571014404297,195160000,NFLX
2011-08-30,3.2071430683135986,3.4115710258483887,3.192857027053833,3.3754289150238037,314888000,NFLX
2011-08-31,3.413285970687866,3.4554290771484375,3.298429012298584,3.357285976409912,275954000,NFLX
2011-09-01,3.350429058074951,3.4071431159973145,3.32185697555542,3.3324289321899414,210854000,NFLX
2011-09-02,2.9815709590911865,3.069856882095337,2.9660000801086426,3.044429063796997,556241000,NFLX
2011-09-06,2.987143039703369,3.127856969833374,2.9818570613861084,3.125286102294922,281568000,NFLX
2011-09-07,3.1641430854797363,3.171143054962158,3.0367140769958496,3.085714101791382,296975000,NFLX
2011-09-08,3.058000087738037,3.125,2.997286081314087,3.0171430110931396,275625000,NFLX
2011-09-09,3.003143072128296,3.0299999713897705,2.9027140140533447,2.9138569831848145,318794000,NFLX
2011-09-12,2.87585711479187,3.009000062942505,2.8374290466308594,3.000714063644409,318990000,NFLX
2011-09-13,2.9994289875030518,2.999713897705078,2.9149999618530273,2.982142925262451,219835000,NFLX
2011-09-14,2.9867138862609863,3.017857074737549,2.9345710277557373,2.9815709590911865,182686000,NFLX
2011-09-15,2.5247139930725098,2.648571014404297,2.4018568992614746,2.4178569316864014,1487444000,NFLX
2011-09-16,2.3971428871154785,2.4000000953674316,2.2019999027252197,2.2170000076293945,1249318000,NFLX
2011-09-19,2.238429069519043,2.3284289836883545,2.0369999408721924,2.0535709857940674,1398054000,NFLX
2011-09-20,2.0199999809265137,2.0425710678100586,1.8481429815292358,1.857571005821228,2243430000,NFLX
2011-09-21,1.8625710010528564,1.9182859659194946,1.7860000133514404,1.8357139825820923,1584639000,NFLX
2011-09-22,1.8875709772109985,1.8985710144042969,1.7892860174179077,1.8361430168151855,1151010000,NFLX
2011-09-23,1.829285979270935,1.9170000553131104,1.8217140436172485,1.8480000495910645,744653000,NFLX
2011-09-26,1.9459999799728394,1.9697140455245972,1.8079999685287476,1.8888570070266724,809725000,NFLX
2011-09-27,1.9197139739990234,1.9284290075302124,1.805999994277954,1.8212859630584717,777756000,NFLX
2011-09-28,1.836285948753357,1.8899999856948853,1.8081430196762085,1.8162859678268433,560252000,NFLX
2011-09-29,1.829571008682251,1.8347140550613403,1.5391429662704468,1.6169999837875366,1359218000,NFLX
2011-09-30,1.560286045074463,1.6535710096359253,1.5375709533691406,1.6181429624557495,768817000,NFLX
2011-10-03,1.6448570489883423,1.7134289741516113,1.6088570356369019,1.6178569793701172,591465000,NFLX
2011-10-04,1.6382859945297241,1.6714290380477905,1.5714290142059326,1.6414289474487305,505120000,NFLX
2011-10-05,1.651286005973816,1.7122859954833984,1.600000023841858,1.7108570337295532,524188000,NFLX
2011-10-06,1.7100000381469727,1.774999976158142,1.6925710439682007,1.760571002960205,404971000,NFLX
2011-10-07,1.7571430206298828,1.7740000486373901,1.6714290380477905,1.6744290590286255,403935000,NFLX
2011-10-10,1.8222860097885132,1.8357139825820923,1.5329999923706055,1.5945709943771362,1517446000,NFLX
2011-10-11,1.5617140531539917,1.5848569869995117,1.4732860326766968,1.5522860288619995,1410773000,NFLX
2011-10-12,1.5628570318222046,1.6605709791183472,1.5295710563659668,1.623142957687378,721882000,NFLX
2011-10-13,1.6085710525512695,1.6995710134506226,1.589285969734192,1.6715710163116455,691152000,NFLX
2011-10-14,1.735285997390747,1.7428569793701172,1.6342860460281372,1.6577140092849731,493192000,NFLX
2011-10-17,1.655856966972351,1.7035709619522095,1.6461429595947266,1.6761430501937866,393470000,NFLX
2011-10-18,1.6749999523162842,1.6784290075302124,1.5797139406204224,1.5962860584259033,420161000,NFLX
2011-10-19,1.5808570384979248,1.6298569440841675,1.5084290504455566,1.563143014907837,604569000,NFLX
2011-10-20,1.5721429586410522,1.599856972694397,1.5582859516143799,1.5925710201263428,255780000,NFLX
2011-10-21,1.6241430044174194,1.673285961151123,1.5848569869995117,1.6720000505447388,439236000,NFLX
2011-10-24,1.701429009437561,1.7182860374450684,1.644286036491394,1.6977139711380005,1204602000,NFLX
2011-10-25,1.0700000524520874,1.1341429948806763,1.0607140064239502,1.1052860021591187,3155418000,NFLX
2011-10-26,1.1247140169143677,1.1631430387496948,1.0771429538726807,1.1342860460281372,1487339000,NFLX
2011-10-27,1.1740000247955322,1.1817140579223633,1.1321430206298828,1.1551430225372314,711900000,NFLX
2011-10-28,1.1468570232391357,1.2094290256500244,1.1371430158615112,1.2020000219345093,577696000,NFLX
2011-10-31,1.1948570013046265,1.2012859582901,1.1635710000991821,1.1725709438323975,396536000,NFLX
2011-11-01,1.1444289684295654,1.157142996788025,1.124856948852539,1.144142985343933,330162000,NFLX
2011-11-02,1.152999997138977,1.2057139873504639,1.1444289684295654,1.1912859678268433,413840000,NFLX
2011-11-03,1.2018569707870483,1.3228570222854614,1.1685709953308105,1.3184289932250977,946855000,NFLX
2011-11-04,1.3067140579223633,1.3270000219345093,1.2535710334777832,1.2860000133514404,844837000,NFLX
2011-11-07,1.2999999523162842,1.3405710458755493,1.2854290008544922,1.2975709438323975,474852000,NFLX
2011-11-08,1.3032859563827515,1.3228570222854614,1.2807140350341797,1.292428970336914,319060000,NFLX
2011-11-09,1.2714289426803589,1.2920000553131104,1.2571430206298828,1.2578569650650024,287560000,NFLX
2011-11-10,1.2755709886550903,1.2899999618530273,1.2120000123977661,1.215999960899353,396144000,NFLX
2011-11-11,1.2271430492401123,1.2564289569854736,1.195713996887207,1.2535710334777832,381402000,NFLX
2011-11-14,1.2569999694824219,1.2585710287094116,1.2207139730453491,1.2245709896087646,218113000,NFLX
2011-11-15,1.2164289951324463,1.2435710430145264,1.207142949104309,1.232571005821228,213724000,NFLX
2011-11-16,1.2351429462432861,1.2351429462432861,1.1555709838867188,1.1597139835357666,345604000,NFLX
2011-11-17,1.1538569927215576,1.157142996788025,1.0827139616012573,1.0922859907150269,528234000,NFLX
2011-11-18,1.0957139730453491,1.1285710334777832,1.086285948753357,1.1151429414749146,347291000,NFLX
2011-11-21,1.100000023841858,1.142570972442627,1.0465710163116455,1.0638569593429565,444080000,NFLX
2011-11-22,0.9887139797210693,1.059999942779541,0.9857140183448792,1.0064289569854736,1066968000,NFLX
2011-11-23,0.9950000047683716,1.0111429691314697,0.9774289727210999,0.9785709977149963,446264000,NFLX
2011-11-25,0.9738569855690002,0.9945709705352783,0.8985710144042969,0.9122859835624695,380450000,NFLX
2011-11-28,0.9599999785423279,1.0108569860458374,0.9544289708137512,0.9992859959602356,565033000,NFLX
2011-11-29,0.9904289841651917,0.9912859797477722,0.9378569722175598,0.9652860164642334,500815000,NFLX
2011-11-30,0.9861429929733276,0.9902859926223755,0.890999972820282,0.9218569993972778,1083327000,NFLX
2011-12-01,0.9202859997749329,0.9777140021324158,0.9142860174179077,0.9595710039138794,524027000,NFLX
2011-12-02,0.9459999799728394,0.9698569774627686,0.9301429986953735,0.9481430053710938,397103000,NFLX
2011-12-05,0.9564290046691895,1.0272860527038574,0.9328569769859314,1.0017139911651611,678720000,NFLX
2011-12-06,1.001142978668213,1.0110000371932983,0.9544289708137512,0.9734290242195129,594706000,NFLX
2011-12-07,0.9757140278816223,1.0395710468292236,0.9642860293388367,1.027999997138977,590464000,NFLX
2011-12-08,1.0218570232391357,1.0421429872512817,0.9869999885559082,0.9917140007019043,462161000,NFLX
2011-12-09,0.9934290051460266,1.0240000486373901,0.9932860136032104,1.0127140283584595,329091000,NFLX
2011-12-12,0.9962859749794006,1.0975710153579712,0.9931430220603943,1.0751429796218872,934003000,NFLX
2011-12-13,1.0778570175170898,1.108428955078125,1.0228569507598877,1.0301430225372314,726215000,NFLX
2011-12-14,0.9940000176429749,1.0235710144042969,0.9845709800720215,1.0148570537567139,371840000,NFLX
2011-12-15,1.0228569507598877,1.027999997138977,0.9914289712905884,0.9959999918937683,262472000,NFLX
2011-12-16,1.0027140378952026,1.0121430158615112,0.9879999756813049,0.9974290132522583,325605000,NFLX
2011-12-19,0.996999979019165,0.996999979019165,0.9561430215835571,0.9592859745025635,242004000,NFLX
2011-12-20,0.9807140231132507,1.0227140188217163,0.9745709896087646,1.0199999809265137,308805000,NFLX
2011-12-21,1.0184290409088135,1.0344289541244507,1.0027140378952026,1.0138570070266724,253869000,NFLX
2011-12-22,1.0160000324249268,1.0628570318222046,1.0160000324249268,1.0548570156097412,258608000,NFLX
2011-12-23,1.059000015258789,1.0654289722442627,1.0328569412231445,1.0374289751052856,225561000,NFLX
2011-12-27,1.0328569412231445,1.0355709791183472,1.002856969833374,1.0085710287094116,219408000,NFLX
2011-12-28,1.0074290037155151,1.0142860412597656,0.9795709848403931,0.9885709881782532,235970000,NFLX
2011-12-29,0.9854289889335632,0.998429000377655,0.9658570289611816,0.9900000095367432,261632000,NFLX
2011-12-30,0.9872859716415405,1.0084290504455566,0.9832860231399536,0.989857017993927,218092000,NFLX
2012-01-03,1.003999948501587,1.0388569831848145,1.001857042312622,1.031999945640564,292138000,NFLX
2012-01-04,1.0335710048675537,1.1567139625549316,1.0258569717407227,1.1492860317230225,1004899000,NFLX
2012-01-05,1.1345709562301636,1.1694289445877075,1.1039999723434448,1.1328569650650024,865529000,NFLX
2012-01-06,1.1302859783172607,1.247143030166626,1.1242860555648804,1.232714056968689,1256108000,NFLX
2012-01-09,1.2801430225372314,1.423570990562439,1.2448569536209106,1.4025709629058838,2140733000,NFLX
2012-01-10,1.4257140159606934,1.426285982131958,1.3214290142059326,1.36899995803833,1463350000,NFLX
2012-01-11,1.3569999933242798,1.3657139539718628,1.3064290285110474,1.3164290189743042,871486000,NFLX
2012-01-12,1.3211430311203003,1.3338570594787598,1.2742860317230225,1.3164290189743042,612430000,NFLX
2012-01-13,1.3067140579223633,1.3792860507965088,1.2885710000991821,1.3482860326766968,888391000,NFLX
2012-01-17,1.3714289665222168,1.3978569507598877,1.3475710153579712,1.3531429767608643,588322000,NFLX
2012-01-18,1.3311430215835571,1.4131430387496948,1.317857027053833,1.4077140092849731,660912000,NFLX
2012-01-19,1.4237140417099,1.4942859411239624,1.4237140417099,1.4780000448226929,787899000,NFLX
2012-01-20,1.4657139778137207,1.4967139959335327,1.4241429567337036,1.4320000410079956,538608000,NFLX
2012-01-23,1.4101430177688599,1.4231430292129517,1.3371429443359375,1.3422859907150269,610869000,NFLX
2012-01-24,1.3157140016555786,1.352713942527771,1.3068569898605347,1.3238569498062134,419293000,NFLX
2012-01-25,1.3242859840393066,1.364285945892334,1.3092859983444214,1.357714056968689,779534000,NFLX
2012-01-26,1.6271430253982544,1.7052860260009766,1.6008570194244385,1.6572860479354858,1589441000,NFLX
2012-01-27,1.6542860269546509,1.7712860107421875,1.6325709819793701,1.7684290409088135,1022287000,NFLX
2012-01-30,1.7822860479354858,1.8497140407562256,1.7602859735488892,1.7918570041656494,1058260000,NFLX
2012-01-31,1.7855709791183472,1.79271399974823,1.682142972946167,1.7171430587768555,842737000,NFLX
2012-02-01,1.7344290018081665,1.7678569555282593,1.6892859935760498,1.7567139863967896,523068000,NFLX
2012-02-02,1.7642860412597656,1.7964290380477905,1.7464289665222168,1.7714289426803589,411264000,NFLX
2012-02-03,1.785714030265808,1.8212859630584717,1.7619999647140503,1.806143045425415,467880000,NFLX
2012-02-06,1.7602859735488892,1.8657139539718628,1.7407139539718628,1.8464289903640747,816172000,NFLX
2012-02-07,1.8389999866485596,1.9061429500579834,1.8115710020065308,1.8268569707870483,814352000,NFLX
2012-02-08,1.7981430292129517,1.8198570013046265,1.7632859945297241,1.7714289426803589,510125000,NFLX
2012-02-09,1.7772860527038574,1.8140000104904175,1.7450000047683716,1.7834290266036987,405146000,NFLX
2012-02-10,1.772143006324768,1.8035709857940674,1.7552859783172607,1.770429015159607,339010000,NFLX
2012-02-13,1.7852859497070312,1.7854290008544922,1.6875710487365723,1.690000057220459,525504000,NFLX
2012-02-14,1.6998569965362549,1.774999976158142,1.6935709714889526,1.7581429481506348,524076000,NFLX
2012-02-15,1.7661429643630981,1.7902859449386597,1.7298569679260254,1.7437139749526978,371266000,NFLX
2012-02-16,1.7458570003509521,1.773285984992981,1.714285969734192,1.7415709495544434,405755000,NFLX
2012-02-17,1.7447140216827393,1.7552859783172607,1.715000033378601,1.7407139539718628,259343000,NFLX
2012-02-21,1.769286036491394,1.8021429777145386,1.6668570041656494,1.6771429777145386,804909000,NFLX
2012-02-22,1.641571044921875,1.6428569555282593,1.5505709648132324,1.605713963508606,931917000,NFLX
2012-02-23,1.5935709476470947,1.6307140588760376,1.5880000591278076,1.6141430139541626,397621000,NFLX
2012-02-24,1.6125710010528564,1.627856969833374,1.590000033378601,1.5952860116958618,270893000,NFLX
2012-02-27,1.5435709953308105,1.5770000219345093,1.523429036140442,1.562999963760376,450779000,NFLX
2012-02-28,1.5487140417099,1.6410000324249268,1.5442860126495361,1.6188570261001587,421967000,NFLX
2012-02-29,1.6154290437698364,1.6269999742507935,1.5679999589920044,1.5818569660186768,375690000,NFLX
2012-03-01,1.5585709810256958,1.623857021331787,1.550286054611206,1.6107139587402344,368760000,NFLX
2012-03-02,1.6069999933242798,1.6834290027618408,1.5942859649658203,1.644286036491394,406532000,NFLX
2012-03-05,1.63857102394104,1.6645710468292236,1.5815709829330444,1.5829999446868896,276052000,NFLX
2012-03-06,1.5641429424285889,1.5654289722442627,1.5142860412597656,1.5304290056228638,322217000,NFLX
2012-03-07,1.5920000076293945,1.5920000076293945,1.4647140502929688,1.5027140378952026,767970000,NFLX
2012-03-08,1.51357102394104,1.5491429567337036,1.4857139587402344,1.5438569784164429,457527000,NFLX
2012-03-09,1.5285710096359253,1.5751429796218872,1.5092860460281372,1.559000015258789,371672000,NFLX
2012-03-12,1.5392860174179077,1.582142949104309,1.5078569650650024,1.5171430110931396,345597000,NFLX
2012-03-13,1.5411429405212402,1.5614290237426758,1.5021430253982544,1.519286036491394,307398000,NFLX
2012-03-14,1.511713981628418,1.51357102394104,1.4700000286102295,1.5035710334777832,362082000,NFLX
2012-03-15,1.5049999952316284,1.5807139873504639,1.5,1.5738569498062134,408800000,NFLX
2012-03-16,1.5751429796218872,1.59585702419281,1.5365710258483887,1.570857048034668,371987000,NFLX
2012-03-19,1.5644290447235107,1.6428569555282593,1.554429054260254,1.6332859992980957,370951000,NFLX
2012-03-20,1.6272859573364258,1.667857050895691,1.6158570051193237,1.6431430578231812,315077000,NFLX
2012-03-21,1.657142996788025,1.7269999980926514,1.6517139673233032,1.7157139778137207,473214000,NFLX
2012-03-22,1.7147140502929688,1.7640000581741333,1.6838569641113281,1.6961430311203003,427546000,NFLX
2012-03-23,1.7062859535217285,1.7311429977416992,1.6758569478988647,1.7170000076293945,377342000,NFLX
2012-03-26,1.7369999885559082,1.7455710172653198,1.7021429538726807,1.7427140474319458,324282000,NFLX
2012-03-27,1.7448569536209106,1.7638570070266724,1.722000002861023,1.723857045173645,243824000,NFLX
2012-03-28,1.717857003211975,1.7285710573196411,1.6905709505081177,1.6972860097885132,228746000,NFLX
2012-03-29,1.6847139596939087,1.6941430568695068,1.614285945892334,1.6435710191726685,326326000,NFLX
2012-03-30,1.650143027305603,1.6755709648132324,1.6311429738998413,1.6434290409088135,292705000,NFLX
2012-04-02,1.6399999856948853,1.6399999856948853,1.6014289855957031,1.6281429529190063,266455000,NFLX
2012-04-03,1.5831429958343506,1.6321430206298828,1.567857027053833,1.6137139797210693,460047000,NFLX
2012-04-04,1.5947140455245972,1.6078569889068604,1.5700000524520874,1.5751429796218872,207662000,NFLX
2012-04-05,1.570570945739746,1.5944290161132812,1.5617140531539917,1.5785709619522095,227633000,NFLX
2012-04-09,1.5537140369415283,1.5668569803237915,1.523285984992981,1.5240000486373901,226373000,NFLX
2012-04-10,1.5331430435180664,1.5399999618530273,1.454285979270935,1.4559999704360962,351050000,NFLX
2012-04-11,1.474856972694397,1.4817140102386475,1.4074289798736572,1.4258569478988647,523208000,NFLX
2012-04-12,1.4465709924697876,1.4989999532699585,1.4187140464782715,1.489428997039795,338450000,NFLX
2012-04-13,1.4987139701843262,1.5214289426803589,1.4615709781646729,1.488142967224121,276955000,NFLX
2012-04-16,1.4944289922714233,1.5,1.4342859983444214,1.4450000524520874,267274000,NFLX
2012-04-17,1.4528570175170898,1.5379999876022339,1.452713966369629,1.5288569927215576,311108000,NFLX
2012-04-18,1.5212860107421875,1.55314302444458,1.5178569555282593,1.527999997138977,235039000,NFLX
2012-04-19,1.5010000467300415,1.5672860145568848,1.4897140264511108,1.5298570394515991,250971000,NFLX
2012-04-20,1.5360000133514404,1.5452860593795776,1.5095709562301636,1.5158569812774658,182756000,NFLX
2012-04-23,1.4984289407730103,1.5,1.4541430473327637,1.4548569917678833,842744000,NFLX
2012-04-24,1.2359999418258667,1.285714030265808,1.2328569889068604,1.2525709867477417,1173935000,NFLX
2012-04-25,1.2655709981918335,1.2655709981918335,1.1651430130004883,1.2335710525512695,834288000,NFLX
2012-04-26,1.2228569984436035,1.2548569440841675,1.1972860097885132,1.2152860164642334,559489000,NFLX
2012-04-27,1.2244290113449097,1.2269999980926514,1.1857140064239502,1.1962859630584717,360311000,NFLX
2012-04-30,1.1802860498428345,1.1838569641113281,1.139428973197937,1.1448570489883423,526792000,NFLX
2012-05-01,1.1469999551773071,1.1812859773635864,1.1285710334777832,1.1622860431671143,329833000,NFLX
2012-05-02,1.1534290313720703,1.1854289770126343,1.1451430320739746,1.1747139692306519,273840000,NFLX
2012-05-03,1.1687140464782715,1.1740000247955322,1.0788569450378418,1.085286021232605,530159000,NFLX
2012-05-04,1.0827139616012573,1.0914289951324463,1.0301430225372314,1.0448570251464844,636664000,NFLX
2012-05-07,1.035714030265808,1.0802860260009766,1.0332859754562378,1.0492860078811646,287000000,NFLX
2012-05-08,1.0438569784164429,1.047286033630371,1.0082859992980957,1.039857029914856,272034000,NFLX
2012-05-09,1.0304290056228638,1.0704289674758911,1.019142985343933,1.0621429681777954,261184000,NFLX
2012-05-10,1.0692859888076782,1.0711430311203003,1.0299999713897705,1.0345710515975952,264243000,NFLX
2012-05-11,1.0412859916687012,1.1198569536209106,1.0355709791183472,1.1054290533065796,622398000,NFLX
2012-05-14,1.1018569469451904,1.1235710382461548,1.0801429748535156,1.0994290113449097,378497000,NFLX
2012-05-15,1.1111429929733276,1.1328569650650024,1.1014289855957031,1.1068569421768188,313194000,NFLX
2012-05-16,1.1081429719924927,1.1205710172653198,1.0521429777145386,1.059999942779541,366996000,NFLX
2012-05-17,1.0607140064239502,1.062999963760376,1.0271430015563965,1.028143048286438,237783000,NFLX
2012-05-18,1.0328569412231445,1.0392860174179077,0.933713972568512,0.9994289875030518,294154000,NFLX
2012-05-21,0.9978569746017456,1.0312860012054443,0.9649999737739563,1.0248570442199707,251433000,NFLX
2012-05-22,1.0257140398025513,1.0342860221862793,0.9607139825820923,0.9672859907150269,400148000,NFLX
2012-05-23,0.9638569951057434,1.0307140350341797,0.9595710039138794,1.0272860527038574,441000000,NFLX
2012-05-24,1.0217139720916748,1.0241429805755615,0.9928569793701172,1.0038570165634155,207424000,NFLX
2012-05-25,1.0085710287094116,1.0501430034637451,0.998429000377655,1.0031429529190063,333711000,NFLX
2012-05-29,1.0151430368423462,1.0164289474487305,0.9742860198020935,0.9919999837875366,319970000,NFLX
2012-05-30,0.9782860279083252,0.9857140183448792,0.9571430087089539,0.9620000123977661,328909000,NFLX
2012-05-31,0.9528570175170898,0.9681429862976074,0.890999972820282,0.9062860012054443,538034000,NFLX
2012-06-01,0.870714008808136,0.9104290008544922,0.8671429753303528,0.8992859721183777,355782000,NFLX
2012-06-04,0.9035710096359253,0.9319999814033508,0.890999972820282,0.9285709857940674,352912000,NFLX
2012-06-05,0.9287139773368835,0.9475709795951843,0.9178569912910461,0.9261429905891418,240485000,NFLX
2012-06-06,0.9380000233650208,0.976714015007019,0.9307140111923218,0.9411429762840271,306768000,NFLX
2012-06-07,0.951429009437561,0.9557139873504639,0.9201430082321167,0.923429012298584,210455000,NFLX
2012-06-08,0.9195709824562073,0.9445710182189941,0.9104290008544922,0.9377139806747437,220171000,NFLX
2012-06-11,0.9484289884567261,0.9512860178947449,0.8997139930725098,0.8999999761581421,229411000,NFLX
2012-06-12,0.9037140011787415,0.9194290041923523,0.8907139897346497,0.9002860188484192,207977000,NFLX
2012-06-13,0.8942859768867493,0.9205710291862488,0.8875709772109985,0.8975710272789001,179249000,NFLX
2012-06-14,0.8970000147819519,0.9021430015563965,0.8717139959335327,0.8951429724693298,261373000,NFLX
2012-06-15,0.9038569927215576,0.9418569803237915,0.8961430191993713,0.939857006072998,330225000,NFLX
2012-06-18,0.9294289946556091,0.9564290046691895,0.9255710244178772,0.9532859921455383,229978000,NFLX
2012-06-19,0.9557139873504639,1.0068570375442505,0.9507139921188354,0.9975709915161133,277067000,NFLX
2012-06-20,0.9925709962844849,0.9935709834098816,0.9658570289611816,0.9737139940261841,266385000,NFLX
2012-06-21,0.9751430153846741,0.9777140021324158,0.9392859935760498,0.9405710101127625,176904000,NFLX
2012-06-22,0.9462860226631165,0.9752860069274902,0.9385709762573242,0.9694290161132812,180747000,NFLX
2012-06-25,0.9687139987945557,0.9932860136032104,0.9485710263252258,0.9575710296630859,307461000,NFLX
2012-06-26,0.9601430296897888,0.9672859907150269,0.9477139711380005,0.9542859792709351,156114000,NFLX
2012-06-27,0.9575710296630859,0.9607139825820923,0.9371430277824402,0.9498569965362549,153832000,NFLX
2012-06-28,0.9442859888076782,0.9722859859466553,0.9397140145301819,0.9622859954833984,150906000,NFLX
2012-06-29,0.9757140278816223,0.9822859764099121,0.9547140002250671,0.9784290194511414,199913000,NFLX
2012-07-02,0.982429027557373,0.9842860102653503,0.9607139825820923,0.9692860245704651,129927000,NFLX
2012-07-03,0.9784290194511414,1.039713978767395,0.9672859907150269,1.02914297580719,252616000,NFLX
2012-07-05,1.061856985092163,1.1842859983444214,1.0608570575714111,1.167428970336914,1044981000,NFLX
2012-07-06,1.1962859630584717,1.2200000286102295,1.1460000276565552,1.1698570251464844,852614000,NFLX
2012-07-09,1.1854289770126343,1.202713966369629,1.1449999809265137,1.1855709552764893,432628000,NFLX
2012-07-10,1.1959999799728394,1.1971429586410522,1.1361429691314697,1.1461429595947266,352422000,NFLX
2012-07-11,1.144286036491394,1.2124290466308594,1.1411429643630981,1.1662859916687012,430444000,NFLX
2012-07-12,1.1645710468292236,1.2214289903640747,1.149999976158142,1.2138570547103882,414477000,NFLX
2012-07-13,1.2254290580749512,1.2378569841384888,1.1988569498062134,1.2128570079803467,390320000,NFLX
2012-07-16,1.2158570289611816,1.2221430540084839,1.1804289817810059,1.1854289770126343,209468000,NFLX
2012-07-17,1.1892859935760498,1.192713975906372,1.1524289846420288,1.1682859659194946,278208000,NFLX
2012-07-18,1.160714030265808,1.1844290494918823,1.1534290313720703,1.1610000133514404,215761000,NFLX
2012-07-19,1.1708569526672363,1.2118569612503052,1.1645710468292236,1.1874289512634277,291333000,NFLX
2012-07-20,1.1808569431304932,1.1931430101394653,1.1642860174179077,1.1688569784164429,243698000,NFLX
2012-07-23,1.1532859802246094,1.1602859497070312,1.1214289665222168,1.1419999599456787,309652000,NFLX
2012-07-24,1.1581430435180664,1.17814302444458,1.111570954322815,1.148429036140442,647003000,NFLX
2012-07-25,0.9172859787940979,0.9542859792709351,0.8457139730453491,0.8611429929733276,1734705000,NFLX
2012-07-26,0.8472859859466553,0.8494290113449097,0.8019999861717224,0.814428985118866,797566000,NFLX
2012-07-27,0.8194289803504944,0.8467140197753906,0.8142859935760498,0.8417140245437622,380093000,NFLX
2012-07-30,0.8418570160865784,0.8565710186958313,0.804714024066925,0.824999988079071,299327000,NFLX
2012-07-31,0.820713996887207,0.8331429958343506,0.808713972568512,0.8121430277824402,173208000,NFLX
2012-08-01,0.8204290270805359,0.8254290223121643,0.7728570103645325,0.7785710096359253,338324000,NFLX
2012-08-02,0.7754290103912354,0.7955710291862488,0.7612860202789307,0.7695710062980652,239456000,NFLX
2012-08-03,0.7837139964103699,0.7925710082054138,0.7544289827346802,0.7701429724693298,372953000,NFLX
2012-08-06,0.7791429758071899,0.8167139887809753,0.7730000019073486,0.8112859725952148,285278000,NFLX
2012-08-07,0.8135709762573242,0.8495709896087646,0.8078569769859314,0.8271430134773254,307699000,NFLX
2012-08-08,0.8224290013313293,0.8412860035896301,0.8167139887809753,0.8257139921188354,181944000,NFLX
2012-08-09,0.8227139711380005,0.8349999785423279,0.817857027053833,0.8272860050201416,164927000,NFLX
2012-08-10,0.823714017868042,0.8651430010795593,0.8128569722175598,0.8557140231132507,350322000,NFLX
2012-08-13,0.8745710253715515,0.875,0.8357139825820923,0.8558570146560669,333249000,NFLX
2012-08-14,0.8659999966621399,0.9014289975166321,0.8567140102386475,0.882286012172699,481194000,NFLX
2012-08-15,0.8861430287361145,0.9097139835357666,0.8831430077552795,0.9037140011787415,308441000,NFLX
2012-08-16,0.9065709710121155,0.9227139949798584,0.8971430063247681,0.9187139868736267,176309000,NFLX
2012-08-17,0.9268569946289062,0.9359999895095825,0.9072859883308411,0.9098569750785828,224056000,NFLX
2012-08-20,0.9091429710388184,0.9335709810256958,0.8880000114440918,0.91771399974823,266588000,NFLX
2012-08-21,0.9305710196495056,0.9521430134773254,0.923570990562439,0.9371430277824402,233555000,NFLX
2012-08-22,0.9302859902381897,0.9485710263252258,0.9257140159606934,0.9342859983444214,180306000,NFLX
2012-08-23,0.9431430101394653,0.9491429924964905,0.9082859754562378,0.9150000214576721,325808000,NFLX
2012-08-24,0.9012860059738159,0.9114289879798889,0.8835710287094116,0.9022859930992126,261618000,NFLX
2012-08-27,0.904570996761322,0.9138569831848145,0.889428973197937,0.8912860155105591,180467000,NFLX
2012-08-28,0.8891429901123047,0.9084290266036987,0.888143002986908,0.8992859721183777,158592000,NFLX
2012-08-29,0.9007139801979065,0.9121429920196533,0.8935710191726685,0.9062860012054443,156604000,NFLX
2012-08-30,0.9022859930992126,0.9054290056228638,0.8595709800720215,0.8640000224113464,186795000,NFLX
2012-08-31,0.8758569955825806,0.8790000081062317,0.8441429734230042,0.8531429767608643,295603000,NFLX
2012-09-04,0.8285710215568542,0.8285710215568542,0.7590000033378601,0.7990000247955322,874167000,NFLX
2012-09-05,0.7942860126495361,0.795428991317749,0.7761430144309998,0.7851430177688599,385651000,NFLX
2012-09-06,0.7944290041923523,0.8112859725952148,0.773714005947113,0.8092859983444214,372974000,NFLX
2012-09-07,0.8097140192985535,0.8257139921188354,0.7978569865226746,0.8094289898872375,296177000,NFLX
2012-09-10,0.8048570156097412,0.8147140145301819,0.7944290041923523,0.7988569736480713,248927000,NFLX
2012-09-11,0.798570990562439,0.8195710182189941,0.7871429920196533,0.8165709972381592,330400000,NFLX
2012-09-12,0.8214290142059326,0.8361430168151855,0.8080000281333923,0.8172860145568848,220969000,NFLX
2012-09-13,0.8124290108680725,0.8311430215835571,0.801285982131958,0.8285710215568542,244909000,NFLX
2012-09-14,0.8357139825820923,0.8774290084838867,0.8328570127487183,0.8645709753036499,330673000,NFLX
2012-09-17,0.8425710201263428,0.8428570032119751,0.8109999895095825,0.8145710229873657,362789000,NFLX
2012-09-18,0.8184289932250977,0.8331429958343506,0.7974290251731873,0.8008570075035095,302981000,NFLX
2012-09-19,0.810571014881134,0.8271430134773254,0.7957140207290649,0.814857006072998,353486000,NFLX
2012-09-20,0.8059999942779541,0.8398569822311401,0.8057140111923218,0.8391429781913757,372176000,NFLX
2012-09-21,0.8489999771118164,0.8531429767608643,0.8201429843902588,0.8255710005760193,300748000,NFLX
2012-09-24,0.8122860193252563,0.8262860178947449,0.8041430115699768,0.8055710196495056,236614000,NFLX
2012-09-25,0.8107140064239502,0.8137140274047852,0.7671430110931396,0.7685710191726685,418586000,NFLX
2012-09-26,0.7712860107421875,0.7990000247955322,0.7578570246696472,0.7875710129737854,366254000,NFLX
2012-09-27,0.7979999780654907,0.8014289736747742,0.773714005947113,0.7935709953308105,213507000,NFLX
2012-09-28,0.7862859964370728,0.7972859740257263,0.7745710015296936,0.7777140140533447,159327000,NFLX
2012-10-01,0.7799999713897705,0.8085709810256958,0.7762860059738159,0.8007140159606934,307657000,NFLX
2012-10-02,0.8064290285110474,0.8184289932250977,0.7900000214576721,0.8065710067749023,215894000,NFLX
2012-10-03,0.8341429829597473,0.8949999809265137,0.8321430087089539,0.8939999938011169,760648000,NFLX
2012-10-04,0.8949999809265137,0.9610000252723694,0.8944290280342102,0.9524289965629578,916167000,NFLX
2012-10-05,0.9580000042915344,0.9742860198020935,0.9302859902381897,0.9508569836616516,591703000,NFLX
2012-10-08,1.0198570489883423,1.0604289770126343,1.0017139911651611,1.050286054611206,922803000,NFLX
2012-10-09,0.9842860102653503,0.9925709962844849,0.9342859983444214,0.9361429810523987,821450000,NFLX
2012-10-10,0.9404289722442627,0.970429003238678,0.9304289817810059,0.9357140064239502,387429000,NFLX
2012-10-11,0.9557139873504639,0.9585710167884827,0.9318569898605347,0.9425709843635559,220136000,NFLX
2012-10-12,0.9399999976158142,0.951429009437561,0.9108570218086243,0.9190000295639038,207102000,NFLX
2012-10-15,0.9307140111923218,0.9311429858207703,0.9057139754295349,0.9251430034637451,207452000,NFLX
2012-10-16,0.9271429777145386,0.9458569884300232,0.9108570218086243,0.9435709714889526,293020000,NFLX
2012-10-17,0.9430000185966492,0.9831429719924927,0.9377139806747437,0.9788569808006287,264642000,NFLX
2012-10-18,0.9784290194511414,0.9977139830589294,0.9564290046691895,0.9622859954833984,267974000,NFLX
2012-10-19,0.9598569869995117,0.9642860293388367,0.9179999828338623,0.9282860159873962,228816000,NFLX
2012-10-22,0.9194290041923523,0.9961429834365845,0.9184290170669556,0.9697139859199524,456785000,NFLX
2012-10-23,0.9614289999008179,0.9878569841384888,0.9437140226364136,0.9745709896087646,634984000,NFLX
2012-10-24,0.826570987701416,0.8714290261268616,0.8199999928474426,0.8588569760322571,1000601000,NFLX
2012-10-25,0.8578569889068604,0.8809999823570251,0.8557140231132507,0.8787140250205994,330463000,NFLX
2012-10-26,0.879285991191864,1.0034290552139282,0.8641430139541626,0.9940000176429749,1034334000,NFLX
2012-10-31,0.948714017868042,1.2135709524154663,0.9364290237426758,1.1319999694824219,1073086000,NFLX
2012-11-01,1.1121430397033691,1.138429045677185,1.0664290189743042,1.1098569631576538,626696000,NFLX
2012-11-02,1.1035710573196411,1.1407140493392944,1.085286021232605,1.0985709428787231,296506000,NFLX
2012-11-05,1.0652860403060913,1.1277140378952026,1.0642859935760498,1.1177140474319458,290164000,NFLX
2012-11-06,1.1008570194244385,1.1421430110931396,1.0815709829330444,1.090999960899353,391027000,NFLX
2012-11-07,1.0918569564819336,1.1321430206298828,1.0918569564819336,1.1097140312194824,310996000,NFLX
2012-11-08,1.1164289712905884,1.1475709676742554,1.0827139616012573,1.085286021232605,333816000,NFLX
2012-11-09,1.0901429653167725,1.126857042312622,1.0872859954833984,1.1128569841384888,232729000,NFLX
2012-11-12,1.1285710334777832,1.147286057472229,1.114428997039795,1.1169999837875366,183302000,NFLX
2012-11-13,1.1119999885559082,1.1562860012054443,1.1048569679260254,1.1372859477996826,271705000,NFLX
2012-11-14,1.1428569555282593,1.16171395778656,1.125,1.139714002609253,269108000,NFLX
2012-11-15,1.1444289684295654,1.1699999570846558,1.135714054107666,1.1640000343322754,174006000,NFLX
2012-11-16,1.1611429452896118,1.1871429681777954,1.1474289894104004,1.1557140350341797,321643000,NFLX
2012-11-19,1.1715710163116455,1.1855709552764893,1.1449999809265137,1.1622860431671143,232673000,NFLX
2012-11-20,1.164428949356079,1.195713996887207,1.158856987953186,1.1771429777145386,153405000,NFLX
2012-11-21,1.1785709857940674,1.2079999446868896,1.1785709857940674,1.1857140064239502,108899000,NFLX
2012-11-23,1.1915709972381592,1.1964290142059326,1.1740000247955322,1.184999942779541,83965000,NFLX
2012-11-26,1.1799999475479126,1.184000015258789,1.1438570022583008,1.172286033630371,134841000,NFLX
2012-11-27,1.1718569993972778,1.192857027053833,1.1651430130004883,1.186856985092163,155246000,NFLX
2012-11-28,1.182142972946167,1.193856954574585,1.1687140464782715,1.1747139692306519,144956000,NFLX
2012-11-29,1.1770000457763672,1.1825710535049438,1.1542860269546509,1.1625709533691406,114730000,NFLX
2012-11-30,1.149999976158142,1.1672860383987427,1.1332859992980957,1.1672860383987427,149863000,NFLX
2012-12-03,1.1692860126495361,1.1710000038146973,1.0785709619522095,1.0857139825820923,291977000,NFLX
2012-12-04,1.0787140130996704,1.2571430206298828,1.0642859935760498,1.2378569841384888,1017576000,NFLX
2012-12-05,1.2371430397033691,1.251142978668213,1.1845710277557373,1.190999984741211,593579000,NFLX
2012-12-06,1.1742860078811646,1.2651430368423462,1.1671429872512817,1.2309999465942383,381038000,NFLX
2012-12-07,1.2610000371932983,1.2825709581375122,1.2184289693832397,1.2282860279083252,347802000,NFLX
2012-12-10,1.2285710573196411,1.2428569793701172,1.207142949104309,1.2114289999008179,143227000,NFLX
2012-12-11,1.2185709476470947,1.2461429834365845,1.2057139873504639,1.229714035987854,160286000,NFLX
2012-12-12,1.232429027557373,1.3307139873504639,1.227713942527771,1.2961430549621582,549290000,NFLX
2012-12-13,1.2978570461273193,1.3331429958343506,1.283856987953186,1.3222860097885132,288659000,NFLX
2012-12-14,1.3238569498062134,1.352713942527771,1.3142859935760498,1.3328570127487183,277067000,NFLX
2012-12-17,1.3281430006027222,1.3569999933242798,1.3158570528030396,1.352856993675232,216608000,NFLX
2012-12-18,1.3567140102386475,1.3935710191726685,1.3464289903640747,1.366286039352417,293482000,NFLX
2012-12-19,1.3799999952316284,1.397143006324768,1.3350000381469727,1.3425710201263428,306747000,NFLX
2012-12-20,1.3475710153579712,1.350000023841858,1.323570966720581,1.3357139825820923,166117000,NFLX
2012-12-21,1.315000057220459,1.3268569707870483,1.301571011543274,1.3048570156097412,284305000,NFLX
2012-12-24,1.3079999685287476,1.3121429681777954,1.2757140398025513,1.2890000343322754,71932000,NFLX
2012-12-26,1.2834290266036987,1.3271429538726807,1.2768570184707642,1.2949999570846558,151669000,NFLX
2012-12-27,1.2941429615020752,1.3062859773635864,1.2648570537567139,1.292857050895691,148981000,NFLX
2012-12-28,1.2828569412231445,1.2935709953308105,1.2699999809265137,1.276142954826355,111230000,NFLX
2012-12-31,1.2768570184707642,1.3357139825820923,1.2715710401535034,1.3227139711380005,180789000,NFLX
2013-01-02,1.3601429462432861,1.3687139749526978,1.295570969581604,1.3144290447235107,194313000,NFLX
2013-01-03,1.3138569593429565,1.3988569974899292,1.3075710535049438,1.3798569440841675,279125000,NFLX
2013-01-04,1.3791429996490479,1.3958569765090942,1.3648569583892822,1.3711429834365845,177611000,NFLX
2013-01-07,1.3769999742507935,1.4535709619522095,1.373142957687378,1.4171429872512817,455504000,NFLX
2013-01-08,1.4287140369415283,1.442713975906372,1.3828569650650024,1.3880000114440918,247149000,NFLX
2013-01-09,1.3874289989471436,1.3992860317230225,1.3507139682769775,1.3701430559158325,202230000,NFLX
2013-01-10,1.3795709609985352,1.427428960800171,1.3671430349349976,1.399999976158142,261177000,NFLX
2013-01-11,1.4025709629058838,1.4559999704360962,1.399999976158142,1.4470000267028809,298515000,NFLX
2013-01-14,1.442713975906372,1.4928569793701172,1.4365710020065308,1.477856993675232,234731000,NFLX
2013-01-15,1.4717140197753906,1.4908570051193237,1.4435709714889526,1.452713966369629,170681000,NFLX
2013-01-16,1.454571008682251,1.4614289999008179,1.3822859525680542,1.392570972442627,280147000,NFLX
2013-01-17,1.401286005973816,1.4085710048675537,1.3678569793701172,1.3957140445709229,162211000,NFLX
2013-01-18,1.434000015258789,1.4562859535217285,1.4097139835357666,1.4167139530181885,359996000,NFLX
2013-01-22,1.423570990562439,1.423570990562439,1.3798569440841675,1.397286057472229,227731000,NFLX
2013-01-23,1.3875709772109985,1.4832860231399536,1.3860000371932983,1.4751429557800293,742350000,NFLX
2013-01-24,2.056999921798706,2.13100004196167,1.9945709705352783,2.0980000495910645,1188054000,NFLX
2013-01-25,2.0810000896453857,2.4668569564819336,2.0801429748535156,2.422286033630371,1914458000,NFLX
2013-01-28,2.4644289016723633,2.5321431159973145,2.296999931335449,2.31585693359375,1091048000,NFLX
2013-01-29,2.259000062942505,2.4268569946289062,2.2375710010528564,2.4159998893737793,595420000,NFLX
2013-01-30,2.478429079055786,2.507143020629883,2.323714017868042,2.395714044570923,480627000,NFLX
2013-01-31,2.3871428966522217,2.414285898208618,2.290286064147949,2.3605709075927734,356013000,NFLX
2013-02-01,2.4285709857940674,2.4714291095733643,2.3411428928375244,2.354285955429077,503580000,NFLX
2013-02-04,2.3254289627075195,2.501857042312622,2.3254289627075195,2.496285915374756,509691000,NFLX
2013-02-05,2.462570905685425,2.541285991668701,2.442857027053833,2.491286039352417,570563000,NFLX
2013-02-06,2.5,2.6478569507598877,2.4935710430145264,2.6344289779663086,671909000,NFLX
2013-02-07,2.6535708904266357,2.6982860565185547,2.5505709648132324,2.59942889213562,530866000,NFLX
2013-02-08,2.5962860584259033,2.628000020980835,2.571571111679077,2.5852859020233154,256578000,NFLX
2013-02-11,2.556857109069824,2.6007139682769775,2.497143030166626,2.541285991668701,293251000,NFLX
2013-02-12,2.580857038497925,2.622286081314087,2.5101430416107178,2.5421431064605713,343994000,NFLX
2013-02-13,2.5842859745025635,2.6628570556640625,2.566570997238159,2.6610000133514404,409290000,NFLX
2013-02-14,2.6755709648132324,2.7121429443359375,2.6384289264678955,2.677143096923828,319795000,NFLX
2013-02-15,2.693856954574585,2.7142860889434814,2.6608569622039795,2.7072858810424805,266525000,NFLX
2013-02-19,2.7285709381103516,2.81671404838562,2.7164289951324463,2.806428909301758,341383000,NFLX
2013-02-20,2.822571039199829,2.8231430053710938,2.664285898208618,2.673142910003662,349965000,NFLX
2013-02-21,2.6571431159973145,2.745713949203491,2.607142925262451,2.6735711097717285,368942000,NFLX
2013-02-22,2.6245710849761963,2.6255710124969482,2.5490000247955322,2.5694289207458496,389711000,NFLX
2013-02-25,2.585571050643921,2.6728570461273193,2.5064289569854736,2.561713933944702,521647000,NFLX
2013-02-26,2.5799999237060547,2.6459999084472656,2.508570909500122,2.629857063293457,338821000,NFLX
2013-02-27,2.6225709915161133,2.6571431159973145,2.5794289112091064,2.6331429481506348,226268000,NFLX
2013-02-28,2.62585711479187,2.7447140216827393,2.6215710639953613,2.686856985092163,342937000,NFLX
2013-03-01,2.6730000972747803,2.7191429138183594,2.6601428985595703,2.7052860260009766,214515000,NFLX
2013-03-04,2.6954290866851807,2.7154290676116943,2.523714065551758,2.5887138843536377,478240000,NFLX
2013-03-05,2.6381430625915527,2.6472859382629395,2.5439999103546143,2.5961430072784424,323267000,NFLX
2013-03-06,2.6021430492401123,2.6422860622406006,2.5654289722442627,2.613429069519043,174356000,NFLX
2013-03-07,2.5714290142059326,2.607142925262451,2.516571044921875,2.5937139987945557,286958000,NFLX
2013-03-08,2.606429100036621,2.6549999713897705,2.581571102142334,2.63857102394104,235130000,NFLX
2013-03-11,2.628571033477783,2.635999917984009,2.557286024093628,2.57785701751709,210154000,NFLX
2013-03-12,2.562285900115967,2.63100004196167,2.56071400642395,2.6015710830688477,211519000,NFLX
2013-03-13,2.677143096923828,2.788429021835327,2.6678569316864014,2.747999906539917,538986000,NFLX
2013-03-14,2.752713918685913,2.752713918685913,2.672429084777832,2.690999984741211,284508000,NFLX
2013-03-15,2.703571081161499,2.7141430377960205,2.6364290714263916,2.640713930130005,206675000,NFLX
2013-03-18,2.5911428928375244,2.6681430339813232,2.5792860984802246,2.6512858867645264,180733000,NFLX
2013-03-19,2.6571431159973145,2.6678569316864014,2.56071400642395,2.5910000801086426,198737000,NFLX
2013-03-20,2.6088569164276123,2.6264290809631348,2.577570915222168,2.615000009536743,111321000,NFLX
2013-03-21,2.6057140827178955,2.677143096923828,2.5995709896087646,2.5998570919036865,188041000,NFLX
2013-03-22,2.6157140731811523,2.6265709400177,2.56428599357605,2.5899999141693115,141890000,NFLX
2013-03-25,2.606142997741699,2.640571117401123,2.568142890930176,2.582714080810547,150248000,NFLX
2013-03-26,2.628571033477783,2.752000093460083,2.622857093811035,2.7230000495910645,468174000,NFLX
2013-03-27,2.7091429233551025,2.81514310836792,2.6904289722442627,2.7177140712738037,404754000,NFLX
2013-03-28,2.7249999046325684,2.755713939666748,2.6942861080169678,2.7039999961853027,195881000,NFLX
2013-04-01,2.7278571128845215,2.7357139587402344,2.5924289226531982,2.606142997741699,229474000,NFLX
2013-04-02,2.627142906188965,2.6454288959503174,2.515713930130005,2.5241429805755615,322805000,NFLX
2013-04-03,2.5292859077453613,2.5475709438323975,2.3465709686279297,2.4248569011688232,753578000,NFLX
2013-04-04,2.3910000324249268,2.430428981781006,2.3401429653167725,2.3812859058380127,344603000,NFLX
2013-04-05,2.3359999656677246,2.43571400642395,2.32185697555542,2.3522861003875732,325129000,NFLX
2013-04-08,2.36899995803833,2.375714063644409,2.2714290618896484,2.3294289112091064,317450000,NFLX
2013-04-09,2.335571050643921,2.4481430053710938,2.315000057220459,2.419429063796997,340459000,NFLX
2013-04-10,2.4000000953674316,2.4207139015197754,2.3558568954467773,2.3724288940429688,297094000,NFLX
2013-04-11,2.4118568897247314,2.4771430492401123,2.4117140769958496,2.4715709686279297,330561000,NFLX
2013-04-12,2.5284290313720703,2.5377140045166016,2.445713996887207,2.4742860794067383,377979000,NFLX
2013-04-15,2.507999897003174,2.6050000190734863,2.497143030166626,2.5214290618896484,465290000,NFLX
2013-04-16,2.4995710849761963,2.5390000343322754,2.4609999656677246,2.5121428966522217,297115000,NFLX
2013-04-17,2.4905710220336914,2.5341429710388184,2.4038569927215576,2.419429063796997,275457000,NFLX
2013-04-18,2.442857027053833,2.455713987350464,2.311429023742676,2.3402860164642334,231210000,NFLX
2013-04-19,2.364285945892334,2.4167139530181885,2.3289999961853027,2.3338570594787598,201635000,NFLX
2013-04-22,2.36742901802063,2.5214290618896484,2.36742901802063,2.490999937057495,848701000,NFLX
2013-04-23,3.079571008682251,3.134000062942505,2.993000030517578,3.0998570919036865,1148609000,NFLX
2013-04-24,3.1085710525512695,3.2042860984802246,3.0460000038146973,3.0959999561309814,468986000,NFLX
2013-04-25,3.0997140407562256,3.1255710124969482,3.0467140674591064,3.0535709857940674,292740000,NFLX
2013-04-26,3.0999999046325684,3.1018569469451904,3.0360000133514404,3.0792860984802246,217903000,NFLX
2013-04-29,3.0944290161132812,3.110429048538208,3.0287139415740967,3.071571111679077,207872000,NFLX
2013-04-30,3.065713882446289,3.1392860412597656,3.0605709552764893,3.086714029312134,250712000,NFLX
2013-05-01,3.08457088470459,3.1055710315704346,3.023571014404297,3.0415709018707275,183596000,NFLX
2013-05-02,3.046286106109619,3.07785701751709,3.002713918685913,3.064142942428589,183288000,NFLX
2013-05-03,3.082571029663086,3.1175711154937744,3.0385708808898926,3.049285888671875,154315000,NFLX
2013-05-06,2.9947140216827393,3.0350000858306885,2.9145710468292236,3.009856939315796,317310000,NFLX
2013-05-07,2.9825708866119385,3.0074288845062256,2.937143087387085,2.9464290142059326,170793000,NFLX
2013-05-08,2.9275710582733154,3.005713939666748,2.9218571186065674,2.9801430702209473,176232000,NFLX
2013-05-09,2.9718570709228516,3.126857042312622,2.9502859115600586,3.091571092605591,361088000,NFLX
2013-05-10,3.091571092605591,3.1392860412597656,3.06514310836792,3.1098570823669434,188447000,NFLX
2013-05-13,3.102428913116455,3.2812860012054443,3.1019999980926514,3.2768568992614746,413574000,NFLX
2013-05-14,3.314142942428589,3.379857063293457,3.29714298248291,3.3424289226531982,385357000,NFLX
2013-05-15,3.4210000038146973,3.506143093109131,3.397571086883545,3.4771430492401123,360297000,NFLX
2013-05-16,3.5278570652008057,3.555000066757202,3.359999895095825,3.3861429691314697,280532000,NFLX
2013-05-17,3.4075710773468018,3.4678568840026855,3.371428966522217,3.414285898208618,201411000,NFLX
2013-05-20,3.4062860012054443,3.4521429538726807,3.3822860717773438,3.42214298248291,147658000,NFLX
2013-05-21,3.429142951965332,3.4414288997650146,3.357142925262451,3.38700008392334,114912000,NFLX
2013-05-22,3.3485710620880127,3.4028570652008057,3.2377140522003174,3.2651429176330566,217693000,NFLX
2013-05-23,3.2242860794067383,3.259999990463257,3.1649999618530273,3.231142997741699,161980000,NFLX
2013-05-24,3.2175710201263428,3.2714290618896484,3.2071430683135986,3.267714023590088,118083000,NFLX
2013-05-28,3.31071400642395,3.370857000350952,3.0425710678100586,3.05985689163208,395255000,NFLX
2013-05-29,3.065000057220459,3.1625709533691406,2.998713970184326,3.0762860774993896,341019000,NFLX
2013-05-30,3.0861430168151855,3.18571400642395,3.0221428871154785,3.180856943130493,240877000,NFLX
2013-05-31,3.2177140712738037,3.2797141075134277,3.200714111328125,3.232142925262451,254163000,NFLX
2013-06-03,3.2435710430145264,3.25,3.1081430912017822,3.1710000038146973,212709000,NFLX
2013-06-04,3.14457106590271,3.250714063644409,3.1224288940429688,3.2187139987945557,230069000,NFLX
2013-06-05,3.188429117202759,3.257143020629883,3.119999885559082,3.1922860145568848,330960000,NFLX
2013-06-06,3.173142910003662,3.2200000286102295,3.057142972946167,3.1105709075927734,260694000,NFLX
2013-06-07,3.1234290599823,3.154571056365967,3.080713987350464,3.1459999084472656,152992000,NFLX
2013-06-10,3.186142921447754,3.1904289722442627,3.086570978164673,3.1561429500579834,138124000,NFLX
2013-06-11,3.112143039703369,3.146713972091675,3.054286003112793,3.063714027404785,142135000,NFLX
2013-06-12,3.0832860469818115,3.0832860469818115,2.9552860260009766,2.9662859439849854,191086000,NFLX
2013-06-13,2.9712860584259033,3.0792860984802246,2.93928599357605,3.0769999027252197,185115000,NFLX
2013-06-14,3.068142890930176,3.104142904281616,3.0331430435180664,3.056999921798706,124957000,NFLX
2013-06-17,3.2219998836517334,3.2928569316864014,3.1964290142059326,3.2747139930725098,358512000,NFLX
2013-06-18,3.2891430854797363,3.299999952316284,3.234286069869995,3.2690000534057617,174769000,NFLX
2013-06-19,3.257143020629883,3.3697140216827393,3.2515709400177,3.318713903427124,223531000,NFLX
2013-06-20,3.2781429290771484,3.299999952316284,3.15057110786438,3.193142890930176,211162000,NFLX
2013-06-21,3.2149999141693115,3.2339999675750732,3.059999942779541,3.0985710620880127,233982000,NFLX
2013-06-24,3.0428569316864014,3.129714012145996,2.9857139587402344,3.0799999237060547,178962000,NFLX
2013-06-25,3.0281429290771484,3.049999952316284,2.9651429653167725,3.041429042816162,209188000,NFLX
2013-06-26,3.065000057220459,3.117856979370117,3.011713981628418,3.0299999713897705,188342000,NFLX
2013-06-27,3.0415709018707275,3.0961430072784424,2.994286060333252,3.071000099182129,183267000,NFLX
2013-06-28,3.061000108718872,3.0899999141693115,3.000714063644409,3.015571117401123,195811000,NFLX
2013-07-01,3.0517139434814453,3.2190001010894775,3.0285708904266357,3.2039999961853027,245175000,NFLX
2013-07-02,3.2175710201263428,3.2495710849761963,3.114285945892334,3.1637139320373535,177303000,NFLX
2013-07-03,3.173142910003662,3.200000047683716,3.127856969833374,3.1558570861816406,86254000,NFLX
2013-07-05,3.1727139949798584,3.2178568840026855,3.1332859992980957,3.2157139778137207,99575000,NFLX
2013-07-08,3.2425711154937744,3.3605709075927734,3.2215709686279297,3.3299999237060547,242893000,NFLX
2013-07-09,3.3577139377593994,3.5344290733337402,3.355285882949829,3.5339999198913574,355096000,NFLX
2013-07-10,3.507857084274292,3.5271430015563965,3.417285919189453,3.4831430912017822,225785000,NFLX
2013-07-11,3.5428569316864014,3.559999942779541,3.4402859210968018,3.488142967224121,211463000,NFLX
2013-07-12,3.511857032775879,3.6775710582733154,3.510714054107666,3.675143003463745,342384000,NFLX
2013-07-15,3.705713987350464,3.7121429443359375,3.6018569469451904,3.685429096221924,206129000,NFLX
2013-07-16,3.6755709648132324,3.805285930633545,3.6671431064605713,3.7211430072784424,333564000,NFLX
2013-07-17,3.7320001125335693,3.8322858810424805,3.6952860355377197,3.8274290561676025,195104000,NFLX
2013-07-18,3.8615710735321045,3.8615710735321045,3.7714290618896484,3.805856943130493,204876000,NFLX
2013-07-19,3.8204290866851807,3.82785701751709,3.759713888168335,3.7797141075134277,181202000,NFLX
2013-07-22,3.812143087387085,3.8392860889434814,3.673142910003662,3.742285966873169,473137000,NFLX
2013-07-23,3.5914289951324463,3.746143102645874,3.5171430110931396,3.5751430988311768,768292000,NFLX
2013-07-24,3.5674290657043457,3.6035709381103516,3.431428909301758,3.447143077850342,334096000,NFLX
2013-07-25,3.436570882797241,3.5380001068115234,3.42728590965271,3.5248570442199707,196343000,NFLX
2013-07-26,3.4945709705352783,3.5282859802246094,3.44014310836792,3.51871395111084,178269000,NFLX
2013-07-29,3.5151429176330566,3.5810000896453857,3.4642860889434814,3.4994289875030518,132153000,NFLX
2013-07-30,3.505713939666748,3.5415709018707275,3.4544289112091064,3.482285976409912,108906000,NFLX
2013-07-31,3.4772861003875732,3.5299999713897705,3.4562859535217285,3.4925711154937744,131208000,NFLX
2013-08-01,3.5220000743865967,3.5714290142059326,3.493856906890869,3.558856964111328,141393000,NFLX
2013-08-02,3.562000036239624,3.562000036239624,3.497143030166626,3.5168569087982178,138796000,NFLX
2013-08-05,3.484428882598877,3.627142906188965,3.4482860565185547,3.626286029815674,229621000,NFLX
2013-08-06,3.627856969833374,3.680000066757202,3.572856903076172,3.6557140350341797,204134000,NFLX
2013-08-07,3.633713960647583,3.67814302444458,3.55228590965271,3.560142993927002,163289000,NFLX
2013-08-08,3.5981431007385254,3.627142906188965,3.549285888671875,3.5771429538726807,148001000,NFLX
2013-08-09,3.5712859630584717,3.6244289875030518,3.568571090698242,3.6107139587402344,123228000,NFLX
2013-08-12,3.5897140502929688,3.671428918838501,3.5774290561676025,3.6657140254974365,178045000,NFLX
2013-08-13,3.694999933242798,3.745713949203491,3.618000030517578,3.702713966369629,219408000,NFLX
2013-08-14,3.690000057220459,3.7684290409088135,3.686000108718872,3.740143060684204,173999000,NFLX
2013-08-15,3.700000047683716,3.7212860584259033,3.5908570289611816,3.620142936706543,166292000,NFLX
2013-08-16,3.617285966873169,3.7164289951324463,3.587570905685425,3.6981430053710938,213542000,NFLX
2013-08-19,3.68571400642395,3.7642860412597656,3.682142972946167,3.7111430168151855,154973000,NFLX
2013-08-20,3.756143093109131,3.9077138900756836,3.75,3.9041430950164795,301406000,NFLX
2013-08-21,3.8984289169311523,3.9235711097717285,3.8214290142059326,3.862428903579712,212583000,NFLX
2013-08-22,3.8931429386138916,3.9065709114074707,3.8318569660186768,3.8535709381103516,99617000,NFLX
2013-08-23,3.8578569889068604,3.9769999980926514,3.8431429862976074,3.9765710830688477,222852000,NFLX
2013-08-26,3.9444289207458496,4.142000198364258,3.9148569107055664,4.0388569831848145,310177000,NFLX
2013-08-27,3.9878571033477783,4.084000110626221,3.921428918838501,3.9434289932250977,231385000,NFLX
2013-08-28,3.9808568954467773,4.0714287757873535,3.948570966720581,4.047999858856201,193557000,NFLX
2013-08-29,4.057570934295654,4.146142959594727,4.054856777191162,4.112143039703369,190596000,NFLX
2013-08-30,4.117856979370117,4.126142978668213,4.042142868041992,4.055857181549072,151494000,NFLX
2013-09-03,4.106142997741699,4.1529998779296875,4.065000057220459,4.128571033477783,199696000,NFLX
2013-09-04,4.126286029815674,4.18657112121582,4.099856853485107,4.177570819854736,197015000,NFLX
2013-09-05,4.239999771118164,4.2704291343688965,4.205999851226807,4.215857028961182,190722000,NFLX
2013-09-06,4.233285903930664,4.235857009887695,4.145713806152344,4.164856910705566,176988000,NFLX
2013-09-09,4.182143211364746,4.218571186065674,4.146856784820557,4.20214319229126,138404000,NFLX
2013-09-10,4.25,4.474856853485107,4.240142822265625,4.472286224365234,366821000,NFLX
2013-09-11,4.48199987411499,4.488286018371582,4.3411431312561035,4.404285907745361,299404000,NFLX
2013-09-12,4.311999797821045,4.377857208251953,4.262143135070801,4.305857181549072,219478000,NFLX
2013-09-13,4.314286231994629,4.371428966522217,4.274143218994141,4.366428852081299,150297000,NFLX
2013-09-16,4.4285712242126465,4.431285858154297,4.311429023742676,4.316571235656738,140553000,NFLX
2013-09-17,4.314857006072998,4.3322858810424805,4.252857208251953,4.279285907745361,182007000,NFLX
2013-09-18,4.270856857299805,4.3954291343688965,4.258856773376465,4.384571075439453,137396000,NFLX
2013-09-19,4.405285835266113,4.410714149475098,4.3429999351501465,4.364285945892334,174496000,NFLX
2013-09-20,4.369143009185791,4.51271390914917,4.366000175476074,4.483285903930664,307916000,NFLX
2013-09-23,4.577000141143799,4.577000141143799,4.278857231140137,4.314857006072998,320306000,NFLX
2013-09-24,4.304286003112793,4.420000076293945,4.290713787078857,4.378428936004639,187803000,NFLX
2013-09-25,4.402856826782227,4.440000057220459,4.343714237213135,4.38771390914917,146391000,NFLX
2013-09-26,4.400570869445801,4.492713928222656,4.392857074737549,4.4787139892578125,124607000,NFLX
2013-09-27,4.439428806304932,4.478857040405273,4.424285888671875,4.462856769561768,82992000,NFLX
2013-09-30,4.395999908447266,4.459286212921143,4.360000133514404,4.417285919189453,125286000,NFLX
2013-10-01,4.496714115142822,4.638570785522461,4.485713958740234,4.637429237365723,296933000,NFLX
2013-10-02,4.601285934448242,4.765714168548584,4.594571113586426,4.7247138023376465,305837000,NFLX
2013-10-03,4.7287139892578125,4.778571128845215,4.5435709953308105,4.5960001945495605,246134000,NFLX
2013-10-04,4.624000072479248,4.690000057220459,4.550570964813232,4.675142765045166,168140000,NFLX
2013-10-07,4.629143238067627,4.671000003814697,4.545000076293945,4.545143127441406,146349000,NFLX
2013-10-08,4.561285972595215,4.593142986297607,4.279571056365967,4.318857192993164,286783000,NFLX
2013-10-09,4.289000034332275,4.294000148773193,4.039999961853027,4.120429039001465,419489000,NFLX
2013-10-10,4.300000190734863,4.391857147216797,4.234285831451416,4.342713832855225,306950000,NFLX
2013-10-11,4.347286224365234,4.3944292068481445,4.287570953369141,4.29785680770874,192003000,NFLX
2013-10-14,4.437285900115967,4.646714210510254,4.371428966522217,4.633714199066162,456596000,NFLX
2013-10-15,4.644286155700684,4.676143169403076,4.561999797821045,4.595571041107178,268485000,NFLX
2013-10-16,4.572999954223633,4.650000095367432,4.546570777893066,4.612570762634277,188433000,NFLX
2013-10-17,4.603000164031982,4.717286109924316,4.566571235656738,4.715713977813721,192724000,NFLX
2013-10-18,4.771429061889648,4.806857109069824,4.679999828338623,4.764286041259766,254548000,NFLX
2013-10-21,4.898857116699219,5.077428817749023,4.8585710525512695,5.071286201477051,650902000,NFLX
2013-10-22,5.540571212768555,5.559429168701172,4.5928568840026855,4.607429027557373,1810998000,NFLX
2013-10-23,4.533143043518066,4.788428783416748,4.528571128845215,4.717713832855225,583765000,NFLX
2013-10-24,4.734857082366943,4.812142848968506,4.623713970184326,4.731713771820068,335594000,NFLX
2013-10-25,4.728570938110352,4.817142963409424,4.655857086181641,4.686142921447754,240625000,NFLX
2013-10-28,4.64300012588501,4.728000164031982,4.4544291496276855,4.485713958740234,342608000,NFLX
2013-10-29,4.551000118255615,4.676713943481445,4.417142868041992,4.675714015960693,309365000,NFLX
2013-10-30,4.696000099182129,4.698999881744385,4.508856773376465,4.544857025146484,216405000,NFLX
2013-10-31,4.544428825378418,4.666429042816162,4.510000228881836,4.606856822967529,184898000,NFLX
2013-11-01,4.69757080078125,4.764286041259766,4.65571403503418,4.703856945037842,220206000,NFLX
2013-11-04,4.7278571128845215,4.825571060180664,4.644999980926514,4.822856903076172,219191000,NFLX
2013-11-05,4.793428897857666,4.8914289474487305,4.757856845855713,4.878571033477783,172893000,NFLX
2013-11-06,4.849856853485107,4.9195709228515625,4.754143238067627,4.794713973999023,207333000,NFLX
2013-11-07,4.8428568840026855,4.852428913116455,4.645143032073975,4.669428825378418,200074000,NFLX
2013-11-08,4.670286178588867,4.794285774230957,4.6502861976623535,4.784286022186279,194488000,NFLX
2013-11-11,4.753571033477783,4.849999904632568,4.694571018218994,4.8272857666015625,168154000,NFLX
2013-11-12,4.802570819854736,4.849999904632568,4.7335710525512695,4.767570972442627,122318000,NFLX
2013-11-13,4.7602858543396,4.792285919189453,4.7014288902282715,4.7897138595581055,119679000,NFLX
2013-11-14,4.796999931335449,4.914286136627197,4.787428855895996,4.893857002258301,201047000,NFLX
2013-11-15,4.92285680770874,4.998428821563721,4.9011430740356445,4.996571063995361,201523000,NFLX
2013-11-18,5.0,5.006999969482422,4.849999904632568,4.882429122924805,202475000,NFLX
2013-11-19,4.868143081665039,4.954570770263672,4.774857044219971,4.818428993225098,170576000,NFLX
2013-11-20,4.90500020980835,4.947856903076172,4.82357120513916,4.85028600692749,194817000,NFLX
2013-11-21,4.889142990112305,4.981142997741699,4.88100004196167,4.978570938110352,159894000,NFLX
2013-11-22,4.983285903930664,5.008571147918701,4.914286136627197,4.96928596496582,142023000,NFLX
2013-11-25,4.955714225769043,5.04185676574707,4.928713798522949,5.003428936004639,139846000,NFLX
2013-11-26,5.007143020629883,5.092286109924316,4.965285778045654,5.074285984039307,146832000,NFLX
2013-11-27,5.101571083068848,5.197856903076172,5.050570964813232,5.178429126739502,168329000,NFLX
2013-11-29,5.200714111328125,5.25428581237793,5.185856819152832,5.225714206695557,83881000,NFLX
2013-12-02,5.212571144104004,5.256570816040039,5.137286186218262,5.198856830596924,116753000,NFLX
2013-12-03,5.169857025146484,5.193999767303467,5.0928568840026855,5.18485689163208,134008000,NFLX
2013-12-04,5.1512861251831055,5.2664289474487305,5.089285850524902,5.089570999145508,193956000,NFLX
2013-12-05,5.111429214477539,5.158999919891357,5.048429012298584,5.115142822265625,137935000,NFLX
2013-12-06,5.157713890075684,5.1618571281433105,5.028571128845215,5.06342887878418,120757000,NFLX
2013-12-09,5.073856830596924,5.140999794006348,5.051570892333984,5.080999851226807,117187000,NFLX
2013-12-10,5.0714287757873535,5.2062859535217285,5.047429084777832,5.187142848968506,140896000,NFLX
2013-12-11,5.205286026000977,5.302286148071289,5.1745710372924805,5.199714183807373,200669000,NFLX
2013-12-12,5.195285797119141,5.354856967926025,5.193571090698242,5.333285808563232,213185000,NFLX
2013-12-13,5.373570919036865,5.385714054107666,5.26871395111084,5.270999908447266,178549000,NFLX
2013-12-16,5.285429000854492,5.300000190734863,5.20357084274292,5.232999801635742,139111000,NFLX
2013-12-17,5.239285945892334,5.395713806152344,5.232429027557373,5.355286121368408,184485000,NFLX
2013-12-18,5.340857028961182,5.385714054107666,5.235857009887695,5.374856948852539,198814000,NFLX
2013-12-19,5.345714092254639,5.426570892333984,5.333570957183838,5.381999969482422,138495000,NFLX
2013-12-20,5.378571033477783,5.424142837524414,5.347713947296143,5.366714000701904,188174000,NFLX
2013-12-23,5.409856796264648,5.4775710105896,5.380428791046143,5.436857223510742,126245000,NFLX
2013-12-24,5.439428806304932,5.485143184661865,5.392570972442627,5.405570983886719,55776000,NFLX
2013-12-26,5.401570796966553,5.441571235656738,5.36899995803833,5.384714126586914,122689000,NFLX
2013-12-27,5.387286186218262,5.410714149475098,5.225856781005859,5.25,169484000,NFLX
2013-12-30,5.25171422958374,5.2791428565979,5.129143238067627,5.242713928222656,150752000,NFLX
2013-12-31,5.221428871154785,5.273571014404297,5.194714069366455,5.259571075439453,105168000,NFLX
2014-01-02,5.240142822265625,5.251142978668213,5.154285907745361,5.183143138885498,123256000,NFLX
2014-01-03,5.199999809265137,5.249570846557617,5.184286117553711,5.187142848968506,108171000,NFLX
2014-01-06,5.189000129699707,5.2044291496276855,5.047571182250977,5.136713981628418,155015000,NFLX
2014-01-07,4.968429088592529,4.969857215881348,4.815286159515381,4.849999904632568,361676000,NFLX
2014-01-08,4.810429096221924,4.94257116317749,4.80742883682251,4.871285915374756,200011000,NFLX
2014-01-09,4.882429122924805,4.914000034332275,4.785714149475098,4.815000057220459,170072000,NFLX
2014-01-10,4.829570770263672,4.837714195251465,4.721857070922852,4.744856834411621,162379000,NFLX
2014-01-13,4.730429172515869,4.980999946594238,4.730429172515869,4.81157112121582,272370000,NFLX
2014-01-14,4.877714157104492,4.880000114440918,4.750999927520752,4.828000068664551,197400000,NFLX
2014-01-15,4.785714149475098,4.836713790893555,4.558143138885498,4.719714164733887,404320000,NFLX
2014-01-16,4.691571235656738,4.769570827484131,4.60028600692749,4.738286018371582,211358000,NFLX
2014-01-17,4.743856906890869,4.783143043518066,4.689143180847168,4.71485710144043,164171000,NFLX
2014-01-21,4.746142864227295,4.749570846557617,4.574999809265137,4.695857048034668,252203000,NFLX
2014-01-22,4.7071428298950195,4.777713775634766,4.67642879486084,4.767570972442627,483420000,NFLX
2014-01-23,5.534286022186279,5.651856899261475,5.392714023590088,5.55314302444458,912800000,NFLX
2014-01-24,5.481142997741699,5.5814290046691895,5.4768571853637695,5.5154290199279785,354669000,NFLX
2014-01-27,5.534142971038818,5.5928568840026855,5.2937140464782715,5.44614315032959,325269000,NFLX
2014-01-28,5.447429180145264,5.820143222808838,5.439428806304932,5.810999870300293,435904000,NFLX
2014-01-29,5.758856773376465,5.819142818450928,5.686429023742676,5.720285892486572,289681000,NFLX
2014-01-30,5.815713882446289,5.845571041107178,5.735857009887695,5.781000137329102,183792000,NFLX
2014-01-31,5.747285842895508,5.8914289474487305,5.747142791748047,5.847570896148682,236250000,NFLX
2014-02-03,5.884285926818848,5.887856960296631,5.724571228027344,5.776856899261475,201453000,NFLX
2014-02-04,5.792142868041992,5.8361430168151855,5.671570777893066,5.7987141609191895,180663000,NFLX
2014-02-05,5.759285926818848,5.824999809265137,5.685713768005371,5.777429103851318,167629000,NFLX
2014-02-06,5.806000232696533,5.870142936706543,5.720285892486572,5.8272857666015625,128520000,NFLX
2014-02-07,5.906285762786865,6.150000095367432,5.865142822265625,6.142570972442627,329210000,NFLX
2014-02-10,6.134714126586914,6.176713943481445,6.061142921447754,6.149143218994141,138124000,NFLX
2014-02-11,6.1422858238220215,6.225142955780029,6.078713893890381,6.199857234954834,136675000,NFLX
2014-02-12,6.2111430168151855,6.212856769561768,6.079143047332764,6.127571105957031,156730000,NFLX
2014-02-13,6.0812859535217285,6.27842903137207,6.0714287757873535,6.236429214477539,187005000,NFLX
2014-02-14,6.243713855743408,6.252857208251953,6.166999816894531,6.22157096862793,119854000,NFLX
2014-02-18,6.242286205291748,6.303429126739502,6.114285945892334,6.240714073181152,155078000,NFLX
2014-02-19,6.166714191436768,6.232142925262451,6.113856792449951,6.117570877075195,160314000,NFLX
2014-02-20,6.147857189178467,6.253857135772705,6.130856990814209,6.213571071624756,119651000,NFLX
2014-02-21,6.2671427726745605,6.2671427726745605,6.137856960296631,6.174714088439941,134834000,NFLX
2014-02-24,6.2210001945495605,6.424142837524414,6.121428966522217,6.385714054107666,260435000,NFLX
2014-02-25,6.4285712242126465,6.539856910705566,6.357142925262451,6.471857070922852,187005000,NFLX
2014-02-26,6.512856960296631,6.514286041259766,6.371428966522217,6.411285877227783,150101000,NFLX
2014-02-27,6.397714138031006,6.487570762634277,6.397714138031006,6.4604291915893555,103047000,NFLX
2014-02-28,6.473286151885986,6.4885711669921875,6.300000190734863,6.366143226623535,157514000,NFLX
2014-03-03,6.302713871002197,6.367856979370117,6.258571147918701,6.365571022033691,135282000,NFLX
2014-03-04,6.441713809967041,6.5,6.365571022033691,6.499713897705078,123879000,NFLX
2014-03-05,6.485570907592773,6.5262861251831055,6.455856800079346,6.478570938110352,108689000,NFLX
2014-03-06,6.499143123626709,6.5428571701049805,6.414143085479736,6.435856819152832,118090000,NFLX
2014-03-07,6.486713886260986,6.493429183959961,6.364428997039795,6.405285835266113,115738000,NFLX
2014-03-10,6.406713962554932,6.411142826080322,6.17285680770874,6.284999847412109,154392000,NFLX
2014-03-11,6.323429107666016,6.381143093109131,6.223570823669434,6.249713897705078,104482000,NFLX
2014-03-12,6.195428848266602,6.278571128845215,6.138286113739014,6.236856937408447,121345000,NFLX
2014-03-13,6.281570911407471,6.2897138595581055,6.1182861328125,6.14371395111084,113904000,NFLX
2014-03-14,6.110428810119629,6.214142799377441,6.0428571701049805,6.064143180847168,149891000,NFLX
2014-03-17,6.117000102996826,6.154285907745361,6.0329999923706055,6.0388569831848145,106953000,NFLX
2014-03-18,6.0338568687438965,6.089428901672363,5.949999809265137,6.003571033477783,146881000,NFLX
2014-03-19,5.998143196105957,6.07785701751709,5.958000183105469,6.001286029815674,105315000,NFLX
2014-03-20,5.995285987854004,6.174285888671875,5.992856979370117,6.060999870300293,144949000,NFLX
2014-03-21,6.0871429443359375,6.119143009185791,5.796286106109619,5.799857139587402,267708000,NFLX
2014-03-24,5.7927141189575195,5.806428909301758,5.265714168548584,5.4128570556640625,424837000,NFLX
2014-03-25,5.414286136627197,5.499000072479248,5.224999904632568,5.2977142333984375,303569000,NFLX
2014-03-26,5.328713893890381,5.3921427726745605,5.236713886260986,5.318285942077637,271523000,NFLX
2014-03-27,5.300142765045166,5.397571086883545,5.1647138595581055,5.202570915222168,286720000,NFLX
2014-03-28,5.145999908447266,5.271429061889648,5.0821428298950195,5.12671422958374,246995000,NFLX
2014-03-31,5.164429187774658,5.240857124328613,4.99828577041626,5.0289998054504395,221256000,NFLX
2014-04-01,5.025000095367432,5.2178568840026855,5.024857044219971,5.209856986999512,213388000,NFLX
2014-04-02,5.2237138748168945,5.300714015960693,5.118570804595947,5.184000015258789,241941000,NFLX
2014-04-03,5.1618571281433105,5.215713977813721,5.001429080963135,5.066999912261963,219835000,NFLX
2014-04-04,5.07785701751709,5.085713863372803,4.798285961151123,4.818714141845703,349580000,NFLX
2014-04-07,4.864428997039795,4.974143028259277,4.730143070220947,4.82857084274292,373513000,NFLX
2014-04-08,4.8578572273254395,5.011285781860352,4.834143161773682,4.984142780303955,257614000,NFLX
2014-04-09,5.014713764190674,5.055714130401611,4.9021430015563965,5.043285846710205,205114000,NFLX
2014-04-10,5.064000129699707,5.106856822967529,4.771571159362793,4.781857013702393,248710000,NFLX
2014-04-11,4.725714206695557,4.783143043518066,4.623000144958496,4.667285919189453,301462000,NFLX
2014-04-14,4.755570888519287,4.785714149475098,4.650570869445801,4.736856937408447,179942000,NFLX
2014-04-15,4.70114278793335,4.736713886260986,4.458570957183838,4.660999774932861,307993000,NFLX
2014-04-16,4.729286193847656,4.770999908447266,4.619429111480713,4.734428882598877,161147000,NFLX
2014-04-17,4.810856819152832,4.996142864227295,4.75,4.939143180847168,321160000,NFLX
2014-04-21,4.989999771118164,4.991428852081299,4.832857131958008,4.978428840637207,478926000,NFLX
2014-04-22,5.380428791046143,5.441143035888672,5.211856842041016,5.32714319229126,647024000,NFLX
2014-04-23,5.181857109069824,5.25,5.0428571701049805,5.050000190734863,402850000,NFLX
2014-04-24,5.035714149475098,5.084286212921143,4.7828569412231445,4.915286064147949,306390000,NFLX
2014-04-25,4.820857048034668,4.877285957336426,4.599999904632568,4.601142883300781,330715000,NFLX
2014-04-28,4.5435709953308105,4.584286212921143,4.278571128845215,4.488714218139648,471233000,NFLX
2014-04-29,4.460570812225342,4.637570858001709,4.457571029663086,4.569571018218994,231329000,NFLX
2014-04-30,4.541714191436768,4.605713844299316,4.432143211364746,4.600571155548096,236187000,NFLX
2014-05-01,4.62928581237793,4.93842887878418,4.614999771118164,4.80742883682251,370013000,NFLX
2014-05-02,4.821570873260498,4.9128570556640625,4.7721428871154785,4.866428852081299,261947000,NFLX
2014-05-05,4.829570770263672,4.935429096221924,4.80142879486084,4.919713973999023,203308000,NFLX
2014-05-06,4.910285949707031,4.967429161071777,4.6519999504089355,4.659856796264648,227227000,NFLX
2014-05-07,4.658999919891357,4.683428764343262,4.502999782562256,4.579143047332764,256809000,NFLX
2014-05-08,4.530857086181641,4.738856792449951,4.490857124328613,4.595142841339111,211687000,NFLX
2014-05-09,4.601142883300781,4.713428974151611,4.533570766448975,4.693571090698242,179683000,NFLX
2014-05-12,4.726571083068848,4.936142921447754,4.721714019775391,4.934999942779541,213955000,NFLX
2014-05-13,4.920713901519775,5.060999870300293,4.867713928222656,4.959143161773682,208320000,NFLX
2014-05-14,4.957857131958008,5.062857151031494,4.943714141845703,5.026856899261475,198919000,NFLX
2014-05-15,5.012143135070801,5.025570869445801,4.848286151885986,4.916999816894531,233702000,NFLX
2014-05-16,4.935286045074463,4.999570846557617,4.854856967926025,4.99828577041626,190722000,NFLX
2014-05-19,4.9571428298950195,5.245999813079834,4.950714111328125,5.2071428298950195,253932000,NFLX
2014-05-20,5.214428901672363,5.324285984039307,5.177143096923828,5.309570789337158,288281000,NFLX
2014-05-21,5.358857154846191,5.5812859535217285,5.333570957183838,5.579999923706055,399399000,NFLX
2014-05-22,5.584000110626221,5.6785712242126465,5.535714149475098,5.597143173217773,332227000,NFLX
2014-05-23,5.594857215881348,5.749570846557617,5.566571235656738,5.747857093811035,221221000,NFLX
2014-05-27,5.742856979370117,5.745999813079834,5.616428852081299,5.697286128997803,267351000,NFLX
2014-05-28,5.674285888671875,5.788570880889893,5.621428966522217,5.73199987411499,198737000,NFLX
2014-05-29,5.762856960296631,5.942714214324951,5.707857131958008,5.931428909301758,228445000,NFLX
2014-05-30,5.931142807006836,6.024857044219971,5.880143165588379,5.968999862670898,292488000,NFLX
2014-06-02,5.992570877075195,6.041571140289307,5.892857074737549,6.029428958892822,204806000,NFLX
2014-06-03,5.999856948852539,6.079999923706055,5.957857131958008,5.965285778045654,171332000,NFLX
2014-06-04,5.953713893890381,6.064286231994629,5.904285907745361,6.045856952667236,174328000,NFLX
2014-06-05,6.0535712242126465,6.134285926818848,5.9795708656311035,6.119286060333252,189308000,NFLX
2014-06-06,6.14300012588501,6.212714195251465,6.119429111480713,6.144713878631592,157304000,NFLX
2014-06-09,6.135714054107666,6.1521430015563965,6.001286029815674,6.044143199920654,166789000,NFLX
2014-06-10,6.078856945037842,6.229143142700195,6.071713924407959,6.118429183959961,229201000,NFLX
2014-06-11,6.074714183807373,6.179999828338623,6.0714287757873535,6.142857074737549,137459000,NFLX
2014-06-12,6.129570960998535,6.146429061889648,6.007143020629883,6.034999847412109,158032000,NFLX
2014-06-13,6.0428571701049805,6.112856864929199,5.960143089294434,6.110143184661865,157787000,NFLX
2014-06-16,6.093286037445068,6.16014289855957,6.04885721206665,6.146571159362793,125062000,NFLX
2014-06-17,6.257713794708252,6.4012861251831055,6.253857135772705,6.337856769561768,289961000,NFLX
2014-06-18,6.3381428718566895,6.440286159515381,6.289286136627197,6.409714221954346,187866000,NFLX
2014-06-19,6.420429229736328,6.421286106109619,6.257999897003174,6.30557107925415,173082000,NFLX
2014-06-20,6.302856922149658,6.326857089996338,6.214000225067139,6.288286209106445,132223000,NFLX
2014-06-23,6.276570796966553,6.312285900115967,6.222143173217773,6.278857231140137,106729000,NFLX
2014-06-24,6.257856845855713,6.427713871002197,6.221428871154785,6.2337141036987305,203672000,NFLX
2014-06-25,6.214285850524902,6.3537139892578125,6.190429210662842,6.3458571434021,157521000,NFLX
2014-06-26,6.296999931335449,6.316286087036133,6.239285945892334,6.280142784118652,142373000,NFLX
2014-06-27,6.261713981628418,6.3312859535217285,6.248570919036865,6.315429210662842,155876000,NFLX
2014-06-30,6.326570987701416,6.383856773376465,6.281285762786865,6.294285774230957,105889000,NFLX
2014-07-01,6.517570972442627,6.766857147216797,6.50428581237793,6.758571147918701,379953000,NFLX
2014-07-02,6.763999938964844,6.798142910003662,6.657713890075684,6.6677141189575195,173096000,NFLX
2014-07-03,6.716570854187012,6.75171422958374,6.698143005371094,6.747857093811035,113596000,NFLX
2014-07-07,6.744286060333252,6.746142864227295,6.5714287757873535,6.580286026000977,182966000,NFLX
2014-07-08,6.566429138183594,6.585713863372803,6.275428771972656,6.3578572273254395,261828000,NFLX
2014-07-09,6.374000072479248,6.419143199920654,6.281857013702393,6.32857084274292,210112000,NFLX
2014-07-10,6.205571174621582,6.345571041107178,6.117143154144287,6.264999866485596,243887000,NFLX
2014-07-11,6.306571006774902,6.344714164733887,6.244999885559082,6.28514289855957,142191000,NFLX
2014-07-14,6.332857131958008,6.506856918334961,6.271429061889648,6.465428829193115,174335000,NFLX
2014-07-15,6.43842887878418,6.448143005371094,6.318142890930176,6.415571212768555,135058000,NFLX
2014-07-16,6.486713886260986,6.510000228881836,6.334286212921143,6.349143028259277,134386000,NFLX
2014-07-17,6.332571029663086,6.412143230438232,6.261285781860352,6.276570796966553,132664000,NFLX
2014-07-18,6.297286033630371,6.347143173217773,6.224999904632568,6.345285892486572,117607000,NFLX
2014-07-21,6.452713966369629,6.535714149475098,6.394570827484131,6.4564290046691895,346710000,NFLX
2014-07-22,6.328286170959473,6.352428913116455,6.072286128997803,6.158429145812988,571746000,NFLX
2014-07-23,6.148714065551758,6.220142841339111,6.0929999351501465,6.112856864929199,172676000,NFLX
2014-07-24,6.1352858543396,6.145856857299805,5.986000061035156,6.076857089996338,186214000,NFLX
2014-07-25,6.0714287757873535,6.116714000701904,6.005713939666748,6.026570796966553,116102000,NFLX
2014-07-28,6.031570911407471,6.084428787231445,5.978857040405273,6.066571235656738,119609000,NFLX
2014-07-29,6.045856952667236,6.119856834411621,6.045856952667236,6.061142921447754,92820000,NFLX
2014-07-30,6.067856788635254,6.218429088592529,6.06157112121582,6.205142974853516,152635000,NFLX
2014-07-31,6.146571159362793,6.185286045074463,6.018428802490234,6.0388569831848145,138201000,NFLX
2014-08-01,6.025143146514893,6.110428810119629,5.89300012588501,6.07714319229126,189476000,NFLX
2014-08-04,6.1028571128845215,6.142857074737549,6.011143207550049,6.038570880889893,106869000,NFLX
2014-08-05,6.018570899963379,6.114285945892334,6.004428863525391,6.040713787078857,106533000,NFLX
2014-08-06,6.014286041259766,6.212856769561768,6.007856845855713,6.1471428871154785,158354000,NFLX
2014-08-07,6.218571186065674,6.427856922149658,6.207857131958008,6.42385721206665,273133000,NFLX
2014-08-08,6.431428909301758,6.442429065704346,6.315000057220459,6.369286060333252,154952000,NFLX
2014-08-11,6.417428970336914,6.5378570556640625,6.41014289855957,6.450571060180664,132468000,NFLX
2014-08-12,6.447856903076172,6.471428871154785,6.334428787231445,6.377285957336426,108451000,NFLX
2014-08-13,6.408570766448975,6.488856792449951,6.383142948150635,6.4504289627075195,90580000,NFLX
2014-08-14,6.460143089294434,6.5,6.403142929077148,6.440999984741211,66766000,NFLX
2014-08-15,6.449857234954834,6.599999904632568,6.408570766448975,6.558428764343262,220367000,NFLX
2014-08-18,6.600856781005859,6.7071428298950195,6.589285850524902,6.6571431159973145,134960000,NFLX
2014-08-19,6.6727142333984375,6.721428871154785,6.606142997741699,6.687857151031494,108976000,NFLX
2014-08-20,6.67142915725708,6.767857074737549,6.636285781860352,6.745571136474609,121639000,NFLX
2014-08-21,6.732571125030518,6.802143096923828,6.681000232696533,6.743570804595947,117467000,NFLX
2014-08-22,6.7277140617370605,6.850714206695557,6.715000152587891,6.845571041107178,137354000,NFLX
2014-08-25,6.87928581237793,6.932857036590576,6.82185697555542,6.870429039001465,134848000,NFLX
2014-08-26,6.835713863372803,6.883571147918701,6.779285907745361,6.8480000495910645,101374000,NFLX
2014-08-27,6.848570823669434,6.860713958740234,6.766142845153809,6.781428813934326,103943000,NFLX
2014-08-28,6.752142906188965,6.82114315032959,6.725856781005859,6.7887139320373535,75845000,NFLX
2014-08-29,6.812142848968506,6.864285945892334,6.773428916931152,6.823429107666016,98385000,NFLX
2014-09-02,6.835713863372803,6.83985710144043,6.779857158660889,6.808570861816406,88067000,NFLX
2014-09-03,6.8645710945129395,6.965713977813721,6.807570934295654,6.819857120513916,162190000,NFLX
2014-09-04,6.844429016113281,6.881286144256592,6.74471378326416,6.752429008483887,119588000,NFLX
2014-09-05,6.7604289054870605,6.819285869598389,6.715285778045654,6.795429229736328,119532000,NFLX
2014-09-08,6.7771430015563965,6.865714073181152,6.774285793304443,6.847570896148682,76685000,NFLX
2014-09-09,6.947143077850342,6.989857196807861,6.805714130401611,6.8429999351501465,197379000,NFLX
2014-09-10,6.860000133514404,6.925000190734863,6.814857006072998,6.919857025146484,91049000,NFLX
2014-09-11,6.893857002258301,6.919428825378418,6.852428913116455,6.879428863525391,78652000,NFLX
2014-09-12,6.909286022186279,6.927000045776367,6.801713943481445,6.807857036590576,134253000,NFLX
2014-09-15,6.822000026702881,6.822000026702881,6.526429176330566,6.539286136627197,206171000,NFLX
2014-09-16,6.40571403503418,6.544857025146484,6.365714073181152,6.527286052703857,268387000,NFLX
2014-09-17,6.527286052703857,6.555285930633545,6.447000026702881,6.4932861328125,121331000,NFLX
2014-09-18,6.535285949707031,6.590857028961182,6.47599983215332,6.557285785675049,106302000,NFLX
2014-09-19,6.585713863372803,6.590428829193115,6.488142967224121,6.535999774932861,119609000,NFLX
2014-09-22,6.518143177032471,6.527856826782227,6.269713878631592,6.3254289627075195,161693000,NFLX
2014-09-23,6.303286075592041,6.400143146514893,6.2928571701049805,6.341429233551025,114716000,NFLX
2014-09-24,6.349429130554199,6.4522857666015625,6.322000026702881,6.43657112121582,95515000,NFLX
2014-09-25,6.427143096923828,6.4621429443359375,6.320285797119141,6.335570812225342,98399000,NFLX
2014-09-26,6.357142925262451,6.437714099884033,6.3412861824035645,6.410714149475098,104048000,NFLX
2014-09-29,6.3438568115234375,6.436285972595215,6.314570903778076,6.422286033630371,95165000,NFLX
2014-09-30,6.461429119110107,6.531285762786865,6.425714015960693,6.445428848266602,124726000,NFLX
2014-10-01,6.409856796264648,6.4285712242126465,6.247000217437744,6.268570899963379,154161000,NFLX
2014-10-02,6.269999980926514,6.435571193695068,6.255428791046143,6.428286075592041,184506000,NFLX
2014-10-03,6.474143028259277,6.579999923706055,6.464428901672363,6.564857006072998,152901000,NFLX
2014-10-06,6.599999904632568,6.674428939819336,6.585713863372803,6.621142864227295,137095000,NFLX
2014-10-07,6.5871429443359375,6.661142826080322,6.514286041259766,6.517857074737549,137592000,NFLX
2014-10-08,6.523571014404297,6.679999828338623,6.448286056518555,6.669428825378418,143325000,NFLX
2014-10-09,6.66614294052124,6.685571193695068,6.56514310836792,6.594571113586426,149282000,NFLX
2014-10-10,6.568571090698242,6.640571117401123,6.449142932891846,6.458285808563232,191107000,NFLX
2014-10-13,6.4464287757873535,6.463857173919678,6.185713768005371,6.2654290199279785,202167000,NFLX
2014-10-14,6.364428997039795,6.456999778747559,6.258999824523926,6.415999889373779,167475000,NFLX
2014-10-15,6.349571228027344,6.44257116317749,6.1454291343688965,6.408429145812988,599277000,NFLX
2014-10-16,4.753285884857178,5.230999946594238,4.728570938110352,5.167142868041992,923048000,NFLX
2014-10-17,5.140142917633057,5.143857002258301,4.878571033477783,5.101285934448242,791609000,NFLX
2014-10-20,5.085713863372803,5.274143218994141,5.079286098480225,5.1317138671875,335293000,NFLX
2014-10-21,5.175142765045166,5.239857196807861,5.077713966369629,5.228428840637207,193655000,NFLX
2014-10-22,5.2712860107421875,5.456857204437256,5.188570976257324,5.352142810821533,321503000,NFLX
2014-10-23,5.435999870300293,5.511000156402588,5.403571128845215,5.4720001220703125,199164000,NFLX
2014-10-24,5.465428829193115,5.528571128845215,5.44014310836792,5.500286102294922,146573000,NFLX
2014-10-27,5.484285831451416,5.492856979370117,5.381429195404053,5.420000076293945,149443000,NFLX
2014-10-28,5.425000190734863,5.526713848114014,5.40500020980835,5.517428874969482,117369000,NFLX
2014-10-29,5.517428874969482,5.52400016784668,5.396714210510254,5.401429176330566,125076000,NFLX
2014-10-30,5.39300012588501,5.461999893188477,5.351428985595703,5.414429187774658,105938000,NFLX
2014-10-31,5.491428852081299,5.625286102294922,5.485713958740234,5.611000061035156,204701000,NFLX
2014-11-03,5.617570877075195,5.6502861976623535,5.501571178436279,5.5487141609191895,175812000,NFLX
2014-11-04,5.527429103851318,5.5321431159973145,5.410999774932861,5.468286037445068,113897000,NFLX
2014-11-05,5.508714199066162,5.540571212768555,5.376999855041504,5.434000015258789,136458000,NFLX
2014-11-06,5.400000095367432,5.504714012145996,5.390714168548584,5.475714206695557,99918000,NFLX
2014-11-07,5.4777140617370605,5.503571033477783,5.4185709953308105,5.48799991607666,93037000,NFLX
2014-11-10,5.471428871154785,5.563570976257324,5.414286136627197,5.532429218292236,97111000,NFLX
2014-11-11,5.532429218292236,5.630000114440918,5.4544291496276855,5.465000152587891,148386000,NFLX
2014-11-12,5.444714069366455,5.513713836669922,5.386285781860352,5.4837141036987305,109585000,NFLX
2014-11-13,5.492286205291748,5.50071382522583,5.393286228179932,5.420143127441406,104902000,NFLX
2014-11-14,5.419713973999023,5.531713962554932,5.408143043518066,5.514856815338135,109886000,NFLX
2014-11-17,5.505428791046143,5.564286231994629,5.439286231994629,5.444857120513916,92253000,NFLX
2014-11-18,5.442856788635254,5.498570919036865,5.436142921447754,5.443285942077637,79212000,NFLX
2014-11-19,5.474429130554199,5.529285907745361,5.180857181549072,5.187142848968506,245154000,NFLX
2014-11-20,5.186999797821045,5.3322858810424805,5.1571431159973145,5.259142875671387,154252000,NFLX
2014-11-21,5.32114315032959,5.3321428298950195,5.135714054107666,5.146856784820557,178780000,NFLX
2014-11-24,5.150856971740723,5.192286014556885,5.07714319229126,5.092429161071777,178640000,NFLX
2014-11-25,5.014571189880371,5.034714221954346,4.914286136627197,4.985570907592773,281008000,NFLX
2014-11-26,5.0154290199279785,5.052713871002197,4.974571228027344,5.016571044921875,100632000,NFLX
2014-11-28,5.051286220550537,5.057143211364746,4.942714214324951,4.9512858390808105,67025000,NFLX
2014-12-01,4.9285712242126465,4.9571428298950195,4.823429107666016,4.882999897003174,119644000,NFLX
2014-12-02,4.87571382522583,5.0477142333984375,4.869143009185791,5.0329999923706055,142716000,NFLX
2014-12-03,5.0221428871154785,5.073143005371094,4.918142795562744,5.073143005371094,138194000,NFLX
2014-12-04,5.0428571701049805,5.1135711669921875,4.990857124328613,5.008571147918701,118538000,NFLX
2014-12-05,5.014713764190674,5.064286231994629,4.973286151885986,5.013143062591553,99302000,NFLX
2014-12-08,4.988142967224121,4.99828577041626,4.828999996185303,4.8497138023376465,136213000,NFLX
2014-12-09,4.7820000648498535,4.933713912963867,4.700285911560059,4.911142826080322,179767000,NFLX
2014-12-10,4.9021430015563965,4.924714088439941,4.766571044921875,4.776000022888184,126448000,NFLX
2014-12-11,4.801286220550537,4.869999885559082,4.765571117401123,4.780428886413574,117691000,NFLX
2014-12-12,4.741714000701904,4.8322858810424805,4.697999954223633,4.778285980224609,135212000,NFLX
2014-12-15,4.80557107925415,4.841856956481934,4.6618571281433105,4.671999931335449,120190000,NFLX
2014-12-16,4.642714023590088,4.706999778747559,4.514286041259766,4.520571231842041,169477000,NFLX
2014-12-17,4.537570953369141,4.78671407699585,4.507713794708252,4.7664289474487305,201929000,NFLX
2014-12-18,4.840000152587891,4.892857074737549,4.723286151885986,4.777429103851318,156394000,NFLX
2014-12-19,4.789999961853027,4.872000217437744,4.762143135070801,4.858857154846191,150479000,NFLX
2014-12-22,4.854286193847656,4.923999786376953,4.774857044219971,4.809713840484619,79940000,NFLX
2014-12-23,4.828713893890381,4.8428568840026855,4.747285842895508,4.806142807006836,82915000,NFLX
2014-12-24,4.807285785675049,4.9070000648498535,4.799857139587402,4.887143135070801,54110000,NFLX
2014-12-26,4.884428977966309,4.948429107666016,4.853428840637207,4.8578572273254395,88473000,NFLX
2014-12-29,4.796999931335449,4.910429000854492,4.765285968780518,4.884714126586914,85883000,NFLX
2014-12-30,4.871428966522217,4.914000034332275,4.853857040405273,4.903285980224609,70112000,NFLX
2014-12-31,4.903285980224609,4.939143180847168,4.878714084625244,4.880143165588379,86275000,NFLX
2015-01-02,4.915143013000488,5.033143043518066,4.873143196105957,4.984857082366943,134750000,NFLX
2015-01-05,4.925857067108154,4.925857067108154,4.714714050292969,4.731142997741699,181650000,NFLX
2015-01-06,4.734714031219482,4.763999938964844,4.566143035888672,4.650143146514893,160377000,NFLX
2015-01-07,4.734714031219482,4.742143154144287,4.627142906188965,4.674285888671875,98497000,NFLX
2015-01-08,4.711999893188477,4.783570766448975,4.647857189178467,4.7779998779296875,96019000,NFLX
2015-01-09,4.763143062591553,4.802000045776367,4.689857006072998,4.704143047332764,95781000,NFLX
2015-01-12,4.709000110626221,4.719857215881348,4.526429176330566,4.554714202880859,129444000,NFLX
2015-01-13,4.602142810821533,4.704856872558594,4.590000152587891,4.625570774078369,187215000,NFLX
2015-01-14,4.7071428298950195,4.736999988555908,4.567999839782715,4.631999969482422,198849000,NFLX
2015-01-15,4.654714107513428,4.6785712242126465,4.584428787231445,4.625143051147461,116690000,NFLX
2015-01-16,4.685713768005371,4.824999809265137,4.638143062591553,4.819142818450928,196966000,NFLX
2015-01-20,4.857142925262451,5.0,4.771429061889648,4.9828572273254395,405510000,NFLX
2015-01-21,5.923429012298584,5.923999786376953,5.741000175476074,5.846857070922852,669025000,NFLX
2015-01-22,5.857142925262451,6.137429237365723,5.7828569412231445,6.120571136474609,333193000,NFLX
2015-01-23,6.0988569259643555,6.274285793304443,6.0881428718566895,6.249429225921631,267841000,NFLX
2015-01-26,6.257143020629883,6.389856815338135,6.195713996887207,6.379428863525391,212688000,NFLX
2015-01-27,6.308713912963867,6.533999919891357,6.304999828338623,6.488142967224121,246127000,NFLX
2015-01-28,6.474143028259277,6.482142925262451,6.308143138885498,6.320857048034668,245329000,NFLX
2015-01-29,6.320428848266602,6.392714023590088,6.25,6.340000152587891,151277000,NFLX
2015-01-30,6.313285827636719,6.398428916931152,6.265571117401123,6.311429023742676,132153000,NFLX
2015-02-02,6.284286022186279,6.3428568840026855,6.195570945739746,6.301000118255615,129906000,NFLX
2015-02-03,6.331999778747559,6.546713829040527,6.2729997634887695,6.527429103851318,164402000,NFLX
2015-02-04,6.504143238067627,6.517428874969482,6.388999938964844,6.41014289855957,124509000,NFLX
2015-02-05,6.454143047332764,6.513856887817383,6.366570949554443,6.413000106811523,142485000,NFLX
2015-02-06,6.425000190734863,6.442856788635254,6.31757116317749,6.3480000495910645,88984000,NFLX
2015-02-09,6.319857120513916,6.378571033477783,6.263713836669922,6.329570770263672,81732000,NFLX
2015-02-10,6.3460001945495605,6.515714168548584,6.310142993927002,6.485000133514404,154189000,NFLX
2015-02-11,6.482999801635742,6.614142894744873,6.455714225769043,6.498428821563721,139531000,NFLX
2015-02-12,6.505856990814209,6.560713768005371,6.445143222808838,6.52471399307251,84644000,NFLX
2015-02-13,6.5428571701049805,6.663000106811523,6.542285919189453,6.658570766448975,129689000,NFLX
2015-02-17,6.651570796966553,6.737143039703369,6.594429016113281,6.713714122772217,111706000,NFLX
2015-02-18,6.7022857666015625,6.807000160217285,6.6645708084106445,6.786571025848389,103166000,NFLX
2015-02-19,6.785714149475098,6.871428966522217,6.757429122924805,6.78000020980835,104321000,NFLX
2015-02-20,6.795000076293945,6.837429046630859,6.763713836669922,6.8314290046691895,94220000,NFLX
2015-02-23,6.829999923706055,6.8314290046691895,6.714285850524902,6.740571022033691,90314000,NFLX
2015-02-24,6.73728609085083,6.808428764343262,6.735570907592773,6.783999919891357,60753000,NFLX
2015-02-25,6.78071403503418,6.879428863525391,6.78071403503418,6.833285808563232,68544000,NFLX
2015-02-26,6.862570762634277,6.949999809265137,6.8429999351501465,6.900428771972656,108528000,NFLX
2015-02-27,6.908143043518066,6.942856788635254,6.781857013702393,6.78442907333374,115164000,NFLX
2015-03-02,6.771429061889648,6.860713958740234,6.723429203033447,6.860713958740234,101871000,NFLX
2015-03-03,6.834428787231445,6.845714092254639,6.75071382522583,6.781570911407471,74263000,NFLX
2015-03-04,6.752999782562256,6.792571067810059,6.6182861328125,6.710999965667725,174538000,NFLX
2015-03-05,6.742856979370117,6.746428966522217,6.642000198364258,6.680714130401611,112448000,NFLX
2015-03-06,6.664286136627197,6.69257116317749,6.484428882598877,6.487429141998291,128884000,NFLX
2015-03-09,6.499000072479248,6.509285926818848,6.2828569412231445,6.366143226623535,189707000,NFLX
2015-03-10,6.301570892333984,6.335143089294434,6.198286056518555,6.215143203735352,179473000,NFLX
2015-03-11,6.223999977111816,6.394000053405762,6.223999977111816,6.288428783416748,163632000,NFLX
2015-03-12,6.334713935852051,6.458285808563232,6.334000110626221,6.404571056365967,146545000,NFLX
2015-03-13,6.390714168548584,6.40571403503418,6.236713886260986,6.262856960296631,101612000,NFLX
2015-03-16,6.154714107513428,6.154714107513428,5.961999893188477,6.028142929077148,267960000,NFLX
2015-03-17,5.971285820007324,6.06942892074585,5.93842887878418,5.978857040405273,184282000,NFLX
2015-03-18,5.9738569259643555,6.065000057220459,5.929999828338623,6.0445709228515625,146349000,NFLX
2015-03-19,6.046000003814697,6.121142864227295,6.025570869445801,6.074429035186768,114499000,NFLX
2015-03-20,6.133714199066162,6.1785712242126465,6.089570999145508,6.118570804595947,136416000,NFLX
2015-03-23,6.089000225067139,6.115571022033691,6.0329999923706055,6.0714287757873535,76643000,NFLX
2015-03-24,6.1135711669921875,6.30985689163208,6.111856937408447,6.261143207550049,168889000,NFLX
2015-03-25,6.268428802490234,6.269143104553223,6.024428844451904,6.025000095367432,216524000,NFLX
2015-03-26,5.962856769561768,6.044713973999023,5.939000129699707,5.975142955780029,160391000,NFLX
2015-03-27,5.933000087738037,5.984714031219482,5.857285976409912,5.925285816192627,158522000,NFLX
2015-03-30,5.97157096862793,6.056428909301758,5.936429023742676,6.03671407699585,132727000,NFLX
2015-03-31,6.011000156402588,6.041999816894531,5.945570945739746,5.952713966369629,142485000,NFLX
2015-04-01,5.964285850524902,5.978570938110352,5.870285987854004,5.901713848114014,146398000,NFLX
2015-04-02,5.9071431159973145,5.960713863372803,5.886143207550049,5.91542911529541,98644000,NFLX
2015-04-06,5.876856803894043,6.044713973999023,5.846428871154785,6.0329999923706055,107303000,NFLX
2015-04-07,6.049714088439941,6.084856986999512,6.00428581237793,6.049428939819336,99771000,NFLX
2015-04-08,6.120142936706543,6.310713768005371,6.118429183959961,6.304999828338623,223279000,NFLX
2015-04-09,6.300000190734863,6.313570976257324,6.211429119110107,6.278571128845215,134554000,NFLX
2015-04-10,6.439713954925537,6.499570846557617,6.394713878631592,6.493856906890869,223671000,NFLX
2015-04-13,6.723999977111816,6.9285712242126465,6.705714225769043,6.7811431884765625,444367000,NFLX
2015-04-14,6.885714054107666,6.914286136627197,6.742143154144287,6.838714122772217,286419000,NFLX
2015-04-15,6.870429039001465,6.870429039001465,6.736429214477539,6.792285919189453,425285000,NFLX
2015-04-16,7.599999904632568,8.125,7.5714287757873535,8.02928638458252,1045009000,NFLX
2015-04-17,7.9778571128845215,8.214285850524902,7.971428871154785,8.164999961853027,583065000,NFLX
2015-04-20,8.178570747375488,8.230428695678711,8.038143157958984,8.105570793151855,307664000,NFLX
2015-04-21,8.123429298400879,8.148428916931152,7.980000019073486,8.006285667419434,159257000,NFLX
2015-04-22,8.021142959594727,8.07128620147705,7.9544291496276855,7.966856956481934,120897000,NFLX
2015-04-23,7.96557092666626,8.034285545349121,7.895571231842041,7.986570835113525,126875000,NFLX
2015-04-24,8.01728630065918,8.080857276916504,7.950714111328125,7.977142810821533,110453000,NFLX
2015-04-27,8.02928638458252,8.178570747375488,8.02299976348877,8.086856842041016,152467000,NFLX
2015-04-28,8.059000015258789,8.127857208251953,7.994429111480713,8.043713569641113,88263000,NFLX
2015-04-29,8.006999969482422,8.105570793151855,7.964428901672363,8.040714263916016,95347000,NFLX
2015-04-30,8.023714065551758,8.083571434020996,7.912428855895996,7.949999809265137,105651000,NFLX
2015-05-01,7.985570907592773,7.996714115142822,7.889429092407227,7.957571029663086,89061000,NFLX
2015-05-04,7.9571428298950195,7.971428871154785,7.889999866485596,7.927143096923828,79674000,NFLX
2015-05-05,8.123856544494629,8.244285583496094,8.075714111328125,8.079285621643066,271166000,NFLX
2015-05-06,8.102856636047363,8.121429443359375,7.95214319229126,8.00771427154541,115045000,NFLX
2015-05-07,8.011428833007812,8.079428672790527,7.945713996887207,8.074856758117676,102207000,NFLX
2015-05-08,8.104143142700195,8.215286254882812,8.096428871154785,8.208571434020996,138285000,NFLX
2015-05-11,8.232428550720215,8.485713958740234,8.218570709228516,8.427857398986816,238826000,NFLX
2015-05-12,8.380857467651367,8.380857467651367,8.299285888671875,8.337714195251465,119070000,NFLX
2015-05-13,8.340429306030273,8.419713973999023,8.269143104553223,8.287285804748535,111559000,NFLX
2015-05-14,8.328571319580078,8.39242935180664,8.232999801635742,8.383570671081543,88984000,NFLX
2015-05-15,8.636428833007812,8.834856986999512,8.575571060180664,8.760713577270508,370531000,NFLX
2015-05-18,8.75442886352539,8.853428840637207,8.702428817749023,8.826713562011719,148120000,NFLX
2015-05-19,8.888856887817383,8.978570938110352,8.781000137329102,8.806857109069824,191016000,NFLX
2015-05-20,8.821429252624512,8.910857200622559,8.736286163330078,8.878999710083008,127568000,NFLX
2015-05-21,8.908143043518066,8.95714282989502,8.818142890930176,8.900285720825195,127673000,NFLX
2015-05-22,8.91785717010498,8.940713882446289,8.869285583496094,8.883856773376465,74662000,NFLX
2015-05-26,8.887429237365723,8.906143188476562,8.778571128845215,8.799285888671875,96460000,NFLX
2015-05-27,8.814286231994629,8.990714073181152,8.79285717010498,8.985713958740234,105063000,NFLX
2015-05-28,8.971428871154785,8.985570907592773,8.892999649047852,8.950714111328125,78218000,NFLX
2015-05-29,8.947285652160645,9.020570755004883,8.895570755004883,8.915143013000488,127120000,NFLX
2015-06-01,8.883713722229004,8.912142753601074,8.794428825378418,8.900285720825195,99260000,NFLX
2015-06-02,8.871143341064453,8.967857360839844,8.840571403503418,8.913000106811523,75292000,NFLX
2015-06-03,8.924285888671875,8.973285675048828,8.864429473876953,8.880857467651367,62377000,NFLX
2015-06-04,8.837857246398926,8.942856788635254,8.804286003112793,8.934857368469238,100744000,NFLX
2015-06-05,8.921428680419922,9.053999900817871,8.91257095336914,9.045999526977539,116242000,NFLX
2015-06-08,9.071429252624512,9.081570625305176,8.899571418762207,8.960429191589355,111489000,NFLX
2015-06-09,8.933428764343262,9.271429061889648,8.933428764343262,9.244999885559082,220248000,NFLX
2015-06-10,9.339570999145508,9.897000312805176,9.32257080078125,9.587142944335938,571214000,NFLX
2015-06-11,9.689000129699707,9.69185733795166,9.408714294433594,9.509428977966309,266231000,NFLX
2015-06-12,9.491571426391602,9.534285545349121,9.412428855895996,9.44185733795166,102788000,NFLX
2015-06-15,9.285714149475098,9.359143257141113,9.165857315063477,9.343143463134766,190540000,NFLX
2015-06-16,9.424285888671875,9.560713768005371,9.369142532348633,9.5272855758667,160433000,NFLX
2015-06-17,9.513285636901855,9.513285636901855,9.395713806152344,9.427143096923828,99050000,NFLX
2015-06-18,9.465143203735352,9.534143447875977,9.436857223510742,9.474286079406738,89628000,NFLX
2015-06-19,9.624285697937012,9.641857147216797,9.382143020629883,9.3871431350708,198149000,NFLX
2015-06-22,9.50428581237793,9.669285774230957,9.418856620788574,9.64142894744873,167328000,NFLX
2015-06-23,9.633570671081543,9.73900032043457,9.574999809265137,9.73128604888916,156261000,NFLX
2015-06-24,10.001428604125977,10.089142799377441,9.639714241027832,9.694429397583008,771386000,NFLX
2015-06-25,9.54814338684082,9.600000381469727,9.345856666564941,9.489143371582031,416234000,NFLX
2015-06-26,9.529999732971191,9.531429290771484,9.308856964111328,9.308856964111328,303149000,NFLX
2015-06-29,9.1505708694458,9.29128646850586,9.111714363098145,9.223142623901367,245756000,NFLX
2015-06-30,9.335714340209961,9.43557071685791,9.278571128845215,9.384857177734375,168805000,NFLX
2015-07-01,9.480570793151855,9.523857116699219,9.321857452392578,9.363571166992188,146993000,NFLX
2015-07-02,9.399856567382812,9.419857025146484,9.321429252624512,9.40442943572998,110530000,NFLX
2015-07-06,9.347286224365234,9.492856979370117,9.333999633789062,9.45714282989502,118083000,NFLX
2015-07-07,9.501285552978516,9.54271411895752,9.262286186218262,9.409143447875977,215733000,NFLX
2015-07-08,9.347143173217773,9.399571418762207,9.228428840637207,9.350713729858398,129906000,NFLX
2015-07-09,9.489999771118164,9.58457088470459,9.428570747375488,9.572713851928711,167314000,NFLX
2015-07-10,9.752285957336426,9.850285530090332,9.6899995803833,9.722857475280762,216363000,NFLX
2015-07-13,9.809857368469238,10.230856895446777,9.807856559753418,10.10871410369873,332052000,NFLX
2015-07-14,10.127142906188965,10.16357135772705,9.965286254882812,10.037142753601074,197365000,NFLX
2015-07-15,9.996999740600586,10.074999809265137,9.704999923706055,9.812999725341797,308986000,NFLX
2015-07-16,11.10200023651123,11.64900016784668,10.767999649047852,11.581000328063965,634610000,NFLX
2015-07-17,11.734000205993652,11.788000106811523,11.423999786376953,11.47700023651123,251369000,NFLX
2015-07-20,11.470000267028809,11.470000267028809,11.013999938964844,11.055000305175781,226769000,NFLX
2015-07-21,11.020999908447266,11.371000289916992,10.932000160217285,11.25100040435791,140854000,NFLX
2015-07-22,11.21399974822998,11.387999534606934,11.055999755859375,11.149999618530273,105005000,NFLX
2015-07-23,11.090999603271484,11.218000411987305,10.984000205993652,11.010000228881836,83068000,NFLX
2015-07-24,11.154999732971191,11.168000221252441,10.890000343322754,10.934000015258789,81251000,NFLX
2015-07-27,10.779000282287598,10.986000061035156,10.625,10.642999649047852,113026000,NFLX
2015-07-28,10.729000091552734,10.793999671936035,10.387999534606934,10.6899995803833,111559000,NFLX
2015-07-29,10.682999610900879,10.774999618530273,10.539999961853027,10.708000183105469,66956000,NFLX
2015-07-30,10.640000343322754,11.1899995803833,10.539999961853027,11.156000137329102,142292000,NFLX
2015-07-31,11.194999694824219,11.5,11.114999771118164,11.430999755859375,163491000,NFLX
2015-08-03,11.460000038146973,11.460000038146973,11.178000450134277,11.255999565124512,101448000,NFLX
2015-08-04,11.3149995803833,12.279000282287598,11.300000190734863,12.114999771118164,296533000,NFLX
2015-08-05,12.562000274658203,12.928999900817871,12.270999908447266,12.371000289916992,269465000,NFLX
2015-08-06,12.628999710083008,12.885000228881836,12.204000473022461,12.645000457763672,247167000,NFLX
2015-08-07,12.642000198364258,12.65999984741211,12.130000114440918,12.35200023651123,173607000,NFLX
2015-08-10,12.609000205993652,12.649999618530273,12.151000022888184,12.303000450134277,134246000,NFLX
2015-08-11,12.00100040435791,12.37600040435791,12.0,12.27400016784668,115968000,NFLX
2015-08-12,12.147000312805176,12.244999885559082,11.866000175476074,12.050999641418457,138225000,NFLX
2015-08-13,12.098999977111816,12.572999954223633,11.934000015258789,12.373000144958496,152844000,NFLX
2015-08-14,12.496000289916992,12.5,12.300000190734863,12.33899974822998,86677000,NFLX
2015-08-17,12.314000129699707,12.569999694824219,12.258999824523926,12.53600025177002,92338000,NFLX
2015-08-18,12.526000022888184,12.675000190734863,12.354999542236328,12.404999732971191,93820000,NFLX
2015-08-19,12.350000381469727,12.369999885559082,12.149999618530273,12.206000328063965,101153000,NFLX
2015-08-20,11.979999542236328,12.145000457763672,11.133999824523926,11.24899959564209,280453000,NFLX
2015-08-21,10.619999885559082,11.0,10.274999618530273,10.395999908447266,332283000,NFLX
2015-08-24,8.875,10.963000297546387,8.550000190734863,9.687999725341797,599519000,NFLX
2015-08-25,10.774999618530273,10.788000106811523,10.149999618530273,10.152000427246094,376207000,NFLX
2015-08-26,10.71500015258789,11.027999877929688,10.20199966430664,11.012999534606934,361646000,NFLX
2015-08-27,11.494000434875488,11.824999809265137,11.302000045776367,11.765999794006348,370561000,NFLX
2015-08-28,11.635000228881836,11.9350004196167,11.588000297546387,11.762999534606934,202402000,NFLX
2015-08-31,11.52400016784668,11.699999809265137,11.37600040435791,11.503000259399414,170056000,NFLX
2015-09-01,10.9350004196167,11.12399959564209,10.381999969482422,10.579000473022461,359771000,NFLX
2015-09-02,10.930999755859375,10.949999809265137,10.029999732971191,10.543999671936035,398433000,NFLX
2015-09-03,10.269000053405762,10.416999816894531,10.01099967956543,10.105999946594238,295467000,NFLX
2015-09-04,9.805000305175781,9.993000030517578,9.734000205993652,9.878999710083008,242120000,NFLX
2015-09-08,10.208000183105469,10.25,9.354999542236328,9.494999885559082,434797000,NFLX
2015-09-09,9.651000022888184,10.279000282287598,9.552000045776367,9.918000221252441,355244000,NFLX
2015-09-10,9.942000389099121,10.085000038146973,9.678000450134277,9.947999954223633,210319000,NFLX
2015-09-11,9.857000350952148,10.085000038146973,9.722999572753906,9.75100040435791,173739000,NFLX
2015-09-14,9.684000015258789,9.791000366210938,9.432999610900879,9.569000244140625,155460000,NFLX
2015-09-15,9.522000312805176,9.96500015258789,9.361000061035156,9.916000366210938,225911000,NFLX
2015-09-16,9.970000267028809,10.447999954223633,9.932999610900879,10.407999992370605,280582000,NFLX
2015-09-17,10.366999626159668,10.75,10.182999610900879,10.420999526977539,258177000,NFLX
2015-09-18,10.199999809265137,10.435999870300293,10.071000099182129,10.26200008392334,217150000,NFLX
2015-09-21,10.329999923706055,10.376999855041504,9.956000328063965,10.029999732971191,179006000,NFLX
2015-09-22,9.829000473022461,9.989999771118164,9.699999809265137,9.847000122070312,167179000,NFLX
2015-09-23,9.859999656677246,9.973999977111816,9.765999794006348,9.807000160217285,102645000,NFLX
2015-09-24,9.711000442504883,10.399999618530273,9.678000450134277,10.37600040435791,212745000,NFLX
2015-09-25,10.529999732971191,10.545000076293945,10.156999588012695,10.223999977111816,190666000,NFLX
2015-09-28,10.156999588012695,10.333000183105469,9.784000396728516,9.946999549865723,170266000,NFLX
2015-09-29,9.963000297546387,10.062999725341797,9.6850004196167,9.835000038146973,174059000,NFLX
2015-09-30,9.991000175476074,10.345999717712402,9.904999732971191,10.326000213623047,170276000,NFLX
2015-10-01,10.291000366210938,10.611000061035156,10.112000465393066,10.597999572753906,174269000,NFLX
2015-10-02,10.300999641418457,10.687000274658203,10.145000457763672,10.611000061035156,215267000,NFLX
2015-10-05,10.748000144958496,11.227999687194824,10.576000213623047,11.125,211579000,NFLX
2015-10-06,11.032999992370605,11.225000381469727,10.564000129699707,10.833000183105469,206298000,NFLX
2015-10-07,10.883999824523926,10.977999687194824,10.675000190734863,10.8100004196167,123295000,NFLX
2015-10-08,10.793999671936035,11.505000114440918,10.260000228881836,11.493000030517578,428319000,NFLX
2015-10-09,11.41100025177002,11.583000183105469,11.244000434875488,11.333000183105469,224552000,NFLX
2015-10-12,11.444999694824219,11.541999816894531,11.236000061035156,11.345000267028809,126245000,NFLX
2015-10-13,11.28499984741211,11.371999740600586,10.878000259399414,10.972999572753906,175121000,NFLX
2015-10-14,11.149999618530273,11.163000106811523,10.805000305175781,11.02299976348877,332315000,NFLX
2015-10-15,10.376999855041504,10.48799991607666,9.90999984741211,10.109000205993652,484843000,NFLX
2015-10-16,10.020999908447266,10.164999961853027,9.840999603271484,9.89900016784668,213405000,NFLX
2015-10-19,9.807000160217285,10.362000465393066,9.62600040435791,10.168999671936035,299647000,NFLX
2015-10-20,10.105999946594238,10.211000442504883,9.758000373840332,9.89900016784668,173456000,NFLX
2015-10-21,9.967000007629395,10.034000396728516,9.701000213623047,9.795999526977539,137285000,NFLX
2015-10-22,9.807000160217285,9.993000030517578,9.685999870300293,9.732000350952148,127868000,NFLX
2015-10-23,9.76099967956543,10.156000137329102,9.72700023651123,10.003999710083008,180199000,NFLX
2015-10-26,10.005000114440918,10.331000328063965,9.937999725341797,10.303999900817871,122348000,NFLX
2015-10-27,10.258000373840332,10.472000122070312,10.123000144958496,10.307000160217285,120664000,NFLX
2015-10-28,10.289999961853027,10.621000289916992,10.206000328063965,10.579999923706055,130940000,NFLX
2015-10-29,10.5,10.690999984741211,10.475000381469727,10.51200008392334,98414000,NFLX
2015-10-30,10.51200008392334,11.010000228881836,10.489999771118164,10.838000297546387,155715000,NFLX
2015-11-02,10.920000076293945,10.937000274658203,10.630000114440918,10.763999938964844,117846000,NFLX
2015-11-03,10.736000061035156,11.104999542236328,10.723999977111816,10.973999977111816,124841000,NFLX
2015-11-04,11.03600025177002,11.428000450134277,10.939000129699707,11.404999732971191,175050000,NFLX
2015-11-05,11.375,11.567999839782715,11.17199993133545,11.350000381469727,138149000,NFLX
2015-11-06,11.33899974822998,11.479999542236328,11.204999923706055,11.406000137329102,109366000,NFLX
2015-11-09,11.336000442504883,11.399999618530273,10.86400032043457,10.986000061035156,161546000,NFLX
2015-11-10,10.88599967956543,11.284000396728516,10.800999641418457,11.270000457763672,111664000,NFLX
2015-11-11,11.307999610900879,11.461000442504883,11.140999794006348,11.28600025177002,110392000,NFLX
2015-11-12,11.251999855041504,11.524999618530273,10.819999694824219,10.892000198364258,175682000,NFLX
2015-11-13,10.833999633789062,10.906999588012695,10.32699966430664,10.364999771118164,188194000,NFLX
2015-11-16,10.29699993133545,11.164999961853027,10.185999870300293,11.135000228881836,198662000,NFLX
2015-11-17,11.211000442504883,11.878999710083008,11.170000076293945,11.710000038146973,330163000,NFLX
2015-11-18,11.793999671936035,12.100000381469727,11.609999656677246,12.062999725341797,233536000,NFLX
2015-11-19,12.024999618530273,12.312999725341797,11.961000442504883,12.022000312805176,192532000,NFLX
2015-11-20,12.085000038146973,12.406999588012695,11.920999526977539,12.383999824523926,179770000,NFLX
2015-11-23,12.430000305175781,12.619999885559082,12.166000366210938,12.503000259399414,157270000,NFLX
2015-11-24,12.366999626159668,12.465999603271484,12.003000259399414,12.331000328063965,183353000,NFLX
2015-11-25,12.42300033569336,12.520000457763672,12.236000061035156,12.416000366210938,109807000,NFLX
2015-11-27,12.385000228881836,12.638999938964844,12.359000205993652,12.543999671936035,66455000,NFLX
2015-11-30,12.602999687194824,12.65999984741211,12.288999557495117,12.333000183105469,138940000,NFLX
2015-12-01,12.446999549865723,12.557000160217285,12.241999626159668,12.536999702453613,125508000,NFLX
2015-12-02,12.553000450134277,13.135000228881836,12.493000030517578,12.892999649047852,241057000,NFLX
2015-12-03,12.961999893188477,13.220000267028809,12.638999938964844,12.680999755859375,266473000,NFLX
2015-12-04,12.699999809265137,13.098999977111816,12.574999809265137,13.093000411987305,202504000,NFLX
2015-12-07,13.119000434875488,13.32699966430664,12.274999618530273,12.53600025177002,233516000,NFLX
2015-12-08,12.151000022888184,12.824000358581543,12.109999656677246,12.697999954223633,185911000,NFLX
2015-12-09,12.770000457763672,12.878000259399414,12.232999801635742,12.420000076293945,177888000,NFLX
2015-12-10,12.449999809265137,12.520999908447266,12.161999702453613,12.291000366210938,134741000,NFLX
2015-12-11,12.145000457763672,12.300000190734863,11.859999656677246,11.890999794006348,161053000,NFLX
2015-12-14,11.97700023651123,12.09000015258789,11.465999603271484,12.067000389099121,186793000,NFLX
2015-12-15,12.192999839782715,12.329999923706055,11.854000091552734,11.859999656677246,117600000,NFLX
2015-12-16,11.979999542236328,12.300000190734863,11.809000015258789,12.263999938964844,131810000,NFLX
2015-12-17,12.397000312805176,12.635000228881836,12.241999626159668,12.25100040435791,172849000,NFLX
2015-12-18,12.085000038146973,12.218999862670898,11.791999816894531,11.802000045776367,179481000,NFLX
2015-12-21,11.951000213623047,11.958999633789062,11.565999984741211,11.663000106811523,116700000,NFLX
2015-12-22,11.729999542236328,11.743000030517578,11.486000061035156,11.62399959564209,96890000,NFLX
2015-12-23,11.690999984741211,11.855999946594238,11.57800006866455,11.815999984741211,93243000,NFLX
2015-12-24,11.821999549865723,11.880000114440918,11.729999542236328,11.732999801635742,35313000,NFLX
2015-12-28,11.72599983215332,11.734999656677246,11.385000228881836,11.711000442504883,84243000,NFLX
2015-12-29,11.819000244140625,11.960000038146973,11.692000389099121,11.911999702453613,81592000,NFLX
2015-12-30,11.895000457763672,11.902000427246094,11.642999649047852,11.670999526977539,81497000,NFLX
2015-12-31,11.621000289916992,11.746000289916992,11.428000450134277,11.437999725341797,92730000,NFLX
2016-01-04,10.899999618530273,11.0,10.520999908447266,10.996000289916992,207948000,NFLX
2016-01-05,11.045000076293945,11.057999610900879,10.585000038146973,10.765999794006348,176646000,NFLX
2016-01-06,10.529000282287598,11.791000366210938,10.496000289916992,11.767999649047852,330457000,NFLX
2016-01-07,11.63599967956543,12.218000411987305,11.229000091552734,11.456000328063965,336367000,NFLX
2016-01-08,11.633000373840332,11.772000312805176,11.109999656677246,11.138999938964844,180671000,NFLX
2016-01-11,11.213000297546387,11.678999900817871,11.119999885559082,11.496999740600586,219204000,NFLX
2016-01-12,11.611000061035156,11.777999877929688,11.508000373840332,11.657999992370605,151335000,NFLX
2016-01-13,11.442999839782715,11.447999954223633,10.45300006866455,10.656000137329102,249216000,NFLX
2016-01-14,10.5649995803833,10.925000190734863,10.121000289916992,10.706000328063965,236648000,NFLX
2016-01-15,10.243000030517578,10.550000190734863,10.17199993133545,10.404000282287598,197751000,NFLX
2016-01-19,10.656999588012695,11.013999938964844,10.555000305175781,10.788999557495117,357228000,NFLX
2016-01-20,10.890999794006348,10.99899959564209,9.704999923706055,10.77400016784668,530094000,NFLX
2016-01-21,10.831999778747559,10.85099983215332,10.210000038146973,10.234999656677246,310275000,NFLX
2016-01-22,10.472000122070312,10.49899959564209,9.92199993133545,10.071999549865723,268218000,NFLX
2016-01-25,9.977999687194824,10.267999649047852,9.899999618530273,9.911999702453613,203211000,NFLX
2016-01-26,9.973999977111816,10.055000305175781,9.484999656677246,9.782999992370605,220839000,NFLX
2016-01-27,9.66100025177002,9.78499984741211,9.059000015258789,9.114999771118164,255562000,NFLX
2016-01-28,9.383999824523926,9.524999618530273,9.01099967956543,9.440999984741211,245623000,NFLX
2016-01-29,9.199999809265137,9.439000129699707,9.062999725341797,9.184000015258789,204639000,NFLX
2016-02-01,9.178999900817871,9.718000411987305,9.130000114440918,9.409000396728516,196845000,NFLX
2016-02-02,9.553999900817871,9.664999961853027,9.072999954223633,9.14900016784668,219065000,NFLX
2016-02-03,9.241000175476074,9.269000053405762,8.61400032043457,9.074000358581543,274660000,NFLX
2016-02-04,8.949999809265137,9.125,8.654000282287598,8.970999717712402,191086000,NFLX
2016-02-05,8.822999954223633,8.895000457763672,8.185999870300293,8.279000282287598,259293000,NFLX
2016-02-08,8.057000160217285,8.470000267028809,7.994999885559082,8.331999778747559,250356000,NFLX
2016-02-09,8.175000190734863,8.84000015258789,8.154999732971191,8.61299991607666,258929000,NFLX
2016-02-10,8.899999618530273,9.220999717712402,8.741999626159668,8.845000267028809,231465000,NFLX
2016-02-11,8.741999626159668,8.83899974822998,8.291000366210938,8.635000228881836,218203000,NFLX
2016-02-12,8.663999557495117,8.972000122070312,8.526000022888184,8.739999771118164,190677000,NFLX
2016-02-16,8.899999618530273,9.013999938964844,8.753999710083008,8.904999732971191,163566000,NFLX
2016-02-17,9.012999534606934,9.47700023651123,8.96399974822998,9.47599983215332,183238000,NFLX
2016-02-18,9.479999542236328,9.489999771118164,9.031000137329102,9.048999786376953,176953000,NFLX
2016-02-19,8.998000144958496,9.140000343322754,8.803000450134277,8.92300033569336,142592000,NFLX
2016-02-22,9.074999809265137,9.310999870300293,8.829999923706055,9.192999839782715,163218000,NFLX
2016-02-23,9.140000343322754,9.24899959564209,8.904999732971191,8.911999702453613,127444000,NFLX
2016-02-24,8.850000381469727,9.175999641418457,8.670000076293945,9.16100025177002,159728000,NFLX
2016-02-25,9.107999801635742,9.480999946594238,9.020999908447266,9.45300006866455,178988000,NFLX
2016-02-26,9.529999732971191,9.748000144958496,9.425000190734863,9.479000091552734,169752000,NFLX
2016-02-29,9.480999946594238,9.720000267028809,9.333999633789062,9.340999603271484,136631000,NFLX
2016-03-01,9.458000183105469,9.916000366210938,9.361000061035156,9.829999923706055,170488000,NFLX
2016-03-02,9.800999641418457,9.947999954223633,9.59000015258789,9.76099967956543,191028000,NFLX
2016-03-03,9.782999992370605,9.835000038146973,9.538999557495117,9.793000221252441,153209000,NFLX
2016-03-04,9.87600040435791,10.222000122070312,9.831999778747559,10.157999992370605,234146000,NFLX
2016-03-07,10.100000381469727,10.178999900817871,9.524999618530273,9.548999786376953,238552000,NFLX
2016-03-08,9.5,9.82800006866455,9.449999809265137,9.623000144958496,147970000,NFLX
2016-03-09,9.682000160217285,9.836999893188477,9.5,9.800000190734863,122987000,NFLX
2016-03-10,9.817999839782715,9.973999977111816,9.545000076293945,9.736000061035156,170021000,NFLX
2016-03-11,9.951000213623047,9.960000038146973,9.604999542236328,9.765999794006348,151143000,NFLX
2016-03-14,9.720000267028809,9.942000389099121,9.717000007629395,9.812999725341797,112519000,NFLX
2016-03-15,9.786999702453613,9.85099983215332,9.642999649047852,9.78600025177002,96918000,NFLX
2016-03-16,9.753000259399414,9.972999572753906,9.75,9.9350004196167,126305000,NFLX
2016-03-17,9.904999732971191,10.138999938964844,9.899999618530273,9.972000122070312,138250000,NFLX
2016-03-18,10.050000190734863,10.241000175476074,10.00100040435791,10.112000465393066,154535000,NFLX
2016-03-21,10.114999771118164,10.210000038146973,9.949999809265137,10.105999946594238,95785000,NFLX
2016-03-22,10.04800033569336,10.152000427246094,9.920000076293945,9.984000205993652,90699000,NFLX
2016-03-23,9.975000381469727,10.038999557495117,9.880999565124512,9.958999633789062,83135000,NFLX
2016-03-24,9.86400032043457,9.885000228881836,9.706999778747559,9.836000442504883,106711000,NFLX
2016-03-28,9.833999633789062,10.144000053405762,9.781999588012695,10.121000289916992,124322000,NFLX
2016-03-29,10.107999801635742,10.432999610900879,10.100000381469727,10.413000106811523,160089000,NFLX
2016-03-30,10.46500015258789,10.491000175476074,10.14799976348877,10.218999862670898,147050000,NFLX
2016-03-31,10.243000030517578,10.352999687194824,10.104999542236328,10.222999572753906,97475000,NFLX
2016-04-01,10.293000221252441,10.579000473022461,10.246999740600586,10.569999694824219,141824000,NFLX
2016-04-04,10.59000015258789,10.592000007629395,10.319999694824219,10.4350004196167,109404000,NFLX
2016-04-05,10.347000122070312,10.574999809265137,10.324999809265137,10.494000434875488,100609000,NFLX
2016-04-06,10.529999732971191,10.644000053405762,10.425000190734863,10.482999801635742,96058000,NFLX
2016-04-07,10.430999755859375,10.644000053405762,10.359999656677246,10.444999694824219,107749000,NFLX
2016-04-08,10.51200008392334,10.532999992370605,10.281999588012695,10.380999565124512,78576000,NFLX
2016-04-11,10.404000282287598,10.498000144958496,10.26200008392334,10.267999649047852,74513000,NFLX
2016-04-12,10.3149995803833,10.722000122070312,10.220999717712402,10.697999954223633,124370000,NFLX
2016-04-13,10.800000190734863,11.128000259399414,10.788000106811523,10.96500015258789,167017000,NFLX
2016-04-14,11.00100040435791,11.163999557495117,10.914999961853027,11.041999816894531,95537000,NFLX
2016-04-15,11.064000129699707,11.1850004196167,10.977999687194824,11.151000022888184,117461000,NFLX
2016-04-18,10.989999771118164,11.069999694824219,10.60200023651123,10.84000015258789,328164000,NFLX
2016-04-19,9.949000358581543,10.13700008392334,9.420000076293945,9.434000015258789,557288000,NFLX
2016-04-20,9.434000015258789,9.697999954223633,9.314000129699707,9.677000045776367,266135000,NFLX
2016-04-21,9.730999946594238,9.73799991607666,9.477999687194824,9.498000144958496,199194000,NFLX
2016-04-22,9.484999656677246,9.668999671936035,9.420999526977539,9.59000015258789,158063000,NFLX
2016-04-25,9.569999694824219,9.574999809265137,9.279999732971191,9.355999946594238,149854000,NFLX
2016-04-26,9.350000381469727,9.354999542236328,9.125,9.243000030517578,153309000,NFLX
2016-04-27,9.218000411987305,9.25,9.020999908447266,9.104000091552734,122189000,NFLX
2016-04-28,9.149999618530273,9.267000198364258,9.008999824523926,9.027999877929688,114749000,NFLX
2016-04-29,9.050000190734863,9.055999755859375,8.821000099182129,9.003000259399414,139680000,NFLX
2016-05-02,9.041000366210938,9.321999549865723,8.98900032043457,9.310999870300293,125470000,NFLX
2016-05-03,9.208000183105469,9.324999809265137,9.130000114440918,9.154000282287598,105939000,NFLX
2016-05-04,9.100000381469727,9.215999603271484,9.03499984741211,9.079000473022461,73947000,NFLX
2016-05-05,9.090999603271484,9.208000183105469,8.925000190734863,8.937000274658203,103685000,NFLX
2016-05-06,8.883000373840332,9.088000297546387,8.810999870300293,9.083999633789062,104339000,NFLX
2016-05-09,9.072999954223633,9.182999610900879,8.989999771118164,9.053999900817871,95437000,NFLX
2016-05-10,9.11400032043457,9.324999809265137,9.109000205993652,9.288999557495117,111759000,NFLX
2016-05-11,9.239999771118164,9.258999824523926,8.989999771118164,9.001999855041504,116929000,NFLX
2016-05-12,9.031999588012695,9.041000366210938,8.574000358581543,8.77400016784668,204081000,NFLX
2016-05-13,8.73900032043457,8.859000205993652,8.62600040435791,8.788000106811523,115714000,NFLX
2016-05-16,8.755999565124512,9.0,8.614999771118164,8.911999702453613,112478000,NFLX
2016-05-17,8.899999618530273,9.086999893188477,8.817000389099121,8.86299991607666,115713000,NFLX
2016-05-18,8.824999809265137,9.17199993133545,8.824999809265137,9.050000190734863,139118000,NFLX
2016-05-19,9.015999794006348,9.126999855041504,8.829999923706055,8.954999923706055,114503000,NFLX
2016-05-20,9.008000373840332,9.32800006866455,8.998000144958496,9.24899959564209,150630000,NFLX
2016-05-23,9.29800033569336,9.529000282287598,9.28499984741211,9.48900032043457,139923000,NFLX
2016-05-24,9.597999572753906,9.913999557495117,9.574999809265137,9.788999557495117,212460000,NFLX
2016-05-25,9.899999618530273,10.031000137329102,9.829999923706055,10.020000457763672,151429000,NFLX
2016-05-26,10.321000099182129,10.399999618530273,10.137999534606934,10.281000137329102,178247000,NFLX
2016-05-27,10.244000434875488,10.350000381469727,10.144000053405762,10.329999923706055,90921000,NFLX
2016-05-31,10.295000076293945,10.345000267028809,10.213000297546387,10.256999969482422,87257000,NFLX
2016-06-01,10.149999618530273,10.192000389099121,10.015999794006348,10.151000022888184,83934000,NFLX
2016-06-02,10.138999938964844,10.21500015258789,10.07699966430664,10.125,79924000,NFLX
2016-06-03,10.098999977111816,10.100000381469727,9.852999687194824,9.958999633789062,92240000,NFLX
2016-06-06,10.029000282287598,10.107000350952148,9.972000122070312,10.074000358581543,68281000,NFLX
2016-06-07,10.119999885559082,10.163000106811523,9.97700023651123,9.98900032043457,64747000,NFLX
2016-06-08,10.001999855041504,10.027999877929688,9.760000228881836,9.78600025177002,94239000,NFLX
2016-06-09,9.722000122070312,9.843000411987305,9.666000366210938,9.708999633789062,89238000,NFLX
2016-06-10,9.48799991607666,9.53499984741211,9.32800006866455,9.375,129079000,NFLX
2016-06-13,9.501999855041504,9.720000267028809,9.362000465393066,9.385000228881836,134843000,NFLX
2016-06-14,9.416000366210938,9.579999923706055,9.32699966430664,9.411999702453613,94804000,NFLX
2016-06-15,9.461000442504883,9.545999526977539,9.350000381469727,9.428999900817871,76754000,NFLX
2016-06-16,9.418000221252441,9.555999755859375,9.324999809265137,9.543999671936035,75508000,NFLX
2016-06-17,9.574999809265137,9.57699966430664,9.420000076293945,9.444999694824219,80468000,NFLX
2016-06-20,9.522000312805176,9.588000297546387,9.364999771118164,9.380000114440918,90264000,NFLX
2016-06-21,9.38700008392334,9.387999534606934,9.07699966430664,9.098999977111816,151997000,NFLX
2016-06-22,9.07800006866455,9.197999954223633,8.97700023651123,9.00100040435791,94547000,NFLX
2016-06-23,9.062000274658203,9.168000221252441,8.8149995803833,9.166000366210938,108190000,NFLX
2016-06-24,8.753000259399414,9.048999786376953,8.720999717712402,8.843999862670898,112486000,NFLX
2016-06-27,8.788000106811523,8.800000190734863,8.480999946594238,8.532999992370605,137305000,NFLX
2016-06-28,8.741000175476074,8.887999534606934,8.640999794006348,8.79699993133545,115456000,NFLX
2016-06-29,8.967000007629395,9.196999549865723,8.869999885559082,9.105999946594238,116871000,NFLX
2016-06-30,9.090999603271484,9.17199993133545,8.989999771118164,9.14799976348877,90990000,NFLX
2016-07-01,9.5,9.699999809265137,9.479999542236328,9.666999816894531,161672000,NFLX
2016-07-05,9.520000457763672,10.126999855041504,9.331000328063965,9.791000366210938,258794000,NFLX
2016-07-06,9.503000259399414,9.600000381469727,9.354999542236328,9.460000038146973,163012000,NFLX
2016-07-07,9.470000267028809,9.538000106811523,9.317999839782715,9.510000228881836,99135000,NFLX
2016-07-08,9.600000381469727,9.741000175476074,9.529999732971191,9.706000328063965,83354000,NFLX
2016-07-11,9.619000434875488,9.687000274658203,9.430000305175781,9.467000007629395,132762000,NFLX
2016-07-12,9.506999969482422,9.67199993133545,9.409000396728516,9.597000122070312,116174000,NFLX
2016-07-13,9.62600040435791,9.67199993133545,9.479999542236328,9.642999649047852,87689000,NFLX
2016-07-14,9.699999809265137,9.82699966430664,9.680000305175781,9.802000045776367,98850000,NFLX
2016-07-15,9.85200023651123,9.869999885559082,9.741000175476074,9.83899974822998,90419000,NFLX
2016-07-18,9.843000411987305,9.984000205993652,9.723999977111816,9.880999565124512,286697000,NFLX
2016-07-19,8.543000221252441,8.675000190734863,8.449999809265137,8.583999633789062,556812000,NFLX
2016-07-20,8.666999816894531,8.848999977111816,8.581999778747559,8.791000366210938,235251000,NFLX
2016-07-21,8.829999923706055,8.838000297546387,8.520999908447266,8.598999977111816,160840000,NFLX
2016-07-22,8.64799976348877,8.649999618530273,8.51099967956543,8.58899974822998,113639000,NFLX
2016-07-25,8.572999954223633,8.786999702453613,8.50100040435791,8.765999794006348,141350000,NFLX
2016-07-26,9.102999687194824,9.3100004196167,9.09000015258789,9.140999794006348,195776000,NFLX
2016-07-27,9.149999618530273,9.206000328063965,9.010000228881836,9.204000473022461,87275000,NFLX
2016-07-28,9.192000389099121,9.220999717712402,9.067999839782715,9.164999961853027,62277000,NFLX
2016-07-29,9.119000434875488,9.175000190734863,9.059000015258789,9.125,69602000,NFLX
2016-08-01,9.123000144958496,9.467000007629395,9.050000190734863,9.437000274658203,106669000,NFLX
2016-08-02,9.399999618530273,9.407999992370605,9.218000411987305,9.355999946594238,98362000,NFLX
2016-08-03,9.32800006866455,9.467000007629395,9.255000114440918,9.3100004196167,70309000,NFLX
2016-08-04,9.319999694824219,9.373000144958496,9.182000160217285,9.343999862670898,60434000,NFLX
2016-08-05,9.376999855041504,9.77400016784668,9.355999946594238,9.70300006866455,183648000,NFLX
2016-08-08,9.590999603271484,9.593000411987305,9.399999618530273,9.51099967956543,101354000,NFLX
2016-08-09,9.51200008392334,9.581000328063965,9.347999572753906,9.39900016784668,91754000,NFLX
2016-08-10,9.4399995803833,9.475000381469727,9.295000076293945,9.392999649047852,65111000,NFLX
2016-08-11,9.460000038146973,9.633000373840332,9.437000274658203,9.58899974822998,85477000,NFLX
2016-08-12,9.553000450134277,9.682999610900879,9.508000373840332,9.659000396728516,65929000,NFLX
2016-08-15,9.682999610900879,9.690999984741211,9.52400016784668,9.531000137329102,73046000,NFLX
2016-08-16,9.519000053405762,9.560999870300293,9.4399995803833,9.51200008392334,63113000,NFLX
2016-08-17,9.494000434875488,9.692999839782715,9.484999656677246,9.63700008392334,83156000,NFLX
2016-08-18,9.597999572753906,9.722000122070312,9.517000198364258,9.616000175476074,72526000,NFLX
2016-08-19,9.604999542236328,9.678000450134277,9.550999641418457,9.586999893188477,69429000,NFLX
2016-08-22,9.567000389099121,9.61299991607666,9.494999885559082,9.526000022888184,58305000,NFLX
2016-08-23,9.567999839782715,9.659000396728516,9.54800033569336,9.593999862670898,52391000,NFLX
2016-08-24,9.61299991607666,9.63599967956543,9.491000175476074,9.517999649047852,62765000,NFLX
2016-08-25,9.637999534606934,9.824999809265137,9.604000091552734,9.732000350952148,108231000,NFLX
2016-08-26,9.732999801635742,9.795000076293945,9.656999588012695,9.758000373840332,66176000,NFLX
2016-08-29,9.696999549865723,9.845000267028809,9.656999588012695,9.729999542236328,80084000,NFLX
2016-08-30,9.784000396728516,9.885000228881836,9.71399974822998,9.744999885559082,60935000,NFLX
2016-08-31,9.748000144958496,9.788000106811523,9.675999641418457,9.744999885559082,46906000,NFLX
2016-09-01,9.781000137329102,9.79800033569336,9.692000389099121,9.73799991607666,41486000,NFLX
2016-09-02,9.789999961853027,9.817999839782715,9.701000213623047,9.73799991607666,42472000,NFLX
2016-09-06,9.776000022888184,10.031999588012695,9.765000343322754,10.008999824523926,90361000,NFLX
2016-09-07,10.01099967956543,10.019000053405762,9.842000007629395,9.914999961853027,64685000,NFLX
2016-09-08,9.92300033569336,10.005000114440918,9.881999969482422,9.965999603271484,52012000,NFLX
2016-09-09,9.906000137329102,9.939000129699707,9.649999618530273,9.649999618530273,73733000,NFLX
2016-09-12,9.590999603271484,9.928999900817871,9.571000099182129,9.904999732971191,77184000,NFLX
2016-09-13,9.717000007629395,9.800000190734863,9.532999992370605,9.609000205993652,117881000,NFLX
2016-09-14,9.734999656677246,9.835000038146973,9.696000099182129,9.701000213623047,84810000,NFLX
2016-09-15,9.722999572753906,9.79699993133545,9.652999877929688,9.734000205993652,52935000,NFLX
2016-09-16,9.710000038146973,9.949000358581543,9.704000473022461,9.947999954223633,94451000,NFLX
2016-09-19,9.989999771118164,10.03499984741211,9.781999588012695,9.805999755859375,86162000,NFLX
2016-09-20,9.878000259399414,9.916000366210938,9.765999794006348,9.824999809265137,47368000,NFLX
2016-09-21,9.6899995803833,9.710000038146973,9.326000213623047,9.48799991607666,200422000,NFLX
2016-09-22,9.553999900817871,9.588000297546387,9.42300033569336,9.583000183105469,112150000,NFLX
2016-09-23,9.574999809265137,9.696999549865723,9.543000221252441,9.593999862670898,61795000,NFLX
2016-09-26,9.538000106811523,9.538000106811523,9.404000282287598,9.456000328063965,67392000,NFLX
2016-09-27,9.503999710083008,9.763999938964844,9.5,9.706999778747559,96801000,NFLX
2016-09-28,9.710000038146973,9.758999824523926,9.60200023651123,9.748000144958496,72351000,NFLX
2016-09-29,9.730999946594238,9.831000328063965,9.65999984741211,9.666999816894531,62176000,NFLX
2016-09-30,9.6899995803833,9.95300006866455,9.678999900817871,9.854999542236328,98079000,NFLX
2016-10-03,9.800000190734863,10.33899974822998,9.800000190734863,10.262999534606934,153445000,NFLX
2016-10-04,10.319000244140625,10.444000244140625,10.185999870300293,10.234000205993652,121431000,NFLX
2016-10-05,10.350000381469727,10.696999549865723,10.343000411987305,10.628000259399414,129429000,NFLX
2016-10-06,10.496999740600586,10.54699993133545,10.387999534606934,10.506999969482422,65877000,NFLX
2016-10-07,10.39799976348877,10.649999618530273,10.354999542236328,10.482000350952148,86595000,NFLX
2016-10-10,10.317999839782715,10.45300006866455,10.276000022888184,10.333000183105469,66997000,NFLX
2016-10-11,10.230999946594238,10.289999961853027,9.986000061035156,10.059000015258789,90329000,NFLX
2016-10-12,10.088000297546387,10.246999740600586,9.92199993133545,9.949999809265137,74265000,NFLX
2016-10-13,9.800999641418457,10.050000190734863,9.762999534606934,10.02299976348877,83193000,NFLX
2016-10-14,10.159000396728516,10.210000038146973,10.03499984741211,10.147000312805176,95311000,NFLX
2016-10-17,10.050000190734863,10.072999954223633,9.838000297546387,9.979999542236328,265895000,NFLX
2016-10-18,11.663000106811523,11.982000350952148,11.649999618530273,11.878999710083008,421682000,NFLX
2016-10-19,11.824999809265137,12.244999885559082,11.800000190734863,12.187000274658203,219817000,NFLX
2016-10-20,12.196999549865723,12.375,12.105999946594238,12.335000038146973,144928000,NFLX
2016-10-21,12.25,12.78499984741211,12.230999946594238,12.75,188324000,NFLX
2016-10-24,12.741999626159668,12.928999900817871,12.614999771118164,12.732999801635742,159807000,NFLX
2016-10-25,12.652000427246094,12.805999755859375,12.574999809265137,12.651000022888184,82539000,NFLX
2016-10-26,12.628999710083008,12.871999740600586,12.574999809265137,12.696999549865723,86024000,NFLX
2016-10-27,12.743000030517578,12.817999839782715,12.593000411987305,12.647000312805176,69142000,NFLX
2016-10-28,12.607999801635742,12.892999649047852,12.60099983215332,12.656999588012695,70773000,NFLX
2016-10-31,12.6850004196167,12.6899995803833,12.4399995803833,12.487000465393066,65175000,NFLX
2016-11-01,12.498000144958496,12.583000183105469,12.180000305175781,12.329999923706055,69786000,NFLX
2016-11-02,12.282999992370605,12.406999588012695,12.182999610900879,12.234000205993652,48165000,NFLX
2016-11-03,12.230999946594238,12.371999740600586,12.184000015258789,12.21399974822998,50413000,NFLX
2016-11-04,12.199999809265137,12.343000411987305,12.161999702453613,12.20300006866455,50777000,NFLX
2016-11-07,12.425999641418457,12.574999809265137,12.336999893188477,12.458000183105469,58271000,NFLX
2016-11-08,12.411999702453613,12.581000328063965,12.321999549865723,12.434000015258789,46908000,NFLX
2016-11-09,12.184000015258789,12.364999771118164,12.086000442504883,12.218999862670898,77057000,NFLX
2016-11-10,12.276000022888184,12.29699993133545,11.369999885559082,11.541999816894531,197187000,NFLX
2016-11-11,11.489999771118164,11.663000106811523,11.310999870300293,11.477999687194824,110803000,NFLX
2016-11-14,11.475000381469727,11.59000015258789,11.067999839782715,11.338000297546387,99324000,NFLX
2016-11-15,11.454999923706055,11.640999794006348,11.309000015258789,11.359000205993652,74451000,NFLX
2016-11-16,11.295999526977539,11.612000465393066,11.180999755859375,11.519000053405762,59337000,NFLX
2016-11-17,11.512999534606934,11.680999755859375,11.355999946594238,11.503000259399414,62327000,NFLX
2016-11-18,11.572999954223633,11.642000198364258,11.35099983215332,11.520999908447266,67468000,NFLX
2016-11-21,11.619999885559082,11.871999740600586,11.619000434875488,11.795999526977539,70645000,NFLX
2016-11-22,11.831999778747559,11.946000099182129,11.697999954223633,11.803999900817871,70072000,NFLX
2016-11-23,11.776000022888184,11.888999938964844,11.730999946594238,11.769000053405762,45213000,NFLX
2016-11-25,11.763999938964844,11.83899974822998,11.718000411987305,11.741000175476074,16163000,NFLX
2016-11-28,11.704999923706055,11.76200008392334,11.571000099182129,11.692999839782715,52789000,NFLX
2016-11-29,11.729999542236328,11.918000221252441,11.713000297546387,11.75100040435791,70823000,NFLX
2016-11-30,11.899999618530273,12.036999702453613,11.638999938964844,11.699999809265137,77151000,NFLX
2016-12-01,11.751999855041504,11.868000030517578,11.395000457763672,11.722000122070312,86369000,NFLX
2016-12-02,11.675000190734863,12.097999572753906,11.675000190734863,12.081000328063965,89536000,NFLX
2016-12-05,12.072999954223633,12.074999809265137,11.84000015258789,11.916000366210938,76263000,NFLX
2016-12-06,12.010000228881836,12.479000091552734,11.942000389099121,12.456999778747559,115132000,NFLX
2016-12-07,12.447999954223633,12.574999809265137,12.324999809265137,12.538999557495117,82047000,NFLX
2016-12-08,12.539999961853027,12.635000228881836,12.215999603271484,12.324000358581543,89877000,NFLX
2016-12-09,12.378000259399414,12.430000305175781,12.17300033569336,12.288000106811523,47008000,NFLX
2016-12-12,12.284000396728516,12.402999877929688,12.229999542236328,12.282999992370605,39176000,NFLX
2016-12-13,12.35099983215332,12.508999824523926,12.277999877929688,12.378000259399414,55645000,NFLX
2016-12-14,12.343000411987305,12.4399995803833,12.25,12.343999862670898,61103000,NFLX
2016-12-15,12.343999862670898,12.743000030517578,12.295000076293945,12.5,73762000,NFLX
2016-12-16,12.638999938964844,12.668000221252441,12.401000022888184,12.42199993133545,78680000,NFLX
2016-12-19,12.430000305175781,12.644000053405762,12.286999702453613,12.545000076293945,48673000,NFLX
2016-12-20,12.545999526977539,12.630000114440918,12.46399974822998,12.51200008392334,39378000,NFLX
2016-12-21,12.553000450134277,12.77400016784668,12.5,12.649999618530273,65148000,NFLX
2016-12-22,12.684000015258789,12.75,12.517999649047852,12.557999610900879,41607000,NFLX
2016-12-23,12.560999870300293,12.628000259399414,12.508000373840332,12.559000015258789,20104000,NFLX
2016-12-27,12.62399959564209,12.904999732971191,12.569999694824219,12.835000038146973,52882000,NFLX
2016-12-28,12.906999588012695,12.906999588012695,12.576000213623047,12.58899974822998,43892000,NFLX
2016-12-29,12.595000267028809,12.61400032043457,12.420000076293945,12.532999992370605,34451000,NFLX
2016-12-30,12.62399959564209,12.656999588012695,12.359999656677246,12.380000114440918,44554000,NFLX
2017-01-03,12.496000289916992,12.819000244140625,12.430999755859375,12.74899959564209,94379000,NFLX
2017-01-04,12.74899959564209,13.017000198364258,12.654999732971191,12.940999984741211,78436000,NFLX
2017-01-05,12.92199993133545,13.274999618530273,12.890000343322754,13.180999755859375,101855000,NFLX
2017-01-06,13.208000183105469,13.387999534606934,12.980999946594238,13.107000350952148,106579000,NFLX
2017-01-09,13.14799976348877,13.199000358581543,12.98900032043457,13.095000267028809,57718000,NFLX
2017-01-10,13.126999855041504,13.222000122070312,12.928999900817871,12.98900032043457,59858000,NFLX
2017-01-11,13.090999603271484,13.149999618530273,12.925000190734863,13.050000190734863,56151000,NFLX
2017-01-12,13.062999725341797,13.085000038146973,12.850000381469727,12.918000221252441,53889000,NFLX
2017-01-13,13.114999771118164,13.392999649047852,13.057999610900879,13.369999885559082,105150000,NFLX
2017-01-17,13.503999710083008,13.539999961853027,13.208999633789062,13.288999557495117,122202000,NFLX
2017-01-18,13.321000099182129,13.364999771118164,13.105999946594238,13.326000213623047,161686000,NFLX
2017-01-19,14.201000213623047,14.345999717712402,13.824999809265137,13.840999603271484,232034000,NFLX
2017-01-20,13.935999870300293,14.079000473022461,13.765999794006348,13.859999656677246,94974000,NFLX
2017-01-23,13.864999771118164,13.949000358581543,13.730999946594238,13.73900032043457,74339000,NFLX
2017-01-24,13.810999870300293,14.093000411987305,13.70300006866455,14.01099967956543,77547000,NFLX
2017-01-25,14.079999923706055,14.138999938964844,13.904999732971191,13.95199966430664,72381000,NFLX
2017-01-26,14.045000076293945,14.121000289916992,13.85099983215332,13.895999908447266,60383000,NFLX
2017-01-27,13.946000099182129,14.24899959564209,13.899999618530273,14.244999885559082,83239000,NFLX
2017-01-30,14.177000045776367,14.196999549865723,13.880000114440918,14.121999740600586,81225000,NFLX
2017-01-31,14.055000305175781,14.182999610900879,13.970000267028809,14.071000099182129,44116000,NFLX
2017-02-01,14.119999885559082,14.241000175476074,13.930000305175781,14.07800006866455,60334000,NFLX
2017-02-02,14.060999870300293,14.104000091552734,13.904999732971191,13.920000076293945,34624000,NFLX
2017-02-03,13.951000213623047,14.064000129699707,13.90999984741211,14.024999618530273,35126000,NFLX
2017-02-06,14.0,14.100000381469727,13.916000366210938,14.097000122070312,35521000,NFLX
2017-02-07,14.14900016784668,14.428000450134277,14.104999542236328,14.399999618530273,85735000,NFLX
2017-02-08,14.357000350952148,14.506999969482422,14.255999565124512,14.473999977111816,68871000,NFLX
2017-02-09,14.498000144958496,14.508999824523926,14.357999801635742,14.413999557495117,45551000,NFLX
2017-02-10,14.468000411987305,14.529999732971191,14.397000312805176,14.482000350952148,61719000,NFLX
2017-02-13,14.519000053405762,14.595000267028809,14.305000305175781,14.319999694824219,47904000,NFLX
2017-02-14,14.319999694824219,14.41100025177002,14.005000114440918,14.081999778747559,83678000,NFLX
2017-02-15,14.071999549865723,14.243000030517578,14.050999641418457,14.22700023651123,53091000,NFLX
2017-02-16,14.241999626159668,14.244000434875488,14.107000350952148,14.201000213623047,28475000,NFLX
2017-02-17,14.175000190734863,14.289999961853027,14.126999855041504,14.222000122070312,45881000,NFLX
2017-02-21,14.298999786376953,14.338000297546387,14.180999755859375,14.260000228881836,35715000,NFLX
2017-02-22,14.291999816894531,14.399999618530273,14.217000007629395,14.38599967956543,34820000,NFLX
2017-02-23,14.444999694824219,14.449000358581543,14.152000427246094,14.277999877929688,46680000,NFLX
2017-02-24,14.187999725341797,14.355999946594238,14.154999732971191,14.324999809265137,33027000,NFLX
2017-02-27,14.312000274658203,14.392000198364258,14.23799991607666,14.340999603271484,39074000,NFLX
2017-02-28,14.329999923706055,14.357000350952148,14.1850004196167,14.213000297546387,38622000,NFLX
2017-03-01,14.284000396728516,14.326000213623047,14.210000038146973,14.265000343322754,41706000,NFLX
2017-03-02,14.21500015258789,14.270000457763672,13.909000396728516,13.95300006866455,61199000,NFLX
2017-03-03,13.968999862670898,14.090999603271484,13.826000213623047,13.913999557495117,53998000,NFLX
2017-03-06,14.100000381469727,14.284000396728516,14.053999900817871,14.194000244140625,71161000,NFLX
2017-03-07,14.199000358581543,14.239999771118164,14.038000106811523,14.142999649047852,42410000,NFLX
2017-03-08,14.147000312805176,14.206000328063965,13.97700023651123,14.031999588012695,40855000,NFLX
2017-03-09,14.003999710083008,14.12399959564209,13.973999977111816,14.053000450134277,26527000,NFLX
2017-03-10,14.138999938964844,14.180000305175781,14.027999877929688,14.08899974822998,33185000,NFLX
2017-03-13,14.09000015258789,14.371000289916992,14.031999588012695,14.35200023651123,49224000,NFLX
2017-03-14,14.295000076293945,14.331000328063965,14.170000076293945,14.319000244140625,46603000,NFLX
2017-03-15,14.420000076293945,14.552000045776367,14.322999954223633,14.524999618530273,59872000,NFLX
2017-03-16,14.550000190734863,14.649999618530273,14.42199993133545,14.439000129699707,52865000,NFLX
2017-03-17,14.404999732971191,14.576000213623047,14.34000015258789,14.51099967956543,62813000,NFLX
2017-03-20,14.545000076293945,14.625,14.458000183105469,14.583000183105469,34210000,NFLX
2017-03-21,14.675000190734863,14.770000457763672,14.210000038146973,14.241999626159668,76698000,NFLX
2017-03-22,14.253999710083008,14.380000114440918,14.076000213623047,14.265000343322754,64869000,NFLX
2017-03-23,14.21399974822998,14.288999557495117,14.12600040435791,14.184000015258789,37126000,NFLX
2017-03-24,14.236000061035156,14.279999732971191,14.157999992370605,14.20199966430664,35466000,NFLX
2017-03-27,14.083000183105469,14.439000129699707,14.0,14.406000137329102,47717000,NFLX
2017-03-28,14.40999984741211,14.611000061035156,14.392000198364258,14.517000198364258,46380000,NFLX
2017-03-29,14.550000190734863,14.718000411987305,14.491000175476074,14.647000312805176,38550000,NFLX
2017-03-30,14.680999755859375,14.829000473022461,14.652999877929688,14.805999755859375,44611000,NFLX
2017-03-31,14.800000190734863,14.822999954223633,14.732999801635742,14.781000137329102,38882000,NFLX
2017-04-03,14.670000076293945,14.800999641418457,14.574000358581543,14.692000389099121,46093000,NFLX
2017-04-04,14.684000015258789,14.708999633789062,14.48900032043457,14.550000190734863,43689000,NFLX
2017-04-05,14.619000434875488,14.625,14.326000213623047,14.362000465393066,46076000,NFLX
2017-04-06,14.399999618530273,14.413999557495117,14.300999641418457,14.37399959564209,33124000,NFLX
2017-04-07,14.378999710083008,14.388999938964844,14.270999908447266,14.310999870300293,30405000,NFLX
2017-04-10,14.303999900817871,14.46500015258789,14.121000289916992,14.385000228881836,58074000,NFLX
2017-04-11,14.428000450134277,14.454000473022461,14.197999954223633,14.4350004196167,46215000,NFLX
2017-04-12,14.484999656677246,14.574000358581543,14.354999542236328,14.383000373840332,43870000,NFLX
2017-04-13,14.425000190734863,14.454999923706055,14.276000022888184,14.291999816894531,36858000,NFLX
2017-04-17,14.442999839782715,14.732000350952148,14.442999839782715,14.725000381469727,163647000,NFLX
2017-04-18,14.734000205993652,14.739999771118164,14.0,14.336000442504883,196710000,NFLX
2017-04-19,14.336999893188477,14.399999618530273,13.866000175476074,13.97599983215332,123951000,NFLX
2017-04-20,14.029999732971191,14.180000305175781,13.927000045776367,14.118000030517578,72482000,NFLX
2017-04-21,14.138999938964844,14.303000450134277,14.09000015258789,14.286999702453613,68248000,NFLX
2017-04-24,14.361000061035156,14.449999809265137,14.34000015258789,14.383000373840332,48009000,NFLX
2017-04-25,14.746000289916992,15.35200023651123,14.621999740600586,15.215999603271484,206742000,NFLX
2017-04-26,15.152999877929688,15.21500015258789,14.890000343322754,15.017000198364258,92741000,NFLX
2017-04-27,15.0600004196167,15.348999977111816,14.930000305175781,15.307999610900879,77194000,NFLX
2017-04-28,15.270999908447266,15.29699993133545,15.093999862670898,15.220000267028809,63662000,NFLX
2017-05-01,15.190999984741211,15.770000457763672,15.16100025177002,15.53499984741211,90316000,NFLX
2017-05-02,15.576000213623047,15.649999618530273,15.461000442504883,15.645000457763672,53848000,NFLX
2017-05-03,15.628999710083008,15.654000282287598,15.48799991607666,15.559000015258789,39312000,NFLX
2017-05-04,15.559000015258789,15.789999961853027,15.454999923706055,15.725000381469727,55823000,NFLX
2017-05-05,15.854999542236328,15.859000205993652,15.59000015258789,15.65999984741211,53417000,NFLX
2017-05-08,15.654999732971191,15.763999938964844,15.529999732971191,15.637999534606934,48188000,NFLX
2017-05-09,15.609999656677246,15.78499984741211,15.597000122070312,15.746000289916992,39110000,NFLX
2017-05-10,15.781999588012695,16.110000610351562,15.656000137329102,16.027999877929688,68699000,NFLX
2017-05-11,16.033000946044922,16.052000045776367,15.755000114440918,15.854000091552734,56774000,NFLX
2017-05-12,15.91100025177002,16.083999633789062,15.85099983215332,16.08099937438965,50929000,NFLX
2017-05-15,16.024999618530273,16.17799949645996,15.97599983215332,16.00200080871582,49720000,NFLX
2017-05-16,16.049999237060547,16.118000030517578,15.932999610900879,15.940999984741211,34649000,NFLX
2017-05-17,15.809000015258789,15.878000259399414,15.300000190734863,15.319999694824219,81845000,NFLX
2017-05-18,15.361000061035156,15.689000129699707,15.324000358581543,15.569999694824219,68027000,NFLX
2017-05-19,15.614999771118164,15.805000305175781,15.590999603271484,15.70199966430664,40915000,NFLX
2017-05-22,15.78600025177002,15.859999656677246,15.642999649047852,15.715999603271484,37441000,NFLX
2017-05-23,15.774999618530273,15.831000328063965,15.680000305175781,15.795000076293945,33709000,NFLX
2017-05-24,15.835000038146973,15.847999572753906,15.717000007629395,15.774999618530273,29708000,NFLX
2017-05-25,16.100000381469727,16.40999984741211,16.05500030517578,16.30500030517578,85610000,NFLX
2017-05-26,16.284000396728516,16.30500030517578,16.11199951171875,16.243000030517578,48343000,NFLX
2017-05-30,16.360000610351562,16.475000381469727,16.270999908447266,16.32200050354004,48286000,NFLX
2017-05-31,16.361000061035156,16.399999618530273,16.073999404907227,16.30699920654297,53289000,NFLX
2017-06-01,16.351999282836914,16.39299964904785,16.170000076293945,16.298999786376953,38963000,NFLX
2017-06-02,16.341999053955078,16.535999298095703,16.280000686645508,16.51799964904785,42591000,NFLX
2017-06-05,16.548999786376953,16.549999237060547,16.343000411987305,16.506000518798828,38752000,NFLX
2017-06-06,16.4950008392334,16.68199920654297,16.451000213623047,16.517000198364258,43821000,NFLX
2017-06-07,16.559999465942383,16.639999389648438,16.44099998474121,16.56100082397461,33531000,NFLX
2017-06-08,16.61199951171875,16.687000274658203,16.483999252319336,16.58799934387207,37191000,NFLX
2017-06-09,16.62700080871582,16.62700080871582,15.449999809265137,15.803000450134277,102920000,NFLX
2017-06-12,15.529999732971191,15.553000450134277,14.831000328063965,15.144000053405762,141145000,NFLX
2017-06-13,15.437999725341797,15.567999839782715,15.012999534606934,15.272000312805176,84847000,NFLX
2017-06-14,15.434000015258789,15.562000274658203,15.027999877929688,15.220000267028809,64618000,NFLX
2017-06-15,14.944000244140625,15.255999565124512,14.729999542236328,15.175999641418457,73197000,NFLX
2017-06-16,15.145000457763672,15.352999687194824,15.038999557495117,15.23799991607666,69097000,NFLX
2017-06-19,15.428999900817871,15.557999610900879,15.241000175476074,15.34000015258789,65443000,NFLX
2017-06-20,15.368000030517578,15.449999809265137,15.140000343322754,15.204999923706055,48787000,NFLX
2017-06-21,15.25,15.538000106811523,15.22599983215332,15.503000259399414,58034000,NFLX
2017-06-22,15.512999534606934,15.520000457763672,15.369999885559082,15.48900032043457,37692000,NFLX
2017-06-23,15.50100040435791,15.819000244140625,15.37600040435791,15.802000045776367,62508000,NFLX
2017-06-26,15.878000259399414,15.996999740600586,15.656000137329102,15.75,60160000,NFLX
2017-06-27,15.661999702453613,15.697999954223633,15.071999549865723,15.102999687194824,74243000,NFLX
2017-06-28,15.163999557495117,15.420000076293945,15.01200008392334,15.340999603271484,55899000,NFLX
2017-06-29,15.281999588012695,15.281999588012695,14.800000190734863,15.008999824523926,71425000,NFLX
2017-06-30,14.97599983215332,15.071000099182129,14.842000007629395,14.940999984741211,52133000,NFLX
2017-07-03,14.979999542236328,15.045000076293945,14.579999923706055,14.616999626159668,39082000,NFLX
2017-07-05,14.657999992370605,14.826000213623047,14.557999610900879,14.76099967956543,46278000,NFLX
2017-07-06,14.61299991607666,14.72700023651123,14.425000190734863,14.625,54865000,NFLX
2017-07-07,14.664999961853027,15.074999809265137,14.664999961853027,15.017999649047852,55613000,NFLX
2017-07-10,15.034000396728516,15.322999954223633,14.96500015258789,15.267000198364258,53606000,NFLX
2017-07-11,15.237000465393066,15.52299976348877,15.154999732971191,15.432999610900879,48986000,NFLX
2017-07-12,15.57699966430664,15.880000114440918,15.57699966430664,15.875,84818000,NFLX
2017-07-13,15.85099983215332,16.01300048828125,15.697999954223633,15.821000099182129,67001000,NFLX
2017-07-14,15.930000305175781,16.135000228881836,15.79699993133545,16.11199951171875,55492000,NFLX
2017-07-17,16.291000366210938,16.354999542236328,16.00200080871582,16.170000076293945,174967000,NFLX
2017-07-18,17.61199951171875,18.5,17.423999786376953,18.360000610351562,415874000,NFLX
2017-07-19,18.297000885009766,18.716999053955078,18.174999237060547,18.38599967956543,173443000,NFLX
2017-07-20,18.384000778198242,18.591999053955078,18.270000457763672,18.360000610351562,79072000,NFLX
2017-07-21,18.27199935913086,19.149999618530273,18.270999908447266,18.854000091552734,92774000,NFLX
2017-07-24,18.868999481201172,19.024999618530273,18.701000213623047,18.791000366210938,87973000,NFLX
2017-07-25,18.77899932861328,18.865999221801758,18.58099937438965,18.69700050354004,53745000,NFLX
2017-07-26,18.770000457763672,18.969999313354492,18.750999450683594,18.908000946044922,44793000,NFLX
2017-07-27,18.98900032043457,19.0,17.937999725341797,18.26799964904785,112210000,NFLX
2017-07-28,18.200000762939453,18.503000259399414,18.118000030517578,18.40399932861328,62019000,NFLX
2017-07-31,18.426000595092773,18.496999740600586,18.065000534057617,18.166000366210938,48836000,NFLX
2017-08-01,18.249000549316406,18.461999893188477,18.14299964904785,18.202999114990234,51127000,NFLX
2017-08-02,18.222000122070312,18.256999969482422,17.7810001373291,18.073999404907227,57713000,NFLX
2017-08-03,18.05299949645996,18.121999740600586,17.802000045776367,17.92300033569336,46277000,NFLX
2017-08-04,17.959999084472656,18.100000381469727,17.850000381469727,18.027000427246094,44911000,NFLX
2017-08-07,18.100000381469727,18.226999282836914,17.90999984741211,18.132999420166016,46098000,NFLX
2017-08-08,18.136999130249023,18.19099998474121,17.7450008392334,17.836000442504883,61040000,NFLX
2017-08-09,17.14299964904785,17.59600067138672,17.000999450683594,17.577999114990234,96705000,NFLX
2017-08-10,17.402999877929688,17.44499969482422,16.760000228881836,16.913999557495117,96931000,NFLX
2017-08-11,16.986000061035156,17.257999420166016,16.899999618530273,17.139999389648438,50223000,NFLX
2017-08-14,16.979999542236328,17.2450008392334,16.8799991607666,17.100000381469727,74684000,NFLX
2017-08-15,17.152999877929688,17.187999725341797,16.825000762939453,16.850000381469727,56561000,NFLX
2017-08-16,16.75,17.049999237060547,16.625,16.99799919128418,70136000,NFLX
2017-08-17,16.92300033569336,17.058000564575195,16.57200050354004,16.608999252319336,52292000,NFLX
2017-08-18,16.594999313354492,16.996999740600586,16.579999923706055,16.65399932861328,73857000,NFLX
2017-08-21,16.69099998474121,16.89900016784668,16.42300033569336,16.676000595092773,64807000,NFLX
2017-08-22,16.775999069213867,16.993000030517578,16.70400047302246,16.93400001525879,48863000,NFLX
2017-08-23,16.834999084472656,16.964000701904297,16.670000076293945,16.9060001373291,46323000,NFLX
2017-08-24,16.986000061035156,17.124000549316406,16.614999771118164,16.812999725341797,53617000,NFLX
2017-08-25,16.857999801635742,16.875,16.549999237060547,16.594999313354492,40640000,NFLX
2017-08-28,16.64299964904785,16.867000579833984,16.559999465942383,16.711999893188477,36573000,NFLX
2017-08-29,16.5,16.968000411987305,16.472999572753906,16.881000518798828,46209000,NFLX
2017-08-30,16.950000762939453,17.485000610351562,16.937000274658203,17.4689998626709,80347000,NFLX
2017-08-31,17.545000076293945,17.624000549316406,17.38599967956543,17.47100067138672,69410000,NFLX
2017-09-01,17.55500030517578,17.648000717163086,17.392000198364258,17.474000930786133,38130000,NFLX
2017-09-05,17.34000015258789,17.58799934387207,17.243999481201172,17.45199966430664,45895000,NFLX
2017-09-06,17.524999618530273,17.945999145507812,17.37299919128418,17.924999237060547,87426000,NFLX
2017-09-07,17.8799991607666,18.03499984741211,17.709999084472656,17.899999618530273,60361000,NFLX
2017-09-08,17.844999313354492,18.038999557495117,17.625,17.642000198364258,45908000,NFLX
2017-09-11,17.809999465942383,18.246999740600586,17.80299949645996,18.173999786376953,59794000,NFLX
2017-09-12,18.2549991607666,18.533000946044922,18.06399917602539,18.514999389648438,66896000,NFLX
2017-09-13,18.406999588012695,18.450000762939453,18.2549991607666,18.36400032043457,43203000,NFLX
2017-09-14,18.325000762939453,18.52899932861328,18.207000732421875,18.26300048828125,45107000,NFLX
2017-09-15,18.273000717163086,18.493000030517578,18.14299964904785,18.235000610351562,55917000,NFLX
2017-09-18,18.361000061035156,18.545000076293945,18.273000717163086,18.461999893188477,53596000,NFLX
2017-09-19,18.49799919128418,18.62299919128418,18.41699981689453,18.56800079345703,49821000,NFLX
2017-09-20,18.610000610351562,18.649999618530273,18.31999969482422,18.551000595092773,46250000,NFLX
2017-09-21,18.582000732421875,18.9950008392334,18.451000213623047,18.878000259399414,71481000,NFLX
2017-09-22,18.84000015258789,18.985000610351562,18.638999938964844,18.735000610351562,54643000,NFLX
2017-09-25,18.645999908447266,18.655000686645508,17.770000457763672,17.854999542236328,93672000,NFLX
2017-09-26,18.06999969482422,18.094999313354492,17.655000686645508,17.937999725341797,56025000,NFLX
2017-09-27,18.10099983215332,18.333999633789062,18.06999969482422,18.19700050354004,57105000,NFLX
2017-09-28,18.125,18.19499969482422,17.93600082397461,18.06999969482422,40770000,NFLX
2017-09-29,18.072999954223633,18.290000915527344,18.065000534057617,18.135000228881836,42279000,NFLX
2017-10-02,18.211000442504883,18.280000686645508,17.658000946044922,17.701000213623047,73420000,NFLX
2017-10-03,17.764999389648438,17.969999313354492,17.7549991607666,17.91900062561035,39569000,NFLX
2017-10-04,18.141000747680664,18.670000076293945,18.125,18.44499969482422,92359000,NFLX
2017-10-05,18.565000534057617,19.448999404907227,18.448999404907227,19.43899917602539,194127000,NFLX
2017-10-06,19.43000030517578,19.892000198364258,19.204999923706055,19.802000045776367,153484000,NFLX
2017-10-09,19.90999984741211,19.940000534057617,19.6560001373291,19.687000274658203,69717000,NFLX
2017-10-10,19.78499984741211,19.829999923706055,19.209999084472656,19.507999420166016,62338000,NFLX
2017-10-11,19.55699920654297,19.621999740600586,19.381000518798828,19.4950008392334,64502000,NFLX
2017-10-12,19.674999237060547,19.86199951171875,19.47100067138672,19.586000442504883,77533000,NFLX
2017-10-13,19.969999313354492,20.082000732421875,19.7189998626709,19.948999404907227,120813000,NFLX
2017-10-16,20.19499969482422,20.283000946044922,19.785999298095703,20.26799964904785,221054000,NFLX
2017-10-17,20.01099967956543,20.437999725341797,19.777000427246094,19.947999954223633,239001000,NFLX
2017-10-18,19.999000549316406,20.000999450683594,19.424999237060547,19.554000854492188,111989000,NFLX
2017-10-19,19.301000595092773,19.524999618530273,19.115999221801758,19.51300048828125,70346000,NFLX
2017-10-20,19.59000015258789,19.63800048828125,19.37700080871582,19.416000366210938,59956000,NFLX
2017-10-23,19.41699981689453,19.489999771118164,19.10300064086914,19.246999740600586,69800000,NFLX
2017-10-24,19.274999618530273,19.673999786376953,19.139999389648438,19.601999282836914,70691000,NFLX
2017-10-25,19.538000106811523,19.70599937438965,19.301000595092773,19.37700080871582,53153000,NFLX
2017-10-26,19.465999603271484,19.76099967956543,19.408000946044922,19.520999908447266,51858000,NFLX
2017-10-27,19.719999313354492,20.065000534057617,19.621999740600586,19.95400047302246,81286000,NFLX
2017-10-30,19.961999893188477,20.110000610351562,19.707000732421875,19.836999893188477,54396000,NFLX
2017-10-31,19.820999145507812,19.858999252319336,19.52199935913086,19.64299964904785,55186000,NFLX
2017-11-01,19.724000930786133,19.920000076293945,19.600000381469727,19.799999237060547,50174000,NFLX
2017-11-02,19.7450008392334,19.944000244140625,19.708999633789062,19.93199920654297,36063000,NFLX
2017-11-03,19.979999542236328,20.05500030517578,19.798999786376953,20.000999450683594,36788000,NFLX
2017-11-06,20.0,20.24799919128418,19.80900001525879,20.01300048828125,58466000,NFLX
2017-11-07,20.0,20.06100082397461,19.479999542236328,19.589000701904297,64680000,NFLX
2017-11-08,19.600000381469727,19.708999633789062,19.474000930786133,19.643999099731445,42374000,NFLX
2017-11-09,19.445999145507812,19.448999404907227,19.08099937438965,19.389999389648438,59799000,NFLX
2017-11-10,19.160999298095703,19.259000778198242,18.950000762939453,19.20199966430664,66222000,NFLX
2017-11-13,19.11199951171875,19.604999542236328,19.100000381469727,19.507999420166016,46070000,NFLX
2017-11-14,19.36400032043457,19.58799934387207,19.299999237060547,19.570999145507812,34505000,NFLX
2017-11-15,19.45400047302246,19.54199981689453,19.152999877929688,19.211999893188477,42031000,NFLX
2017-11-16,19.433000564575195,19.770000457763672,19.375,19.551000595092773,56784000,NFLX
2017-11-17,19.573999404907227,19.594999313354492,19.264999389648438,19.31999969482422,39063000,NFLX
2017-11-20,19.329999923706055,19.43199920654297,19.190000534057617,19.40999984741211,38275000,NFLX
2017-11-21,19.503999710083008,19.75200080871582,19.496999740600586,19.62299919128418,47873000,NFLX
2017-11-22,19.658000946044922,19.674999237060547,19.363000869750977,19.631999969482422,58954000,NFLX
2017-11-24,19.665000915527344,19.690000534057617,19.533000946044922,19.575000762939453,21605000,NFLX
2017-11-27,19.555999755859375,19.584999084472656,19.399999618530273,19.5049991607666,32101000,NFLX
2017-11-28,19.534000396728516,19.968000411987305,19.400999069213867,19.917999267578125,69811000,NFLX
2017-11-29,19.891000747680664,19.902999877929688,18.43199920654297,18.815000534057617,142027000,NFLX
2017-11-30,19.0310001373291,19.086000442504883,18.667999267578125,18.757999420166016,66301000,NFLX
2017-12-01,18.698999404907227,18.979999542236328,18.5,18.68199920654297,62195000,NFLX
2017-12-04,18.93600082397461,18.972000122070312,17.83799934387207,18.40399932861328,90698000,NFLX
2017-12-05,18.350000381469727,18.81399917602539,18.118999481201172,18.42099952697754,57837000,NFLX
2017-12-06,18.33799934387207,18.648000717163086,18.288000106811523,18.530000686645508,54901000,NFLX
2017-12-07,18.570999145507812,18.733999252319336,18.32200050354004,18.520000457763672,46595000,NFLX
2017-12-08,18.649999618530273,18.941999435424805,18.6299991607666,18.854000091552734,49873000,NFLX
2017-12-11,18.78499984741211,18.941999435424805,18.590999603271484,18.621999740600586,52986000,NFLX
2017-12-12,18.60099983215332,18.78499984741211,18.48200035095215,18.572999954223633,42659000,NFLX
2017-12-13,18.610000610351562,18.868999481201172,18.541000366210938,18.785999298095703,47100000,NFLX
2017-12-14,18.79800033569336,19.263999938964844,18.719999313354492,18.95599937438965,77928000,NFLX
2017-12-15,18.961000442504883,19.14299964904785,18.801000595092773,19.011999130249023,72856000,NFLX
2017-12-18,19.1200008392334,19.165000915527344,18.889999389648438,19.04199981689453,50110000,NFLX
2017-12-19,19.01799964904785,19.030000686645508,18.575000762939453,18.70199966430664,70330000,NFLX
2017-12-20,18.79400062561035,18.910999298095703,18.525999069213867,18.881999969482422,65454000,NFLX
2017-12-21,18.944000244140625,19.094999313354492,18.757999420166016,18.86199951171875,47298000,NFLX
2017-12-22,18.83300018310547,19.094999313354492,18.68000030517578,18.993999481201172,38789000,NFLX
2017-12-26,18.97800064086914,18.993999481201172,18.639999389648438,18.775999069213867,30457000,NFLX
2017-12-27,18.780000686645508,18.809999465942383,18.52199935913086,18.624000549316406,40021000,NFLX
2017-12-28,18.718000411987305,19.448999404907227,18.684999465942383,19.270999908447266,101074000,NFLX
2017-12-29,19.250999450683594,19.395000457763672,19.121999740600586,19.195999145507812,51876000,NFLX
2018-01-02,19.610000610351562,20.165000915527344,19.54199981689453,20.10700035095215,109669000,NFLX
2018-01-03,20.204999923706055,20.621000289916992,20.149999618530273,20.5049991607666,85914000,NFLX
2018-01-04,20.6200008392334,20.704999923706055,20.399999618530273,20.562999725341797,60296000,NFLX
2018-01-05,20.725000381469727,21.00200080871582,20.55900001525879,20.999000549316406,70332000,NFLX
2018-01-08,21.00200080871582,21.25,20.8439998626709,21.204999923706055,55802000,NFLX
2018-01-09,21.211000442504883,21.29800033569336,20.858999252319336,20.930999755859375,61259000,NFLX
2018-01-10,20.756999969482422,21.36400032043457,20.69099998474121,21.25200080871582,59515000,NFLX
2018-01-11,21.429000854492188,21.774999618530273,21.334999084472656,21.724000930786133,76595000,NFLX
2018-01-12,21.718000411987305,22.2549991607666,21.600000381469727,22.12299919128418,81994000,NFLX
2018-01-16,22.423999786376953,22.60700035095215,21.719999313354492,22.152999877929688,135161000,NFLX
2018-01-17,22.100000381469727,22.114999771118164,21.631999969482422,21.75,91231000,NFLX
2018-01-18,22.034000396728516,22.058000564575195,21.655000686645508,22.033000946044922,82253000,NFLX
2018-01-19,22.274999618530273,22.349000930786133,21.850000381469727,22.04599952697754,105486000,NFLX
2018-01-22,22.200000762939453,22.77899932861328,22.1200008392334,22.757999420166016,177033000,NFLX
2018-01-23,25.5049991607666,25.770999908447266,24.802000045776367,25.02899932861328,277053000,NFLX
2018-01-24,25.08799934387207,26.17099952697754,24.930999755859375,26.1299991607666,173524000,NFLX
2018-01-25,26.299999237060547,27.229999542236328,26.023000717163086,26.969999313354492,153364000,NFLX
2018-01-26,27.14900016784668,27.459999084472656,26.875999450683594,27.459999084472656,110218000,NFLX
2018-01-29,27.420000076293945,28.680999755859375,27.392000198364258,28.458999633789062,175297000,NFLX
2018-01-30,27.700000762939453,28.273000717163086,27.270000457763672,27.8799991607666,124829000,NFLX
2018-01-31,28.194000244140625,28.229000091552734,26.95800018310547,27.030000686645508,116951000,NFLX
2018-02-01,26.641000747680664,27.19499969482422,26.33799934387207,26.506999969482422,96690000,NFLX
2018-02-02,26.299999237060547,27.062000274658203,26.270999908447266,26.743000030517578,91236000,NFLX
2018-02-05,26.200000762939453,26.790000915527344,25.003000259399414,25.426000595092773,118961000,NFLX
2018-02-06,24.770000457763672,26.670000076293945,24.5,26.57200050354004,125958000,NFLX
2018-02-07,26.658000946044922,27.2450008392334,26.433000564575195,26.45599937438965,89815000,NFLX
2018-02-08,26.70800018310547,26.761999130249023,25.0,25.010000228881836,93067000,NFLX
2018-02-09,25.385000228881836,25.579999923706055,23.611000061035156,24.94700050354004,169069000,NFLX
2018-02-12,25.214000701904297,25.915000915527344,24.899999618530273,25.795000076293945,85349000,NFLX
2018-02-13,25.729000091552734,26.141000747680664,25.469999313354492,25.82699966430664,68552000,NFLX
2018-02-14,26.047000885009766,26.988000869750977,26.033000946044922,26.600000381469727,109720000,NFLX
2018-02-15,27.003000259399414,28.049999237060547,26.76300048828125,28.027000427246094,107597000,NFLX
2018-02-16,27.87299919128418,28.195999145507812,27.569000244140625,27.851999282836914,83124000,NFLX
2018-02-20,27.77400016784668,28.58099937438965,27.660999298095703,27.854999542236328,77690000,NFLX
2018-02-21,28.207000732421875,28.663999557495117,28.000999450683594,28.104000091552734,93711000,NFLX
2018-02-22,28.38800048828125,28.450000762939453,27.44499969482422,27.81399917602539,88915000,NFLX
2018-02-23,28.100000381469727,28.600000381469727,27.7810001373291,28.593000411987305,73018000,NFLX
2018-02-26,28.875,29.565000534057617,28.701000213623047,29.416000366210938,102686000,NFLX
2018-02-27,29.476999282836914,29.736000061035156,29.05900001525879,29.06100082397461,94165000,NFLX
2018-02-28,29.309999465942383,29.575000762939453,29.077999114990234,29.13800048828125,76535000,NFLX
2018-03-01,29.274999618530273,29.524999618530273,28.382999420166016,29.038999557495117,119321000,NFLX
2018-03-02,28.46500015258789,30.118000030517578,28.322999954223633,30.104999542236328,133453000,NFLX
2018-03-05,30.28499984741211,31.69099998474121,29.760000228881836,31.5,189861000,NFLX
2018-03-06,31.988000869750977,32.57899856567383,31.649999618530273,32.52199935913086,185258000,NFLX
2018-03-07,32.0,32.374000549316406,31.454999923706055,32.11600112915039,171322000,NFLX
2018-03-08,32.220001220703125,32.29199981689453,31.413000106811523,31.700000762939453,113401000,NFLX
2018-03-09,32.132999420166016,33.14400100708008,32.02299880981445,33.14400100708008,145002000,NFLX
2018-03-12,33.35599899291992,33.39799880981445,31.860000610351562,32.130001068115234,203692000,NFLX
2018-03-13,32.387001037597656,32.58399963378906,31.327999114990234,31.58799934387207,129172000,NFLX
2018-03-14,31.81599998474121,32.38800048828125,31.770000457763672,32.154998779296875,104751000,NFLX
2018-03-15,32.31700134277344,32.34000015258789,31.81399917602539,32.10900115966797,56429000,NFLX
2018-03-16,32.141998291015625,32.4109992980957,31.836999893188477,31.844999313354492,73337000,NFLX
2018-03-19,31.579999923706055,31.700000762939453,30.733999252319336,31.347999572753906,99252000,NFLX
2018-03-20,31.326000213623047,31.950000762939453,31.280000686645508,31.75,59919000,NFLX
2018-03-21,31.635000228881836,31.940000534057617,31.451000213623047,31.648000717163086,52639000,NFLX
2018-03-22,31.30699920654297,31.41200065612793,30.56599998474121,30.670000076293945,80633000,NFLX
2018-03-23,30.740999221801758,30.937000274658203,30.035999298095703,30.0939998626709,95299000,NFLX
2018-03-26,30.93600082397461,32.10300064086914,30.200000762939453,32.03499984741211,119883000,NFLX
2018-03-27,32.249000549316406,32.290000915527344,29.700000762939453,30.069000244140625,120686000,NFLX
2018-03-28,29.839000701904297,29.8799991607666,28.160999298095703,28.57699966430664,189729000,NFLX
2018-03-29,28.700000762939453,29.53499984741211,27.59000015258789,29.53499984741211,191455000,NFLX
2018-04-02,29.194000244140625,29.28700065612793,27.5049991607666,28.02899932861328,134058000,NFLX
2018-04-03,28.545000076293945,29.125,27.801000595092773,28.367000579833984,126949000,NFLX
2018-04-04,27.363000869750977,29.0310001373291,27.121999740600586,28.893999099731445,129140000,NFLX
2018-04-05,29.315000534057617,29.916000366210938,28.910999298095703,29.39699935913086,106552000,NFLX
2018-04-06,28.90999984741211,29.885000228881836,28.565000534057617,28.885000228881836,114448000,NFLX
2018-04-09,29.177000045776367,29.954999923706055,28.91200065612793,28.993000030517578,98536000,NFLX
2018-04-10,29.76799964904785,29.895000457763672,29.16900062561035,29.80699920654297,106605000,NFLX
2018-04-11,30.288000106811523,31.163999557495117,30.18199920654297,30.367000579833984,148774000,NFLX
2018-04-12,30.972000122070312,31.113000869750977,30.674999237060547,30.924999237060547,102494000,NFLX
2018-04-13,31.729000091552734,31.749000549316406,30.822999954223633,31.165000915527344,120466000,NFLX
2018-04-16,31.599000930786133,31.610000610351562,30.399999618530273,30.777999877929688,203079000,NFLX
2018-04-17,32.965999603271484,33.86199951171875,32.37699890136719,33.60599899291992,338665000,NFLX
2018-04-18,33.630001068115234,33.88199996948242,33.11000061035156,33.45199966430664,112211000,NFLX
2018-04-19,33.28799819946289,33.53099822998047,32.676998138427734,33.27000045776367,84388000,NFLX
2018-04-20,33.22200012207031,33.6510009765625,32.599998474121094,32.777000427246094,91587000,NFLX
2018-04-23,32.915000915527344,33.12200164794922,31.70800018310547,31.868999481201172,89680000,NFLX
2018-04-24,31.922000885009766,32.025001525878906,30.231000900268555,30.70199966430664,138932000,NFLX
2018-04-25,30.636999130249023,30.99799919128418,29.261999130249023,30.576000213623047,149197000,NFLX
2018-04-26,31.0,31.663000106811523,30.558000564575195,31.398000717163086,92667000,NFLX
2018-04-27,31.625,31.7450008392334,30.649999618530273,31.176000595092773,70744000,NFLX
2018-04-30,31.10700035095215,31.788000106811523,31.011999130249023,31.246000289916992,60888000,NFLX
2018-05-01,31.035999298095703,31.347999572753906,30.66900062561035,31.329999923706055,60366000,NFLX
2018-05-02,31.165000915527344,31.709999084472656,31.040000915527344,31.336000442504883,56971000,NFLX
2018-05-03,31.259000778198242,31.259000778198242,30.572999954223633,31.16900062561035,61358000,NFLX
2018-05-04,30.871000289916992,32.097999572753906,30.767000198364258,32.00899887084961,82095000,NFLX
2018-05-07,32.19900131225586,32.902000427246094,31.93400001525879,32.625999450683594,71178000,NFLX
2018-05-08,32.59000015258789,32.73500061035156,32.30500030517578,32.68899917602539,47357000,NFLX
2018-05-09,32.87900161743164,33.19499969482422,32.750999450683594,33.029998779296875,56334000,NFLX
2018-05-10,33.150001525878906,33.20600128173828,32.73400115966797,32.959999084472656,53023000,NFLX
2018-05-11,32.96500015258789,33.125999450683594,32.48699951171875,32.645999908447266,45897000,NFLX
2018-05-14,32.724998474121094,33.04999923706055,32.70399856567383,32.85300064086914,40898000,NFLX
2018-05-15,32.59400177001953,32.694000244140625,32.24300003051758,32.612998962402344,47461000,NFLX
2018-05-16,32.62799835205078,32.97200012207031,32.513999938964844,32.819000244140625,36717000,NFLX
2018-05-17,32.75299835205078,33.04499816894531,32.31700134277344,32.52199935913086,49357000,NFLX
2018-05-18,32.4900016784668,32.641998291015625,32.279998779296875,32.417999267578125,35777000,NFLX
2018-05-21,32.71099853515625,33.1879997253418,32.54499816894531,33.18199920654297,66573000,NFLX
2018-05-22,33.404998779296875,33.66299819946289,33.1150016784668,33.1619987487793,59644000,NFLX
2018-05-23,32.90399932861328,34.5,32.808998107910156,34.47200012207031,100491000,NFLX
2018-05-24,34.433998107910156,35.400001525878906,34.11199951171875,34.92900085449219,147586000,NFLX
2018-05-25,34.9900016784668,35.43600082397461,34.882999420166016,35.12900161743164,78174000,NFLX
2018-05-29,35.150001525878906,35.61000061035156,34.67100143432617,34.972999572753906,97179000,NFLX
2018-05-30,35.23699951171875,35.400001525878906,34.92599868774414,35.354000091552734,56855000,NFLX
2018-05-31,35.380001068115234,35.553001403808594,35.020999908447266,35.15999984741211,69217000,NFLX
2018-06-01,35.38800048828125,35.999000549316406,35.28200149536133,35.99300003051758,71123000,NFLX
2018-06-04,36.268001556396484,36.29999923706055,35.55099868774414,36.180999755859375,76820000,NFLX
2018-06-05,36.332000732421875,36.983001708984375,36.14099884033203,36.58000183105469,83580000,NFLX
2018-06-06,36.77799987792969,36.96799850463867,36.33300018310547,36.744998931884766,77123000,NFLX
2018-06-07,36.854000091552734,36.869998931884766,35.779998779296875,36.13999938964844,82780000,NFLX
2018-06-08,35.805999755859375,36.23899841308594,35.625,36.05699920654297,52257000,NFLX
2018-06-11,36.1879997253418,36.56700134277344,36.090999603271484,36.14500045776367,44324000,NFLX
2018-06-12,36.36000061035156,36.597999572753906,36.20000076293945,36.382999420166016,42910000,NFLX
2018-06-13,36.75299835205078,38.42499923706055,36.4109992980957,37.99300003051758,182228000,NFLX
2018-06-14,38.426998138427734,39.50299835205078,38.32500076293945,39.2869987487793,145983000,NFLX
2018-06-15,39.07099914550781,39.88600158691406,38.750999450683594,39.198001861572266,135881000,NFLX
2018-06-18,38.77199935913086,39.316001892089844,38.650001525878906,39.040000915527344,68248000,NFLX
2018-06-19,38.95000076293945,40.52899932861328,38.849998474121094,40.49800109863281,166971000,NFLX
2018-06-20,41.51499938964844,41.946998596191406,40.959999084472656,41.67599868774414,164946000,NFLX
2018-06-21,42.13800048828125,42.32099914550781,40.637001037597656,41.54399871826172,183899000,NFLX
2018-06-22,41.99800109863281,42.04999923706055,40.96500015258789,41.10900115966797,104286000,NFLX
2018-06-25,40.46900177001953,40.5989990234375,37.875,38.448001861572266,224909000,NFLX
2018-06-26,39.327999114990234,40.47800064086914,38.904998779296875,39.93899917602539,151912000,NFLX
2018-06-27,40.75600051879883,41.159000396728516,39.0,39.03900146484375,165414000,NFLX
2018-06-28,39.5,39.689998626708984,38.709999084472656,39.54199981689453,122199000,NFLX
2018-06-29,39.91899871826172,40.132999420166016,39.05500030517578,39.143001556396484,92525000,NFLX
2018-07-02,38.54499816894531,39.8380012512207,38.0,39.81800079345703,81425000,NFLX
2018-07-03,39.94900131225586,39.99800109863281,38.95000076293945,39.051998138427734,52803000,NFLX
2018-07-05,39.380001068115234,39.92399978637695,39.08599853515625,39.8390007019043,84489000,NFLX
2018-07-06,39.744998931884766,40.8650016784668,39.551998138427734,40.82500076293945,86296000,NFLX
2018-07-09,41.595001220703125,41.9119987487793,41.11000061035156,41.89699935913086,111275000,NFLX
2018-07-10,41.7239990234375,41.944000244140625,41.30799865722656,41.5629997253418,93829000,NFLX
2018-07-11,41.13399887084961,41.97700119018555,41.060001373291016,41.8650016784668,97139000,NFLX
2018-07-12,41.51599884033203,41.67900085449219,40.779998779296875,41.349998474121094,127433000,NFLX
2018-07-13,40.91899871826172,41.0,39.507999420166016,39.58000183105469,157190000,NFLX
2018-07-16,39.89799880981445,40.33599853515625,39.17499923706055,40.04800033569336,229600000,NFLX
2018-07-17,34.69499969482422,38.5,34.400001525878906,37.948001861572266,584104000,NFLX
2018-07-18,38.124000549316406,38.3129997253418,37.236000061035156,37.51300048828125,217463000,NFLX
2018-07-19,37.10599899291992,37.57500076293945,36.29999923706055,36.42300033569336,168787000,NFLX
2018-07-20,36.492000579833984,37.04999923706055,36.013999938964844,36.10499954223633,150967000,NFLX
2018-07-23,35.915000915527344,36.38999938964844,35.36000061035156,36.26599884033203,115052000,NFLX
2018-07-24,36.694000244140625,36.7400016784668,35.45600128173828,35.731998443603516,128515000,NFLX
2018-07-25,35.75699996948242,36.327999114990234,35.564998626708984,36.2869987487793,84678000,NFLX
2018-07-26,35.819000244140625,36.55400085449219,35.66299819946289,36.308998107910156,69937000,NFLX
2018-07-27,36.685001373291016,36.70000076293945,35.165000915527344,35.520999908447266,89495000,NFLX
2018-07-30,35.19300079345703,35.202999114990234,33.402000427246094,33.49599838256836,182607000,NFLX
2018-07-31,33.1510009765625,34.25,32.79999923706055,33.744998931884766,140854000,NFLX
2018-08-01,33.58700180053711,34.441001892089844,33.402000427246094,33.8380012512207,77905000,NFLX
2018-08-02,33.722999572753906,34.5,33.47100067138672,34.45000076293945,71313000,NFLX
2018-08-03,34.775001525878906,34.7859992980957,33.847999572753906,34.308998107910156,88484000,NFLX
2018-08-06,34.2869987487793,35.198001861572266,34.17399978637695,35.09199905395508,81981000,NFLX
2018-08-07,35.323001861572266,35.73099899291992,34.9010009765625,35.18299865722656,79709000,NFLX
2018-08-08,35.22100067138672,35.229000091552734,34.6609992980957,34.76100158691406,53947000,NFLX
2018-08-09,34.79600143432617,35.24399948120117,34.582000732421875,34.93600082397461,48203000,NFLX
2018-08-10,34.691001892089844,34.90999984741211,34.44200134277344,34.58700180053711,43284000,NFLX
2018-08-13,33.98899841308594,34.71900177001953,33.90700149536133,34.13100051879883,68889000,NFLX
2018-08-14,34.20899963378906,34.24100112915039,33.625,33.749000549316406,58052000,NFLX
2018-08-15,33.40299987792969,33.54999923706055,32.099998474121094,32.63999938964844,117845000,NFLX
2018-08-16,32.9900016784668,33.117000579833984,32.12099838256836,32.24399948120117,66897000,NFLX
2018-08-17,31.900999069213867,32.4370002746582,31.29599952697754,31.67799949645996,104079000,NFLX
2018-08-20,31.464000701904297,33.15999984741211,31.093000411987305,32.77299880981445,135911000,NFLX
2018-08-21,33.099998474121094,34.150001525878906,32.970001220703125,33.801998138427734,147832000,NFLX
2018-08-22,33.8489990234375,34.62099838256836,33.74100112915039,34.444000244140625,89307000,NFLX
2018-08-23,34.81100082397461,35.007999420166016,33.76499938964844,33.91699981689453,113364000,NFLX
2018-08-24,34.599998474121094,35.915000915527344,34.45399856567383,35.88199996948242,147291000,NFLX
2018-08-27,36.71500015258789,37.44900131225586,36.0,36.45800018310547,174273000,NFLX
2018-08-28,36.722999572753906,36.999000549316406,36.03799819946289,36.8489990234375,92226000,NFLX
2018-08-29,36.720001220703125,36.986000061035156,36.29100036621094,36.80400085449219,81187000,NFLX
2018-08-30,36.5,37.680999755859375,36.354000091552734,37.097999572753906,109810000,NFLX
2018-08-31,37.066001892089844,37.599998474121094,36.70800018310547,36.768001556396484,79434000,NFLX
2018-09-04,36.64699935913086,36.88800048828125,36.125999450683594,36.36000061035156,76052000,NFLX
2018-09-05,36.0,36.3390007019043,33.58300018310547,34.11800003051758,130928000,NFLX
2018-09-06,34.74399948120117,35.599998474121094,34.19900131225586,34.645999908447266,130502000,NFLX
2018-09-07,34.220001220703125,35.57500076293945,34.125,34.86800003051758,91058000,NFLX
2018-09-10,35.22700119018555,35.25,34.30799865722656,34.840999603271484,57522000,NFLX
2018-09-11,34.46699905395508,35.6150016784668,34.38999938964844,35.59299850463867,61981000,NFLX
2018-09-12,35.90800094604492,37.042999267578125,35.624000549316406,36.994998931884766,104808000,NFLX
2018-09-13,37.191001892089844,37.409000396728516,36.683998107910156,36.814998626708984,83661000,NFLX
2018-09-14,36.85499954223633,37.10900115966797,36.34600067138672,36.45600128173828,47564000,NFLX
2018-09-17,36.422000885009766,36.733001708984375,34.957000732421875,35.03499984741211,70719000,NFLX
2018-09-18,35.367000579833984,36.814998626708984,35.15599822998047,36.76499938964844,104140000,NFLX
2018-09-19,37.39500045776367,37.76100158691406,35.91699981689453,36.69599914550781,118768000,NFLX
2018-09-20,37.0260009765625,37.0260009765625,36.31700134277344,36.5359992980957,67681000,NFLX
2018-09-21,36.659000396728516,37.22200012207031,36.07400131225586,36.11899948120117,119306000,NFLX
2018-09-24,35.900001525878906,37.36399841308594,35.43299865722656,36.96099853515625,93225000,NFLX
2018-09-25,37.02299880981445,37.13399887084961,36.44900131225586,36.94300079345703,67998000,NFLX
2018-09-26,37.35900115966797,38.20000076293945,37.0880012512207,37.78799819946289,137997000,NFLX
2018-09-27,37.98699951171875,38.31999969482422,37.599998474121094,38.07099914550781,73262000,NFLX
2018-09-28,37.92399978637695,38.08000183105469,37.37300109863281,37.41299819946289,71149000,NFLX
2018-10-01,37.584999084472656,38.611000061035156,37.558998107910156,38.143001556396484,83766000,NFLX
2018-10-02,38.4379997253418,38.68000030517578,37.382999420166016,37.7140007019043,86387000,NFLX
2018-10-03,37.85300064086914,38.09299850463867,37.487998962402344,37.70500183105469,57986000,NFLX
2018-10-04,37.5880012512207,37.59199905395508,36.040000915527344,36.3650016784668,90744000,NFLX
2018-10-05,35.97700119018555,36.349998474121094,34.29999923706055,35.1349983215332,135230000,NFLX
2018-10-08,34.518001556396484,35.29499816894531,33.81100082397461,34.90999984741211,123755000,NFLX
2018-10-09,34.847999572753906,35.87200164794922,34.70899963378906,35.57099914550781,87550000,NFLX
2018-10-10,35.35200119018555,35.51499938964844,32.53900146484375,32.5890007019043,171831000,NFLX
2018-10-11,32.49399948120117,33.41999816894531,31.58099937438965,32.11000061035156,160821000,NFLX
2018-10-12,33.957000732421875,34.130001068115234,32.88999938964844,33.95600128173828,148708000,NFLX
2018-10-15,33.76300048828125,33.92100143432617,32.69300079345703,33.3129997253418,112150000,NFLX
2018-10-16,33.7239990234375,34.79499816894531,33.055999755859375,34.63999938964844,201564000,NFLX
2018-10-17,37.83300018310547,38.0,35.650001525878906,36.470001220703125,326109000,NFLX
2018-10-18,36.06700134277344,36.220001220703125,34.60499954223633,34.67100143432617,184610000,NFLX
2018-10-19,35.099998474121094,35.58000183105469,33.220001220703125,33.266998291015625,167172000,NFLX
2018-10-22,33.310001373291016,33.58000183105469,32.034000396728516,32.95399856567383,170972000,NFLX
2018-10-23,31.799999237060547,33.65800094604492,31.677000045776367,33.316001892089844,149073000,NFLX
2018-10-24,33.22800064086914,33.29999923706055,30.072999954223633,30.183000564575195,190393000,NFLX
2018-10-25,30.711999893188477,31.993999481201172,30.524999618530273,31.28700065612793,133469000,NFLX
2018-10-26,30.051000595092773,31.39900016784668,29.229999542236328,29.982999801635742,196160000,NFLX
2018-10-29,30.525999069213867,30.788999557495117,27.540000915527344,28.483999252319336,216988000,NFLX
2018-10-30,27.55699920654297,29.052000045776367,27.121000289916992,28.58099937438965,236857000,NFLX
2018-10-31,29.777000427246094,31.149999618530273,29.5049991607666,30.17799949645996,203603000,NFLX
2018-11-01,30.458999633789062,31.844999313354492,29.66699981689453,31.738000869750977,151215000,NFLX
2018-11-02,31.799999237060547,32.1879997253418,30.83300018310547,30.90999984741211,134046000,NFLX
2018-11-05,31.110000610351562,31.753000259399414,30.374000549316406,31.54400062561035,102830000,NFLX
2018-11-06,31.47599983215332,32.02199935913086,30.530000686645508,31.083999633789062,97104000,NFLX
2018-11-07,31.290000915527344,32.85599899291992,31.100000381469727,32.75,133283000,NFLX
2018-11-08,32.79999923706055,33.20500183105469,31.660999298095703,31.79199981689453,110239000,NFLX
2018-11-09,31.10700035095215,31.29800033569336,29.801000595092773,30.347000122070312,134808000,NFLX
2018-11-12,30.0,30.249000549316406,29.062999725341797,29.406999588012695,109248000,NFLX
2018-11-13,29.5,30.354999542236328,28.90999984741211,29.440000534057617,122322000,NFLX
2018-11-14,30.040000915527344,30.18400001525879,27.829999923706055,28.67300033569336,168536000,NFLX
2018-11-15,28.551000595092773,29.25,28.215999603271484,29.006000518798828,99671000,NFLX
2018-11-16,28.714000701904297,29.172000885009766,28.100000381469727,28.621000289916992,90995000,NFLX
2018-11-19,28.378999710083008,28.509000778198242,26.915000915527344,27.059999465942383,129938000,NFLX
2018-11-20,25.46299934387207,27.634000778198242,25.0,26.697999954223633,166938000,NFLX
2018-11-21,27.441999435424805,27.534000396728516,26.150999069213867,26.21299934387207,110230000,NFLX
2018-11-23,26.01099967956543,26.549999237060547,25.68400001525879,25.881999969482422,52451000,NFLX
2018-11-26,26.05500030517578,26.625,25.3799991607666,26.14299964904785,124986000,NFLX
2018-11-27,25.923999786376953,26.908000946044922,25.61400032043457,26.663000106811523,111495000,NFLX
2018-11-28,27.197999954223633,28.399999618530273,26.333999633789062,28.264999389648438,148013000,NFLX
2018-11-29,28.23200035095215,29.048999786376953,27.549999237060547,28.875,154315000,NFLX
2018-11-30,28.799999237060547,29.08099937438965,28.305999755859375,28.613000869750977,118601000,NFLX
2018-12-03,29.319000244140625,29.871999740600586,28.45800018310547,29.030000686645508,141174000,NFLX
2018-12-04,28.812999725341797,29.573999404907227,27.472000122070312,27.533000946044922,128006000,NFLX
2018-12-06,26.83300018310547,28.32200050354004,26.714000701904297,28.288000106811523,130743000,NFLX
2018-12-07,28.24799919128418,28.42099952697754,26.33799934387207,26.513999938964844,124667000,NFLX
2018-12-10,26.41900062561035,27.118000030517578,26.06100082397461,26.969999313354492,96056000,NFLX
2018-12-11,27.408000946044922,27.450000762939453,26.275999069213867,26.531999588012695,98432000,NFLX
2018-12-12,26.766000747680664,28.177000045776367,26.648000717163086,27.488000869750977,114567000,NFLX
2018-12-13,27.763999938964844,27.93199920654297,27.184999465942383,27.601999282836914,83793000,NFLX
2018-12-14,27.180999755859375,27.767000198364258,26.5,26.68400001525879,99153000,NFLX
2018-12-17,26.650999069213867,27.29800033569336,26.107999801635742,26.280000686645508,96347000,NFLX
2018-12-18,26.329999923706055,27.575000762939453,26.32900047302246,27.0939998626709,103501000,NFLX
2018-12-19,26.996000289916992,28.086999893188477,26.37700080871582,26.677000045776367,137884000,NFLX
2018-12-20,26.464000701904297,26.989999771118164,25.187999725341797,26.058000564575195,167929000,NFLX
2018-12-21,26.382999420166016,26.450000762939453,24.128999710083008,24.638999938964844,213976000,NFLX
2018-12-24,24.200000762939453,25.065000534057617,23.368000030517578,23.38800048828125,95476000,NFLX
2018-12-26,23.392000198364258,25.450000762939453,23.12299919128418,25.367000579833984,144027000,NFLX
2018-12-27,25.01099967956543,25.55900001525879,24.010000228881836,25.55699920654297,122352000,NFLX
2018-12-28,25.79400062561035,26.19099998474121,24.979999542236328,25.607999801635742,109928000,NFLX
2018-12-31,26.016000747680664,27.010000228881836,26.0,26.766000747680664,135089000,NFLX
2019-01-02,25.92799949645996,26.975000381469727,25.658000946044922,26.766000747680664,116795000,NFLX
2019-01-03,27.020000457763672,27.57900047302246,26.44300079345703,27.1200008392334,149696000,NFLX
2019-01-04,28.187999725341797,29.780000686645508,27.854000091552734,29.756999969482422,193301000,NFLX
2019-01-07,30.209999084472656,31.68000030517578,30.165000915527344,31.534000396728516,186201000,NFLX
2019-01-08,31.99799919128418,32.058998107910156,30.801000595092773,32.027000427246094,153592000,NFLX
2019-01-09,31.770999908447266,32.334999084472656,31.350000381469727,31.996000289916992,133432000,NFLX
2019-01-10,31.457000732421875,32.5369987487793,31.25,32.465999603271484,134725000,NFLX
2019-01-11,33.09600067138672,34.10900115966797,32.85200119018555,33.75899887084961,195004000,NFLX
2019-01-14,33.42399978637695,33.54800033569336,32.91299819946289,33.29399871826172,104996000,NFLX
2019-01-15,34.959999084472656,35.72200012207031,34.70000076293945,35.4640007019043,211812000,NFLX
2019-01-16,35.400001525878906,35.8849983215332,34.81100082397461,35.138999938964844,153855000,NFLX
2019-01-17,34.95000076293945,35.57899856567383,34.64099884033203,35.319000244140625,188712000,NFLX
2019-01-18,35.196998596191406,35.29999923706055,33.67300033569336,33.90999984741211,266210000,NFLX
2019-01-22,33.48899841308594,33.6879997253418,32.10300064086914,32.51599884033203,179414000,NFLX
2019-01-23,32.82500076293945,33.17499923706055,31.860000610351562,32.19900131225586,134801000,NFLX
2019-01-24,32.060001373291016,33.18000030517578,31.899999618530273,32.66699981689453,111316000,NFLX
2019-01-25,32.87200164794922,34.0,32.85100173950195,33.80500030517578,111529000,NFLX
2019-01-28,33.470001220703125,33.630001068115234,32.88800048828125,33.566001892089844,86521000,NFLX
2019-01-29,33.58700180053711,33.821998596191406,32.814998626708984,32.88999938964844,76552000,NFLX
2019-01-30,33.275001525878906,34.178001403808594,33.08000183105469,34.066001892089844,92345000,NFLX
2019-01-31,33.96799850463867,34.5989990234375,33.808998107910156,33.95000076293945,85355000,NFLX
2019-02-01,33.71799850463867,34.683998107910156,33.650001525878906,33.98500061035156,98278000,NFLX
2019-02-04,34.2599983215332,35.20000076293945,34.130001068115234,35.13399887084961,90514000,NFLX
2019-02-05,35.31999969482422,36.0,35.290000915527344,35.58100128173828,90466000,NFLX
2019-02-06,35.70000076293945,35.70399856567383,34.71900177001953,35.21900177001953,67177000,NFLX
2019-02-07,34.790000915527344,34.875,33.902000427246094,34.47100067138672,78645000,NFLX
2019-02-08,33.79999923706055,34.79999923706055,33.79999923706055,34.75699996948242,75614000,NFLX
2019-02-11,35.0,35.2869987487793,34.48099899291992,34.573001861572266,54549000,NFLX
2019-02-12,34.808998107910156,36.0,34.652000427246094,35.99700164794922,104294000,NFLX
2019-02-13,35.72999954223633,35.959999084472656,35.02799987792969,35.176998138427734,105591000,NFLX
2019-02-14,35.17499923706055,36.04499816894531,34.83300018310547,35.90700149536133,92953000,NFLX
2019-02-15,35.84700012207031,36.439998626708984,35.54999923706055,35.6870002746582,92300000,NFLX
2019-02-19,35.58000183105469,36.5,35.53200149536133,36.19200134277344,73966000,NFLX
2019-02-20,36.48500061035156,36.67100143432617,35.66999816894531,35.99100112915039,81107000,NFLX
2019-02-21,36.00299835205078,36.28499984741211,35.38800048828125,35.696998596191406,62279000,NFLX
2019-02-22,36.034000396728516,36.612998962402344,36.005001068115234,36.301998138427734,70882000,NFLX
2019-02-25,36.70100021362305,37.14899826049805,36.37900161743164,36.39099884033203,75693000,NFLX
2019-02-26,36.29800033569336,36.56999969482422,35.93299865722656,36.49700164794922,49446000,NFLX
2019-02-27,36.349998474121094,36.803001403808594,35.97999954223633,36.2869987487793,56299000,NFLX
2019-02-28,36.24700164794922,36.638999938964844,35.770999908447266,35.810001373291016,61868000,NFLX
2019-03-01,36.22600173950195,36.2869987487793,35.46900177001953,35.731998443603516,55265000,NFLX
2019-03-04,35.97200012207031,36.224998474121094,34.80400085449219,35.104000091552734,74870000,NFLX
2019-03-05,35.145999908447266,35.617000579833984,34.82500076293945,35.43000030517578,59378000,NFLX
2019-03-06,35.36000061035156,35.987998962402344,35.16999816894531,35.96099853515625,62119000,NFLX
2019-03-07,36.01599884033203,36.2859992980957,35.04999923706055,35.2599983215332,61513000,NFLX
2019-03-08,34.57500076293945,34.992000579833984,34.24700164794922,34.959999084472656,68988000,NFLX
2019-03-11,35.20000076293945,35.89799880981445,35.00299835205078,35.88600158691406,53873000,NFLX
2019-03-12,35.9370002746582,36.01300048828125,35.380001068115234,35.62699890136719,51646000,NFLX
2019-03-13,35.58100128173828,36.24800109863281,35.277000427246094,36.12099838256836,64441000,NFLX
2019-03-14,36.04999923706055,36.38399887084961,35.810001373291016,35.88199996948242,52714000,NFLX
2019-03-15,36.10200119018555,36.400001525878906,35.888999938964844,36.145999908447266,84445000,NFLX
2019-03-18,36.24700164794922,37.09700012207031,36.18600082397461,36.34400177001953,71947000,NFLX
2019-03-19,36.63999938964844,36.69599914550781,35.68000030517578,35.87799835205078,75414000,NFLX
2019-03-20,35.89099884033203,37.59000015258789,35.70100021362305,37.52199935913086,109172000,NFLX
2019-03-21,37.400001525878906,37.900001525878906,37.06100082397461,37.7869987487793,85440000,NFLX
2019-03-22,37.595001220703125,37.643001556396484,36.00400161743164,36.10100173950195,86613000,NFLX
2019-03-25,35.900001525878906,36.70399856567383,35.74399948120117,36.62300109863281,84738000,NFLX
2019-03-26,36.7869987487793,36.8380012512207,35.801998138427734,35.99700164794922,76665000,NFLX
2019-03-27,36.099998474121094,36.24700164794922,35.0369987487793,35.33700180053711,78524000,NFLX
2019-03-28,35.44900131225586,35.59400177001953,34.91999816894531,35.46099853515625,43610000,NFLX
2019-03-29,35.715999603271484,35.82500076293945,35.37099838256836,35.65599822998047,47056000,NFLX
2019-04-01,35.900001525878906,36.83300018310547,35.85100173950195,36.69599914550781,70361000,NFLX
2019-04-02,36.625,36.84199905395508,36.22200012207031,36.77199935913086,51587000,NFLX
2019-04-03,36.92599868774414,37.340999603271484,36.61899948120117,36.974998474121094,53689000,NFLX
2019-04-04,37.00699996948242,37.20500183105469,36.2400016784668,36.78799819946289,46273000,NFLX
2019-04-05,36.900001525878906,36.97999954223633,36.465999603271484,36.54899978637695,39055000,NFLX
2019-04-08,36.51100158691406,36.59400177001953,35.99300003051758,36.14099884033203,46538000,NFLX
2019-04-09,36.05400085449219,36.67399978637695,35.900001525878906,36.47100067138672,54392000,NFLX
2019-04-10,36.57899856567383,36.8849983215332,36.224998474121094,36.391998291015625,45456000,NFLX
2019-04-11,36.5,37.012001037597656,36.08100128173828,36.76499938964844,65269000,NFLX
2019-04-12,36.069000244140625,36.17499923706055,34.93600082397461,35.11399841308594,156462000,NFLX
2019-04-15,35.07099914550781,35.22100067138672,34.22700119018555,34.887001037597656,88423000,NFLX
2019-04-16,35.5,36.448001861572266,35.27199935913086,35.94599914550781,187402000,NFLX
2019-04-17,36.505001068115234,36.875999450683594,35.060001373291016,35.4739990234375,180541000,NFLX
2019-04-18,35.5,36.04100036621094,35.16400146484375,36.03499984741211,83532000,NFLX
2019-04-22,35.970001220703125,37.76900100708008,35.900001525878906,37.73400115966797,119805000,NFLX
2019-04-23,37.54499816894531,38.47999954223633,37.47100067138672,38.18899917602539,100898000,NFLX
2019-04-24,38.106998443603516,38.189998626708984,37.32699966430664,37.42300033569336,65419000,NFLX
2019-04-25,37.44900131225586,37.47600173950195,36.56999969482422,36.83300018310547,62555000,NFLX
2019-04-26,36.834999084472656,37.513999938964844,36.624000549316406,37.48500061035156,56219000,NFLX
2019-04-29,37.36800003051758,37.45800018310547,36.9119987487793,37.18299865722656,38217000,NFLX
2019-04-30,36.95600128173828,37.45000076293945,36.834999084472656,37.05400085449219,38701000,NFLX
2019-05-01,37.400001525878906,38.5989990234375,37.31700134277344,37.88100051879883,92573000,NFLX
2019-05-02,37.79999923706055,38.349998474121094,37.45100021362305,37.90599822998047,53982000,NFLX
2019-05-03,38.15299987792969,38.50299835205078,37.82699966430664,38.50299835205078,51303000,NFLX
2019-05-06,37.76900100708008,38.1349983215332,37.599998474121094,37.867000579833984,57931000,NFLX
2019-05-07,37.70000076293945,37.99100112915039,36.58100128173828,37.04600143432617,69749000,NFLX
2019-05-08,36.79199981689453,36.900001525878906,36.13600158691406,36.4370002746582,65720000,NFLX
2019-05-09,36.09000015258789,36.41999816894531,35.275001525878906,36.275001525878906,58826000,NFLX
2019-05-10,36.1619987487793,36.5260009765625,35.305999755859375,36.104000091552734,56571000,NFLX
2019-05-13,35.229000091552734,35.42599868774414,34.310001373291016,34.5260009765625,80267000,NFLX
2019-05-14,34.87099838256836,34.994998931884766,34.25,34.56100082397461,53530000,NFLX
2019-05-15,34.33399963378906,35.650001525878906,34.138999938964844,35.499000549316406,63401000,NFLX
2019-05-16,35.637001037597656,36.400001525878906,35.39400100708008,35.930999755859375,64415000,NFLX
2019-05-17,35.638999938964844,35.96200180053711,35.37900161743164,35.44499969482422,47254000,NFLX
2019-05-20,35.12300109863281,35.242000579833984,34.540000915527344,34.81100082397461,46215000,NFLX
2019-05-21,35.095001220703125,35.643001556396484,34.99300003051758,35.426998138427734,40264000,NFLX
2019-05-22,35.80099868774414,37.04600143432617,35.72999954223633,35.972999572753906,62294000,NFLX
2019-05-23,35.54999923706055,35.742000579833984,34.77000045776367,35.22100067138672,56304000,NFLX
2019-05-24,35.54100036621094,35.944000244140625,35.37900161743164,35.43899917602539,38310000,NFLX
2019-05-28,35.43899917602539,36.119998931884766,35.3650016784668,35.50600051879883,47171000,NFLX
2019-05-29,35.36000061035156,35.3849983215332,34.59000015258789,34.91899871826172,56589000,NFLX
2019-05-30,35.05500030517578,35.42100143432617,34.83000183105469,35.185001373291016,40080000,NFLX
2019-05-31,34.72200012207031,34.933998107910156,34.29199981689453,34.327999114990234,50234000,NFLX
2019-06-03,34.35599899291992,34.76599884033203,33.26499938964844,33.66299819946289,78496000,NFLX
2019-06-04,34.5,35.361000061035156,34.32500076293945,35.34000015258789,78916000,NFLX
2019-06-05,35.4379997253418,35.78799819946289,34.87099838256836,35.573001861572266,50201000,NFLX
2019-06-06,35.48400115966797,35.82099914550781,35.20899963378906,35.7130012512207,37100000,NFLX
2019-06-07,35.73899841308594,36.51499938964844,35.569000244140625,36.08700180053711,47773000,NFLX
2019-06-10,36.3650016784668,36.709999084472656,34.92900085449219,35.20100021362305,78103000,NFLX
2019-06-11,35.5,35.757999420166016,34.849998474121094,35.12699890136719,53967000,NFLX
2019-06-12,35.18199920654297,35.361000061035156,34.323001861572266,34.555999755859375,45847000,NFLX
2019-06-13,34.722999572753906,34.849998474121094,33.92499923706055,34.34299850463867,62093000,NFLX
2019-06-14,34.16299819946289,34.34000015258789,33.61600112915039,33.972999572753906,50190000,NFLX
2019-06-17,34.26900100708008,35.176998138427734,34.20600128173828,35.0620002746582,53582000,NFLX
2019-06-18,35.55699920654297,36.150001525878906,35.375,35.71200180053711,54285000,NFLX
2019-06-19,36.172000885009766,36.4739990234375,35.61199951171875,36.35200119018555,56672000,NFLX
2019-06-20,36.590999603271484,37.012001037597656,36.12200164794922,36.520999908447266,58995000,NFLX
2019-06-21,36.5,37.14500045776367,36.5,36.92100143432617,74484000,NFLX
2019-06-24,37.027000427246094,37.5,37.02000045776367,37.104000091552734,48302000,NFLX
2019-06-25,37.07500076293945,37.099998474121094,35.82899856567383,36.029998779296875,57504000,NFLX
2019-06-26,36.15999984741211,36.67900085449219,36.15999984741211,36.220001220703125,36697000,NFLX
2019-06-27,36.31999969482422,37.084999084472656,36.31999969482422,37.00199890136719,41386000,NFLX
2019-06-28,37.0260009765625,37.15399932861328,36.48699951171875,36.731998443603516,45927000,NFLX
2019-07-01,37.349998474121094,37.66600036621094,37.20000076293945,37.459999084472656,49926000,NFLX
2019-07-02,37.48899841308594,37.599998474121094,37.03099822998047,37.542999267578125,36250000,NFLX
2019-07-03,37.66899871826172,38.19900131225586,37.58399963378906,38.172000885009766,37990000,NFLX
2019-07-05,37.82899856567383,38.13999938964844,37.555999755859375,38.05500030517578,37322000,NFLX
2019-07-08,37.819000244140625,37.82500076293945,37.5359992980957,37.61600112915039,31134000,NFLX
2019-07-09,37.90599822998047,38.47600173950195,37.75,37.99300003051758,69328000,NFLX
2019-07-10,38.277000427246094,38.433998107910156,36.268001556396484,38.099998474121094,58788000,NFLX
2019-07-11,38.11000061035156,38.45399856567383,37.880001068115234,37.95000076293945,43363000,NFLX
2019-07-12,37.86800003051758,37.9739990234375,37.27899932861328,37.32500076293945,66369000,NFLX
2019-07-15,37.29399871826172,37.36800003051758,36.22999954223633,36.65999984741211,79447000,NFLX
2019-07-16,37.00899887084961,37.13399887084961,36.492000579833984,36.5989990234375,58632000,NFLX
2019-07-17,36.625,36.650001525878906,36.17499923706055,36.24399948120117,136395000,NFLX
2019-07-18,32.375999450683594,32.98500061035156,32.029998779296875,32.520999908447266,312871000,NFLX
2019-07-19,32.34000015258789,32.584999084472656,31.42300033569336,31.510000228881836,163025000,NFLX
2019-07-22,31.200000762939453,31.45400047302246,30.58099937438965,31.062000274658203,177180000,NFLX
2019-07-23,31.143999099731445,31.350000381469727,30.600000381469727,30.729999542236328,91711000,NFLX
2019-07-24,31.051000595092773,31.999000549316406,30.725000381469727,31.79400062561035,119618000,NFLX
2019-07-25,31.88599967956543,32.76900100708008,31.6299991607666,32.645999908447266,107985000,NFLX
2019-07-26,32.87900161743164,33.599998474121094,32.75,33.577999114990234,108475000,NFLX
2019-07-29,33.597999572753906,33.63999938964844,32.87699890136719,33.27000045776367,57828000,NFLX
2019-07-30,32.91999816894531,32.96500015258789,32.323001861572266,32.59299850463867,60293000,NFLX
2019-07-31,32.51599884033203,33.176998138427734,31.85300064086914,32.29899978637695,62595000,NFLX
2019-08-01,32.42499923706055,32.858001708984375,31.874000549316406,31.950000762939453,65632000,NFLX
2019-08-02,31.749000549316406,31.94099998474121,31.18000030517578,31.882999420166016,62803000,NFLX
2019-08-05,31.09600067138672,31.341999053955078,30.468000411987305,30.76300048828125,86925000,NFLX
2019-08-06,31.058000564575195,31.187999725341797,30.530000686645508,31.010000228881836,61791000,NFLX
2019-08-07,30.256000518798828,30.5,29.680999755859375,30.429000854492188,93224000,NFLX
2019-08-08,31.10300064086914,31.63599967956543,30.663000106811523,31.59000015258789,59059000,NFLX
2019-08-09,31.374000549316406,31.663999557495117,30.56800079345703,30.89299964904785,53491000,NFLX
2019-08-12,30.54599952697754,31.288999557495117,30.323999404907227,31.08300018310547,65317000,NFLX
2019-08-13,30.976999282836914,31.64299964904785,30.81599998474121,31.22800064086914,52894000,NFLX
2019-08-14,30.801000595092773,30.840999603271484,29.801000595092773,29.910999298095703,73558000,NFLX
2019-08-15,29.950000762939453,30.062999725341797,28.799999237060547,29.576000213623047,96292000,NFLX
2019-08-16,29.88599967956543,30.354999542236328,29.62700080871582,30.280000686645508,69058000,NFLX
2019-08-19,30.625,31.174999237060547,30.475000381469727,30.937999725341797,49422000,NFLX
2019-08-20,30.457000732421875,30.5,29.76799964904785,29.89900016784668,73499000,NFLX
2019-08-21,30.160999298095703,30.288000106811523,29.6200008392334,29.7810001373291,56854000,NFLX
2019-08-22,29.864999771118164,30.033000946044922,29.315000534057617,29.69300079345703,49742000,NFLX
2019-08-23,29.5,29.900999069213867,29.031999588012695,29.143999099731445,63249000,NFLX
2019-08-26,29.52400016784668,29.69499969482422,29.25,29.49799919128418,46957000,NFLX
2019-08-27,29.45400047302246,29.677000045776367,28.719999313354492,29.10300064086914,63094000,NFLX
2019-08-28,28.94700050354004,29.281999588012695,28.774999618530273,29.177000045776367,39557000,NFLX
2019-08-29,29.5,29.993000030517578,29.499000549316406,29.67799949645996,43885000,NFLX
2019-08-30,29.878000259399414,29.893999099731445,29.084999084472656,29.375,44464000,NFLX
2019-09-03,29.082000732421875,29.389999389648438,28.805999755859375,28.929000854492188,36828000,NFLX
2019-09-04,29.125,29.238000869750977,28.650999069213867,29.152000427246094,46525000,NFLX
2019-09-05,28.531999588012695,29.39699935913086,28.27899932861328,29.325000762939453,89668000,NFLX
2019-09-06,29.334999084472656,29.334999084472656,28.702999114990234,29.017000198364258,51666000,NFLX
2019-09-09,29.481000900268555,30.155000686645508,29.059999465942383,29.43400001525879,82327000,NFLX
2019-09-10,29.115999221801758,29.716999053955078,28.266000747680664,28.798999786376953,123202000,NFLX
2019-09-11,28.56999969482422,29.264999389648438,28.461000442504883,28.82699966430664,74059000,NFLX
2019-09-12,28.809999465942383,29.273000717163086,28.65999984741211,28.88599967956543,50109000,NFLX
2019-09-13,29.06100082397461,29.66200065612793,29.003999710083008,29.415000915527344,65831000,NFLX
2019-09-16,29.42300033569336,29.743000030517578,28.97800064086914,29.429000854492188,53074000,NFLX
2019-09-17,29.450000762939453,29.915000915527344,29.179000854492188,29.860000610351562,47771000,NFLX
2019-09-18,29.499000549316406,29.604999542236328,28.7450008392334,29.1560001373291,78111000,NFLX
2019-09-19,29.1560001373291,29.381000518798828,28.34000015258789,28.65999984741211,84613000,NFLX
2019-09-20,28.025999069213867,28.25,26.600000381469727,27.075000762939453,238328000,NFLX
2019-09-23,26.834999084472656,27.339000701904297,26.18899917602539,26.591999053955078,134786000,NFLX
2019-09-24,26.25,26.5,25.22800064086914,25.458999633789062,163382000,NFLX
2019-09-25,25.570999145507812,26.65999984741211,25.3700008392334,26.475000381469727,116438000,NFLX
2019-09-26,26.642000198364258,26.80500030517578,26.020000457763672,26.33099937438965,76840000,NFLX
2019-09-27,26.618000030517578,26.743999481201172,26.038999557495117,26.308000564575195,73283000,NFLX
2019-09-30,26.399999618530273,26.88800048828125,26.277999877929688,26.761999130249023,67272000,NFLX
2019-10-01,26.735000610351562,27.219999313354492,26.402999877929688,26.95800018310547,86503000,NFLX
2019-10-02,26.361000061035156,26.934999465942383,26.2189998626709,26.80299949645996,76591000,NFLX
2019-10-03,26.777999877929688,26.884000778198242,25.701000213623047,26.815000534057617,89510000,NFLX
2019-10-04,26.81999969482422,27.54800033569336,26.64699935913086,27.27899932861328,98904000,NFLX
2019-10-07,27.198999404907227,27.667999267578125,27.128000259399414,27.445999145507812,65256000,NFLX
2019-10-08,27.30299949645996,27.55299949645996,27.06399917602539,27.07200050354004,62764000,NFLX
2019-10-09,27.00200080871582,27.100000381469727,26.457000732421875,26.753000259399414,67944000,NFLX
2019-10-10,26.597000122070312,28.05299949645996,26.503000259399414,28.04800033569336,108091000,NFLX
2019-10-11,28.479999542236328,28.78700065612793,28.233999252319336,28.292999267578125,87861000,NFLX
2019-10-14,28.39299964904785,28.69300079345703,28.200000762939453,28.55299949645996,55132000,NFLX
2019-10-15,28.381999969482422,28.586999893188477,27.940000534057617,28.424999237060547,76856000,NFLX
2019-10-16,28.312000274658203,28.816999435424805,28.073999404907227,28.628000259399414,161759000,NFLX
2019-10-17,30.448999404907227,30.875,28.829999923706055,29.334999084472656,382589000,NFLX
2019-10-18,28.93600082397461,29.09000015258789,27.336000442504883,27.530000686645508,234299000,NFLX
2019-10-21,27.288999557495117,27.993999481201172,26.899999618530273,27.80500030517578,125992000,NFLX
2019-10-22,27.115999221801758,27.541000366210938,26.579999923706055,26.66900062561035,118024000,NFLX
2019-10-23,26.805999755859375,27.392000198364258,26.663000106811523,27.12700080871582,71335000,NFLX
2019-10-24,27.180999755859375,27.402000427246094,26.8799991607666,27.149999618530273,48274000,NFLX
2019-10-25,27.06800079345703,27.777000427246094,27.01799964904785,27.68199920654297,47478000,NFLX
2019-10-28,27.80500030517578,28.575000762939453,27.735000610351562,28.18600082397461,62484000,NFLX
2019-10-29,28.187000274658203,28.44099998474121,27.7549991607666,28.121000289916992,43562000,NFLX
2019-10-30,28.43400001525879,29.349000930786133,28.299999237060547,29.145000457763672,93456000,NFLX
2019-10-31,29.100000381469727,29.145000457763672,28.47800064086914,28.740999221801758,50900000,NFLX
2019-11-01,28.8700008392334,28.91200065612793,28.302000045776367,28.680999755859375,55943000,NFLX
2019-11-04,28.799999237060547,29.538999557495117,28.715999603271484,29.285999298095703,55662000,NFLX
2019-11-05,28.999000549316406,29.118999481201172,28.631000518798828,28.80299949645996,40624000,NFLX
2019-11-06,28.819000244140625,29.055999755859375,28.583999633789062,28.858999252319336,34383000,NFLX
2019-11-07,29.06999969482422,29.819000244140625,28.82699966430664,28.957000732421875,59285000,NFLX
2019-11-08,28.87299919128418,29.39900016784668,28.750999450683594,29.156999588012695,45090000,NFLX
2019-11-11,28.916000366210938,29.63599967956543,28.850000381469727,29.417999267578125,39443000,NFLX
2019-11-12,29.531999588012695,29.53499984741211,28.8700008392334,29.201000213623047,57728000,NFLX
2019-11-13,29.10300064086914,29.340999603271484,28.11400032043457,28.31100082397461,91589000,NFLX
2019-11-14,28.325000762939453,29.062999725341797,28.32200050354004,28.961999893188477,65290000,NFLX
2019-11-15,29.05900001525879,29.582000732421875,28.756999969482422,29.503000259399414,63338000,NFLX
2019-11-18,29.600000381469727,30.499000549316406,29.327999114990234,30.256999969482422,86166000,NFLX
2019-11-19,30.400999069213867,30.566999435424805,29.851999282836914,30.260000228881836,59180000,NFLX
2019-11-20,30.10099983215332,30.825000762939453,30.100000381469727,30.516000747680664,51118000,NFLX
2019-11-21,30.600000381469727,31.268999099731445,30.426000595092773,31.16900062561035,74884000,NFLX
2019-11-22,30.90999984741211,31.139999389648438,30.44099998474121,31.04800033569336,59701000,NFLX
2019-11-25,30.882999420166016,31.572999954223633,30.524999618530273,31.55500030517578,78739000,NFLX
2019-11-26,31.5,31.649999618530273,31.16900062561035,31.249000549316406,53210000,NFLX
2019-11-27,31.39299964904785,31.68199920654297,31.274999618530273,31.593000411987305,40969000,NFLX
2019-11-29,31.577999114990234,31.66200065612793,31.333999633789062,31.465999603271484,24117000,NFLX
2019-12-02,31.43899917602539,31.43899917602539,30.375,30.999000549316406,62188000,NFLX
2019-12-03,30.222000122070312,30.736000061035156,30.187999725341797,30.615999221801758,49928000,NFLX
2019-12-04,30.843000411987305,30.843000411987305,30.32699966430664,30.43199920654297,35121000,NFLX
2019-12-05,30.527000427246094,30.648000717163086,29.881000518798828,30.285999298095703,46155000,NFLX
2019-12-06,30.469999313354492,30.78499984741211,30.260000228881836,30.735000610351562,44578000,NFLX
2019-12-09,30.735000610351562,31.14900016784668,30.243999481201172,30.25,57484000,NFLX
2019-12-10,29.61199951171875,29.893999099731445,29.20199966430664,29.312000274658203,104761000,NFLX
2019-12-11,29.448999404907227,29.94300079345703,29.420000076293945,29.89299964904785,55898000,NFLX
2019-12-12,29.566999435424805,29.91699981689453,29.506000518798828,29.8439998626709,47666000,NFLX
2019-12-13,29.850000381469727,30.18000030517578,29.725000381469727,29.850000381469727,38797000,NFLX
2019-12-16,30.084999084472656,30.570999145507812,29.863000869750977,30.42099952697754,46589000,NFLX
2019-12-17,30.736000061035156,31.68000030517578,30.65999984741211,31.54800033569336,104271000,NFLX
2019-12-18,31.625999450683594,32.5359992980957,31.559999465942383,32.08000183105469,112074000,NFLX
2019-12-19,32.45000076293945,33.28300094604492,32.417999267578125,33.22200012207031,98223000,NFLX
2019-12-20,33.5,33.79999923706055,33.060001373291016,33.689998626708984,99149000,NFLX
2019-12-23,33.7760009765625,33.79499816894531,33.10200119018555,33.310001373291016,57653000,NFLX
2019-12-24,33.4010009765625,33.56999969482422,33.15999984741211,33.31999969482422,20193000,NFLX
2019-12-26,33.459999084472656,33.645999908447266,33.20100021362305,33.26300048828125,35899000,NFLX
2019-12-27,33.29600143432617,33.38199996948242,32.60100173950195,32.909000396728516,50361000,NFLX
2019-12-30,32.90800094604492,32.91899871826172,32.2859992980957,32.33100128173828,43115000,NFLX
2019-12-31,32.20000076293945,32.492000579833984,32.10900115966797,32.356998443603516,37133000,NFLX
2020-01-02,32.61000061035156,32.99800109863281,32.47800064086914,32.98099899291992,44858000,NFLX
2020-01-03,32.678001403808594,32.986000061035156,32.553001403808594,32.59000015258789,38069000,NFLX
2020-01-06,32.3120002746582,33.63600158691406,32.119998931884766,33.58300018310547,56631000,NFLX
2020-01-07,33.64699935913086,33.66999816894531,33.029998779296875,33.07500076293945,47032000,NFLX
2020-01-08,33.14899826049805,34.27000045776367,33.10499954223633,33.92599868774414,71045000,NFLX
2020-01-09,34.20000076293945,34.34199905395508,33.46099853515625,33.566001892089844,47093000,NFLX
2020-01-10,33.7130012512207,33.849998474121094,32.72700119018555,32.904998779296875,47183000,NFLX
2020-01-13,33.18000030517578,34.084999084472656,33.1510009765625,33.891998291015625,62900000,NFLX
2020-01-14,34.439998626708984,34.53799819946289,33.551998138427734,33.86899948120117,71994000,NFLX
2020-01-15,33.86800003051758,34.31700134277344,33.65999984741211,33.90700149536133,51580000,NFLX
2020-01-16,34.349998474121094,34.35599899291992,33.584999084472656,33.86199951171875,50160000,NFLX
2020-01-17,34.099998474121094,34.15700149536133,33.737998962402344,33.96699905395508,60665000,NFLX
2020-01-21,34.0,34.099998474121094,33.25899887084961,33.81100082397461,143503000,NFLX
2020-01-22,33.255001068115234,33.630001068115234,32.36000061035156,32.599998474121094,217300000,NFLX
2020-01-23,32.604000091552734,34.987998962402344,32.500999450683594,34.959999084472656,182003000,NFLX
2020-01-24,34.84600067138672,35.98500061035156,34.5880012512207,35.316001892089844,179397000,NFLX
2020-01-27,34.595001220703125,35.189998626708984,34.10200119018555,34.28799819946289,77095000,NFLX
2020-01-28,34.5880012512207,35.2400016784668,34.27799987792969,34.85200119018555,68216000,NFLX
2020-01-29,34.900001525878906,34.939998626708984,33.85499954223633,34.316001892089844,76435000,NFLX
2020-01-30,34.11000061035156,34.81999969482422,33.92499923706055,34.77399826049805,53281000,NFLX
2020-01-31,34.73899841308594,34.73899841308594,34.097999572753906,34.50899887084961,52300000,NFLX
2020-02-03,34.7239990234375,35.9630012512207,34.62799835205078,35.79999923706055,66706000,NFLX
2020-02-04,36.099998474121094,36.957000732421875,35.61000061035156,36.9010009765625,71615000,NFLX
2020-02-05,37.51300048828125,37.525001525878906,36.22999954223633,36.96699905395508,64370000,NFLX
2020-02-06,36.959999084472656,37.154998779296875,36.250999450683594,36.69499969482422,39204000,NFLX
2020-02-07,36.50400161743164,37.18000030517578,36.356998443603516,36.676998138427734,43852000,NFLX
2020-02-10,36.5,37.47999954223633,36.25199890136719,37.106998443603516,52941000,NFLX
2020-02-11,37.375,37.81100082397461,36.97200012207031,37.36899948120117,47729000,NFLX
2020-02-12,37.71799850463867,38.0620002746582,37.5880012512207,38.000999450683594,46248000,NFLX
2020-02-13,37.69599914550781,38.5369987487793,37.6510009765625,38.13999938964844,44854000,NFLX
2020-02-14,38.14699935913086,38.51499938964844,37.94300079345703,38.040000915527344,37363000,NFLX
2020-02-18,37.93000030517578,38.95399856567383,37.91899871826172,38.77799987792969,51739000,NFLX
2020-02-19,38.8120002746582,39.29499816894531,38.4900016784668,38.61899948120117,48964000,NFLX
2020-02-20,38.65599822998047,38.970001220703125,37.667999267578125,38.599998474121094,40794000,NFLX
2020-02-21,38.53300094604492,38.731998443603516,37.790000915527344,38.00699996948242,39301000,NFLX
2020-02-24,36.47600173950195,37.28200149536133,36.099998474121094,36.869998931884766,69364000,NFLX
2020-02-25,37.20000076293945,37.564998626708984,35.77199935913086,36.00899887084961,64812000,NFLX
2020-02-26,36.63100051879883,38.20000076293945,36.5,37.92399978637695,89341000,NFLX
2020-02-27,37.145999908447266,39.15599822998047,37.060001373291016,37.17100143432617,109677000,NFLX
2020-02-28,36.42100143432617,37.676998138427734,35.68000030517578,36.90299987792969,111686000,NFLX
2020-03-02,37.31100082397461,38.13600158691406,36.45000076293945,38.10499954223633,69979000,NFLX
2020-03-03,38.10300064086914,39.35200119018555,36.7400016784668,36.87699890136719,83646000,NFLX
2020-03-04,37.777000427246094,38.4010009765625,37.05099868774414,38.37900161743164,54873000,NFLX
2020-03-05,38.099998474121094,39.13999938964844,36.86399841308594,37.27799987792969,87470000,NFLX
2020-03-06,36.77000045776367,37.13100051879883,35.685001373291016,36.89699935913086,81472000,NFLX
2020-03-09,34.38600158691406,35.74700164794922,34.172000885009766,34.64899826049805,74055000,NFLX
2020-03-10,35.643001556396484,36.45399856567383,34.78499984741211,36.41299819946289,76044000,NFLX
2020-03-11,35.891998291015625,36.29800033569336,34.479000091552734,34.992000579833984,60360000,NFLX
2020-03-12,32.650001525878906,33.571998596191406,30.73200035095215,31.524999618530273,120716000,NFLX
2020-03-13,33.05099868774414,33.641998291015625,30.73900032043457,33.630001068115234,94582000,NFLX
2020-03-16,30.663000106811523,33.435001373291016,29.475000381469727,29.884000778198242,105599000,NFLX
2020-03-17,30.618999481201172,32.290000915527344,29.024999618530273,31.975000381469727,100139000,NFLX
2020-03-18,30.239999771118164,33.15800094604492,30.0,31.547000885009766,125936000,NFLX
2020-03-19,32.43299865722656,34.85100173950195,31.68199920654297,33.202999114990234,106160000,NFLX
2020-03-20,34.23099899291992,35.04899978637695,33.20000076293945,33.28300094604492,108538000,NFLX
2020-03-23,34.78900146484375,36.611000061035156,34.0880012512207,36.027000427246094,134494000,NFLX
2020-03-24,36.999000549316406,37.292999267578125,35.303001403808594,35.731998443603516,116387000,NFLX
2020-03-25,36.10200119018555,36.20000076293945,33.91699981689453,34.23899841308594,87672000,NFLX
2020-03-26,34.400001525878906,36.38399887084961,34.17300033569336,36.29899978637695,72296000,NFLX
2020-03-27,35.909000396728516,36.85599899291992,35.29999923706055,35.71200180053711,79488000,NFLX
2020-03-30,36.29999923706055,37.779998779296875,36.117000579833984,37.09600067138672,86220000,NFLX
2020-03-31,36.792999267578125,38.30099868774414,36.64400100708008,37.54999923706055,93665000,NFLX
2020-04-01,37.60499954223633,38.02299880981445,36.10200119018555,36.40800094604492,66725000,NFLX
2020-04-02,36.40800094604492,37.0989990234375,36.00600051879883,37.007999420166016,45925000,NFLX
2020-04-03,36.74700164794922,37.09000015258789,35.750999450683594,36.17599868774414,48608000,NFLX
2020-04-06,36.52199935913086,38.02899932861328,36.17100143432617,37.99599838256836,81839000,NFLX
2020-04-07,38.0,38.132999420166016,36.933998107910156,37.22800064086914,70464000,NFLX
2020-04-08,37.4010009765625,37.8390007019043,36.83100128173828,37.11199951171875,69089000,NFLX
2020-04-09,37.10599899291992,37.209999084472656,36.303001403808594,37.071998596191406,77113000,NFLX
2020-04-13,37.13100051879883,40.05099868774414,36.77000045776367,39.672000885009766,116929000,NFLX
2020-04-14,39.75,41.78200149536133,39.48500061035156,41.35499954223633,115810000,NFLX
2020-04-15,41.29999923706055,43.49800109863281,41.224998474121094,42.67499923706055,135612000,NFLX
2020-04-16,43.70000076293945,44.95199966430664,43.1609992980957,43.91699981689453,161287000,NFLX
2020-04-17,43.099998474121094,43.20000076293945,41.470001220703125,42.29600143432617,126163000,NFLX
2020-04-20,43.516998291015625,44.44900131225586,43.055999755859375,43.749000549316406,126558000,NFLX
2020-04-21,44.47700119018555,44.70000076293945,42.560001373291016,43.382999420166016,231776000,NFLX
2020-04-22,42.972999572753906,43.29999923706055,41.29999923706055,42.141998291015625,210848000,NFLX
2020-04-23,41.92599868774414,43.840999603271484,41.92599868774414,42.66999816894531,139523000,NFLX
2020-04-24,42.5,42.71699905395508,41.5880012512207,42.499000549316406,86589000,NFLX
2020-04-27,42.5,42.900001525878906,42.08399963378906,42.13800048828125,62775000,NFLX
2020-04-28,41.999000549316406,42.099998474121094,40.29100036621094,40.382999420166016,101012000,NFLX
2020-04-29,39.952999114990234,41.58599853515625,39.36000061035156,41.18899917602539,96931000,NFLX
2020-04-30,41.03099822998047,42.444000244140625,40.79999923706055,41.98500061035156,79540000,NFLX
2020-05-01,41.5099983215332,42.797000885009766,41.17300033569336,41.527000427246094,82999000,NFLX
2020-05-04,41.77799987792969,42.854000091552734,41.48699951171875,42.814998626708984,77991000,NFLX
2020-05-05,42.75600051879883,43.099998474121094,42.15599822998047,42.46799850463867,62863000,NFLX
2020-05-06,42.93000030517578,43.97700119018555,42.638999938964844,43.42599868774414,66607000,NFLX
2020-05-07,43.68899917602539,43.88800048828125,43.066001892089844,43.65299987792969,56419000,NFLX
2020-05-08,43.41400146484375,44.20000076293945,43.36399841308594,43.55500030517578,50493000,NFLX
2020-05-11,43.632999420166016,44.48899841308594,43.555999755859375,44.051998138427734,54860000,NFLX
2020-05-12,44.20000076293945,44.41699981689453,43.13600158691406,43.18199920654297,45982000,NFLX
2020-05-13,43.569000244140625,44.70000076293945,42.72700119018555,43.82699966430664,70146000,NFLX
2020-05-14,44.4900016784668,45.237998962402344,43.28200149536133,44.19499969482422,90075000,NFLX
2020-05-15,44.06999969482422,45.5,43.750999450683594,45.41899871826172,72440000,NFLX
2020-05-18,45.11600112915039,45.63600158691406,44.334999084472656,45.257999420166016,77735000,NFLX
2020-05-19,45.34000015258789,45.89699935913086,45.047000885009766,45.104000091552734,48105000,NFLX
2020-05-20,45.42499923706055,45.58100128173828,44.400001525878906,44.766998291015625,56073000,NFLX
2020-05-21,44.85599899291992,44.895999908447266,43.025001525878906,43.625,91173000,NFLX
2020-05-22,43.70000076293945,43.909000396728516,42.71799850463867,42.93199920654297,54223000,NFLX
2020-05-26,42.777000427246094,42.849998474121094,41.31399917602539,41.47700119018555,78811000,NFLX
2020-05-27,41.03799819946289,42.00199890136719,39.7859992980957,41.98899841308594,104463000,NFLX
2020-05-28,41.7239990234375,42.23699951171875,41.150001525878906,41.34400177001953,56551000,NFLX
2020-05-29,41.74599838256836,42.029998779296875,41.185001373291016,41.972999572753906,52549000,NFLX
2020-06-01,41.882999420166016,42.672000885009766,41.597999572753906,42.59199905395508,37437000,NFLX
2020-06-02,42.58700180053711,42.75899887084961,41.94599914550781,42.73099899291992,34948000,NFLX
2020-06-03,42.69499969482422,42.709999084472656,41.80500030517578,42.196998596191406,43160000,NFLX
2020-06-04,42.23899841308594,42.87099838256836,41.00299835205078,41.43299865722656,54105000,NFLX
2020-06-05,40.729000091552734,42.02399826049805,40.42499923706055,41.959999084472656,50996000,NFLX
2020-06-08,41.599998474121094,42.08000183105469,40.650001525878906,41.94900131225586,58515000,NFLX
2020-06-09,42.165000915527344,43.472999572753906,42.03099822998047,43.404998779296875,67970000,NFLX
2020-06-10,43.599998474121094,43.96900177001953,43.05500030517578,43.448001861572266,48969000,NFLX
2020-06-11,42.81999969482422,44.55699920654297,42.41600036621094,42.555999755859375,74629000,NFLX
2020-06-12,42.900001525878906,43.40599822998047,41.244998931884766,41.80699920654297,64611000,NFLX
2020-06-15,42.13999938964844,42.64899826049805,41.54199981689453,42.54999923706055,44679000,NFLX
2020-06-16,42.57600021362305,43.79600143432617,42.518001556396484,43.612998962402344,55079000,NFLX
2020-06-17,44.18199920654297,45.04600143432617,43.922000885009766,44.777000427246094,65296000,NFLX
2020-06-18,44.87300109863281,45.2760009765625,44.279998779296875,44.98699951171875,42776000,NFLX
2020-06-19,44.9119987487793,45.39699935913086,44.560001373291016,45.37200164794922,59345000,NFLX
2020-06-22,45.500999450683594,46.85900115966797,45.42100143432617,46.80400085449219,62721000,NFLX
2020-06-23,46.650001525878906,47.4010009765625,46.45000076293945,46.625999450683594,59484000,NFLX
2020-06-24,46.854000091552734,47.236000061035156,45.400001525878906,45.78499984741211,48262000,NFLX
2020-06-25,45.88600158691406,46.70100021362305,45.400001525878906,46.590999603271484,41345000,NFLX
2020-06-26,46.638999938964844,46.803001403808594,44.2239990234375,44.34000015258789,68047000,NFLX
2020-06-29,44.52299880981445,44.766998291015625,43.2140007019043,44.7239990234375,48440000,NFLX
2020-06-30,45.00199890136719,45.75899887084961,44.70000076293945,45.50400161743164,41985000,NFLX
2020-07-01,45.400001525878906,48.823001861572266,45.400001525878906,48.56399917602539,97059000,NFLX
2020-07-02,48.56399917602539,49.22800064086914,47.553001403808594,47.68899917602539,63515000,NFLX
2020-07-06,48.07699966430664,49.95000076293945,47.97999954223633,49.38100051879883,78390000,NFLX
2020-07-07,49.73099899291992,50.481998443603516,49.08300018310547,49.316001892089844,56699000,NFLX
2020-07-08,49.858001708984375,50.5099983215332,49.38100051879883,50.27799987792969,56917000,NFLX
2020-07-09,50.84000015258789,51.0,49.577999114990234,50.7760009765625,58405000,NFLX
2020-07-10,51.972999572753906,55.5880012512207,51.12799835205078,54.87300109863281,216056000,NFLX
2020-07-13,56.79800033569336,57.5369987487793,52.09600067138672,52.54999923706055,183990000,NFLX
2020-07-14,51.70800018310547,52.54999923706055,49.04899978637695,52.487998962402344,150833000,NFLX
2020-07-15,51.630001068115234,52.900001525878906,51.018001556396484,52.32600021362305,100667000,NFLX
2020-07-16,52.64799880981445,53.55400085449219,50.43600082397461,52.73899841308594,244990000,NFLX
2020-07-17,49.48699951171875,50.35900115966797,48.41400146484375,49.29899978637695,249914000,NFLX
2020-07-20,48.91400146484375,50.45000076293945,48.41999816894531,50.24100112915039,119403000,NFLX
2020-07-21,50.599998474121094,50.62200164794922,48.861000061035156,49.0099983215332,91137000,NFLX
2020-07-22,49.21900177001953,49.720001220703125,48.720001220703125,48.981998443603516,69541000,NFLX
2020-07-23,49.112998962402344,49.189998626708984,47.20199966430664,47.757999420166016,77220000,NFLX
2020-07-24,46.87699890136719,48.71699905395508,46.75400161743164,48.04499816894531,77462000,NFLX
2020-07-27,48.45100021362305,49.69200134277344,48.23099899291992,49.564998626708984,78631000,NFLX
2020-07-28,49.60200119018555,49.77899932861328,48.7760009765625,48.85100173950195,59867000,NFLX
2020-07-29,49.224998474121094,49.492000579833984,48.41299819946289,48.448001861572266,66118000,NFLX
2020-07-30,48.07099914550781,48.834999084472656,47.750999450683594,48.58000183105469,66086000,NFLX
2020-07-31,48.82899856567383,49.47999954223633,48.45000076293945,48.88800048828125,59163000,NFLX
2020-08-03,49.08599853515625,50.308998107910156,49.02299880981445,49.86199951171875,58731000,NFLX
2020-08-04,49.8650016784668,51.04399871826172,49.8650016784668,50.9640007019043,56080000,NFLX
2020-08-05,50.86800003051758,51.0099983215332,50.119998931884766,50.21099853515625,43082000,NFLX
2020-08-06,50.4109992980957,51.082000732421875,49.869998931884766,50.90800094604492,37259000,NFLX
2020-08-07,50.54499816894531,50.82899856567383,48.667999267578125,49.472999572753906,59103000,NFLX
2020-08-10,49.334999084472656,49.74599838256836,47.862998962402344,48.3380012512207,46912000,NFLX
2020-08-11,47.974998474121094,48.09199905395508,46.654998779296875,46.69300079345703,73292000,NFLX
2020-08-12,47.13399887084961,48.249000549316406,47.018001556396484,47.547000885009766,54392000,NFLX
2020-08-13,47.84000015258789,48.44499969482422,47.64500045776367,48.132999420166016,30089000,NFLX
2020-08-14,48.28200149536133,48.83300018310547,48.020999908447266,48.268001556396484,29435000,NFLX
2020-08-17,48.41899871826172,48.624000549316406,47.90999984741211,48.23500061035156,24235000,NFLX
2020-08-18,48.435001373291016,49.529998779296875,48.279998779296875,49.1870002746582,35055000,NFLX
2020-08-19,49.393001556396484,49.45000076293945,48.349998474121094,48.452999114990234,31562000,NFLX
2020-08-20,48.46900177001953,49.89400100708008,48.388999938964844,49.790000915527344,51325000,NFLX
2020-08-21,49.645999908447266,49.8129997253418,49.0,49.23099899291992,39213000,NFLX
2020-08-24,49.54399871826172,50.099998474121094,48.316001892089844,48.88100051879883,47622000,NFLX
2020-08-25,48.819000244140625,49.24700164794922,48.50899887084961,49.05799865722656,57277000,NFLX
2020-08-26,49.25,54.90399932861328,49.20800018310547,54.75299835205078,203737000,NFLX
2020-08-27,53.77799987792969,54.099998474121094,52.125,52.62699890136719,90629000,NFLX
2020-08-28,53.20000076293945,53.900001525878906,52.20000076293945,52.388999938964844,44175000,NFLX
2020-08-31,52.11600112915039,53.19900131225586,51.757999420166016,52.95600128173828,49414000,NFLX
2020-09-01,53.2599983215332,55.73899841308594,53.244998931884766,55.654998779296875,95727000,NFLX
2020-09-02,55.37799835205078,55.650001525878906,53.73699951171875,55.284000396728516,58869000,NFLX
2020-09-03,54.5,55.400001525878906,52.13199996948242,52.57500076293945,90711000,NFLX
2020-09-04,52.018001556396484,52.736000061035156,48.597999572753906,51.60499954223633,82701000,NFLX
2020-09-08,49.84000015258789,52.20000076293945,49.5,50.70199966430664,55727000,NFLX
2020-09-09,51.92100143432617,52.0,49.25699996948242,50.01900100708008,68481000,NFLX
2020-09-10,50.334999084472656,50.62900161743164,47.88399887084961,48.06700134277344,62402000,NFLX
2020-09-11,48.64899826049805,49.37300109863281,47.680999755859375,48.202999114990234,50352000,NFLX
2020-09-14,48.0620002746582,48.89899826049805,47.130001068115234,47.625999450683594,73591000,NFLX
2020-09-15,48.400001525878906,49.74700164794922,48.16299819946289,49.5989990234375,53370000,NFLX
2020-09-16,49.999000549316406,50.465999603271484,48.33100128173828,48.38600158691406,43949000,NFLX
2020-09-17,47.51599884033203,47.84000015258789,46.32699966430664,47.02000045776367,53793000,NFLX
2020-09-18,47.250999450683594,47.939998626708984,45.86000061035156,46.99599838256836,67177000,NFLX
2020-09-21,46.76900100708008,48.77799987792969,46.63199996948242,48.73500061035156,54575000,NFLX
2020-09-22,48.9010009765625,49.18199920654297,47.92599868774414,49.117000579833984,34823000,NFLX
2020-09-23,49.104000091552734,49.104000091552734,46.900001525878906,47.06100082397461,37264000,NFLX
2020-09-24,47.053001403808594,47.70000076293945,46.78200149536133,47.30799865722656,37272000,NFLX
2020-09-25,47.43899917602539,48.48699951171875,46.803001403808594,48.28799819946289,37694000,NFLX
2020-09-28,48.9109992980957,49.20000076293945,47.78799819946289,49.064998626708984,47735000,NFLX
2020-09-29,48.95000076293945,49.62900161743164,48.65299987792969,49.347999572753906,35415000,NFLX
2020-09-30,49.25699996948242,50.4630012512207,48.926998138427734,50.00299835205078,46341000,NFLX
2020-10-01,50.60300064086914,52.95500183105469,50.36000061035156,52.750999450683594,81537000,NFLX
2020-10-02,51.643001556396484,52.637001037597656,50.27000045776367,50.305999755859375,60712000,NFLX
2020-10-05,50.68000030517578,52.0989990234375,50.16999816894531,52.064998626708984,40881000,NFLX
2020-10-06,51.87200164794922,52.18199920654297,50.41600036621094,50.58700180053711,41990000,NFLX
2020-10-07,51.79999923706055,53.64899826049805,51.582000732421875,53.465999603271484,79887000,NFLX
2020-10-08,53.347999572753906,53.5,52.415000915527344,53.17900085449219,53865000,NFLX
2020-10-09,53.78300094604492,54.428001403808594,53.5,53.944000244140625,47813000,NFLX
2020-10-12,54.88100051879883,55.180999755859375,53.82400131225586,53.98099899291992,53911000,NFLX
2020-10-13,54.055999755859375,55.76499938964844,53.720001220703125,55.409000396728516,56025000,NFLX
2020-10-14,56.26100158691406,57.249000549316406,54.099998474121094,54.14500045776367,94990000,NFLX
2020-10-15,54.551998138427734,55.12200164794922,53.5099983215332,54.194000244140625,51131000,NFLX
2020-10-16,54.95000076293945,55.43299865722656,53.00299835205078,53.07899856567383,63474000,NFLX
2020-10-19,53.707000732421875,54.18000030517578,52.53799819946289,53.071998596191406,75675000,NFLX
2020-10-20,52.81399917602539,53.37799835205078,52.22600173950195,52.54199981689453,100472000,NFLX
2020-10-21,50.10300064086914,50.685001373291016,48.82500076293945,48.904998779296875,174057000,NFLX
2020-10-22,49.46900177001953,49.513999938964844,48.20000076293945,48.52299880981445,69979000,NFLX
2020-10-23,48.81100082397461,49.00600051879883,48.1349983215332,48.827999114990234,49279000,NFLX
2020-10-26,48.702999114990234,49.68199920654297,47.88999938964844,48.82400131225586,61861000,NFLX
2020-10-27,49.000999450683594,49.04899978637695,48.292999267578125,48.893001556396484,36272000,NFLX
2020-10-28,48.63600158691406,49.400001525878906,48.327999114990234,48.624000549316406,59927000,NFLX
2020-10-29,48.849998474121094,51.38999938964844,47.933998107910156,50.42100143432617,111207000,NFLX
2020-10-30,50.20100021362305,50.5880012512207,47.22100067138672,47.57400131225586,78079000,NFLX
2020-11-02,47.887001037597656,48.630001068115234,47.5,48.4119987487793,44082000,NFLX
2020-11-03,48.49300003051758,49.53099822998047,47.875999450683594,48.72200012207031,36902000,NFLX
2020-11-04,49.5359992980957,50.77299880981445,49.39799880981445,49.69499969482422,51373000,NFLX
2020-11-05,50.65599822998047,51.87300109863281,50.345001220703125,51.375999450683594,53728000,NFLX
2020-11-06,51.5,51.520999908447266,50.250999450683594,51.472999572753906,42363000,NFLX
2020-11-09,48.55400085449219,49.584999084472656,46.72600173950195,47.04999923706055,104197000,NFLX
2020-11-10,47.095001220703125,48.459999084472656,46.340999603271484,48.02399826049805,83061000,NFLX
2020-11-11,48.29999923706055,49.167999267578125,47.82600021362305,49.07600021362305,54605000,NFLX
2020-11-12,49.099998474121094,49.652000427246094,48.042999267578125,48.676998138427734,50637000,NFLX
2020-11-13,48.676998138427734,48.89400100708008,47.779998779296875,48.284000396728516,30027000,NFLX
2020-11-16,48.0,48.55799865722656,47.72999954223633,47.90999984741211,39536000,NFLX
2020-11-17,48.012001037597656,48.750999450683594,47.8849983215332,48.0629997253418,36981000,NFLX
2020-11-18,48.19499969482422,48.861000061035156,47.77199935913086,48.17900085449219,36292000,NFLX
2020-11-19,48.20000076293945,48.779998779296875,48.047000885009766,48.46699905395508,22547000,NFLX
2020-11-20,48.52199935913086,49.47600173950195,48.15700149536133,48.82400131225586,42534000,NFLX
2020-11-23,49.04600143432617,49.1150016784668,47.58399963378906,47.6619987487793,54166000,NFLX
2020-11-24,47.88399887084961,48.404998779296875,47.5890007019043,48.28799819946289,35505000,NFLX
2020-11-25,48.51300048828125,48.689998626708984,47.891998291015625,48.5,35986000,NFLX
2020-11-27,48.65800094604492,49.32500076293945,48.185001373291016,49.13600158691406,28058000,NFLX
2020-11-30,49.007999420166016,49.255001068115234,48.12699890136719,49.06999969482422,35309000,NFLX
2020-12-01,49.23400115966797,50.946998596191406,49.198001861572266,50.45800018310547,50527000,NFLX
2020-12-02,50.1619987487793,50.68000030517578,49.349998474121094,50.3380012512207,30284000,NFLX
2020-12-03,50.29899978637695,50.87699890136719,49.604000091552734,49.75199890136719,28261000,NFLX
2020-12-04,49.75,50.45000076293945,49.36399841308594,49.83100128173828,36662000,NFLX
2020-12-07,50.000999450683594,51.7760009765625,49.777000427246094,51.577999114990234,42893000,NFLX
2020-12-08,51.790000915527344,52.14899826049805,50.55500030517578,51.26599884033203,42290000,NFLX
2020-12-09,51.053001403808594,51.45000076293945,49.12900161743164,49.36000061035156,41788000,NFLX
2020-12-10,49.45600128173828,50.37699890136719,49.29100036621094,50.10900115966797,30182000,NFLX
2020-12-11,49.5,50.33399963378906,49.48500061035156,50.321998596191406,32109000,NFLX
2020-12-14,50.54399871826172,52.41600036621094,50.11800003051758,52.242000579833984,57704000,NFLX
2020-12-15,51.849998474121094,52.470001220703125,51.35599899291992,51.97800064086914,33949000,NFLX
2020-12-16,52.01100158691406,52.737998962402344,51.76900100708008,52.483001708984375,36824000,NFLX
2020-12-17,52.900001525878906,53.54899978637695,52.64400100708008,53.290000915527344,31934000,NFLX
2020-12-18,53.31999969482422,53.637001037597656,52.60200119018555,53.44499969482422,45027000,NFLX
2020-12-21,53.005001068115234,53.262001037597656,52.1150016784668,52.89099884033203,38940000,NFLX
2020-12-22,52.76900100708008,53.040000915527344,52.04999923706055,52.733001708984375,19066000,NFLX
2020-12-23,52.47600173950195,52.63199996948242,51.41999816894531,51.448001861572266,23932000,NFLX
2020-12-24,51.512001037597656,51.935001373291016,51.22100067138672,51.39699935913086,11440000,NFLX
2020-12-28,51.643001556396484,52.36600112915039,50.7130012512207,51.9119987487793,28919000,NFLX
2020-12-29,51.9900016784668,53.654998779296875,51.54800033569336,53.08700180053711,40224000,NFLX
2020-12-30,53.01300048828125,53.32600021362305,52.36899948120117,52.45899963378906,18763000,NFLX
2020-12-31,52.553001403808594,54.54999923706055,52.314998626708984,54.073001861572266,53923000,NFLX
2021-01-04,53.900001525878906,54.08000183105469,51.50899887084961,52.2859992980957,44444000,NFLX
2021-01-05,52.154998779296875,52.678001403808594,51.5890007019043,52.08000183105469,31339000,NFLX
2021-01-06,51.196998596191406,51.310001373291016,49.95000076293945,50.04899978637695,53462000,NFLX
2021-01-07,50.827999114990234,51.64400100708008,50.641998291015625,50.888999938964844,36864000,NFLX
2021-01-08,51.13100051879883,51.32400131225586,50.45100021362305,51.040000915527344,29739000,NFLX
2021-01-11,50.784000396728516,51.073001861572266,49.79499816894531,49.90999984741211,38062000,NFLX
2021-01-12,50.0,50.10900115966797,48.56700134277344,49.42499923706055,59904000,NFLX
2021-01-13,49.54999923706055,51.23500061035156,49.30099868774414,50.77899932861328,50321000,NFLX
2021-01-14,50.73500061035156,51.45000076293945,49.95800018310547,50.08599853515625,41774000,NFLX
2021-01-15,50.0,50.63199996948242,49.5099983215332,49.79800033569336,58958000,NFLX
2021-01-19,50.099998474121094,50.92499923706055,49.354000091552734,50.176998138427734,123158000,NFLX
2021-01-20,56.54199981689453,59.32899856567383,55.68600082397461,58.63399887084961,326375000,NFLX
2021-01-21,58.244998931884766,58.875,57.040000915527344,57.98400115966797,118021000,NFLX
2021-01-22,58.209999084472656,58.39899826049805,56.435001373291016,56.516998291015625,75508000,NFLX
2021-01-25,56.70000076293945,56.974998474121094,54.8650016784668,55.678001403808594,72073000,NFLX
2021-01-26,55.472999572753906,56.79899978637695,55.40599822998047,56.19300079345703,50238000,NFLX
2021-01-27,55.07099914550781,55.641998291015625,51.573001861572266,52.327999114990234,86703000,NFLX
2021-01-28,53.5880012512207,55.314998626708984,53.07400131225586,53.86000061035156,59690000,NFLX
2021-01-29,53.79999923706055,54.099998474121094,53.018001556396484,53.23899841308594,43253000,NFLX
2021-02-01,53.67900085449219,54.50600051879883,53.17300033569336,53.90399932861328,35475000,NFLX
2021-02-02,54.20100021362305,55.54800033569336,53.893001556396484,54.816001892089844,37676000,NFLX
2021-02-03,55.016998291015625,55.04800033569336,53.82400131225586,53.94499969482422,31723000,NFLX
2021-02-04,53.98099899291992,55.948001861572266,53.750999450683594,55.215999603271484,51645000,NFLX
2021-02-05,55.22600173950195,55.444000244140625,54.54800033569336,55.07899856567383,23762000,NFLX
2021-02-08,55.5,55.5,54.369998931884766,54.79199981689453,27917000,NFLX
2021-02-09,54.599998474121094,56.599998474121094,54.29999923706055,55.90700149536133,37035000,NFLX
2021-02-10,56.25,56.665000915527344,55.34600067138672,56.35900115966797,39913000,NFLX
2021-02-11,56.444000244140625,56.59299850463867,55.422000885009766,55.75899887084961,27306000,NFLX
2021-02-12,55.694000244140625,56.125,55.084999084472656,55.652000427246094,21971000,NFLX
2021-02-16,55.729000091552734,56.362998962402344,55.27299880981445,55.72800064086914,26241000,NFLX
2021-02-17,55.0989990234375,55.525001525878906,54.303001403808594,55.13399887084961,20696000,NFLX
2021-02-18,54.900001525878906,55.0,53.823001861572266,54.821998596191406,24562000,NFLX
2021-02-19,54.79999923706055,54.89899826049805,53.88100051879883,54.02199935913086,28415000,NFLX
2021-02-22,53.499000549316406,54.17900085449219,53.07899856567383,53.37799835205078,30786000,NFLX
2021-02-23,52.5,54.854000091552734,51.827999114990234,54.6150016784668,41365000,NFLX
2021-02-24,53.97999954223633,55.685001373291016,53.90700149536133,55.340999603271484,32450000,NFLX
2021-02-25,55.027000427246094,55.64799880981445,53.57500076293945,54.66999816894531,42529000,NFLX
2021-02-26,54.6510009765625,55.308998107910156,53.79999923706055,53.8849983215332,37556000,NFLX
2021-03-01,54.55699920654297,55.2140007019043,54.20000076293945,55.06399917602539,30414000,NFLX
2021-03-02,55.33399963378906,55.69900131225586,54.60200119018555,54.78200149536133,30422000,NFLX
2021-03-03,54.59299850463867,54.80099868774414,51.78099822998047,52.06999969482422,53624000,NFLX
2021-03-04,52.150001525878906,53.150001525878906,50.768001556396484,51.12900161743164,50348000,NFLX
2021-03-05,51.198001861572266,51.7760009765625,49.87900161743164,51.638999938964844,50700000,NFLX
2021-03-08,51.44599914550781,51.88399887084961,49.28499984741211,49.33300018310547,39818000,NFLX
2021-03-09,50.73099899291992,51.31100082397461,50.38199996948242,50.64400100708008,34700000,NFLX
2021-03-10,51.349998474121094,51.89699935913086,50.42499923706055,50.45399856567383,37715000,NFLX
2021-03-11,51.220001220703125,53.02399826049805,51.07099914550781,52.305999755859375,47145000,NFLX
2021-03-12,51.25,52.6510009765625,50.659000396728516,51.801998138427734,39817000,NFLX
2021-03-15,51.63199996948242,52.073001861572266,50.803001403808594,52.025001525878906,34843000,NFLX
2021-03-16,52.446998596191406,53.34199905395508,52.32099914550781,52.40299987792969,32389000,NFLX
2021-03-17,52.20000076293945,52.83700180053711,51.43000030517578,52.444000244140625,28174000,NFLX
2021-03-18,51.63999938964844,51.790000915527344,50.3849983215332,50.479000091552734,40945000,NFLX
2021-03-19,50.49599838256836,51.319000244140625,50.16299819946289,51.21799850463867,43864000,NFLX
2021-03-22,50.91299819946289,52.930999755859375,50.91299819946289,52.31100082397461,33606000,NFLX
2021-03-23,52.98699951171875,54.3120002746582,52.939998626708984,53.50899887084961,55835000,NFLX
2021-03-24,53.37799835205078,53.44200134277344,52.0,52.08100128173828,41022000,NFLX
2021-03-25,51.69900131225586,51.85300064086914,49.70000076293945,50.2859992980957,49268000,NFLX
2021-03-26,50.28200149536133,50.87200164794922,49.667999267578125,50.80500030517578,34678000,NFLX
2021-03-29,50.566001892089844,51.79999923706055,50.439998626708984,51.39500045776367,33300000,NFLX
2021-03-30,51.05099868774414,51.441001892089844,50.691001892089844,51.3390007019043,24181000,NFLX
2021-03-31,51.56700134277344,52.8129997253418,51.54399871826172,52.16600036621094,35031000,NFLX
2021-04-01,52.99300003051758,54.04999923706055,52.702999114990234,53.94200134277344,39386000,NFLX
2021-04-05,54.000999450683594,54.28499984741211,52.92300033569336,54.06700134277344,33559000,NFLX
2021-04-06,54.48099899291992,55.41699981689453,54.33000183105469,54.452999114990234,34742000,NFLX
2021-04-07,54.349998474121094,54.9640007019043,54.14500045776367,54.69900131225586,21513000,NFLX
2021-04-08,55.112998962402344,55.689998626708984,54.75699996948242,55.45800018310547,43098000,NFLX
2021-04-09,55.26900100708008,55.689998626708984,54.71099853515625,55.53099822998047,28940000,NFLX
2021-04-12,55.10499954223633,55.79800033569336,54.95800018310547,55.27799987792969,29441000,NFLX
2021-04-13,55.70000076293945,55.974998474121094,55.029998779296875,55.37300109863281,27203000,NFLX
2021-04-14,55.48699951171875,55.48699951171875,53.85300064086914,54.00199890136719,37403000,NFLX
2021-04-15,54.41699981689453,55.3489990234375,54.26599884033203,54.922000885009766,31391000,NFLX
2021-04-16,55.05400085449219,55.198001861572266,53.95100021362305,54.65399932861328,32091000,NFLX
2021-04-19,54.689998626708984,55.64400100708008,54.553001403808594,55.444000244140625,42887000,NFLX
2021-04-20,55.44200134277344,56.35599899291992,54.630001068115234,54.957000732421875,112576000,NFLX
2021-04-21,50.79999923706055,51.54600143432617,50.36000061035156,50.88999938964844,228974000,NFLX
2021-04-22,51.38199996948242,51.395999908447266,50.05500030517578,50.87799835205078,90611000,NFLX
2021-04-23,50.9010009765625,50.970001220703125,50.06999969482422,50.55500030517578,73077000,NFLX
2021-04-26,50.67599868774414,51.04800033569336,50.29999923706055,51.029998779296875,43888000,NFLX
2021-04-27,51.262001037597656,51.29899978637695,50.45800018310547,50.55500030517578,37613000,NFLX
2021-04-28,50.52000045776367,50.84000015258789,50.33399963378906,50.652000427246094,31930000,NFLX
2021-04-29,50.7599983215332,50.92900085449219,49.900001525878906,50.900001525878906,51278000,NFLX
2021-04-30,50.5,51.45500183105469,50.5,51.34700012207031,44132000,NFLX
2021-05-03,51.26499938964844,51.89500045776367,50.52000045776367,50.9109992980957,40919000,NFLX
2021-05-04,51.077999114990234,51.16299819946289,49.67900085449219,50.31800079345703,43495000,NFLX
2021-05-05,50.499000549316406,50.77799987792969,49.4630012512207,49.608001708984375,31294000,NFLX
2021-05-06,49.5989990234375,49.95500183105469,49.137001037597656,49.95500183105469,37837000,NFLX
2021-05-07,50.46200180053711,50.85499954223633,50.11199951171875,50.38399887084961,31328000,NFLX
2021-05-10,50.20000076293945,50.314998626708984,48.611000061035156,48.66899871826172,51316000,NFLX
2021-05-11,47.974998474121094,49.79899978637695,47.862998962402344,49.507999420166016,44010000,NFLX
2021-05-12,48.68299865722656,49.354000091552734,48.27000045776367,48.49800109863281,41215000,NFLX
2021-05-13,48.91299819946289,49.077999114990234,48.270999908447266,48.66600036621094,27125000,NFLX
2021-05-14,48.7859992980957,49.48500061035156,48.659000396728516,49.33700180053711,28825000,NFLX
2021-05-17,48.558998107910156,49.270999908447266,48.28099822998047,48.89400100708008,27052000,NFLX
2021-05-18,48.84000015258789,49.347999572753906,48.61899948120117,48.62799835205078,23505000,NFLX
2021-05-19,48.16299819946289,48.856998443603516,47.854000091552734,48.77000045776367,33499000,NFLX
2021-05-20,48.95500183105469,50.27000045776367,48.89799880981445,50.16699981689453,37212000,NFLX
2021-05-21,50.3120002746582,50.540000915527344,49.72600173950195,49.78900146484375,33229000,NFLX
2021-05-24,50.10499954223633,50.42499923706055,49.95100021362305,50.290000915527344,24126000,NFLX
2021-05-25,50.599998474121094,50.637001037597656,49.922000885009766,50.13399887084961,26995000,NFLX
2021-05-26,50.23400115966797,50.41400146484375,50.04999923706055,50.236000061035156,24653000,NFLX
2021-05-27,50.18000030517578,50.5099983215332,49.854000091552734,50.38600158691406,32538000,NFLX
2021-05-28,50.439998626708984,51.17599868774414,50.25299835205078,50.28099822998047,29103000,NFLX
2021-06-01,50.4010009765625,50.54100036621094,49.77399826049805,49.90800094604492,24826000,NFLX
2021-06-02,49.981998443603516,50.321998596191406,49.582000732421875,49.92399978637695,22690000,NFLX
2021-06-03,49.51900100708008,49.66600036621094,48.724998474121094,48.94300079345703,38874000,NFLX
2021-06-04,49.20000076293945,50.18600082397461,49.095001220703125,49.4739990234375,31605000,NFLX
2021-06-07,49.29199981689453,49.66999816894531,49.05500030517578,49.465999603271484,27919000,NFLX
2021-06-08,49.70000076293945,49.88199996948242,48.9370002746582,49.23899841308594,23740000,NFLX
2021-06-09,49.45000076293945,49.60900115966797,48.46500015258789,48.58100128173828,30550000,NFLX
2021-06-10,48.71699905395508,49.020999908447266,48.2140007019043,48.72700119018555,43829000,NFLX
2021-06-11,49.0,49.14099884033203,48.77799987792969,48.87699890136719,31240000,NFLX
2021-06-14,48.96799850463867,50.349998474121094,48.691001892089844,49.98899841308594,44002000,NFLX
2021-06-15,50.12300109863281,50.12300109863281,49.040000915527344,49.189998626708984,31041000,NFLX
2021-06-16,49.5,49.645999908447266,48.62799835205078,49.24100112915039,35332000,NFLX
2021-06-17,49.025001525878906,50.18000030517578,49.01499938964844,49.83399963378906,31983000,NFLX
2021-06-18,49.63999938964844,50.44900131225586,49.52399826049805,50.07699966430664,51976000,NFLX
2021-06-21,50.16400146484375,50.20500183105469,49.22800064086914,49.70000076293945,52773000,NFLX
2021-06-22,49.854000091552734,51.35499954223633,49.58000183105469,50.88199996948242,58093000,NFLX
2021-06-23,50.847999572753906,51.66299819946289,50.81999969482422,51.27399826049805,39448000,NFLX
2021-06-24,51.79600143432617,52.09600067138672,51.439998626708984,51.805999755859375,33612000,NFLX
2021-06-25,52.88399887084961,53.305999755859375,52.5,52.707000732421875,52991000,NFLX
2021-06-28,52.8120002746582,53.39400100708008,52.45600128173828,53.303001403808594,28202000,NFLX
2021-06-29,53.35499954223633,53.612998962402344,52.856998443603516,53.349998474121094,23146000,NFLX
2021-06-30,53.40599822998047,53.4379997253418,52.68199920654297,52.82099914550781,27734000,NFLX
2021-07-01,52.571998596191406,53.70399856567383,52.571998596191406,53.354000091552734,28054000,NFLX
2021-07-02,53.54999923706055,53.854000091552734,52.93899917602539,53.39799880981445,19755000,NFLX
2021-07-06,53.29999923706055,54.2859992980957,53.29999923706055,54.16400146484375,27751000,NFLX
2021-07-07,54.42399978637695,54.4640007019043,53.16600036621094,53.59600067138672,27225000,NFLX
2021-07-08,53.09299850463867,53.54999923706055,52.909000396728516,53.07600021362305,32690000,NFLX
2021-07-09,53.099998474121094,53.82600021362305,52.858001708984375,53.597999572753906,27772000,NFLX
2021-07-12,54.029998779296875,54.064998626708984,53.29199981689453,53.73099899291992,17807000,NFLX
2021-07-13,53.57600021362305,54.53300094604492,53.57600021362305,54.06800079345703,27516000,NFLX
2021-07-14,54.10100173950195,55.40999984741211,54.10100173950195,54.79499816894531,46595000,NFLX
2021-07-15,55.39699935913086,55.75400161743164,53.81999969482422,54.29499816894531,57139000,NFLX
2021-07-16,54.180999755859375,54.40599822998047,52.70500183105469,53.03099822998047,34421000,NFLX
2021-07-19,52.60499954223633,53.49100112915039,52.2239990234375,53.22800064086914,38858000,NFLX
2021-07-20,52.606998443603516,53.66400146484375,52.029998779296875,53.10499954223633,69304000,NFLX
2021-07-21,52.612998962402344,53.0989990234375,50.56100082397461,51.362998962402344,119068000,NFLX
2021-07-22,51.020999908447266,51.36800003051758,50.70000076293945,51.176998138427734,43281000,NFLX
2021-07-23,51.215999603271484,51.74100112915039,50.465999603271484,51.54100036621094,38205000,NFLX
2021-07-26,51.4379997253418,52.112998962402344,50.9010009765625,51.64899826049805,22545000,NFLX
2021-07-27,51.80799865722656,52.19499969482422,51.20500183105469,51.89099884033203,27590000,NFLX
2021-07-28,52.18199920654297,52.446998596191406,51.698001861572266,51.93000030517578,23905000,NFLX
2021-07-29,51.99599838256836,52.077999114990234,51.37900161743164,51.42499923706055,17360000,NFLX
2021-07-30,51.26900100708008,51.979000091552734,51.09600067138672,51.75699996948242,25371000,NFLX
2021-08-02,51.900001525878906,51.98500061035156,51.05099868774414,51.51499938964844,20966000,NFLX
2021-08-03,51.43899917602539,51.5629997253418,50.5369987487793,51.082000732421875,25794000,NFLX
2021-08-04,51.29999923706055,51.79800033569336,51.0369987487793,51.73500061035156,20394000,NFLX
2021-08-05,51.7130012512207,52.54100036621094,51.402000427246094,52.48899841308594,25567000,NFLX
2021-08-06,52.400001525878906,52.683998107910156,51.93899917602539,52.05500030517578,19198000,NFLX
2021-08-09,52.1150016784668,52.266998291015625,51.79899978637695,51.99700164794922,13678000,NFLX
2021-08-10,52.0,52.07899856567383,51.297000885009766,51.58399963378906,19605000,NFLX
2021-08-11,51.70000076293945,51.957000732421875,50.97700119018555,51.2400016784668,16739000,NFLX
2021-08-12,51.18600082397461,51.29999923706055,50.720001220703125,51.071998596191406,16857000,NFLX
2021-08-13,51.263999938964844,52.14400100708008,51.1510009765625,51.59199905395508,21777000,NFLX
2021-08-16,51.52399826049805,52.3380012512207,51.22999954223633,51.79199981689453,20328000,NFLX
2021-08-17,51.547000885009766,52.07899856567383,51.41999816894531,51.89099884033203,23098000,NFLX
2021-08-18,52.0,52.63800048828125,51.8650016784668,52.1870002746582,25820000,NFLX
2021-08-19,52.27399826049805,54.8390007019043,52.1870002746582,54.37099838256836,74973000,NFLX
2021-08-20,54.50899887084961,55.138999938964844,53.90999984741211,54.6879997253418,37764000,NFLX
2021-08-23,54.597999572753906,55.55500030517578,54.374000549316406,55.33300018310547,26020000,NFLX
2021-08-24,55.14799880981445,55.53099822998047,54.926998138427734,55.340999603271484,21095000,NFLX
2021-08-25,55.01599884033203,55.284000396728516,54.54499816894531,54.757999420166016,20656000,NFLX
2021-08-26,54.61600112915039,55.2599983215332,54.59000015258789,55.012001037597656,15955000,NFLX
2021-08-27,55.15999984741211,56.41699981689453,54.92499923706055,55.891998291015625,32526000,NFLX
2021-08-30,55.724998474121094,56.715999603271484,55.64500045776367,56.61800003051758,24348000,NFLX
2021-08-31,56.61199951171875,56.948001861572266,56.1609992980957,56.91899871826172,24319000,NFLX
2021-09-01,56.900001525878906,59.099998474121094,56.900001525878906,58.207000732421875,56262000,NFLX
2021-09-02,58.36800003051758,59.875999450683594,58.36800003051758,58.85499954223633,61799000,NFLX
2021-09-03,58.58000183105469,59.1879997253418,58.31399917602539,59.053001403808594,26812000,NFLX
2021-09-07,59.46900177001953,61.3849983215332,59.39899826049805,60.67100143432617,58214000,NFLX
2021-09-08,60.38399887084961,61.560001373291016,59.57099914550781,60.60499954223633,54245000,NFLX
2021-09-09,60.64699935913086,60.944000244140625,59.654998779296875,59.75400161743164,29542000,NFLX
2021-09-10,59.816001892089844,60.94499969482422,59.367000579833984,59.87200164794922,39508000,NFLX
2021-09-13,59.856998443603516,59.856998443603516,58.27799987792969,58.92900085449219,30629000,NFLX
2021-09-14,58.48899841308594,58.72800064086914,57.555999755859375,57.7760009765625,34570000,NFLX
2021-09-15,57.81700134277344,58.46200180053711,57.5369987487793,58.2869987487793,27556000,NFLX
2021-09-16,58.43000030517578,58.74800109863281,57.77199935913086,58.650001525878906,18320000,NFLX
2021-09-17,58.78499984741211,59.02799987792969,58.084999084472656,58.935001373291016,41451000,NFLX
2021-09-20,58.67900085449219,59.15299987792969,56.80799865722656,57.542999267578125,37322000,NFLX
2021-09-21,57.83100128173828,58.1879997253418,56.9370002746582,57.31399917602539,22509000,NFLX
2021-09-22,57.96900177001953,59.564998626708984,57.96900177001953,59.064998626708984,40218000,NFLX
2021-09-23,59.07899856567383,59.93199920654297,58.91299819946289,59.32600021362305,25262000,NFLX
2021-09-24,59.25,59.29800033569336,58.36399841308594,59.23899841308594,21262000,NFLX
2021-09-27,58.79499816894531,59.358001708984375,57.69300079345703,59.263999938964844,25047000,NFLX
2021-09-28,58.900001525878906,59.95399856567383,58.01599884033203,58.3849983215332,44311000,NFLX
2021-09-29,58.9010009765625,60.987998962402344,58.80099868774414,59.90599822998047,62210000,NFLX
2021-09-30,60.80500030517578,61.900001525878906,60.80500030517578,61.034000396728516,66126000,NFLX
2021-10-01,60.42399978637695,61.499000549316406,59.750999450683594,61.314998626708984,40908000,NFLX
2021-10-04,61.3390007019043,62.612998962402344,59.46799850463867,60.334999084472656,49959000,NFLX
2021-10-05,60.694000244140625,64.03900146484375,60.68899917602539,63.48099899291992,95343000,NFLX
2021-10-06,62.81800079345703,63.98699951171875,62.63600158691406,63.90999984741211,45804000,NFLX
2021-10-07,64.2229995727539,64.68399810791016,63.04499816894531,63.185001373291016,35569000,NFLX
2021-10-08,63.41699981689453,64.37999725341797,63.08599853515625,63.26599884033203,32721000,NFLX
2021-10-11,63.31999969482422,63.94200134277344,62.678001403808594,62.70399856567383,28625000,NFLX
2021-10-12,63.301998138427734,63.76599884033203,62.19900131225586,62.49399948120117,32273000,NFLX
2021-10-13,63.21799850463867,63.21799850463867,62.209999084472656,62.97600173950195,24203000,NFLX
2021-10-14,63.222999572753906,63.6879997253418,62.67900085449219,63.380001068115234,26717000,NFLX
2021-10-15,63.79999923706055,63.94200134277344,62.51599884033203,62.82899856567383,41169000,NFLX
2021-10-18,63.209999084472656,63.840999603271484,62.058998107910156,63.797000885009766,46691000,NFLX
2021-10-19,63.696998596191406,64.0999984741211,63.22999954223633,63.900001525878906,76331000,NFLX
2021-10-20,62.55699920654297,63.7400016784668,61.71500015258789,62.513999938964844,106220000,NFLX
2021-10-21,62.888999938964844,65.4010009765625,62.8650016784668,65.31600189208984,84371000,NFLX
2021-10-22,65.18099975585938,66.5459976196289,65.18099975585938,66.47799682617188,61860000,NFLX
2021-10-25,66.3740005493164,67.58799743652344,65.70700073242188,67.16600036621094,38335000,NFLX
2021-10-26,67.3759994506836,67.64900207519531,66.2770004272461,66.85199737548828,29048000,NFLX
2021-10-27,66.9000015258789,67.14099884033203,66.18499755859375,66.29199981689453,22769000,NFLX
2021-10-28,67.09500122070312,67.68000030517578,66.8030014038086,67.40499877929688,28594000,NFLX
2021-10-29,67.30599975585938,69.09700012207031,67.1240005493164,69.03099822998047,38253000,NFLX
2021-11-01,68.90599822998047,68.99700164794922,67.65399932861328,68.11699676513672,31109000,NFLX
2021-11-02,68.31099700927734,68.76799774169922,67.38200378417969,67.77200317382812,38886000,NFLX
2021-11-03,67.72699737548828,68.93900299072266,67.72699737548828,68.8290023803711,23349000,NFLX
2021-11-04,68.58899688720703,68.59400177001953,66.55000305175781,66.83999633789062,48650000,NFLX
2021-11-05,66.39700317382812,66.56400299072266,64.5009994506836,64.5719985961914,52835000,NFLX
2021-11-08,65.02899932861328,65.5999984741211,64.37899780273438,65.1449966430664,28875000,NFLX
2021-11-09,65.37000274658203,66.05000305175781,65.052001953125,65.5989990234375,24156000,NFLX
2021-11-10,65.3010025024414,66.03299713134766,64.21099853515625,64.69100189208984,24058000,NFLX
2021-11-11,65.02400207519531,66.58200073242188,64.97100067138672,65.75800323486328,28683000,NFLX
2021-11-12,66.0009994506836,68.33399963378906,65.38200378417969,68.26100158691406,41984000,NFLX
2021-11-15,68.1240005493164,68.5260009765625,67.14900207519531,67.93299865722656,28722000,NFLX
2021-11-16,67.8270034790039,68.83599853515625,67.69000244140625,68.73999786376953,20774000,NFLX
2021-11-17,69.0,70.0989990234375,68.60900115966797,69.16899871826172,27328000,NFLX
2021-11-18,69.16100311279297,69.17400360107422,67.9739990234375,68.2020034790039,20129000,NFLX
2021-11-19,69.23500061035156,69.41600036621094,67.5,67.87999725341797,26137000,NFLX
2021-11-22,67.60199737548828,67.947998046875,65.64700317382812,65.91999816894531,27644000,NFLX
2021-11-23,65.81800079345703,66.64299774169922,64.6050033569336,65.40599822998047,23202000,NFLX
2021-11-24,65.8010025024414,66.14399719238281,65.11000061035156,65.8290023803711,18673000,NFLX
2021-11-26,67.5,67.64099884033203,66.06700134277344,66.56400299072266,28725000,NFLX
2021-11-29,66.31999969482422,66.79900360107422,65.8290023803711,66.38400268554688,25294000,NFLX
2021-11-30,66.81999969482422,67.53800201416016,64.0009994506836,64.19000244140625,56089000,NFLX
2021-12-01,64.947998046875,65.4520034790039,61.707000732421875,61.777000427246094,38828000,NFLX
2021-12-02,61.709999084472656,62.5359992980957,61.28799819946289,61.64699935913086,33311000,NFLX
2021-12-03,62.275001525878906,62.54999923706055,59.400001525878906,60.2130012512207,48293000,NFLX
2021-12-06,60.60100173950195,61.729000091552734,60.099998474121094,61.26900100708008,30757000,NFLX
2021-12-07,61.983001708984375,62.888999938964844,61.13999938964844,62.55799865722656,31252000,NFLX
2021-12-08,63.0,63.24599838256836,62.31999969482422,62.80799865722656,22203000,NFLX
2021-12-09,62.757999420166016,63.02399826049805,61.04399871826172,61.099998474121094,23763000,NFLX
2021-12-10,61.678001403808594,61.77399826049805,60.5880012512207,61.16600036621094,27488000,NFLX
2021-12-13,61.20000076293945,61.263999938964844,59.95199966430664,60.45600128173828,25179000,NFLX
2021-12-14,59.87099838256836,60.229000091552734,58.8129997253418,59.79899978637695,29845000,NFLX
2021-12-15,59.81800079345703,60.569000244140625,58.45100021362305,60.50400161743164,28662000,NFLX
2021-12-16,59.70899963378906,60.28300094604492,58.79999923706055,59.10599899291992,31432000,NFLX
2021-12-17,59.1609992980957,59.32500076293945,58.17399978637695,58.67300033569336,43869000,NFLX
2021-12-20,58.643001556396484,60.28799819946289,58.42599868774414,59.374000549316406,33584000,NFLX
2021-12-21,59.75400161743164,60.78200149536133,59.38600158691406,60.492000579833984,23194000,NFLX
2021-12-22,60.33599853515625,61.481998443603516,60.26300048828125,61.42399978637695,23357000,NFLX
2021-12-23,61.63999938964844,61.6879997253418,60.75699996948242,61.409000396728516,16211000,NFLX
2021-12-27,61.5,61.5,60.92499923706055,61.3120002746582,20615000,NFLX
2021-12-28,61.494998931884766,61.840999603271484,60.96900177001953,61.07099914550781,18828000,NFLX
2021-12-29,61.07099914550781,61.39799880981445,60.46799850463867,61.05400085449219,12872000,NFLX
2021-12-30,61.29899978637695,62.06100082397461,61.124000549316406,61.20899963378906,16251000,NFLX
2021-12-31,61.000999450683594,61.40800094604492,60.20500183105469,60.24399948120117,19959000,NFLX
2022-01-03,60.56100082397461,60.999000549316406,59.055999755859375,59.73699951171875,30675000,NFLX
2022-01-04,59.99100112915039,60.04100036621094,58.15999984741211,59.1150016784668,43931000,NFLX
2022-01-05,59.20000076293945,59.284000396728516,56.6879997253418,56.75199890136719,41487000,NFLX
2022-01-06,55.433998107910156,56.33599853515625,54.20100021362305,55.32899856567383,57118000,NFLX
2022-01-07,54.94599914550781,55.34299850463867,53.821998596191406,54.10599899291992,33829000,NFLX
2022-01-10,53.8489990234375,54.36899948120117,52.63199996948242,53.98500061035156,44861000,NFLX
2022-01-11,53.69900131225586,54.39099884033203,53.00699996948242,54.08399963378906,30778000,NFLX
2022-01-12,54.426998138427734,54.426998138427734,53.20199966430664,53.72200012207031,37874000,NFLX
2022-01-13,53.70600128173828,54.07899856567383,51.82600021362305,51.91999816894531,44751000,NFLX
2022-01-14,51.7599983215332,53.83700180053711,51.1879997253418,52.569000244140625,78611000,NFLX
2022-01-18,52.007999420166016,52.17499923706055,50.86800003051758,51.08000183105469,48391000,NFLX
2022-01-19,51.5,52.32099914550781,51.05099868774414,51.58599853515625,43535000,NFLX
2022-01-20,51.775001525878906,52.66400146484375,50.69300079345703,50.82500076293945,126590000,NFLX
2022-01-21,40.042999267578125,40.915000915527344,37.999000549316406,39.75,589043000,NFLX
2022-01-24,38.39099884033203,38.72600173950195,35.145999908447266,38.71500015258789,323460000,NFLX
2022-01-25,37.91400146484375,38.770999908447266,36.51300048828125,36.641998291015625,151458000,NFLX
2022-01-26,37.82699966430664,38.26599884033203,35.6619987487793,35.970001220703125,126840000,NFLX
2022-01-27,38.20600128173828,39.47999954223633,37.810001373291016,38.66999816894531,243247000,NFLX
2022-01-28,38.67599868774414,38.70000076293945,37.20800018310547,38.43600082397461,119666000,NFLX
2022-01-31,40.196998596191406,42.77000045776367,39.81999969482422,42.7140007019043,200475000,NFLX
2022-02-01,43.29600143432617,45.847999572753906,42.55400085449219,45.7130012512207,225681000,NFLX
2022-02-02,44.82500076293945,45.198001861572266,42.64799880981445,42.948001861572266,143460000,NFLX
2022-02-03,42.14400100708008,42.92599868774414,40.428001403808594,40.560001373291016,99052000,NFLX
2022-02-04,40.73099899291992,41.277000427246094,39.66400146484375,41.016998291015625,77898000,NFLX
2022-02-07,41.016998291015625,41.23500061035156,39.35499954223633,40.209999084472656,82329000,NFLX
2022-02-08,39.81800079345703,40.6609992980957,39.58300018310547,40.35300064086914,68185000,NFLX
2022-02-09,40.8650016784668,41.29800033569336,39.87900161743164,41.28900146484375,77382000,NFLX
2022-02-10,40.209999084472656,40.79999923706055,39.63600158691406,40.62699890136719,84529000,NFLX
2022-02-11,40.53300094604492,41.1609992980957,38.76499938964844,39.13100051879883,75589000,NFLX
2022-02-14,38.75899887084961,40.93600082397461,38.68899917602539,39.65700149536133,72022000,NFLX
2022-02-15,40.37900161743164,40.91600036621094,40.10100173950195,40.74599838256836,53923000,NFLX
2022-02-16,40.15299987792969,40.15599822998047,39.03799819946289,39.80799865722656,52777000,NFLX
2022-02-17,39.42399978637695,39.9109992980957,38.56999969482422,38.66699981689453,46692000,NFLX
2022-02-18,39.25299835205078,40.2869987487793,38.904998779296875,39.12900161743164,68017000,NFLX
2022-02-22,38.89500045776367,39.242000579833984,37.301998138427734,37.737998962402344,66975000,NFLX
2022-02-23,38.27199935913086,38.599998474121094,36.66600036621094,36.74599838256836,46143000,NFLX
2022-02-24,35.50899887084961,39.073001861572266,35.47200012207031,39.00299835205078,70687000,NFLX
2022-02-25,38.6609992980957,39.12900161743164,37.55799865722656,39.08000183105469,48416000,NFLX
2022-02-28,38.733001708984375,39.775001525878906,38.2130012512207,39.45199966430664,50350000,NFLX
2022-03-01,39.15999984741211,39.5,38.37099838256836,38.624000549316406,32904000,NFLX
2022-03-02,38.893001556396484,38.922000885009766,37.520999908447266,38.00299835205078,53568000,NFLX
2022-03-03,38.599998474121094,38.61199951171875,36.46500015258789,36.80699920654297,60768000,NFLX
2022-03-04,36.79999923706055,37.481998443603516,35.71699905395508,36.17300033569336,53255000,NFLX
2022-03-07,36.04100036621094,36.20000076293945,35.02000045776367,35.0260009765625,57084000,NFLX
2022-03-08,34.97999954223633,35.88600158691406,34.06700134277344,34.17599868774414,64287000,NFLX
2022-03-09,35.76900100708008,36.41400146484375,35.05099868774414,35.87900161743164,65202000,NFLX
2022-03-10,35.619998931884766,36.70199966430664,35.33000183105469,35.676998138427734,48078000,NFLX
2022-03-11,36.11899948120117,36.33599853515625,34.0,34.03200149536133,48199000,NFLX
2022-03-14,33.87200164794922,34.13199996948242,32.981998443603516,33.10100173950195,59078000,NFLX
2022-03-15,33.5099983215332,34.5359992980957,33.236000061035156,34.375,54606000,NFLX
2022-03-16,34.81999969482422,35.999000549316406,34.305999755859375,35.75299835205078,69825000,NFLX
2022-03-17,35.970001220703125,37.33100128173828,35.487998962402344,37.13999938964844,58183000,NFLX
2022-03-18,37.20000076293945,38.18000030517578,36.84700012207031,38.060001373291016,83248000,NFLX
2022-03-21,37.801998138427734,38.18199920654297,36.89400100708008,37.45899963378906,48665000,NFLX
2022-03-22,37.11399841308594,38.66600036621094,36.67599868774414,38.29199981689453,42428000,NFLX
2022-03-23,37.97700119018555,38.24599838256836,37.44900131225586,37.44900131225586,37290000,NFLX
2022-03-24,37.97600173950195,37.97600173950195,36.88999938964844,37.57099914550781,38885000,NFLX
2022-03-25,37.707000732421875,37.763999938964844,36.643001556396484,37.3849983215332,35745000,NFLX
2022-03-28,37.52299880981445,38.02799987792969,36.67300033569336,37.85100173950195,43234000,NFLX
2022-03-29,38.43899917602539,39.650001525878906,38.03300094604492,39.18199920654297,58807000,NFLX
2022-03-30,38.95500183105469,39.27000045776367,37.862998962402344,38.14699935913086,40233000,NFLX
2022-03-31,38.35900115966797,38.400001525878906,37.361000061035156,37.45899963378906,41347000,NFLX
2022-04-01,37.68000030517578,38.08700180053711,36.849998474121094,37.34700012207031,46442000,NFLX
2022-04-04,37.35499954223633,39.60200119018555,37.3129997253418,39.150001525878906,70018000,NFLX
2022-04-05,38.93000030517578,39.0,37.73099899291992,38.01499938964844,42345000,NFLX
2022-04-06,37.415000915527344,37.64699935913086,36.27299880981445,36.834999084472656,43549000,NFLX
2022-04-07,36.5,36.854000091552734,35.36899948120117,36.21500015258789,49489000,NFLX
2022-04-08,36.19599914550781,36.25,35.48699951171875,35.5880012512207,40252000,NFLX
2022-04-11,35.0,35.47800064086914,34.52000045776367,34.79999923706055,37771000,NFLX
2022-04-12,35.590999603271484,35.941001892089844,34.224998474121094,34.40999984741211,38243000,NFLX
2022-04-13,34.391998291015625,35.20000076293945,34.11600112915039,35.042999267578125,32310000,NFLX
2022-04-14,35.095001220703125,35.20000076293945,33.986000061035156,34.112998962402344,43438000,NFLX
2022-04-18,34.0,34.236000061035156,33.1619987487793,33.7859992980957,51050000,NFLX
2022-04-19,33.321998596191406,35.167999267578125,33.321998596191406,34.861000061035156,209069000,NFLX
2022-04-20,24.520000457763672,24.8700008392334,21.250999450683594,22.618999481201172,1333875000,NFLX
2022-04-21,22.0,22.76799964904785,21.152000427246094,21.82200050354004,535016000,NFLX
2022-04-22,22.01799964904785,22.62700080871582,21.0049991607666,21.552000045776367,375151000,NFLX
2022-04-25,21.381000518798828,21.666000366210938,20.451000213623047,20.990999221801758,281520000,NFLX
2022-04-26,20.8799991607666,20.915000915527344,19.827999114990234,19.84000015258789,203181000,NFLX
2022-04-27,19.400999069213867,20.018999099731445,18.777000427246094,18.854000091552734,222984000,NFLX
2022-04-28,19.1560001373291,20.148000717163086,18.559999465942383,19.95199966430664,213632000,NFLX
2022-04-29,19.868000030517578,20.47100067138672,19.0,19.035999298095703,163919000,NFLX
2022-05-02,19.17099952697754,20.020999908447266,19.000999450683594,19.945999145507812,145916000,NFLX
2022-05-03,19.82900047302246,20.31999969482422,19.476999282836914,19.98699951171875,118394000,NFLX
2022-05-04,19.764999389648438,20.437999725341797,19.10099983215332,20.400999069213867,122188000,NFLX
2022-05-05,20.045000076293945,20.070999145507812,18.600000381469727,18.832000732421875,139713000,NFLX
2022-05-06,18.674999237060547,18.72100067138672,17.58099937438965,18.097000122070312,171855000,NFLX
2022-05-09,17.766000747680664,18.31999969482422,17.229999542236328,17.309999465942383,140313000,NFLX
2022-05-10,17.60099983215332,18.187000274658203,17.05699920654297,17.766000747680664,138839000,NFLX
2022-05-11,17.608999252319336,18.091999053955078,16.55500030517578,16.636999130249023,126655000,NFLX
2022-05-12,16.395999908447266,17.757999420166016,16.270999908447266,17.430999755859375,176621000,NFLX
2022-05-13,17.715999603271484,18.777000427246094,17.60099983215332,18.763999938964844,131363000,NFLX
2022-05-16,19.329999923706055,19.589000701904297,18.56999969482422,18.650999069213867,161450000,NFLX
2022-05-17,18.91699981689453,19.139999389648438,18.517000198364258,19.055999755859375,98767000,NFLX
2022-05-18,18.672000885009766,18.770000457763672,17.62700080871582,17.7189998626709,96656000,NFLX
2022-05-19,17.80500030517578,18.6299991607666,17.570999145507812,18.347999572753906,104485000,NFLX
2022-05-20,18.586999893188477,19.018999099731445,17.976999282836914,18.635000228881836,104294000,NFLX
2022-05-23,18.614999771118164,18.766000747680664,17.788999557495117,18.743999481201172,96020000,NFLX
2022-05-24,18.200000762939453,18.399999618530273,17.716999053955078,18.034000396728516,77064000,NFLX
2022-05-25,18.027999877929688,18.886999130249023,18.017000198364258,18.783000946044922,85221000,NFLX
2022-05-26,18.64900016784668,19.233999252319336,18.30900001525879,19.139999389648438,80499000,NFLX
2022-05-27,19.319000244140625,19.524999618530273,19.03700065612793,19.518999099731445,85860000,NFLX
2022-05-31,19.618000030517578,19.9950008392334,19.079999923706055,19.743999481201172,113985000,NFLX
2022-06-01,19.8700008392334,20.27400016784668,19.166000366210938,19.291000366210938,84162000,NFLX
2022-06-02,19.20199966430664,20.547000885009766,19.172000885009766,20.509000778198242,96231000,NFLX
2022-06-03,20.013999938964844,20.295000076293945,19.80500030517578,19.898000717163086,71918000,NFLX
2022-06-06,20.208999633789062,20.386999130249023,19.538000106811523,19.714000701904297,53720000,NFLX
2022-06-07,19.48699951171875,19.959999084472656,19.299999237060547,19.861000061035156,48395000,NFLX
2022-06-08,19.795000076293945,20.738000869750977,19.763999938964844,20.283000946044922,72441000,NFLX
2022-06-09,20.065000534057617,20.16900062561035,19.253999710083008,19.277000427246094,69490000,NFLX
2022-06-10,18.263999938964844,18.586000442504883,18.084999084472656,18.29400062561035,130656000,NFLX
2022-06-13,17.707000732421875,17.909000396728516,16.895999908447266,16.9689998626709,102224000,NFLX
2022-06-14,16.975000381469727,17.20599937438965,16.42799949645996,16.753999710083008,115553000,NFLX
2022-06-15,16.926000595092773,18.385000228881836,16.85300064086914,18.01099967956543,123960000,NFLX
2022-06-16,17.399999618530273,17.62700080871582,17.1560001373291,17.334999084472656,82013000,NFLX
2022-06-17,17.363000869750977,17.96500015258789,17.333999633789062,17.551000595092773,121334000,NFLX
2022-06-21,17.760000228881836,17.86199951171875,16.979999542236328,17.090999603271484,121776000,NFLX
2022-06-22,17.075000762939453,18.281999588012695,17.020000457763672,17.888999938964844,119924000,NFLX
2022-06-23,18.049999237060547,18.275999069213867,17.586999893188477,18.17099952697754,95382000,NFLX
2022-06-24,18.350000381469727,19.118999481201172,18.18400001525879,19.084999084472656,124240000,NFLX
2022-06-27,19.177000045776367,19.17799949645996,18.23900032043457,18.913999557495117,83639000,NFLX
2022-06-28,18.920000076293945,19.219999313354492,17.937000274658203,17.959999084472656,71854000,NFLX
2022-06-29,17.954999923706055,18.066999435424805,17.510000228881836,17.836000442504883,57668000,NFLX
2022-06-30,17.707000732421875,17.94499969482422,17.030000686645508,17.48699951171875,78947000,NFLX
2022-07-01,17.64900016784668,18.010000228881836,17.427000045776367,17.9950008392334,52016000,NFLX
2022-07-05,17.628000259399414,18.591999053955078,17.26799964904785,18.58799934387207,73343000,NFLX
2022-07-06,18.520000457763672,18.621999740600586,18.082000732421875,18.4060001373291,57534000,NFLX
2022-07-07,18.427000045776367,19.020999908447266,18.350000381469727,18.927000045776367,63345000,NFLX
2022-07-08,18.601999282836914,18.990999221801758,18.274999618530273,18.697999954223633,58357000,NFLX
2022-07-11,18.472999572753906,18.499000549316406,17.68899917602539,17.733999252319336,60388000,NFLX
2022-07-12,17.732999801635742,17.97800064086914,17.341999053955078,17.44499969482422,68453000,NFLX
2022-07-13,17.049999237060547,17.917999267578125,16.969999313354492,17.6560001373291,127344000,NFLX
2022-07-14,17.555999755859375,17.75200080871582,17.18199920654297,17.47800064086914,90395000,NFLX
2022-07-15,17.558000564575195,18.922000885009766,17.45599937438965,18.910999298095703,163191000,NFLX
2022-07-18,19.25,19.966999053955078,18.979999542236328,19.091999053955078,163228000,NFLX
2022-07-19,19.302000045776367,20.19700050354004,18.84000015258789,20.163000106811523,281787000,NFLX
2022-07-20,20.816999435424805,21.69700050354004,20.010000228881836,21.643999099731445,539203000,NFLX
2022-07-21,21.43000030517578,22.43199920654297,21.149999618530273,22.38800048828125,234301000,NFLX
2022-07-22,22.238000869750977,22.934999465942383,21.8439998626709,22.04400062561035,178055000,NFLX
2022-07-25,22.131000518798828,22.523000717163086,21.635000228881836,21.85099983215332,109352000,NFLX
2022-07-26,21.666000366210938,21.93899917602539,21.163999557495117,21.391000747680664,95085000,NFLX
2022-07-27,21.648000717163086,22.777999877929688,21.45800018310547,22.674999237060547,105084000,NFLX
2022-07-28,22.459999084472656,22.809999465942383,21.966999053955078,22.601999282836914,89727000,NFLX
2022-07-29,22.32900047302246,23.075000762939453,22.239999771118164,22.489999771118164,90649000,NFLX
2022-08-01,22.309999465942383,22.839000701904297,22.100000381469727,22.621000289916992,55250000,NFLX
2022-08-02,22.275999069213867,22.81999969482422,22.08799934387207,22.142000198364258,63613000,NFLX
2022-08-03,22.479000091552734,22.809999465942383,22.242000579833984,22.67300033569336,64007000,NFLX
2022-08-04,22.76799964904785,23.207000732421875,22.5049991607666,22.990999221801758,71427000,NFLX
2022-08-05,22.530000686645508,22.86199951171875,22.28700065612793,22.67799949645996,55397000,NFLX
2022-08-08,22.749000549316406,24.195999145507812,22.641000747680664,23.349000930786133,109821000,NFLX
2022-08-09,23.16200065612793,23.219999313354492,22.46500015258789,22.993999481201172,61812000,NFLX
2022-08-10,23.698999404907227,24.45400047302246,23.65999984741211,24.410999298095703,92548000,NFLX
2022-08-11,24.468000411987305,25.16200065612793,24.150999069213867,24.270000457763672,87801000,NFLX
2022-08-12,24.481000900268555,24.94099998474121,24.375999450683594,24.93000030517578,60985000,NFLX
2022-08-15,24.81100082397461,25.198999404907227,24.750999450683594,24.910999298095703,65274000,NFLX
2022-08-16,24.715999603271484,24.929000854492188,24.402999877929688,24.569000244140625,51368000,NFLX
2022-08-17,24.118000030517578,24.423999786376953,23.756000518798828,24.114999771118164,56272000,NFLX
2022-08-18,24.195999145507812,24.648000717163086,23.92799949645996,24.517000198364258,52804000,NFLX
2022-08-19,24.094999313354492,24.32900047302246,23.56800079345703,24.115999221801758,75047000,NFLX
2022-08-22,23.2549991607666,23.347999572753906,22.458999633789062,22.65399932861328,86301000,NFLX
2022-08-23,22.645999908447266,22.989999771118164,22.43000030517578,22.454999923706055,52769000,NFLX
2022-08-24,22.56599998474121,23.40999984741211,22.393999099731445,22.961000442504883,54263000,NFLX
2022-08-25,23.02400016784668,23.416000366210938,22.899999618530273,23.398000717163086,37669000,NFLX
2022-08-26,23.363000869750977,23.69499969482422,22.315000534057617,22.327999114990234,53498000,NFLX
2022-08-29,22.19300079345703,22.98699951171875,22.152000427246094,22.457000732421875,71094000,NFLX
2022-08-30,22.666000366210938,22.979000091552734,21.874000549316406,22.065000534057617,57404000,NFLX
2022-08-31,22.700000762939453,23.38800048828125,22.343000411987305,22.356000900268555,86159000,NFLX
2022-09-01,22.07200050354004,23.03700065612793,21.94700050354004,23.003999710083008,72929000,NFLX
2022-09-02,23.10300064086914,23.38800048828125,22.503999710083008,22.611000061035156,81649000,NFLX
2022-09-06,22.55900001525879,22.684999465942383,21.4689998626709,21.839000701904297,74690000,NFLX
2022-09-07,22.020999908447266,22.933000564575195,21.82699966430664,22.895999908447266,81493000,NFLX
2022-09-08,22.416000366210938,22.874000549316406,22.1299991607666,22.743999481201172,67374000,NFLX
2022-09-09,22.961999893188477,23.47800064086914,22.961999893188477,23.35700035095215,66996000,NFLX
2022-09-12,23.361000061035156,23.948999404907227,23.336999893188477,23.652999877929688,60474000,NFLX
2022-09-13,22.649999618530273,22.768999099731445,21.77199935913086,21.812999725341797,80001000,NFLX
2022-09-14,21.98200035095215,22.799999237060547,21.579999923706055,22.41200065612793,82303000,NFLX
2022-09-15,23.047000885009766,24.229000091552734,22.90999984741211,23.538000106811523,194541000,NFLX
2022-09-16,23.121999740600586,24.13599967956543,22.783000946044922,24.01300048828125,189142000,NFLX
2022-09-19,24.5049991607666,24.524999618530273,23.575000762939453,24.363000869750977,179124000,NFLX
2022-09-20,24.03700065612793,25.048999786376953,23.965999603271484,24.28499984741211,160374000,NFLX
2022-09-21,24.267000198364258,24.829999923706055,23.667999267578125,23.687000274658203,91668000,NFLX
2022-09-22,23.53499984741211,24.049999237060547,23.166000366210938,23.704999923706055,100180000,NFLX
2022-09-23,23.513999938964844,23.645000457763672,22.14299964904785,22.641000747680664,112072000,NFLX
2022-09-26,22.559999465942383,23.270000457763672,22.301000595092773,22.406999588012695,82343000,NFLX
2022-09-27,22.863000869750977,23.06399917602539,22.07200050354004,22.43600082397461,77622000,NFLX
2022-09-28,22.9689998626709,24.665000915527344,22.738000869750977,24.520000457763672,175797000,NFLX
2022-09-29,24.160999298095703,24.697999954223633,23.56800079345703,23.97100067138672,189949000,NFLX
2022-09-30,23.700000762939453,24.243999481201172,23.326000213623047,23.54400062561035,118486000,NFLX
2022-10-03,23.78499984741211,24.15399932861328,23.28499984741211,23.90399932861328,86574000,NFLX
2022-10-04,24.483999252319336,24.579999923706055,23.325000762939453,24.073999404907227,139259000,NFLX
2022-10-05,23.875999450683594,24.159000396728516,22.738000869750977,23.67300033569336,108256000,NFLX
2022-10-06,23.667999267578125,24.42799949645996,23.391000747680664,24.00200080871582,91889000,NFLX
2022-10-07,23.57699966430664,23.732999801635742,22.42799949645996,22.475000381469727,98061000,NFLX
2022-10-10,22.56399917602539,23.382999420166016,22.42300033569336,22.99799919128418,99911000,NFLX
2022-10-11,22.604999542236328,23.04400062561035,21.3700008392334,21.429000854492188,152824000,NFLX
2022-10-12,21.43000030517578,22.367000579833984,21.263999938964844,22.086999893188477,129526000,NFLX
2022-10-13,21.268999099731445,23.44700050354004,21.17300033569336,23.250999450683594,175050000,NFLX
2022-10-14,23.780000686645508,23.8799991607666,22.951000213623047,23.0,152934000,NFLX
2022-10-17,23.44099998474121,24.992000579833984,23.440000534057617,24.510000228881836,210578000,NFLX
2022-10-18,24.979999542236328,25.03700065612793,23.773000717163086,24.086000442504883,257767000,NFLX
2022-10-19,26.5,27.93000030517578,26.266000747680664,27.238000869750977,466853000,NFLX
2022-10-20,27.277999877929688,27.83799934387207,26.63800048828125,26.81599998474121,172071000,NFLX
2022-10-21,26.895000457763672,29.075000762939453,26.56800079345703,28.957000732421875,248891000,NFLX
2022-10-24,29.023000717163086,29.048999786376953,28.035999298095703,28.2450008392334,133264000,NFLX
2022-10-25,28.69499969482422,29.759000778198242,28.55500030517578,29.101999282836914,151007000,NFLX
2022-10-26,29.003999710083008,30.562999725341797,28.804000854492188,29.86199951171875,157141000,NFLX
2022-10-27,29.83300018310547,30.520999908447266,29.47800064086914,29.694000244140625,146126000,NFLX
2022-10-28,29.770000457763672,30.118999481201172,29.229000091552734,29.57200050354004,99605000,NFLX
2022-10-31,29.51300048828125,29.761999130249023,28.950000762939453,29.187999725341797,75051000,NFLX
2022-11-01,29.617000579833984,29.969999313354492,28.642000198364258,28.674999237060547,69164000,NFLX
2022-11-02,28.639999389648438,28.732999801635742,27.284000396728516,27.299999237060547,103676000,NFLX
2022-11-03,27.125,27.628999710083008,26.8799991607666,26.9060001373291,70574000,NFLX
2022-11-04,27.20199966430664,27.496999740600586,25.531999588012695,26.07900047302246,111247000,NFLX
2022-11-07,26.106000900268555,26.114999771118164,25.208999633789062,25.860000610351562,79270000,NFLX
2022-11-08,25.992000579833984,26.607999801635742,25.687999725341797,26.34600067138672,76838000,NFLX
2022-11-09,25.965999603271484,26.09000015258789,25.422000885009766,25.465999603271484,72660000,NFLX
2022-11-10,26.599000930786133,27.535999298095703,26.009000778198242,27.496999740600586,96673000,NFLX
2022-11-11,27.44700050354004,29.06599998474121,27.1560001373291,29.01300048828125,95738000,NFLX
2022-11-14,29.0,31.100000381469727,28.819000244140625,29.927000045776367,179782000,NFLX
2022-11-15,30.920000076293945,31.270999908447266,30.2549991607666,31.020000457763672,146269000,NFLX
2022-11-16,30.993999481201172,31.048999786376953,30.361000061035156,30.601999282836914,80386000,NFLX
2022-11-17,29.472000122070312,29.98200035095215,29.100000381469727,29.527999877929688,98382000,NFLX
2022-11-18,29.732999801635742,29.799999237060547,28.700000762939453,28.79800033569336,84001000,NFLX
2022-11-21,29.100000381469727,29.187000274658203,28.266000747680664,28.5049991607666,72565000,NFLX
2022-11-22,28.499000549316406,28.697999954223633,27.733999252319336,28.66900062561035,62451000,NFLX
2022-11-23,28.590999603271484,29.246999740600586,28.375999450683594,29.149999618530273,59190000,NFLX
2022-11-25,28.899999618530273,28.92099952697754,28.41699981689453,28.554000854492188,32360000,NFLX
2022-11-28,28.399999618530273,28.954999923706055,28.05299949645996,28.117000579833984,47034000,NFLX
2022-11-29,28.25,28.29599952697754,27.5939998626709,28.09600067138672,57869000,NFLX
2022-11-30,28.136999130249023,30.826000213623047,28.041000366210938,30.55299949645996,160701000,NFLX
2022-12-01,30.39900016784668,31.979999542236328,30.30299949645996,31.69499969482422,146649000,NFLX
2022-12-02,31.048999786376953,32.19900131225586,31.0,32.04100036621094,126906000,NFLX
2022-12-05,31.645999908447266,32.277000427246094,31.091999053955078,31.259000778198242,84230000,NFLX
2022-12-06,31.100000381469727,31.32200050354004,30.312999725341797,30.555999755859375,71954000,NFLX
2022-12-07,30.649999618530273,30.961000442504883,30.209999084472656,30.841999053955078,78216000,NFLX
2022-12-08,30.910999298095703,31.238000869750977,30.481000900268555,31.025999069213867,72053000,NFLX
2022-12-09,32.14500045776367,32.900001525878906,31.95199966430664,32.000999450683594,143640000,NFLX
2022-12-12,32.0,32.31800079345703,30.885000228881836,31.51799964904785,101486000,NFLX
2022-12-13,32.79999923706055,33.27199935913086,31.719999313354492,32.034000396728516,107564000,NFLX
2022-12-14,31.89699935913086,32.47100067138672,31.441999435424805,31.783000946044922,75433000,NFLX
2022-12-15,30.211999893188477,30.339000701904297,28.655000686645508,29.041000366210938,177246000,NFLX
2022-12-16,28.875999450683594,29.472000122070312,28.8700008392334,29.070999145507812,140800000,NFLX
2022-12-19,28.972999572753906,29.225000381469727,28.613000869750977,28.829999923706055,61637000,NFLX
2022-12-20,28.124000549316406,28.92799949645996,28.08099937438965,28.819000244140625,69181000,NFLX
2022-12-21,28.999000549316406,30.06599998474121,28.649999618530273,29.79599952697754,63762000,NFLX
2022-12-22,29.80900001525879,29.88800048828125,29.08099937438965,29.774999618530273,78562000,NFLX
2022-12-23,29.618000030517578,29.84600067138672,29.19099998474121,29.496000289916992,42511000,NFLX
2022-12-27,29.319000244140625,29.35700035095215,28.21299934387207,28.41699981689453,57781000,NFLX
2022-12-28,28.191999435424805,28.518999099731445,27.340999603271484,27.687999725341797,59644000,NFLX
2022-12-29,28.31800079345703,29.549999237060547,28.10099983215332,29.11199951171875,95885000,NFLX
2022-12-30,28.55299949645996,29.500999450683594,28.32200050354004,29.488000869750977,75669000,NFLX
2023-01-03,29.805999755859375,29.839000701904297,28.8700008392334,29.4950008392334,67640000,NFLX
2023-01-04,29.823999404907227,31.11400032043457,29.551000595092773,30.94099998474121,93451000,NFLX
2023-01-05,30.700000762939453,31.417999267578125,30.454999923706055,30.969999313354492,83284000,NFLX
2023-01-06,31.156999588012695,31.677000045776367,30.368999481201172,31.55500030517578,89598000,NFLX
2023-01-09,31.683000564575195,32.16999816894531,31.32200050354004,31.517000198364258,67666000,NFLX
2023-01-10,31.10700035095215,32.935001373291016,31.10700035095215,32.75400161743164,130723000,NFLX
2023-01-11,32.650001525878906,32.88800048828125,32.1349983215332,32.72600173950195,95797000,NFLX
2023-01-12,33.25,33.29499816894531,32.31399917602539,33.01300048828125,108562000,NFLX
2023-01-13,32.99700164794922,33.665000915527344,32.888999938964844,33.28200149536133,82868000,NFLX
2023-01-17,33.108001708984375,33.25,32.36000061035156,32.62200164794922,92470000,NFLX
2023-01-18,32.67499923706055,33.007999420166016,32.125,32.632999420166016,78141000,NFLX
2023-01-19,32.25699996948242,32.48899841308594,31.339000701904297,31.577999114990234,180082000,NFLX
2023-01-20,33.67900085449219,34.400001525878906,33.26300048828125,34.25,284303000,NFLX
2023-01-23,34.172000885009766,36.224998474121094,34.0629997253418,35.742000579833984,156469000,NFLX
2023-01-24,35.75299835205078,36.564998626708984,35.513999938964844,36.382999420166016,117965000,NFLX
2023-01-25,36.05699920654297,36.88999938964844,35.849998474121094,36.79600143432617,77669000,NFLX
2023-01-26,36.87699890136719,36.902000427246094,36.16999816894531,36.48699951171875,82568000,NFLX
2023-01-27,36.31999969482422,36.59199905395508,36.058998107910156,36.07699966430664,67035000,NFLX
2023-01-30,35.84400177001953,36.095001220703125,35.2859992980957,35.31100082397461,51276000,NFLX
2023-01-31,34.99800109863281,35.595001220703125,34.87099838256836,35.38600158691406,56607000,NFLX
2023-02-01,35.38600158691406,36.53900146484375,34.99100112915039,36.19900131225586,80052000,NFLX
2023-02-02,36.51599884033203,36.832000732421875,35.84299850463867,36.68899917602539,78570000,NFLX
2023-02-03,35.90800094604492,37.94300079345703,35.900001525878906,36.59000015258789,94020000,NFLX
2023-02-06,36.36399841308594,36.845001220703125,36.06800079345703,36.14799880981445,49949000,NFLX
2023-02-07,35.85100173950195,36.417999267578125,35.417999267578125,36.29499816894531,62894000,NFLX
2023-02-08,36.00199890136719,36.819000244140625,35.83100128173828,36.68299865722656,62532000,NFLX
2023-02-09,37.24100112915039,37.382999420166016,36.17399978637695,36.25,69011000,NFLX
2023-02-10,35.91600036621094,36.2140007019043,34.7140007019043,34.736000061035156,72911000,NFLX
2023-02-13,34.95000076293945,35.970001220703125,34.42499923706055,35.856998443603516,71344000,NFLX
2023-02-14,35.755001068115234,36.375,35.34000015258789,35.99599838256836,46248000,NFLX
2023-02-15,35.66299819946289,36.28799819946289,35.42399978637695,36.141998291015625,39660000,NFLX
2023-02-16,35.5,36.150001525878906,35.03099822998047,35.07099914550781,52157000,NFLX
2023-02-17,34.79100036621094,34.900001525878906,34.24399948120117,34.79600143432617,52947000,NFLX
2023-02-21,34.28499984741211,34.41299819946289,33.641998291015625,33.75,57103000,NFLX
2023-02-22,33.75,34.191001892089844,33.28200149536133,33.487998962402344,45462000,NFLX
2023-02-23,33.12300109863281,33.12799835205078,31.43000030517578,32.3650016784668,132387000,NFLX
2023-02-24,31.93000030517578,32.150001525878906,31.45199966430664,31.71500015258789,68307000,NFLX
2023-02-27,32.387001037597656,33.0,32.21200180053711,32.303001403808594,61426000,NFLX
2023-02-28,32.369998931884766,32.762001037597656,32.117000579833984,32.2130012512207,36761000,NFLX
2023-03-01,32.154998779296875,32.65999984741211,31.236000061035156,31.347999572753906,49113000,NFLX
2023-03-02,31.09600067138672,31.55699920654297,31.038000106811523,31.187999725341797,49110000,NFLX
2023-03-03,31.545000076293945,31.749000549316406,31.082000732421875,31.51799964904785,59533000,NFLX
2023-03-06,31.700000762939453,32.33000183105469,31.18400001525879,31.202999114990234,56607000,NFLX
2023-03-07,31.26799964904785,31.43000030517578,30.66200065612793,30.847000122070312,45531000,NFLX
2023-03-08,30.929000854492188,31.183000564575195,30.575000762939453,31.179000854492188,34795000,NFLX
2023-03-09,31.20800018310547,31.250999450683594,29.488000869750977,29.777999877929688,74434000,NFLX
2023-03-10,29.790000915527344,29.878999710083008,28.899999618530273,29.275999069213867,57593000,NFLX
2023-03-13,28.733999252319336,29.923999786376953,28.533000946044922,29.35099983215332,62924000,NFLX
2023-03-14,29.597000122070312,29.7450008392334,29.0310001373291,29.493999481201172,59567000,NFLX
2023-03-15,29.250999450683594,30.631000518798828,29.22800064086914,30.378999710083008,92153000,NFLX
2023-03-16,30.475000381469727,31.65999984741211,30.17099952697754,31.006000518798828,79037000,NFLX
2023-03-17,31.006000518798828,31.076000213623047,30.0,30.350000381469727,69188000,NFLX
2023-03-20,29.979000091552734,30.75,29.600000381469727,30.51300048828125,51134000,NFLX
2023-03-21,30.631999969482422,30.79199981689453,30.042999267578125,30.57900047302246,48863000,NFLX
2023-03-22,30.631000518798828,30.645000457763672,29.354000091552734,29.389999389648438,58080000,NFLX
2023-03-23,30.468000411987305,32.27799987792969,30.413999557495117,32.0369987487793,156533000,NFLX
2023-03-24,32.0629997253418,33.18299865722656,32.0629997253418,32.8390007019043,129917000,NFLX
2023-03-27,32.755001068115234,33.64400100708008,32.441001892089844,32.76599884033203,86258000,NFLX
2023-03-28,32.60599899291992,33.332000732421875,32.12799835205078,32.35200119018555,64894000,NFLX
2023-03-29,32.62900161743164,33.28499984741211,32.573001861572266,33.202999114990234,62873000,NFLX
2023-03-30,34.027000427246094,34.32899856567383,33.529998779296875,33.84299850463867,71315000,NFLX
2023-03-31,34.005001068115234,34.58399963378906,33.720001220703125,34.54800033569336,56102000,NFLX
2023-04-03,34.18299865722656,34.858001708984375,34.040000915527344,34.827999114990234,44137000,NFLX
2023-04-04,34.8489990234375,34.97999954223633,34.39500045776367,34.67499923706055,32981000,NFLX
2023-04-05,34.529998779296875,34.542999267578125,33.625,34.23500061035156,42055000,NFLX
2023-04-06,33.933998107910156,34.04800033569336,33.26300048828125,33.93299865722656,46605000,NFLX
2023-04-10,33.527000427246094,33.987998962402344,33.33599853515625,33.89899826049805,26579000,NFLX
2023-04-11,34.345001220703125,34.7140007019043,33.763999938964844,33.82099914550781,40448000,NFLX
2023-04-12,34.08100128173828,34.279998779296875,33.00400161743164,33.10300064086914,39654000,NFLX
2023-04-13,33.999000549316406,34.643001556396484,33.875,34.61899948120117,74064000,NFLX
2023-04-14,34.29399871826172,34.48500061035156,33.64099884033203,33.862998962402344,53505000,NFLX
2023-04-17,33.79999923706055,33.8390007019043,32.75,33.27199935913086,61360000,NFLX
2023-04-18,33.5,33.71900177001953,33.04999923706055,33.369998931884766,179445000,NFLX
2023-04-19,32.42100143432617,32.57500076293945,31.610000610351562,32.3120002746582,221283000,NFLX
2023-04-20,32.03900146484375,33.143001556396484,31.83300018310547,32.53499984741211,99478000,NFLX
2023-04-21,32.29999923706055,32.82899856567383,31.950000762939453,32.79800033569336,63480000,NFLX
2023-04-24,33.02000045776367,33.465999603271484,32.67499923706055,32.902000427246094,55866000,NFLX
2023-04-25,32.849998474121094,32.86600112915039,32.11000061035156,32.255001068115234,54266000,NFLX
2023-04-26,32.13600158691406,32.59000015258789,32.047000885009766,32.1150016784668,46232000,NFLX
2023-04-27,32.43000030517578,32.744998931884766,31.743999481201172,32.584999084472656,56188000,NFLX
2023-04-28,32.52399826049805,33.08100128173828,32.400001525878906,32.99300003051758,42284000,NFLX
2023-05-01,32.944000244140625,33.12300109863281,31.80900001525879,32.4119987487793,53415000,NFLX
2023-05-02,32.5,32.606998443603516,31.562000274658203,31.7549991607666,43186000,NFLX
2023-05-03,31.7549991607666,32.46200180053711,31.584999084472656,31.93000030517578,50641000,NFLX
2023-05-04,31.900999069213867,32.361000061035156,31.795000076293945,32.077999114990234,38797000,NFLX
2023-05-05,32.361000061035156,32.415000915527344,31.944000244140625,32.2760009765625,39906000,NFLX
2023-05-08,32.29899978637695,33.25600051879883,32.202999114990234,33.12099838256836,54886000,NFLX
2023-05-09,33.06700134277344,33.63199996948242,32.9739990234375,33.2140007019043,55449000,NFLX
2023-05-10,33.520999908447266,33.71099853515625,32.95100021362305,33.54199981689453,42899000,NFLX
2023-05-11,33.49800109863281,34.547000885009766,33.183998107910156,34.47600173950195,80335000,NFLX
2023-05-12,34.47600173950195,34.81700134277344,33.736000061035156,33.98899841308594,60824000,NFLX
2023-05-15,34.0620002746582,34.189998626708984,33.55400085449219,33.5890007019043,36530000,NFLX
2023-05-16,33.400001525878906,33.516998291015625,33.191001892089844,33.375,33322000,NFLX
2023-05-17,33.17599868774414,34.13800048828125,32.96200180053711,33.99599838256836,39588000,NFLX
2023-05-18,34.724998474121094,37.58700180053711,34.637001037597656,37.12900161743164,209252000,NFLX
2023-05-19,36.986000061035156,36.999000549316406,36.38100051879883,36.5359992980957,78597000,NFLX
2023-05-22,36.5359992980957,37.20100021362305,36.25,36.30099868774414,54064000,NFLX
2023-05-23,36.02399826049805,36.41699981689453,35.430999755859375,35.5989990234375,68661000,NFLX
2023-05-24,35.69300079345703,36.71500015258789,35.66299819946289,36.48500061035156,79733000,NFLX
2023-05-25,35.96099853515625,36.744998931884766,35.742000579833984,35.900001525878906,62631000,NFLX
2023-05-26,36.11000061035156,38.375999450683594,35.599998474121094,37.88800048828125,93604000,NFLX
2023-05-30,39.74800109863281,40.51100158691406,38.57899856567383,39.29800033569336,108650000,NFLX
2023-05-31,39.18899917602539,39.625999450683594,38.89099884033203,39.52299880981445,69880000,NFLX
2023-06-01,39.74100112915039,40.75199890136719,39.30799865722656,40.3129997253418,71601000,NFLX
2023-06-02,40.28900146484375,40.65800094604492,39.59000015258789,40.047000885009766,59024000,NFLX
2023-06-05,40.047000885009766,41.38600158691406,40.01499938964844,40.354000091552734,72474000,NFLX
2023-06-06,40.5,40.512001037597656,39.69300079345703,39.92900085449219,49915000,NFLX
2023-06-07,41.042999267578125,41.89500045776367,39.92300033569336,39.97700119018555,119324000,NFLX
2023-06-08,39.97700119018555,40.95399856567383,39.63399887084961,40.9370002746582,59911000,NFLX
2023-06-09,42.45000076293945,42.59000015258789,41.47600173950195,42.00199890136719,123630000,NFLX
2023-06-12,41.882999420166016,42.470001220703125,41.65700149536133,42.39699935913086,59595000,NFLX
2023-06-13,43.000999450683594,43.72700119018555,42.84000015258789,43.573001861572266,78205000,NFLX
2023-06-14,43.499000549316406,44.733001708984375,43.349998474121094,44.08599853515625,84131000,NFLX
2023-06-15,44.40999984741211,44.8650016784668,43.95000076293945,44.527000427246094,70999000,NFLX
2023-06-16,44.6150016784668,44.750999450683594,43.09000015258789,43.19599914550781,87537000,NFLX
2023-06-20,43.018001556396484,44.0,43.0,43.470001220703125,47560000,NFLX
2023-06-21,43.26499938964844,43.45500183105469,42.25400161743164,42.44499969482422,51464000,NFLX
2023-06-22,42.292999267578125,42.47100067138672,41.86800003051758,42.24800109863281,48695000,NFLX
2023-06-23,41.85900115966797,42.582000732421875,41.77299880981445,42.402000427246094,82986000,NFLX
2023-06-26,42.24399948120117,43.09600067138672,41.4900016784668,41.59400177001953,46400000,NFLX
2023-06-27,41.73899841308594,42.0880012512207,41.150001525878906,41.70800018310547,48181000,NFLX
2023-06-28,42.310001373291016,43.729000091552734,42.28900146484375,42.98400115966797,88113000,NFLX
2023-06-29,43.43299865722656,43.78499984741211,42.6150016784668,42.82400131225586,49323000,NFLX
2023-06-30,43.11000061035156,44.4119987487793,43.11000061035156,44.04899978637695,73464000,NFLX
2023-07-03,43.97600173950195,44.154998779296875,43.1619987487793,44.14400100708008,37332000,NFLX
2023-07-05,44.49100112915039,45.09700012207031,43.96200180053711,44.59000015258789,68695000,NFLX
2023-07-06,44.0,44.279998779296875,43.071998596191406,43.88399887084961,49388000,NFLX
2023-07-07,43.86000061035156,44.233001708984375,43.58399963378906,43.810001373291016,41651000,NFLX
2023-07-10,43.85200119018555,44.441001892089844,43.68199920654297,44.17100143432617,42517000,NFLX
2023-07-11,43.8650016784668,44.08000183105469,43.104000091552734,44.020999908447266,45692000,NFLX
2023-07-12,44.45500183105469,44.54100036621094,43.775001525878906,44.404998779296875,57317000,NFLX
2023-07-13,44.70000076293945,45.16699981689453,44.11800003051758,45.03799819946289,61575000,NFLX
2023-07-14,45.27899932861328,45.64799880981445,43.970001220703125,44.191001892089844,71959000,NFLX
2023-07-17,44.55699920654297,45.667999267578125,44.51100158691406,45.005001068115234,68917000,NFLX
2023-07-18,45.099998474121094,47.814998626708984,44.87799835205078,47.47999954223633,130418000,NFLX
2023-07-19,47.68600082397461,48.5,47.0,47.75899887084961,209965000,NFLX
2023-07-20,44.70000076293945,44.849998474121094,43.20000076293945,43.742000579833984,239897000,NFLX
2023-07-21,43.73699951171875,43.82400131225586,42.319000244140625,42.75,173400000,NFLX
2023-07-24,42.5,42.86399841308594,41.91899871826172,42.83700180053711,82644000,NFLX
2023-07-25,42.71799850463867,43.0880012512207,42.612998962402344,42.77000045776367,48598000,NFLX
2023-07-26,42.41999816894531,42.5260009765625,41.558998107910156,42.266998291015625,60092000,NFLX
2023-07-27,42.689998626708984,42.75199890136719,41.1879997253418,41.31700134277344,65945000,NFLX
2023-07-28,41.555999755859375,42.74700164794922,41.375999450683594,42.577999114990234,64242000,NFLX
2023-07-31,42.6510009765625,43.91299819946289,42.630001068115234,43.89699935913086,65876000,NFLX
2023-08-01,43.73699951171875,44.525001525878906,43.13999938964844,43.86199951171875,57115000,NFLX
2023-08-02,43.52299880981445,43.555999755859375,42.65599822998047,42.970001220703125,49122000,NFLX
2023-08-03,42.779998779296875,44.19300079345703,42.71900177001953,43.099998474121094,62439000,NFLX
2023-08-04,43.305999755859375,43.650001525878906,42.62699890136719,43.15999984741211,54418000,NFLX
2023-08-07,43.645999908447266,44.111000061035156,42.89099884033203,44.07600021362305,47813000,NFLX
2023-08-08,44.0359992980957,44.356998443603516,43.5099983215332,43.83000183105469,37672000,NFLX
2023-08-09,43.9739990234375,44.0620002746582,42.75899887084961,42.88999938964844,38466000,NFLX
2023-08-10,43.11199951171875,43.8120002746582,42.86899948120117,42.99800109863281,54676000,NFLX
2023-08-11,42.89799880981445,43.0629997253418,42.132999420166016,42.16600036621094,39279000,NFLX
2023-08-14,42.19900131225586,42.8849983215332,41.87799835205078,42.77799987792969,39660000,NFLX
2023-08-15,42.441001892089844,42.9119987487793,42.104000091552734,42.369998931884766,33680000,NFLX
2023-08-16,42.37300109863281,42.45100021362305,41.525001525878906,41.54499816894531,39670000,NFLX
2023-08-17,41.5,41.52399826049805,40.15800094604492,40.29999923706055,60315000,NFLX
2023-08-18,39.93299865722656,40.652000427246094,39.814998626708984,40.452999114990234,43122000,NFLX
2023-08-21,40.222999572753906,40.96099853515625,39.95000076293945,40.82899856567383,38616000,NFLX
2023-08-22,40.900001525878906,41.57400131225586,40.7400016784668,41.31700134277344,35997000,NFLX
2023-08-23,41.84000015258789,43.70199966430664,41.770999908447266,42.755001068115234,81747000,NFLX
2023-08-24,42.54100036621094,42.75899887084961,40.617000579833984,40.69300079345703,56878000,NFLX
2023-08-25,41.20000076293945,41.92499923706055,40.75600051879883,41.60300064086914,53909000,NFLX
2023-08-28,41.80400085449219,41.983001708984375,41.32699966430664,41.805999755859375,29286000,NFLX
2023-08-29,41.599998474121094,43.21699905395508,41.45000076293945,42.999000549316406,44867000,NFLX
2023-08-30,43.084999084472656,43.816001892089844,42.834999084472656,43.46699905395508,36254000,NFLX
2023-08-31,43.12300109863281,43.71500015258789,43.12300109863281,43.36800003051758,38030000,NFLX
2023-09-01,43.77299880981445,44.54999923706055,43.59299850463867,43.987998962402344,47934000,NFLX
2023-09-05,43.8390007019043,45.345001220703125,43.79999923706055,44.86800003051758,61559000,NFLX
2023-09-06,44.861000061035156,45.138999938964844,44.04899978637695,44.57600021362305,38623000,NFLX
2023-09-07,44.1150016784668,44.459999084472656,43.66999816894531,44.31399917602539,29227000,NFLX
2023-09-08,44.35599899291992,44.680999755859375,43.8849983215332,44.279998779296875,26975000,NFLX
2023-09-11,44.30699920654297,44.98899841308594,44.275001525878906,44.5359992980957,29138000,NFLX
2023-09-12,44.28499984741211,44.54399871826172,43.4119987487793,43.46900177001953,31240000,NFLX
2023-09-13,43.54999923706055,43.84000015258789,41.069000244140625,41.2239990234375,118430000,NFLX
2023-09-14,41.040000915527344,41.138999938964844,40.0,40.04899978637695,107090000,NFLX
2023-09-15,40.099998474121094,40.470001220703125,39.50299835205078,39.694000244140625,91167000,NFLX
2023-09-18,39.54999923706055,39.946998596191406,39.2599983215332,39.439998626708984,47047000,NFLX
2023-09-19,39.284000396728516,39.823001861572266,39.025001525878906,39.619998931884766,40768000,NFLX
2023-09-20,39.70500183105469,39.79899978637695,38.61199951171875,38.630001068115234,38666000,NFLX
2023-09-21,38.650001525878906,39.59000015258789,38.34199905395508,38.415000915527344,55479000,NFLX
2023-09-22,38.5,38.6879997253418,37.83599853515625,37.98099899291992,36928000,NFLX
2023-09-25,38.290000915527344,38.6619987487793,38.08100128173828,38.47999954223633,37573000,NFLX
2023-09-26,38.28799819946289,38.45600128173828,37.736000061035156,37.92499923706055,40894000,NFLX
2023-09-27,38.2400016784668,38.422000885009766,37.625,37.75899887084961,38435000,NFLX
2023-09-28,37.560001373291016,37.895999908447266,37.11000061035156,37.63600158691406,43699000,NFLX
2023-09-29,38.0,38.257999420166016,37.53499984741211,37.7599983215332,42053000,NFLX
2023-10-02,37.74800109863281,38.48099899291992,37.68000030517578,38.03300094604492,31021000,NFLX
2023-10-03,37.71099853515625,39.4900016784668,37.28499984741211,37.67499923706055,88781000,NFLX
2023-10-04,37.650001525878906,38.02199935913086,37.358001708984375,37.689998626708984,43037000,NFLX
2023-10-05,37.80099868774414,37.86000061035156,36.7239990234375,37.25899887084961,50348000,NFLX
2023-10-06,36.84299850463867,38.25199890136719,36.777000427246094,38.1510009765625,47781000,NFLX
2023-10-09,37.80500030517578,38.71699905395508,37.7760009765625,38.595001220703125,32998000,NFLX
2023-10-10,38.55799865722656,38.869998931884766,37.224998474121094,37.332000732421875,72889000,NFLX
2023-10-11,37.27799987792969,37.78099822998047,36.534000396728516,36.59299850463867,91514000,NFLX
2023-10-12,36.64799880981445,36.882999420166016,35.904998779296875,36.119998931884766,73761000,NFLX
2023-10-13,35.56399917602539,35.893001556396484,35.20500183105469,35.56800079345703,63126000,NFLX
2023-10-16,35.62099838256836,36.30799865722656,35.47700119018555,36.082000732421875,51289000,NFLX
2023-10-17,36.11000061035156,36.27000045776367,35.388999938964844,35.571998596191406,59084000,NFLX
2023-10-18,35.099998474121094,35.479000091552734,34.472999572753906,34.61899948120117,114296000,NFLX
2023-10-19,40.4739990234375,40.89500045776367,39.22600173950195,40.176998138427734,280744000,NFLX
2023-10-20,40.5629997253418,41.06399917602539,39.80099868774414,40.09600067138672,127829000,NFLX
2023-10-23,40.332000732421875,40.75400161743164,39.85200119018555,40.683998107910156,73900000,NFLX
2023-10-24,40.96799850463867,41.66899871826172,40.8390007019043,41.37300109863281,64592000,NFLX
2023-10-25,41.60200119018555,41.88399887084961,41.01100158691406,41.125,62996000,NFLX
2023-10-26,41.141998291015625,41.73099899291992,40.15399932861328,40.354000091552734,68497000,NFLX
2023-10-27,40.641998291015625,41.020999908447266,39.5620002746582,39.7869987487793,49976000,NFLX
2023-10-30,40.23500061035156,41.28200149536133,39.941001892089844,41.007999420166016,53171000,NFLX
2023-10-31,40.92399978637695,41.25199890136719,40.4630012512207,41.16899871826172,38776000,NFLX
2023-11-01,41.47700119018555,42.060001373291016,41.417999267578125,42.01900100708008,48061000,NFLX
2023-11-02,42.117000579833984,42.66899871826172,41.709999084472656,42.47100067138672,44760000,NFLX
2023-11-03,42.875999450683594,43.481998443603516,42.553001403808594,43.236000061035156,36671000,NFLX
2023-11-06,43.4379997253418,43.50299835205078,42.96099853515625,43.4739990234375,30032000,NFLX
2023-11-07,43.61800003051758,43.763999938964844,43.099998474121094,43.46099853515625,32911000,NFLX
2023-11-08,43.5,43.80699920654297,43.36800003051758,43.665000915527344,23568000,NFLX
2023-11-09,43.803001403808594,44.03799819946289,43.435001373291016,43.51499938964844,27355000,NFLX
2023-11-10,43.74800109863281,44.74800109863281,43.55099868774414,44.7239990234375,44406000,NFLX
2023-11-13,44.724998474121094,44.84299850463867,44.2599983215332,44.46200180053711,28961000,NFLX
2023-11-14,44.87799835205078,45.40800094604492,44.56399917602539,44.8650016784668,40609000,NFLX
2023-11-15,45.28099822998047,46.275001525878906,45.244998931884766,46.194000244140625,50353000,NFLX
2023-11-16,46.29999923706055,46.72800064086914,45.96500015258789,46.69499969482422,36560000,NFLX
2023-11-17,46.69499969482422,46.76499938964844,46.2760009765625,46.590999603271484,27985000,NFLX
2023-11-20,46.540000915527344,47.67599868774414,46.540000915527344,47.446998596191406,36176000,NFLX
2023-11-21,47.26300048828125,47.70199966430664,47.12099838256836,47.494998931884766,29977000,NFLX
2023-11-22,47.68000030517578,48.27000045776367,47.65599822998047,47.79999923706055,28416000,NFLX
2023-11-24,47.71099853515625,48.040000915527344,47.52000045776367,47.95600128173828,14047000,NFLX
2023-11-27,47.90299987792969,48.20000076293945,47.53499984741211,47.91699981689453,36259000,NFLX
2023-11-28,47.81100082397461,48.04999923706055,47.595001220703125,47.900001525878906,28902000,NFLX
2023-11-29,47.900001525878906,48.0989990234375,47.44900131225586,47.71900177001953,28555000,NFLX
2023-11-30,47.53099822998047,47.85900115966797,47.04199981689453,47.39699935913086,42873000,NFLX
2023-12-01,47.31700134277344,47.52299880981445,46.459999084472656,46.57400131225586,43415000,NFLX
2023-12-04,46.0989990234375,46.119998931884766,45.119998931884766,45.38999938964844,51577000,NFLX
2023-12-05,45.06999969482422,45.638999938964844,44.95800018310547,45.51499938964844,33807000,NFLX
2023-12-06,46.0,46.04999923706055,44.573001861572266,44.67300033569336,41788000,NFLX
2023-12-07,45.084999084472656,45.28900146484375,44.832000732421875,45.20000076293945,35067000,NFLX
2023-12-08,45.07600021362305,45.54999923706055,45.07600021362305,45.375999450683594,34584000,NFLX
2023-12-11,45.93600082397461,47.064998626708984,45.72100067138672,45.98899841308594,49297000,NFLX
2023-12-12,46.52299880981445,46.56100082397461,45.91999816894531,46.29999923706055,33027000,NFLX
2023-12-13,46.198001861572266,48.125,46.198001861572266,47.99800109863281,58202000,NFLX
2023-12-14,48.0359992980957,48.07600021362305,46.47600173950195,46.983001708984375,51764000,NFLX
2023-12-15,46.72999954223633,47.29999923706055,46.72999954223633,47.20600128173828,78410000,NFLX
2023-12-18,47.630001068115234,49.20399856567383,47.5099983215332,48.61199951171875,64107000,NFLX
2023-12-19,48.84000015258789,49.61399841308594,48.40599822998047,49.50199890136719,38490000,NFLX
2023-12-20,49.20000076293945,50.0890007019043,48.8390007019043,48.926998138427734,45637000,NFLX
2023-12-21,49.26599884033203,49.439998626708984,48.676998138427734,49.1609992980957,27562000,NFLX
2023-12-22,49.400001525878906,49.60200119018555,48.54499816894531,48.67599868774414,27027000,NFLX
2023-12-26,48.93899917602539,49.14799880981445,48.63800048828125,49.11899948120117,20345000,NFLX
2023-12-27,49.124000549316406,49.402000427246094,48.92499923706055,49.17900085449219,25613000,NFLX
2023-12-28,49.20000076293945,49.28900146484375,48.90700149536133,49.05099868774414,17105000,NFLX
2023-12-29,49.0369987487793,49.222999572753906,48.194000244140625,48.6879997253418,27406000,NFLX
2024-01-02,48.319000244140625,48.46500015258789,46.18600082397461,46.849998474121094,50494000,NFLX
2024-01-03,46.731998443603516,47.505001068115234,46.57699966430664,47.0260009765625,34437000,NFLX
2024-01-04,47.29800033569336,48.07400131225586,46.65299987792969,47.46699905395508,36365000,NFLX
2024-01-05,47.650001525878906,47.95500183105469,47.18000030517578,47.40599822998047,26313000,NFLX
2024-01-08,47.388999938964844,48.52399826049805,47.3650016784668,48.50299835205078,36758000,NFLX
2024-01-09,47.553001403808594,48.50899887084961,47.380001068115234,48.20899963378906,35268000,NFLX
2024-01-10,48.15999984741211,48.70000076293945,47.29499816894531,47.83300018310547,43424000,NFLX
2024-01-11,49.25400161743164,50.340999603271484,48.38199996948242,49.222999572753906,79933000,NFLX
2024-01-12,50.05099868774414,50.07899856567383,49.06100082397461,49.215999603271484,50037000,NFLX
2024-01-16,49.0,49.415000915527344,47.801998138427734,48.124000549316406,46790000,NFLX
2024-01-17,48.45000076293945,48.62099838256836,47.5260009765625,48.03300094604492,48946000,NFLX
2024-01-18,48.00299835205078,48.57699966430664,47.801998138427734,48.53099822998047,40544000,NFLX
2024-01-19,48.49800109863281,48.56700134277344,47.60599899291992,48.29499816894531,56724000,NFLX
2024-01-22,48.755001068115234,48.97999954223633,47.9900016784668,48.57099914550781,52123000,NFLX
2024-01-23,49.20000076293945,49.895999908447266,48.13999938964844,49.21900177001953,155060000,NFLX
2024-01-24,53.775001525878906,56.25,53.707000732421875,54.48699951171875,264328000,NFLX
2024-01-25,55.19499969482422,56.34600067138672,54.84600067138672,56.20000076293945,94519000,NFLX
2024-01-26,56.180999755859375,57.9640007019043,55.84299850463867,57.04199981689453,127706000,NFLX
2024-01-29,57.1349983215332,57.85499954223633,56.268001556396484,57.57899856567383,69054000,NFLX
2024-01-30,56.731998443603516,57.0880012512207,56.082000732421875,56.28499984741211,61818000,NFLX
2024-01-31,56.28499984741211,57.21500015258789,56.20399856567383,56.4109992980957,48576000,NFLX
2024-02-01,56.70199966430664,57.26599884033203,56.382999420166016,56.750999450683594,31740000,NFLX
2024-02-02,56.45199966430664,56.779998779296875,56.23699951171875,56.4640007019043,40328000,NFLX
2024-02-05,56.24700164794922,57.57500076293945,55.720001220703125,56.20600128173828,41431000,NFLX
2024-02-06,56.4119987487793,56.63399887084961,55.4370002746582,55.5880012512207,28403000,NFLX
2024-02-07,55.816001892089844,56.779998779296875,55.49800109863281,55.93000030517578,43736000,NFLX
2024-02-08,56.05500030517578,56.369998931884766,55.57400131225586,55.85300064086914,31755000,NFLX
2024-02-09,56.5,56.599998474121094,55.810001373291016,56.13199996948242,30557000,NFLX
2024-02-12,56.0359992980957,56.84400177001953,55.70000076293945,55.78499984741211,36085000,NFLX
2024-02-13,55.08000183105469,55.91999816894531,54.900001525878906,55.45199966430664,35115000,NFLX
2024-02-14,56.72600173950195,58.125,56.433998107910156,57.93299865722656,56342000,NFLX
2024-02-15,58.191001892089844,59.37699890136719,58.03200149536133,59.34600067138672,52209000,NFLX
2024-02-16,59.69499969482422,59.70000076293945,57.74599838256836,58.39500045776367,43257000,NFLX
2024-02-20,58.018001556396484,58.599998474121094,56.965999603271484,57.51300048828125,31242000,NFLX
2024-02-21,57.35100173950195,57.577999114990234,56.731998443603516,57.334999084472656,22706000,NFLX
2024-02-22,58.275001525878906,59.084999084472656,57.888999938964844,58.84700012207031,35266000,NFLX
2024-02-23,58.63999938964844,59.24300003051758,57.981998443603516,58.35599899291992,25689000,NFLX
2024-02-26,58.35599899291992,59.07500076293945,58.32699966430664,58.76499938964844,23937000,NFLX
2024-02-27,59.5,60.5359992980957,59.233001708984375,60.16699981689453,44894000,NFLX
2024-02-28,59.57899856567383,59.81700134277344,59.000999450683594,59.64799880981445,26052000,NFLX
2024-02-29,60.42499923706055,60.45199966430664,59.51599884033203,60.29199981689453,35721000,NFLX
2024-03-01,59.98099899291992,62.02799987792969,59.95000076293945,61.933998107910156,42703000,NFLX
2024-03-04,62.15599822998047,62.44200134277344,61.507999420166016,61.58300018310547,30203000,NFLX
2024-03-05,61.0099983215332,61.090999603271484,59.20000076293945,59.849998474121094,38496000,NFLX
2024-03-06,60.29899978637695,60.792999267578125,59.35599899291992,59.76900100708008,24696000,NFLX
2024-03-07,59.933998107910156,61.053001403808594,59.59000015258789,60.85100173950195,27428000,NFLX
2024-03-08,60.82699966430664,61.60900115966797,60.08399963378906,60.481998443603516,27772000,NFLX
2024-03-11,60.80799865722656,61.099998474121094,60.0369987487793,60.09299850463867,25009000,NFLX
2024-03-12,60.020999908447266,61.529998779296875,59.62699890136719,61.108001708984375,28216000,NFLX
2024-03-13,61.33700180053711,61.48500061035156,60.72100067138672,60.94499969482422,21921000,NFLX
2024-03-14,61.5,62.08000183105469,60.73500061035156,61.30099868774414,31205000,NFLX
2024-03-15,62.29199981689453,62.29199981689453,60.38199996948242,60.5880012512207,66716000,NFLX
2024-03-18,61.35599899291992,62.74100112915039,61.04499816894531,61.8390007019043,33442000,NFLX
2024-03-19,61.5620002746582,62.12799835205078,60.79999923706055,62.07400131225586,21426000,NFLX
2024-03-20,61.994998931884766,62.95100021362305,61.83399963378906,62.76900100708008,26395000,NFLX
2024-03-21,63.064998626708984,63.43600082397461,62.233001708984375,62.270999908447266,25077000,NFLX
2024-03-22,62.41600036621094,62.904998779296875,62.099998474121094,62.80099868774414,21357000,NFLX
2024-03-25,62.790000915527344,63.04600143432617,62.316001892089844,62.74599838256836,18033000,NFLX
2024-03-26,62.52000045776367,63.43899917602539,61.917999267578125,62.92399978637695,28045000,NFLX
2024-03-27,62.9010009765625,63.1349983215332,61.073001861572266,61.35300064086914,26283000,NFLX
2024-03-28,61.499000549316406,61.5,60.159000396728516,60.733001708984375,37088000,NFLX
2024-04-01,60.79999923706055,61.51100158691406,60.55699920654297,61.430999755859375,21159000,NFLX
2024-04-02,61.099998474121094,61.50299835205078,60.55099868774414,61.42100143432617,20292000,NFLX
2024-04-03,61.275001525878906,63.04100036621094,61.150001525878906,63.007999420166016,29312000,NFLX
2024-04-04,63.32099914550781,63.79999923706055,61.65800094604492,61.7140007019043,30643000,NFLX
2024-04-05,62.492000579833984,63.79100036621094,62.270999908447266,63.61800003051758,33788000,NFLX
2024-04-08,63.638999938964844,63.900001525878906,62.81100082397461,62.840999603271484,21457000,NFLX
2024-04-09,63.19900131225586,63.19900131225586,61.5629997253418,61.81999969482422,21436000,NFLX
2024-04-10,61.09700012207031,62.013999938964844,60.933998107910156,61.858001708984375,28062000,NFLX
2024-04-11,62.44200134277344,63.16600036621094,61.7239990234375,62.87799835205078,26627000,NFLX
2024-04-12,62.823001861572266,63.3120002746582,61.891998291015625,62.28300094604492,29593000,NFLX
2024-04-15,63.016998291015625,63.016998291015625,60.387001037597656,60.71500015258789,30854000,NFLX
2024-04-16,60.75,62.244998931884766,60.75,61.75199890136719,35191000,NFLX
2024-04-17,62.09700012207031,62.09700012207031,60.770999908447266,61.36899948120117,33122000,NFLX
2024-04-18,61.209999084472656,62.132999420166016,60.542999267578125,61.055999755859375,84684000,NFLX
2024-04-19,56.78799819946289,57.900001525878906,55.215999603271484,55.50400161743164,164497000,NFLX
2024-04-22,55.066001892089844,55.861000061035156,54.20100021362305,55.459999084472656,85977000,NFLX
2024-04-23,55.64899826049805,57.92100143432617,55.52799987792969,57.775001525878906,49755000,NFLX
2024-04-24,57.430999755859375,57.691001892089844,55.130001068115234,55.512001037597656,53553000,NFLX
2024-04-25,54.94599914550781,56.65399932861328,54.57099914550781,56.47999954223633,38071000,NFLX
2024-04-26,55.82099914550781,56.29199981689453,55.319000244140625,56.12300109863281,43326000,NFLX
2024-04-29,55.917999267578125,55.9640007019043,55.42399978637695,55.94900131225586,25089000,NFLX
2024-04-30,56.0,56.0,54.9379997253418,55.06399917602539,33615000,NFLX
2024-05-01,54.784000396728516,56.03900146484375,54.42499923706055,55.17100143432617,34732000,NFLX
2024-05-02,55.60200119018555,56.54600143432617,55.558998107910156,56.51499938964844,30682000,NFLX
2024-05-03,56.599998474121094,58.0260009765625,56.51599884033203,57.933998107910156,33075000,NFLX
2024-05-06,58.18199920654297,59.73400115966797,58.025001525878906,59.696998596191406,36863000,NFLX
2024-05-07,59.62799835205078,60.60499954223633,59.13199996948242,60.599998474121094,36141000,NFLX
2024-05-08,60.16299819946289,61.821998596191406,60.16299819946289,60.946998596191406,30939000,NFLX
2024-05-09,61.439998626708984,61.571998596191406,60.57500076293945,61.20899963378906,20654000,NFLX
2024-05-10,61.900001525878906,62.39799880981445,60.50600051879883,61.08700180053711,26536000,NFLX
2024-05-13,61.43000030517578,61.821998596191406,60.68299865722656,61.659000396728516,20862000,NFLX
2024-05-14,61.516998291015625,62.14799880981445,60.84000015258789,61.36600112915039,27924000,NFLX
2024-05-15,61.856998443603516,62.40999984741211,60.90999984741211,61.35200119018555,56706000,NFLX
2024-05-16,61.57500076293945,61.83399963378906,60.909000396728516,61.051998138427734,30564000,NFLX
2024-05-17,61.70000076293945,62.57899856567383,61.47100067138672,62.11000061035156,37827000,NFLX
2024-05-20,62.040000915527344,64.43699645996094,61.95199966430664,64.08200073242188,38579000,NFLX
2024-05-21,63.67599868774414,65.08799743652344,63.422000885009766,65.06099700927734,29202000,NFLX
2024-05-22,64.71399688720703,64.92500305175781,63.8120002746582,64.0469970703125,21762000,NFLX
2024-05-23,64.23400115966797,64.27100372314453,63.0,63.56700134277344,23139000,NFLX
2024-05-24,63.939998626708984,65.19999694824219,63.7599983215332,64.67500305175781,26153000,NFLX
2024-05-28,64.70500183105469,64.9749984741211,64.3030014038086,64.9000015258789,26095000,NFLX
2024-05-29,64.41300201416016,66.42500305175781,64.38899993896484,65.46199798583984,36959000,NFLX
2024-05-30,65.35199737548828,65.64900207519531,64.4729995727539,64.76599884033203,23889000,NFLX
2024-05-31,64.4010009765625,64.85800170898438,62.83000183105469,64.16200256347656,40710000,NFLX
2024-06-03,64.52200317382812,64.6780014038086,62.72700119018555,63.37900161743164,23235000,NFLX
2024-06-04,63.37799835205078,63.52299880981445,62.64400100708008,63.1619987487793,30082000,NFLX
2024-06-05,63.402000427246094,65.125,62.82500076293945,65.0270004272461,26826000,NFLX
2024-06-06,64.48899841308594,65.79900360107422,64.42400360107422,64.85199737548828,24667000,NFLX
2024-06-07,64.93800354003906,65.04000091552734,64.02400207519531,64.14700317382812,18766000,NFLX
2024-06-10,64.10099792480469,64.47899627685547,63.558998107910156,64.44999694824219,20644000,NFLX
2024-06-11,64.0719985961914,65.01899719238281,64.052001953125,64.8550033569336,21674000,NFLX
2024-06-12,65.22100067138672,65.5780029296875,64.31099700927734,65.00599670410156,20944000,NFLX
2024-06-13,64.4000015258789,65.5250015258789,64.23500061035156,65.32599639892578,18636000,NFLX
2024-06-14,65.50499725341797,67.55799865722656,65.26399993896484,66.93800354003906,44471000,NFLX
2024-06-17,66.91100311279297,68.27100372314453,66.51100158691406,67.58300018310547,36312000,NFLX
2024-06-18,67.56300354003906,68.70600128173828,67.46399688720703,68.56700134277344,29438000,NFLX
2024-06-20,68.18000030517578,68.98799896240234,67.37200164794922,67.90299987792969,25851000,NFLX
2024-06-21,68.32599639892578,68.69000244140625,67.80999755859375,68.61199951171875,45064000,NFLX
2024-06-24,68.5,68.55000305175781,66.44999694824219,66.9020004272461,39163000,NFLX
2024-06-25,67.34400177001953,67.36699676513672,66.2300033569336,67.24099731445312,22706000,NFLX
2024-06-26,67.24099731445312,68.2959976196289,67.00199890136719,67.76899719238281,35458000,NFLX
2024-06-27,67.93499755859375,68.85700225830078,67.81400299072266,68.43399810791016,24048000,NFLX
2024-06-28,67.9000015258789,68.69999694824219,67.30799865722656,67.48799896240234,34124000,NFLX
2024-07-01,67.48899841308594,67.50199890136719,66.37799835205078,67.36100006103516,22128000,NFLX
2024-07-02,67.35399627685547,68.17400360107422,67.00700378417969,67.95800018310547,24114000,NFLX
2024-07-03,67.74800109863281,68.375,67.55000305175781,68.2509994506836,14035000,NFLX
2024-07-05,68.2509994506836,69.7490005493164,67.7229995727539,69.06500244140625,26591000,NFLX
2024-07-08,68.69999694824219,68.88600158691406,68.14900207519531,68.5739974975586,19308000,NFLX
2024-07-09,69.0,69.5270004272461,68.47200012207031,68.5739974975586,25961000,NFLX
2024-07-10,68.50199890136719,68.72200012207031,67.31600189208984,67.76499938964844,26519000,NFLX
2024-07-11,67.2490005493164,67.2490005493164,64.74400329589844,65.2750015258789,51066000,NFLX
2024-07-12,65.2750015258789,65.59200286865234,64.37100219726562,64.76000213623047,33552000,NFLX
2024-07-15,64.75,66.75399780273438,64.66300201416016,65.6449966430664,32088000,NFLX
2024-07-16,66.18000030517578,66.36799621582031,64.91300201416016,65.63200378417969,26857000,NFLX
2024-07-17,65.0,65.04499816894531,63.946998596191406,64.74600219726562,40173000,NFLX
2024-07-18,65.66000366210938,65.7040023803711,63.91699981689453,64.30400085449219,75758000,NFLX
2024-07-19,66.06400299072266,67.89700317382812,62.9119987487793,63.33399963378906,98156000,NFLX
2024-07-22,63.95000076293945,65.62899780273438,63.2599983215332,64.75,52191000,NFLX
2024-07-23,64.75,64.99099731445312,64.0999984741211,64.2760009765625,24636000,NFLX
2024-07-24,63.57400131225586,65.24199676513672,63.266998291015625,63.5989990234375,48882000,NFLX
2024-07-25,64.0999984741211,64.99800109863281,62.16999816894531,63.409000396728516,45545000,NFLX
2024-07-26,64.5,64.6989974975586,62.97700119018555,63.137001037597656,31207000,NFLX
2024-07-29,63.46099853515625,63.46099853515625,62.393001556396484,62.69599914550781,24005000,NFLX
2024-07-30,63.016998291015625,63.46900177001953,61.70000076293945,62.257999420166016,34966000,NFLX
2024-07-31,62.65700149536133,63.36000061035156,62.257999420166016,62.834999084472656,31349000,NFLX
2024-08-01,62.92499923706055,64.6709976196289,61.76100158691406,62.48500061035156,37206000,NFLX
2024-08-02,62.097999572753906,62.527000427246094,60.834999084472656,61.36399841308594,35230000,NFLX
2024-08-05,58.70399856567383,60.45600128173828,58.70399856567383,59.85499954223633,40442000,NFLX
2024-08-06,60.0620002746582,62.244998931884766,60.0620002746582,60.957000732421875,43191000,NFLX
2024-08-07,61.606998443603516,63.20000076293945,61.06399917602539,61.14799880981445,31878000,NFLX
2024-08-08,62.19900131225586,63.229000091552734,61.60200119018555,63.03499984741211,32835000,NFLX
2024-08-09,62.29899978637695,63.6619987487793,62.29899978637695,63.39400100708008,19808000,NFLX
2024-08-12,63.099998474121094,63.900001525878906,62.707000732421875,63.31399917602539,23317000,NFLX
2024-08-13,63.85599899291992,65.09700012207031,63.54999923706055,64.802001953125,26396000,NFLX
2024-08-14,64.87000274658203,66.35700225830078,64.87000274658203,66.16799926757812,40143000,NFLX
2024-08-15,66.8489990234375,67.31900024414062,65.9800033569336,66.3219985961914,32102000,NFLX
2024-08-16,66.94300079345703,68.02300262451172,66.53600311279297,67.40699768066406,35110000,NFLX
2024-08-19,67.40699768066406,68.88400268554688,67.29100036621094,68.85299682617188,30162000,NFLX
2024-08-20,68.88600158691406,71.13300323486328,68.82499694824219,69.85399627685547,48131000,NFLX
2024-08-21,69.69999694824219,70.0999984741211,69.13800048828125,69.71199798583984,22353000,NFLX
2024-08-22,69.0999984741211,70.1500015258789,68.6240005493164,68.89600372314453,27294000,NFLX
2024-08-23,69.41300201416016,69.60700225830078,67.86299896240234,68.6729965209961,23545000,NFLX
2024-08-26,68.72599792480469,69.05899810791016,68.16400146484375,68.84400177001953,13542000,NFLX
2024-08-27,68.85299682617188,70.78900146484375,68.69200134277344,69.5719985961914,31649000,NFLX
2024-08-28,69.58300018310547,69.66699981689453,67.70999908447266,68.38400268554688,24306000,NFLX
2024-08-29,69.0,69.9800033569336,68.60700225830078,69.24800109863281,21870000,NFLX
2024-08-30,70.03600311279297,70.18599700927734,68.81600189208984,70.13500213623047,32667000,NFLX
2024-09-03,70.01000213623047,70.38600158691406,67.10099792480469,67.53199768066406,31610000,NFLX
2024-09-04,67.33100128173828,68.46499633789062,67.30599975585938,67.96800231933594,17853000,NFLX
2024-09-05,67.31400299072266,68.73100280761719,67.18599700927734,68.36199951171875,18101000,NFLX
2024-09-06,68.18599700927734,68.31500244140625,66.23400115966797,66.5770034790039,29913000,NFLX
2024-09-09,67.4000015258789,68.3499984741211,67.21399688720703,67.54199981689453,26831000,NFLX
2024-09-10,67.68699645996094,68.05899810791016,66.58100128173828,67.36199951171875,20792000,NFLX
2024-09-11,67.74600219726562,68.2969970703125,66.08000183105469,68.14700317382812,23919000,NFLX
2024-09-12,68.49199676513672,69.48799896240234,68.22000122070312,68.68000030517578,25821000,NFLX
2024-09-13,68.0009994506836,69.96399688720703,68.0,69.70600128173828,22765000,NFLX
2024-09-16,70.0,70.302001953125,68.86299896240234,69.6500015258789,18437000,NFLX
2024-09-17,70.08200073242188,70.76300048828125,69.83699798583984,70.69100189208984,22986000,NFLX
2024-09-18,70.75499725341797,70.75499725341797,68.80000305175781,69.0469970703125,29844000,NFLX
2024-09-19,70.5,71.56600189208984,69.53700256347656,70.43199920654297,42285000,NFLX
2024-09-20,70.55500030517578,70.66699981689453,69.63099670410156,70.10299682617188,39981000,NFLX
2024-09-23,70.23899841308594,71.2249984741211,69.91600036621094,70.53700256347656,32243000,NFLX
2024-09-24,70.66300201416016,72.24400329589844,70.44499969482422,72.22599792480469,35657000,NFLX
2024-09-25,72.0999984741211,72.51200103759766,71.62100219726562,72.15599822998047,22598000,NFLX
2024-09-26,72.4729995727539,72.5260009765625,70.1719970703125,71.14299774169922,28330000,NFLX
2024-09-27,70.83599853515625,71.07099914550781,70.125,70.73500061035156,23956000,NFLX
2024-09-30,70.69999694824219,71.12100219726562,70.28199768066406,70.927001953125,17099000,NFLX
2024-10-01,71.36399841308594,71.7760009765625,69.85900115966797,70.61299896240234,28135000,NFLX
2024-10-02,70.61299896240234,71.62100219726562,70.46900177001953,71.10900115966797,17582000,NFLX
2024-10-03,70.4260025024414,70.88099670410156,70.0,70.68000030517578,22564000,NFLX
2024-10-04,71.33200073242188,72.10099792480469,70.88200378417969,71.97000122070312,22290000,NFLX
2024-10-07,71.47599792480469,71.58799743652344,69.64299774169922,70.19200134277344,33605000,NFLX
2024-10-08,70.38800048828125,72.50599670410156,70.3550033569336,72.1760025024414,31874000,NFLX
2024-10-09,71.92500305175781,72.85900115966797,71.88700103759766,72.74299621582031,19811000,NFLX
2024-10-10,72.3290023803711,73.38500213623047,72.25,73.02899932861328,27679000,NFLX
2024-10-11,73.48999786376953,73.5999984741211,72.12200164794922,72.27899932861328,22995000,NFLX
2024-10-14,72.5,72.66200256347656,71.13099670410156,71.30000305175781,27971000,NFLX
2024-10-15,71.2509994506836,71.33999633789062,69.97799682617188,70.5979995727539,29328000,NFLX
2024-10-16,70.34300231933594,70.55899810791016,69.78199768066406,70.19999694824219,24943000,NFLX
2024-10-17,70.43499755859375,70.44100189208984,67.78800201416016,68.76499938964844,89267000,NFLX
2024-10-18,73.76399993896484,76.62799835205078,73.62300109863281,76.38899993896484,159741000,NFLX
2024-10-21,76.57599639892578,77.30000305175781,75.66000366210938,77.20700073242188,60571000,NFLX
2024-10-22,76.5270004272461,76.97000122070312,76.11199951171875,76.42400360107422,29873000,NFLX
2024-10-23,76.28299713134766,76.37899780273438,74.4260025024414,74.92900085449219,37490000,NFLX
2024-10-24,75.1969985961914,75.58200073242188,74.625,75.45500183105469,26430000,NFLX
2024-10-25,75.61699676513672,76.8499984741211,75.35299682617188,75.46800231933594,28195000,NFLX
2024-10-28,75.86799621582031,75.86799621582031,74.78800201416016,74.91200256347656,28624000,NFLX
2024-10-29,75.11299896240234,76.38800048828125,74.8010025024414,75.94400024414062,36604000,NFLX
2024-10-30,75.80799865722656,75.97899627685547,75.22799682617188,75.3740005493164,17220000,NFLX
2024-10-31,75.39299774169922,76.0790023803711,75.2229995727539,75.60299682617188,30577000,NFLX
2024-11-01,75.3479995727539,76.37999725341797,74.7770004272461,75.61000061035156,29968000,NFLX
2024-11-04,75.31400299072266,76.24800109863281,74.96900177001953,75.5510025024414,19022000,NFLX
2024-11-05,75.73500061035156,76.75299835205078,75.62699890136719,76.39099884033203,22006000,NFLX
2024-11-06,77.1500015258789,78.14900207519531,75.73799896240234,78.02100372314453,36908000,NFLX
2024-11-07,78.13700103759766,79.8219985961914,77.99400329589844,79.65399932861328,32951000,NFLX
2024-11-08,79.73600006103516,79.90599822998047,78.86499786376953,79.50399780273438,19106000,NFLX
2024-11-11,79.58999633789062,80.68199920654297,79.55699920654297,80.54399871826172,23992000,NFLX
2024-11-12,80.75,82.03700256347656,80.375,81.94999694824219,28141000,NFLX
2024-11-13,82.26200103759766,83.6989974975586,82.05400085449219,83.0469970703125,27678000,NFLX
2024-11-14,83.36699676513672,84.0999984741211,83.00199890136719,83.72599792480469,30382000,NFLX
2024-11-15,83.2040023803711,83.2040023803711,81.64900207519531,82.39600372314453,36737000,NFLX
2024-11-18,81.55000305175781,84.84500122070312,80.93299865722656,84.70500183105469,40812000,NFLX
2024-11-19,83.9749984741211,87.4489974975586,83.91600036621094,87.13200378417969,38142000,NFLX
2024-11-20,87.99800109863281,89.05999755859375,86.83999633789062,88.38500213623047,40938000,NFLX
2024-11-21,88.39299774169922,90.80000305175781,87.7239990234375,89.74800109863281,45113000,NFLX
2024-11-22,89.5999984741211,90.5999984741211,89.30000305175781,89.77899932861328,32140000,NFLX
2024-11-25,90.20500183105469,90.20500183105469,86.4219970703125,86.55899810791016,60142000,NFLX
2024-11-26,86.7490005493164,88.63600158691406,86.7249984741211,87.26000213623047,31383000,NFLX
2024-11-27,87.20600128173828,88.09500122070312,85.89099884033203,87.73400115966797,25782000,NFLX
2024-11-29,88.21700286865234,89.24099731445312,87.66799926757812,88.68099975585938,20272000,NFLX
2024-12-02,88.7509994506836,90.23400115966797,88.41200256347656,89.77400207519531,23890000,NFLX
2024-12-03,89.43599700927734,90.26899719238281,88.8030014038086,90.21700286865234,24016000,NFLX
2024-12-04,89.80500030517578,91.59700012207031,89.80500030517578,91.10600280761719,26896000,NFLX
2024-12-05,91.78500366210938,92.69999694824219,91.11100006103516,91.78700256347656,28353000,NFLX
2024-12-06,91.52300262451172,93.5270004272461,91.27100372314453,93.4739990234375,29554000,NFLX
2024-12-09,92.80000305175781,93.02999877929688,90.25900268554688,91.36900329589844,33501000,NFLX
2024-12-10,91.3759994506836,92.28800201416016,90.95800018310547,91.33499908447266,23886000,NFLX
2024-12-11,92.47100067138672,94.17500305175781,92.30799865722656,93.65599822998047,35017000,NFLX
2024-12-12,93.33499908447266,93.40899658203125,92.26000213623047,92.55500030517578,24862000,NFLX
2024-12-13,91.68099975585938,92.55500030517578,90.96099853515625,91.88700103759766,24858000,NFLX
2024-12-16,92.39399719238281,92.89399719238281,91.94999694824219,92.10800170898438,26749000,NFLX
2024-12-17,92.15399932861328,92.84500122070312,91.64199829101562,91.91300201416016,24595000,NFLX
2024-12-18,91.91300201416016,92.24400329589844,88.65599822998047,88.95500183105469,29382000,NFLX
2024-12-19,90.81800079345703,91.26200103759766,89.9000015258789,90.2040023803711,28155000,NFLX
2024-12-20,89.32099914550781,91.99199676513672,89.04900360107422,90.90499877929688,45305000,NFLX
2024-12-23,91.34200286865234,91.5,89.91000366210938,91.1449966430664,23394000,NFLX
2024-12-24,91.5,93.58499908447266,91.16999816894531,93.21199798583984,23203000,NFLX
2024-12-26,92.83999633789062,93.04900360107422,91.52999877929688,92.41400146484375,23403000,NFLX
2024-12-27,91.60099792480469,91.81300354003906,89.44999694824219,90.75499725341797,32262000,NFLX
2024-12-30,89.45099639892578,90.822998046875,88.97100067138672,90.04299926757812,22030000,NFLX
2024-12-31,90.18000030517578,90.26799774169922,88.9469985961914,89.13200378417969,18759000,NFLX
2025-01-02,89.55000305175781,89.85800170898438,87.69999694824219,88.6729965209961,23123000,NFLX
2025-01-03,89.31300354003906,89.88300323486328,87.98899841308594,88.1050033569336,29673000,NFLX
2025-01-06,88.8759994506836,89.28299713134766,87.16899871826172,88.17900085449219,34577000,NFLX
2025-01-07,87.93800354003906,88.80000305175781,86.91100311279297,87.91899871826172,26498000,NFLX
2025-01-08,88.0,88.62200164794922,87.30000305175781,87.5,23479000,NFLX
2025-01-10,86.63999938964844,86.64099884033203,83.44000244140625,83.76899719238281,48033000,NFLX
2025-01-13,83.15299987792969,84.70700073242188,82.91400146484375,84.02899932861328,30245000,NFLX
2025-01-14,84.31999969482422,84.48899841308594,82.35199737548828,82.83999633789062,30377000,NFLX
2025-01-15,83.64399719238281,85.08399963378906,83.04100036621094,84.82599639892578,31814000,NFLX
2025-01-16,86.09600067138672,86.89800262451172,84.2020034790039,84.23699951171875,40285000,NFLX
2025-01-17,85.97899627685547,86.5,85.21299743652344,85.80999755859375,36176000,NFLX
2025-01-21,86.35299682617188,91.63999938964844,85.4749984741211,86.96800231933594,98514000,NFLX
2025-01-22,99.8030014038086,99.9000015258789,95.07599639892578,95.39900207519531,142732000,NFLX
2025-01-23,95.78099822998047,98.5,95.38999938964844,98.48600006103516,77521000,NFLX
2025-01-24,98.44100189208984,98.62799835205078,96.76799774169922,97.75900268554688,45504000,NFLX
2025-01-27,97.11000061035156,98.22699737548828,96.0260009765625,97.18900299072266,46342000,NFLX
2025-01-28,96.6709976196289,97.79299926757812,95.7300033569336,97.18299865722656,34340000,NFLX
2025-01-29,98.0,98.76399993896484,96.822998046875,97.81500244140625,29307000,NFLX
2025-01-30,98.67500305175781,99.45899963378906,97.0009994506836,97.3239974975586,38678000,NFLX
2025-01-31,97.4000015258789,99.02899932861328,97.4000015258789,97.6760025024414,36151000,NFLX
2025-02-03,97.30000305175781,98.76899719238281,96.43800354003906,97.89399719238281,37242000,NFLX
2025-02-04,98.0469970703125,100.80000305175781,97.85099792480469,99.48699951171875,60001000,NFLX
2025-02-05,98.77300262451172,101.18299865722656,98.66799926757812,101.11100006103516,39934000,NFLX
2025-02-06,100.78700256347656,101.63500213623047,100.26100158691406,101.56800079345703,31343000,NFLX
2025-02-07,101.69999694824219,102.7760009765625,100.56700134277344,101.39299774169922,32129000,NFLX
2025-02-10,102.30500030517578,103.28500366210938,101.58799743652344,102.76000213623047,32966000,NFLX
2025-02-11,102.0790023803711,102.26899719238281,100.29499816894531,100.80799865722656,33318000,NFLX
2025-02-12,100.54900360107422,102.77400207519531,99.83499908447266,102.73100280761719,33890000,NFLX
2025-02-13,102.66300201416016,104.5989990234375,102.51000213623047,104.36900329589844,34761000,NFLX
2025-02-14,104.49500274658203,106.44999694824219,104.16899871826172,105.86000061035156,31454000,NFLX
2025-02-18,106.0,106.19999694824219,102.375,103.58499908447266,42293000,NFLX
2025-02-19,103.51799774169922,104.5,102.45099639892578,104.33300018310547,26000000,NFLX
2025-02-20,104.19999694824219,104.5,101.55899810791016,102.4540023803711,31118000,NFLX
2025-02-21,102.94200134277344,103.23799896240234,99.93900299072266,100.31500244140625,37387000,NFLX
2025-02-24,100.80000305175781,101.51699829101562,98.447998046875,98.84700012207031,44262000,NFLX
2025-02-25,98.94000244140625,99.44000244140625,95.5,97.7239990234375,47383000,NFLX
2025-02-26,97.76000213623047,100.08899688720703,97.69000244140625,99.00599670410156,33972000,NFLX
2025-02-27,99.5,100.072998046875,96.18299865722656,96.30699920654297,37666000,NFLX
2025-02-28,96.95600128173828,98.22699737548828,95.81700134277344,98.05599975585938,47174000,NFLX
2025-03-03,98.30000305175781,99.49299621582031,96.48100280761719,97.37000274658203,39074000,NFLX
2025-03-04,97.16100311279297,98.63099670410156,94.82099914550781,97.25800323486328,43928000,NFLX
2025-03-05,97.36199951171875,99.55999755859375,96.947998046875,99.09200286865234,38079000,NFLX
2025-03-06,97.29900360107422,97.36900329589844,89.9000015258789,90.63600158691406,78526000,NFLX
2025-03-07,89.76399993896484,90.48899841308594,85.80699920654297,89.11100006103516,77375000,NFLX
2025-03-10,87.50700378417969,88.12699890136719,85.44999694824219,86.66799926757812,69953000,NFLX
2025-03-11,86.74099731445312,91.06800079345703,86.5999984741211,89.51000213623047,73989000,NFLX
2025-03-12,91.45999908447266,92.71800231933594,90.0999984741211,91.96800231933594,68658000,NFLX
2025-03-13,91.30000305175781,92.18900299072266,88.7509994506836,89.01699829101562,50017000,NFLX
2025-03-14,90.14600372314453,91.96299743652344,90.0999984741211,91.80000305175781,52007000,NFLX
2025-03-17,93.99500274658203,96.76300048828125,93.44200134277344,95.00199890136719,75431000,NFLX
2025-03-18,94.0,94.82499694824219,91.62999725341797,92.99800109863281,60094000,NFLX
2025-03-19,93.5770034790039,96.80000305175781,92.4000015258789,95.9489974975586,66624000,NFLX
2025-03-20,95.0009994506836,96.69999694824219,94.55000305175781,95.08399963378906,44663000,NFLX
2025-03-21,94.16400146484375,96.36499786376953,94.09500122070312,96.02899932861328,59054000,NFLX
2025-03-24,96.96700286865234,97.69999694824219,95.15499877929688,97.1989974975586,46779000,NFLX
2025-03-25,97.81800079345703,99.87000274658203,97.71099853515625,99.72799682617188,37822000,NFLX
2025-03-26,99.38099670410156,99.67900085449219,96.63200378417969,97.06500244140625,35274000,NFLX
2025-03-27,97.4219970703125,98.9000015258789,96.63700103759766,97.6719970703125,30472000,NFLX
2025-03-28,97.19999694824219,97.49800109863281,92.9229965209961,93.38500213623047,44227000,NFLX
2025-03-31,92.0530014038086,93.447998046875,90.05899810791016,93.25299835205078,46341000,NFLX
2025-04-01,92.75,93.22899627685547,91.1500015258789,92.83799743652344,35200000,NFLX
2025-04-02,92.30000305175781,94.95500183105469,91.61100006103516,93.552001953125,32569000,NFLX
2025-04-03,90.18000030517578,94.65899658203125,90.0469970703125,91.70500183105469,58646000,NFLX
2025-04-04,89.6500015258789,90.66300201416016,85.38700103759766,85.58599853515625,67988000,NFLX
2025-04-07,82.78500366210938,90.67400360107422,82.11000061035156,86.78299713134766,66568000,NFLX
2025-04-08,91.24400329589844,92.24199676513672,85.7699966430664,87.04000091552734,56254000,NFLX
2025-04-09,85.59300231933594,95.14299774169922,85.44000244140625,94.5469970703125,74980000,NFLX
2025-04-10,93.19400024414062,94.1240005493164,89.4000015258789,92.11699676513672,51298000,NFLX
2025-04-11,92.0,94.48600006103516,90.66799926757812,91.8290023803711,40736000,NFLX
2025-04-14,93.2699966430664,94.89800262451172,91.94999694824219,93.12799835205078,40359000,NFLX
2025-04-15,95.0,99.34500122070312,94.80000305175781,97.62799835205078,77120000,NFLX
2025-04-16,97.62799835205078,98.12100219726562,94.91699981689453,96.16300201416016,60661000,NFLX
2025-04-17,96.9000015258789,98.47000122070312,95.5999984741211,97.3030014038086,88937000,NFLX
2025-04-21,98.44000244140625,101.9000015258789,97.30500030517578,98.79100036621094,97757000,NFLX
2025-04-22,100.52999877929688,106.49700164794922,100.4520034790039,104.03399658203125,93689000,NFLX
2025-04-23,104.72200012207031,106.125,103.19999694824219,104.95899963378906,64719000,NFLX
2025-04-24,104.80000305175781,110.0999984741211,104.7020034790039,109.68699645996094,63819000,NFLX
2025-04-25,109.7040023803711,110.68000030517578,109.0999984741211,110.15299987792969,39500000,NFLX
2025-04-28,110.0,111.4000015258789,108.26200103759766,111.03800201416016,38311000,NFLX
2025-04-29,110.39199829101562,112.78099822998047,109.5479965209961,112.56400299072266,37773000,NFLX
2025-04-30,111.26499938964844,113.31999969482422,110.11100006103516,113.1719970703125,42667000,NFLX
2025-05-01,112.25199890136719,114.24199676513672,111.18299865722656,113.34700012207031,34995000,NFLX
2025-05-02,113.66600036621094,115.94400024414062,113.33200073242188,115.64900207519531,37743000,NFLX
2025-05-05,111.4800033569336,114.4020004272461,110.70099639892578,113.40599822998047,56623000,NFLX
2025-05-06,112.94300079345703,114.76599884033203,112.63999938964844,113.76899719238281,32567000,NFLX
2025-05-07,113.91799926757812,116.4000015258789,113.80000305175781,115.54100036621094,43497000,NFLX
2025-05-08,116.16200256347656,116.22899627685547,113.91999816894531,114.44300079345703,37609000,NFLX
2025-05-09,114.70999908447266,115.0999984741211,113.3219985961914,114.02200317382812,25696000,NFLX
2025-05-12,112.4260025024414,113.0,110.29299926757812,111.0,64791000,NFLX
2025-05-13,111.44599914550781,114.78800201416016,110.62999725341797,113.84400177001953,39979000,NFLX
2025-05-14,112.95999908447266,115.29000091552734,112.83999633789062,115.0989990234375,39101000,NFLX
2025-05-15,114.77400207519531,118.77999877929688,114.76499938964844,117.7979965209961,44640000,NFLX
2025-05-16,119.31400299072266,119.6500015258789,117.93900299072266,119.15299987792969,46984000,NFLX
2025-05-19,117.35800170898438,119.16400146484375,117.1709976196289,119.16400146484375,28534000,NFLX
2025-05-20,118.67900085449219,119.30000305175781,117.9020004272461,119.2020034790039,21331000,NFLX
2025-05-21,118.6500015258789,121.12200164794922,118.6500015258789,119.46299743652344,29766000,NFLX
2025-05-22,119.23999786376953,119.875,118.72100067138672,118.7969970703125,18616000,NFLX
2025-05-23,118.4000015258789,119.1449966430664,117.94400024414062,118.53900146484375,21865000,NFLX
2025-05-27,119.53299713134766,121.177001953125,119.30899810791016,121.15699768066406,29205000,NFLX
2025-05-28,121.0270004272461,121.59100341796875,120.60199737548828,120.8550033569336,18559000,NFLX
2025-05-29,120.80000305175781,120.9000015258789,117.62799835205078,118.48600006103516,33007000,NFLX
2025-05-30,119.83300018310547,121.18099975585938,118.09300231933594,120.7229995727539,46968000,NFLX
2025-06-02,120.12000274658203,121.94000244140625,119.625,121.89800262451172,22942000,NFLX
2025-06-03,121.98699951171875,122.95700073242188,121.11799621582031,121.79399871826172,23638000,NFLX
2025-06-04,122.072998046875,124.25599670410156,121.98799896240234,123.96600341796875,23594000,NFLX
2025-06-05,124.05999755859375,126.28099822998047,123.72899627685547,125.052001953125,28172000,NFLX
2025-06-06,125.94100189208984,126.0,123.55500030517578,124.14700317382812,25570000,NFLX
2025-06-09,123.88800048828125,123.88800048828125,122.15699768066406,122.44599914550781,24031000,NFLX
2025-06-10,122.75199890136719,122.75199890136719,118.06099700927734,120.36199951171875,44544000,NFLX
2025-06-11,120.26000213623047,122.8290023803711,119.60099792480469,121.98799896240234,23823000,NFLX
2025-06-12,122.25900268554688,123.0,121.19599914550781,121.50299835205078,20846000,NFLX
2025-06-13,120.65899658203125,122.06199645996094,120.18900299072266,121.21499633789062,22103000,NFLX
2025-06-16,121.22000122070312,122.625,121.22000122070312,122.53500366210938,21128000,NFLX
2025-06-17,121.99500274658203,123.23600006103516,121.60900115966797,122.06700134277344,18921000,NFLX
2025-06-18,122.9990005493164,124.19999694824219,122.05000305175781,122.22899627685547,22810000,NFLX
2025-06-20,123.44499969482422,124.8499984741211,122.43499755859375,123.14099884033203,53482000,NFLX
2025-06-23,123.8030014038086,125.48400115966797,121.5009994506836,125.35399627685547,26673000,NFLX
2025-06-24,126.05500030517578,128.2570037841797,125.5,127.91100311279297,26633000,NFLX
2025-06-25,128.6840057373047,129.8000030517578,127.38099670410156,127.5250015258789,21465000,NFLX
2025-06-26,128.0,130.73399353027344,128.0,130.66700744628906,26059000,NFLX
2025-06-27,130.68800354003906,133.13499450683594,130.10000610351562,132.31199645996094,40709000,NFLX
2025-06-30,133.10000610351562,134.11500549316406,132.12100219726562,133.91299438476562,32829000,NFLX
2025-07-01,133.822998046875,133.8769989013672,128.2220001220703,129.36000061035156,49936000,NFLX
2025-07-02,129.6959991455078,129.9949951171875,127.15899658203125,128.48599243164062,30488000,NFLX
2025-07-03,129.1999969482422,130.2259979248047,127.97599792480469,129.71800231933594,20062000,NFLX
2025-07-07,129.5,129.5,127.60199737548828,128.96200561523438,22737000,NFLX
2025-07-08,129.08999633789062,129.3249969482422,126.0,127.53099822998047,32925000,NFLX
2025-07-09,127.39900207519531,128.82899475097656,126.6240005493164,128.8280029296875,23845000,NFLX
2025-07-10,128.5500030517578,128.9600067138672,124.60099792480469,125.05899810791016,42308000,NFLX
2025-07-11,125.97899627685547,126.0999984741211,123.12999725341797,124.51100158691406,39572000,NFLX
2025-07-14,124.49099731445312,127.04900360107422,124.0,126.19499969482422,27810000,NFLX
2025-07-15,126.19999694824219,127.12200164794922,124.3239974975586,126.0270004272461,28017000,NFLX
2025-07-16,126.1709976196289,127.0999984741211,124.98200225830078,125.03099822998047,32270000,NFLX
2025-07-17,125.30000305175781,127.75,124.4800033569336,127.41699981689453,64699000,NFLX
2025-07-18,124.19599914550781,124.6500015258789,120.10099792480469,120.92400360107422,106933000,NFLX
2025-07-21,120.5999984741211,123.70999908447266,119.80000305175781,123.3270034790039,56276000,NFLX
2025-07-22,123.03800201416016,123.23699951171875,118.75,119.00800323486328,50630000,NFLX
2025-07-23,118.98100280761719,119.26200103759766,117.36000061035156,117.6780014038086,45043000,NFLX
2025-07-24,117.77999877929688,118.3499984741211,116.26599884033203,118.07599639892578,38456000,NFLX
2025-07-25,117.84200286865234,118.73200225830078,117.43800354003906,118.04900360107422,26293000,NFLX
2025-07-28,118.12000274658203,119.77899932861328,116.85299682617188,117.45999908447266,34470000,NFLX
2025-07-29,117.9000015258789,117.95999908447266,116.3290023803711,116.8740005493164,27525000,NFLX
2025-07-30,116.8550033569336,118.48500061035156,116.61000061035156,118.41999816894531,29227000,NFLX
2025-07-31,118.4800033569336,119.0,115.77400207519531,115.94000244140625,37129000,NFLX
2025-08-01,116.3010025024414,117.85099792480469,115.28500366210938,115.86000061035156,38910000,NFLX
2025-08-04,116.76499938964844,117.69999694824219,116.26200103759766,117.0989990234375,22447000,NFLX
2025-08-05,117.0999984741211,117.1709976196289,114.47100067138672,114.78700256347656,26607000,NFLX
2025-08-06,115.35199737548828,118.13800048828125,115.18699645996094,117.8479995727539,33622000,NFLX
2025-08-07,118.1760025024414,119.12200164794922,116.81999969482422,118.03700256347656,26283000,NFLX
2025-08-08,118.31900024414062,121.41100311279297,118.03700256347656,121.16400146484375,38167000,NFLX
2025-08-11,121.4010009765625,122.30699920654297,120.19300079345703,121.83100128173828,24556000,NFLX
2025-08-12,122.5,123.1989974975586,120.6510009765625,122.52799987792969,22788000,NFLX
2025-08-13,123.4000015258789,123.71199798583984,120.30000305175781,120.44400024414062,27624000,NFLX
2025-08-14,120.98899841308594,124.40899658203125,120.7030029296875,123.05599975585938,39047000,NFLX
2025-08-15,123.40399932861328,124.69400024414062,122.78800201416016,123.8949966430664,27678000,NFLX
2025-08-18,123.56300354003906,125.11599731445312,123.54499816894531,124.50900268554688,21111000,NFLX
2025-08-19,124.0199966430664,124.0999984741211,119.27899932861328,121.41500091552734,37077000,NFLX
2025-08-20,121.80000305175781,122.30000305175781,119.33100128173828,121.38600158691406,24344000,NFLX
2025-08-21,121.14299774169922,122.13999938964844,119.76399993896484,120.62100219726562,20472000,NFLX
2025-08-22,120.88800048828125,121.36199951171875,119.822998046875,120.46499633789062,31281000,NFLX
2025-08-25,120.16500091552734,123.37999725341797,119.9000015258789,121.80699920654297,28120000,NFLX
2025-08-26,122.02100372314453,123.1500015258789,121.22000122070312,122.60900115966797,19857000,NFLX
2025-08-27,122.36100006103516,122.9209976196289,121.30000305175781,122.3499984741211,16645000,NFLX
2025-08-28,122.27899932861328,123.78900146484375,121.427001953125,123.1449966430664,19503000,NFLX
2025-08-29,122.7969970703125,122.87899780273438,120.11499786376953,120.82499694824219,32098000,NFLX
2025-09-02,119.69999694824219,121.54000091552734,118.27999877929688,121.41100311279297,23033000,NFLX
2025-09-03,120.51399993896484,122.69999694824219,120.33799743652344,122.61799621582031,24715000,NFLX
2025-09-04,122.31999969482422,125.74800109863281,122.30899810791016,125.74800109863281,30235000,NFLX
2025-09-05,126.0,126.70999908447266,123.9020004272461,124.38200378417969,23797000,NFLX
2025-09-08,124.85399627685547,125.2040023803711,123.19999694824219,124.47599792480469,19151000,NFLX
2025-09-09,124.66699981689453,126.5719985961914,124.66699981689453,126.32499694824219,22197000,NFLX
2025-09-10,126.39700317382812,126.69999694824219,124.63600158691406,124.77100372314453,27010000,NFLX
2025-09-11,125.0999984741211,125.34500122070312,119.19999694824219,120.3499984741211,56823000,NFLX
2025-09-12,120.30599975585938,121.1780014038086,118.23999786376953,118.84400177001953,37849000,NFLX
2025-09-15,118.83999633789062,120.7239990234375,117.32099914550781,120.22599792480469,29093000,NFLX
2025-09-16,120.56400299072266,120.9000015258789,119.72799682617188,120.0510025024414,24047000,NFLX
2025-09-17,122.10199737548828,123.39299774169922,120.66100311279297,122.8499984741211,34598000,NFLX
2025-09-18,122.08200073242188,123.30000305175781,120.55000305175781,120.77799987792969,31691000,NFLX
2025-09-19,121.86199951171875,122.99500274658203,120.80999755859375,122.6969985961914,49476000,NFLX
2025-09-22,122.19000244140625,122.97599792480469,121.42400360107422,122.73699951171875,25468000,NFLX
2025-09-23,122.73300170898438,122.77899932861328,120.84700012207031,121.84700012207031,24991000,NFLX
2025-09-24,121.86100006103516,122.1500015258789,119.41999816894531,120.3949966430664,27731000,NFLX
2025-09-25,120.30899810791016,121.68399810791016,119.1510009765625,120.8239974975586,19978000,NFLX
2025-09-26,120.54199981689453,121.4000015258789,120.0,121.06099700927734,19450000,NFLX
2025-09-29,120.5,122.4489974975586,118.75399780273438,120.64099884033203,30332000,NFLX
2025-09-30,120.64099884033203,120.8499984741211,117.80000305175781,119.89199829101562,38303000,NFLX
2025-10-01,117.54900360107422,117.91400146484375,116.32099914550781,117.08999633789062,41102000,NFLX
2025-10-02,116.1500015258789,116.33300018310547,113.4000015258789,116.25299835205078,46855000,NFLX
2025-10-03,116.5,116.80000305175781,114.3219985961914,115.33200073242188,31374000,NFLX
2025-10-06,116.03700256347656,116.35800170898438,114.54499816894531,116.33100128173828,29686000,NFLX
2025-10-07,117.77899932861328,120.13700103759766,117.74600219726562,119.10600280761719,33091000,NFLX
2025-10-08,119.71099853515625,121.73899841308594,119.19999694824219,121.42500305175781,28514000,NFLX
2025-10-09,121.42500305175781,123.75,121.18199920654297,123.10700225830078,28241000,NFLX
2025-10-10,122.9000015258789,124.69999694824219,121.91000366210938,122.00800323486328,42798000,NFLX
2025-10-13,122.13500213623047,123.11199951171875,120.68099975585938,121.90299987792969,24608000,NFLX
2025-10-14,121.4749984741211,122.42900085449219,120.30999755859375,121.53500366210938,23624000,NFLX
2025-10-15,121.3010025024414,121.96199798583984,120.16100311279297,120.3290023803711,20252000,NFLX
2025-10-16,121.21499633789062,121.6709976196289,117.5999984741211,118.35900115966797,28326000,NFLX
2025-10-17,118.36000061035156,120.31199645996094,117.8949966430664,119.93599700927734,29571000,NFLX
2025-10-20,120.78800201416016,124.7760009765625,120.69000244140625,123.85600280761719,39862000,NFLX
2025-10-21,124.28299713134766,124.86000061035156,123.1760025024414,124.13500213623047,65082000,NFLX
2025-10-22,114.29000091552734,115.76000213623047,111.2509994506836,111.63700103759766,147890000,NFLX
2025-10-23,112.69000244140625,112.78299713134766,109.9729995727539,111.35900115966797,68497000,NFLX
2025-10-24,111.0999984741211,111.45099639892578,109.44100189208984,109.46900177001953,60280000,NFLX
2025-10-27,110.06700134277344,110.22799682617188,108.7300033569336,109.45600128173828,46911000,NFLX
2025-10-28,109.4000015258789,111.697998046875,109.3010025024414,110.25,40209000,NFLX
2025-10-29,109.98400115966797,110.8550033569336,109.5999984741211,110.04100036621094,33995000,NFLX
2025-10-30,109.44000244140625,110.61599731445312,108.81099700927734,108.9000015258789,41581000,NFLX
2025-10-31,110.53900146484375,113.48799896240234,110.197998046875,111.88600158691406,68665000,NFLX
2025-11-03,113.3239974975586,113.3499984741211,107.51499938964844,110.00900268554688,58634000,NFLX
2025-11-04,109.9990005493164,110.45999908447266,108.66799926757812,109.2959976196289,38718000,NFLX
2025-11-05,108.5,110.08499908447266,107.33699798583984,109.84600067138672,35539000,NFLX
2025-11-06,109.45800018310547,110.37000274658203,108.51300048828125,109.7020034790039,36532000,NFLX
2025-11-07,109.41799926757812,110.8219985961914,108.75,110.36599731445312,44125000,NFLX
2025-11-10,110.6719970703125,112.81999969482422,110.40499877929688,112.00700378417969,36929000,NFLX
2025-11-11,111.76000213623047,113.9219970703125,111.27999877929688,113.64399719238281,27966000,NFLX
2025-11-12,113.81700134277344,116.43399810791016,112.82599639892578,115.75,39221000,NFLX
2025-11-13,115.8499984741211,116.73300170898438,114.56900024414062,115.4229965209961,40144000,NFLX
2025-11-14,114.27300262451172,114.27300262451172,110.72100067138672,111.21700286865234,47607000,NFLX
2025-11-17,110.75,111.8499984741211,109.55000305175781,110.29000091552734,26082700,NFLX
2025-11-18,110.29000091552734,115.25,109.19999694824219,114.08999633789062,43440600,NFLX
2025-11-19,113.0,113.33999633789062,108.61000061035156,110.0,31868100,NFLX
2025-11-20,111.0,111.0999984741211,105.38999938964844,105.66999816894531,36918500,NFLX
2025-11-21,105.12999725341797,106.52999877929688,103.80999755859375,104.30999755859375,41232700,NFLX
2025-11-24,104.25,108.04000091552734,103.31999969482422,106.97000122070312,62918300,NFLX
2025-11-25,106.12000274658203,106.30000305175781,103.81999969482422,104.4000015258789,35122600,NFLX
2025-11-26,105.73999786376953,106.94999694824219,105.22000122070312,106.13999938964844,27951000,NFLX
2025-11-28,106.44000244140625,107.94000244140625,106.23999786376953,107.58000183105469,15021600,NFLX
2025-12-01,106.51000213623047,109.33999633789062,106.30999755859375,109.12999725341797,24873400,NFLX
2025-12-02,109.20999908447266,109.7300033569336,107.5199966430664,109.3499984741211,25763000,NFLX
2025-12-03,106.58999633789062,106.87000274658203,102.02999877929688,103.95999908447266,53593400,NFLX
2025-12-04,103.56999969482422,103.80000305175781,101.7699966430664,103.22000122070312,51779100,NFLX
2025-12-05,98.77999877929688,104.79000091552734,97.73999786376953,100.23999786376953,133363600,NFLX
2025-12-08,99.87000274658203,99.88999938964844,95.30000305175781,96.79000091552734,100906300,NFLX
2025-12-09,97.02999877929688,97.23999786376953,95.44999694824219,96.70999908447266,51745600,NFLX
2025-12-10,96.73999786376953,96.97000122070312,92.3499984741211,92.70999908447266,74129300,NFLX
2025-12-11,93.9000015258789,94.81999969482422,92.76000213623047,94.08999633789062,43949000,NFLX
2025-12-12,95.5,96.91999816894531,94.6500015258789,95.19000244140625,49323100,NFLX
2025-12-15,96.0199966430664,96.37000274658203,93.52999877929688,93.7699966430664,40016500,NFLX
2025-12-16,93.87999725341797,94.93000030517578,93.31999969482422,94.56999969482422,34265000,NFLX
2025-12-17,95.9800033569336,97.33000183105469,94.45999908447266,94.79000091552734,50472800,NFLX
2025-12-18,95.0199966430664,95.80999755859375,93.58999633789062,94.0,37244700,NFLX
2025-12-19,93.56999969482422,95.54000091552734,93.44999694824219,94.38999938964844,78990200,NFLX
2025-12-22,94.70999908447266,94.70999908447266,92.91000366210938,93.2300033569336,39484800,NFLX
2025-12-23,93.4000015258789,93.80999755859375,91.33000183105469,93.5,25896200,NFLX
2025-12-24,93.11000061035156,93.68000030517578,92.66999816894531,93.63999938964844,12427900,NFLX
2025-12-26,93.4800033569336,94.69000244140625,93.2699966430664,94.47000122070312,22068300,NFLX
2025-12-29,93.98999786376953,94.97000122070312,93.62999725341797,94.1500015258789,24493700,NFLX
2025-12-30,93.5199966430664,93.98999786376953,93.33999633789062,93.77999877929688,23422000,NFLX
2025-12-31,93.5999984741211,94.30999755859375,93.19999694824219,93.76000213623047,23495200,NFLX
2026-01-02,94.12999725341797,94.12999725341797,90.80999755859375,90.98999786376953,41155400,NFLX
2026-01-05,90.91999816894531,92.62999725341797,90.83999633789062,91.45999908447266,39183300,NFLX
2026-01-06,91.54000091552734,91.63999938964844,89.73999786376953,90.6500015258789,43331000,NFLX
2026-01-07,91.55999755859375,92.41999816894531,90.05999755859375,90.7300033569336,36525700,NFLX
2026-01-08,90.44999694824219,91.25,89.58000183105469,90.52999877929688,40068700,NFLX
2026-01-09,90.02999877929688,90.05000305175781,88.31999969482422,89.45999908447266,55579500,NFLX
2026-01-12,89.69000244140625,90.33999633789062,89.33000183105469,89.41000366210938,36290600,NFLX
2026-01-13,89.44000244140625,91.1500015258789,89.06999969482422,90.31999969482422,45221100,NFLX
2026-01-14,91.23999786376953,91.58000183105469,87.94999694824219,88.55000305175781,49737700,NFLX
2026-01-15,89.0199966430664,89.88999938964844,87.81999969482422,88.05000305175781,36945100,NFLX
2026-01-16,88.33999633789062,88.51000213623047,87.77999877929688,88.0,48130500,NFLX
2026-01-20,88.97000122070312,89.9000015258789,87.0199966430664,87.26000213623047,109729700,NFLX
2026-01-21,82.5199966430664,86.0,81.93000030517578,85.36000061035156,127940700,NFLX
2026-01-22,85.0199966430664,85.0999984741211,82.9800033569336,83.54000091552734,69113300,NFLX
2026-01-23,83.43000030517578,86.30000305175781,83.27999877929688,86.12000274658203,64520400,NFLX
2026-01-26,86.91999816894531,86.94000244140625,85.3499984741211,85.69999694824219,40941900,NFLX
2026-01-27,85.27999877929688,85.5999984741211,83.87999725341797,85.58000183105469,37790800,NFLX
2026-01-28,85.62999725341797,86.47000122070312,84.30000305175781,84.63999938964844,37762600,NFLX
2026-01-29,84.30999755859375,84.37999725341797,82.3499984741211,83.16000366210938,42278100,NFLX
2026-01-30,83.0999984741211,84.05999755859375,82.77999877929688,83.48999786376953,45755000,NFLX
2026-02-02,83.52999877929688,85.2699966430664,82.72000122070312,82.76000213623047,41445300,NFLX
2026-02-03,82.2300033569336,82.44999694824219,79.62000274658203,79.94000244140625,49789000,NFLX
2026-02-04,79.98999786376953,81.44000244140625,79.2300033569336,80.16000366210938,48963200,NFLX
2026-02-05,81.48999786376953,83.30000305175781,80.54000091552734,80.87000274658203,54805700,NFLX
2026-02-06,81.0199966430664,82.48999786376953,80.6500015258789,82.19999694824219,46154100,NFLX
2026-02-09,82.18000030517578,82.20999908447266,79.87000274658203,81.47000122070312,42200200,NFLX
2026-02-10,82.72000122070312,84.66000366210938,82.08999633789062,82.20999908447266,43595800,NFLX
2026-02-11,81.95999908447266,82.4800033569336,79.44999694824219,79.62000274658203,40840300,NFLX
2026-02-12,79.11000061035156,79.1500015258789,75.2300033569336,75.86000061035156,73516100,NFLX
2026-02-13,76.13999938964844,77.18000030517578,75.52999877929688,76.87000274658203,42292100,NFLX
2026-02-17,76.91999816894531,77.87000274658203,75.30000305175781,77.0,35961500,NFLX
2026-02-18,77.31999969482422,78.31999969482422,76.27999877929688,77.98999786376953,29883100,NFLX
2026-02-19,77.75,78.69999694824219,76.58999633789062,77.0,30139200,NFLX
2026-02-20,76.61000061035156,78.8499984741211,76.4000015258789,78.66999816894531,32411300,NFLX
2026-02-23,77.79000091552734,77.83000183105469,75.01000213623047,76.0199966430664,38363000,NFLX
2026-02-24,75.7300033569336,78.12000274658203,75.20999908447266,78.04000091552734,33079100,NFLX
2026-02-25,79.43000030517578,83.12000274658203,79.25,82.69999694824219,69319300,NFLX
2026-02-26,83.19999694824219,86.5,82.80000305175781,84.58999633789062,85642500,NFLX
2026-02-27,94.30000305175781,96.75,90.58000183105469,96.23999786376953,200767000,NFLX
2026-03-02,95.26000213623047,98.06999969482422,95.19999694824219,97.08999633789062,79915400,NFLX
2026-03-03,96.01000213623047,98.45999908447266,95.33000183105469,97.69999694824219,59149000,NFLX
2026-03-04,97.11000061035156,99.75,96.98999786376953,98.66000366210938,52604300,NFLX
2026-03-05,98.5,100.19000244140625,98.0999984741211,99.16999816894531,53403000,NFLX
2026-03-06,99.33000183105469,99.87999725341797,97.4000015258789,99.0199966430664,41196300,NFLX
2026-03-09,97.69999694824219,98.94000244140625,96.58000183105469,98.31999969482422,48589000,NFLX
2026-03-10,97.80999755859375,98.48999786376953,96.29000091552734,96.94000244140625,41027200,NFLX
2026-03-11,97.41000366210938,98.0,94.69000244140625,94.88999938964844,33962900,NFLX
2026-03-12,94.86000061035156,95.4000015258789,93.87000274658203,94.30999755859375,34206900,NFLX
2026-03-13,94.63999938964844,95.68000030517578,94.23999786376953,95.30999755859375,29876700,NFLX
2026-03-16,95.58000183105469,96.0999984741211,94.36000061035156,95.19999694824219,34931800,NFLX
2026-03-17,95.30000305175781,96.33999633789062,94.01000213623047,94.36000061035156,26434500,NFLX
2026-03-18,94.44999694824219,95.33999633789062,93.61000061035156,94.69999694824219,27878300,NFLX
2026-03-19,94.30999755859375,95.75,90.77999877929688,91.73999786376953,40169300,NFLX
2026-03-20,91.30999755859375,91.87999725341797,90.69000244140625,91.81999969482422,61678000,NFLX
2026-03-23,92.04000091552734,93.9800033569336,91.86000061035156,93.37999725341797,34315900,NFLX
2026-03-24,92.79000091552734,93.73999786376953,90.81999969482422,90.91999816894531,28938000,NFLX
2026-03-25,91.70999908447266,92.5199966430664,91.23999786376953,92.27999877929688,29545600,NFLX
2026-03-26,91.5199966430664,95.86000061035156,91.01000213623047,93.31999969482422,59522000,NFLX
2026-03-27,94.56999969482422,95.58000183105469,92.73999786376953,93.43000030517578,44590700,NFLX
2026-03-30,92.75,94.48999786376953,92.22000122070312,92.97000122070312,32375100,NFLX
2026-03-31,93.02999877929688,96.26000213623047,93.02999877929688,96.1500015258789,54270000,NFLX
2026-04-01,96.47000122070312,97.19999694824219,94.26000213623047,95.55000305175781,30439300,NFLX
2026-04-02,95.2699966430664,98.70999908447266,95.16999816894531,98.66000366210938,37068000,NFLX
2026-04-06,100.95999908447266,102.69000244140625,97.97000122070312,98.93000030517578,37029300,NFLX
2026-04-07,98.55000305175781,99.87999725341797,98.25,98.81999969482422,25016700,NFLX
2026-04-08,100.31999969482422,100.4000015258789,97.44000244140625,99.38999938964844,30957600,NFLX
2026-04-09,99.62999725341797,102.33999633789062,99.08000183105469,102.05000305175781,35087800,NFLX
2026-04-10,102.47000122070312,103.08000183105469,101.45999908447266,103.01000213623047,25769900,NFLX
2026-04-13,103.02999877929688,103.66999816894531,102.05999755859375,103.16000366210938,26042800,NFLX
2026-04-14,103.12000274658203,106.56999969482422,103.04000091552734,106.27999877929688,40534900,NFLX
2026-04-15,105.9800033569336,107.8499984741211,105.04000091552734,107.70999908447266,38023700,NFLX
2026-04-16,107.47000122070312,108.94999694824219,106.62000274658203,107.79000091552734,64928300,NFLX
2026-04-17,96.37000274658203,98.73999786376953,95.0999984741211,97.30999755859375,125958700,NFLX
2026-04-20,97.13999938964844,97.5999984741211,93.54000091552734,94.83000183105469,63298300,NFLX
2026-04-21,94.0,94.6500015258789,92.37000274658203,92.58000183105469,61962300,NFLX
2026-04-22,93.05999755859375,93.8499984741211,92.7699966430664,93.23999786376953,33694300,NFLX
2026-04-23,94.05999755859375,94.63999938964844,92.06999969482422,92.81999969482422,36851700,NFLX
2026-04-24,92.56999969482422,93.27999877929688,91.80000305175781,92.44000244140625,32553200,NFLX
2026-04-27,92.05000305175781,92.83999633789062,91.30000305175781,91.37000274658203,29707400,NFLX
2026-04-28,91.5,92.33999633789062,90.0199966430664,92.2699966430664,33418100,NFLX
2026-04-29,91.2300033569336,92.86000061035156,90.86000061035156,92.12000274658203,26122100,NFLX
2026-04-30,91.3499984741211,94.22000122070312,90.7699966430664,93.61000061035156,40923000,NFLX
2026-05-01,94.41999816894531,94.69999694824219,91.9000015258789,92.05999755859375,30406900,NFLX
2026-05-04,92.0999984741211,92.33000183105469,90.88999938964844,91.0199966430664,25928800,NFLX
2026-05-05,91.18000030517578,91.27999877929688,87.56999969482422,87.88999938964844,51961300,NFLX
2026-05-06,87.1500015258789,88.55000305175781,86.72000122070312,88.2699966430664,41932400,NFLX
2026-05-07,88.19999694824219,89.4000015258789,88.12999725341797,88.25,30627600,NFLX
2026-05-08,87.70999908447266,88.04000091552734,87.20999908447266,87.48999786376953,36215100,NFLX
2026-05-11,86.52999877929688,87.33999633789062,85.0999984741211,85.44999694824219,40556500,NFLX
2026-05-12,85.91000366210938,89.16999816894531,85.80999755859375,87.66000366210938,43556600,NFLX
2026-05-13,86.56999969482422,88.62000274658203,86.27999877929688,87.55999755859375,30823500,NFLX
2026-05-14,87.62000274658203,88.5,86.6500015258789,86.94000244140625,29408300,NFLX
2026-05-15,87.69000244140625,89.48999786376953,86.69000244140625,87.0199966430664,32335700,NFLX
2026-05-18,86.5,89.81999969482422,86.33000183105469,89.6500015258789,35800500,NFLX
2026-05-19,90.13999938964844,91.4800033569336,88.69000244140625,89.33000183105469,34545700,NFLX
2026-05-20,88.5199966430664,88.55000305175781,87.5,88.08999633789062,23463400,NFLX
2026-05-21,88.02999877929688,90.37000274658203,87.5199966430664,89.30000305175781,28613900,NFLX
2026-05-22,89.0999984741211,89.97000122070312,88.16999816894531,88.5999984741211,23847200,NFLX
2026-05-26,88.4000015258789,88.7300033569336,87.25,87.68000030517578,24014500,NFLX
2026-05-27,87.05000305175781,88.5,86.81999969482422,87.3499984741211,22569500,NFLX
2026-05-28,86.9000015258789,87.04000091552734,85.58999633789062,86.36000061035156,38803800,NFLX
2026-05-29,86.19999694824219,86.66999816894531,85.66000366210938,86.0199966430664,39793600,NFLX
2026-06-01,85.7300033569336,87.2300033569336,85.31999969482422,85.8499984741211,32747200,NFLX
2026-06-02,85.61000061035156,85.9800033569336,83.29000091552734,83.33000183105469,42947200,NFLX
2026-06-03,82.91000366210938,83.30999755859375,81.0999984741211,81.5199966430664,36714700,NFLX
2026-06-04,83.19000244140625,83.69999694824219,81.37000274658203,81.55999755859375,39338800,NFLX
2026-06-05,82.33000183105469,82.75,81.0,82.18000030517578,43474100,NFLX
2026-06-08,81.66000366210938,83.08000183105469,81.33999633789062,82.63999938964844,33056700,NFLX
2026-06-09,82.12999725341797,82.33999633789062,81.33999633789062,81.41000366210938,34787200,NFLX
2026-06-10,81.70999908447266,82.75,80.9800033569336,82.0,36304600,NFLX
2026-06-11,81.87000274658203,82.0999984741211,80.08999633789062,81.2699966430664,33417600,NFLX
2026-06-12,81.58000183105469,82.0,79.27999877929688,80.33999633789062,35309700,NFLX
2026-06-15,80.62000274658203,81.70999908447266,80.45999908447266,81.66999816894531,36430800,NFLX
2026-06-16,81.9000015258789,81.93000030517578,77.70999908447266,78.72000122070312,65054000,NFLX
2026-06-17,78.0999984741211,78.44999694824219,76.76000213623047,76.95999908447266,50338800,NFLX
2026-06-18,76.93000030517578,78.23999786376953,76.12000274658203,77.37999725341797,91920400,NFLX
2026-06-22,76.13999938964844,77.08999633789062,71.80999755859375,72.87999725341797,82203300,NFLX
2026-06-23,73.26000213623047,73.95999908447266,72.62999725341797,72.81999969482422,50806800,NFLX
2026-06-24,72.69000244140625,73.44999694824219,71.62999725341797,71.83999633789062,48001500,NFLX
2026-06-25,71.33000183105469,72.94000244140625,70.86000061035156,70.9000015258789,44446900,NFLX
2026-06-26,71.69000244140625,75.19999694824219,71.52999877929688,73.80999755859375,74990300,NFLX
2026-06-29,74.62000274658203,76.06999969482422,73.7300033569336,73.77999877929688,42429600,NFLX
2026-06-30,73.58999633789062,73.75,71.0,71.4000015258789,49240900,NFLX
2026-07-01,72.58999633789062,74.36000061035156,72.33000183105469,74.19000244140625,43841800,NFLX
2026-07-02,75.08999633789062,78.44000244140625,74.91000366210938,77.6500015258789,55456500,NFLX
2026-07-06,77.08000183105469,77.83999633789062,75.70999908447266,76.0199966430664,45056600,NFLX
2026-07-07,77.87999725341797,78.19000244140625,76.0999984741211,76.18000030517578,33257300,NFLX
2026-07-08,76.2699966430664,76.63999938964844,74.88999938964844,75.58999633789062,34373500,NFLX
2026-07-09,74.30000305175781,75.55000305175781,74.0199966430664,75.47000122070312,36305700,NFLX
2026-07-10,75.44000244140625,75.69999694824219,72.51000213623047,73.37000274658203,46713900,NFLX
2026-07-13,73.9000015258789,75.44999694824219,73.70999908447266,73.83000183105469,35101800,NFLX
2026-07-14,72.63999938964844,74.01000213623047,72.27999877929688,73.52999877929688,33312100,NFLX
2026-07-15,73.79000091552734,75.05999755859375,73.12999725341797,73.68000030517578,32854300,NFLX
2026-07-16,73.94999694824219,74.68000030517578,72.94000244140625,74.3499984741211,77505200,NFLX
2026-07-17,65.4800033569336,69.48999786376953,65.08000183105469,68.94999694824219,142029200,NFLX
2026-07-20,68.31999969482422,68.37999725341797,66.69000244140625,67.5999984741211,60669100,NFLX
2026-07-21,67.41999816894531,68.75,66.7300033569336,68.66999816894531,56565800,NFLX
2026-07-22,69.37000274658203,70.56999969482422,68.3499984741211,68.52999877929688,44947300,NFLX
2026-07-23,68.56999969482422,69.36000061035156,67.66999816894531,68.88999938964844,45029100,NFLX
2026-07-24,69.29000091552734,70.68000030517578,67.97000122070312,70.08999633789062,37593500,NFLX
2026-07-27,70.58999633789062,71.6500015258789,69.86000061035156,70.4000015258789,39090800,NFLX
2026-07-28,72.06999969482422,73.76000213623047,71.2300033569336,72.38999938964844,47160200,NFLX
2026-07-29,72.19000244140625,73.73999786376953,71.75,73.62999725341797,43737600,NFLX
2026-07-30,71.4800033569336,73.31999969482422,70.55000305175781,73.16999816894531,54261000,NFLX
2026-07-31,71.97000122070312,72.75,71.11000061035156,71.70999908447266,35847500,NFLX
2026-08-03,72.7699966430664,73.94999694824219,72.18000030517578,73.33000183105469,33922300,NFLX
2026-08-04,72.51000213623047,73.75,72.30000305175781,73.56999969482422,42877900,NFLX
2026-08-05,75.11000061035156,75.30000305175781,73.16000366210938,74.19999694824219,28969400,NFLX
2026-08-06,75.13999938964844,75.20999908447266,73.0999984741211,73.69000244140625,28892700,NFLX
2026-08-07,73.12000274658203,74.5,73.08000183105469,74.13999938964844,24819000,NFLX
2026-08-10,73.80000305175781,76.31999969482422,73.56999969482422,76.29000091552734,26959900,NFLX
2026-08-11,76.19999694824219,76.9000015258789,74.4800033569336,74.79000091552734,27840500,NFLX
2026-08-12,74.3499984741211,74.66999816894531,73.56999969482422,74.20999908447266,20773100,NFLX
2026-08-13,76.01000213623047,78.4000015258789,75.44000244140625,78.23999786376953,41452900,NFLX
2026-08-14,78.4800033569336,78.7300033569336,77.76000213623047,78.16000366210938,26751000,NFLX
2026-08-17,77.80000305175781,78.52999877929688,75.47000122070312,76.0199966430664,30753000,NFLX
2026-08-18,77.43000030517578,79.0999984741211,76.33999633789062,77.7699966430664,36151300,NFLX
2026-08-19,78.25,81.16000366210938,78.0999984741211,80.22000122070312,31461800,NFLX
2026-08-20,80.13999938964844,81.08000183105469,79.58999633789062,80.13999938964844,27118400,NFLX
2026-08-21,80.29000091552734,80.48999786376953,79.16999816894531,79.58999633789062,23773800,NFLX
2026-08-24,79.94000244140625,80.62000274658203,79.0199966430664,80.01000213623047,21085300,NFLX
2026-08-25,79.6500015258789,82.45999908447266,79.4000015258789,82.2300033569336,29462000,NFLX
2026-08-26,82.05000305175781,82.41999816894531,81.30000305175781,81.45999908447266,22874900,NFLX
2026-08-27,81.06999969482422,81.1500015258789,79.27999877929688,79.83999633789062,27174400,NFLX
2026-08-28,80.36000061035156,82.3499984741211,79.94999694824219,81.72000122070312,29092700,NFLX
2026-08-31,81.0,81.7300033569336,80.6500015258789,81.05000305175781,30740800,NFLX
2026-09-01,80.16999816894531,82.12999725341797,79.5999984741211,80.80999755859375,21164900,NFLX
2026-09-02,80.55000305175781,83.12000274658203,80.30000305175781,82.7300033569336,22077800,NFLX
2026-09-03,83.18000030517578,83.5999984741211,81.62999725341797,82.66999816894531,24006400,NFLX
2026-09-04,82.16999816894531,82.69000244140625,78.2300033569336,78.25,40190000,NFLX
2026-09-08,77.55000305175781,77.7300033569336,75.91999816894531,76.7699966430664,33865500,NFLX
2026-09-09,76.33999633789062,76.72000122070312,75.87000274658203,76.02999877929688,22779600,NFLX
2026-09-10,75.33000183105469,76.30000305175781,75.02999877929688,76.01000213623047,20049000,NFLX
2026-09-11,76.63999938964844,77.56999969482422,76.1500015258789,77.4000015258789,22237800,NFLX
2026-09-14,78.97000122070312,81.0199966430664,78.48999786376953,80.31999969482422,30945100,NFLX
2026-09-15,79.37999725341797,79.4800033569336,77.45999908447266,77.9000015258789,28027400,NFLX
2026-09-16,77.7300033569336,77.80000305175781,76.30999755859375,76.41000366210938,25376300,NFLX
2026-09-17,76.91000366210938,76.95999908447266,75.30000305175781,75.30999755859375,28167600,NFLX
2026-09-18,71.2699966430664,72.37999725341797,70.11000061035156,71.79000091552734,114413500,NFLX
2026-09-21,71.81999969482422,73.87000274658203,71.79000091552734,73.36000061035156,36948000,NFLX
2026-09-22,73.69000244140625,73.76000213623047,71.58000183105469,72.16000366210938,34372500,NFLX
2026-09-23,72.08000183105469,72.37000274658203,71.06999969482422,71.36000061035156,32807500,NFLX
2026-09-24,71.62000274658203,72.04000091552734,71.20999908447266,71.72000122070312,28223900,NFLX
2026-09-25,71.62999725341797,71.83999633789062,70.9800033569336,71.1500015258789,23203100,NFLX
2026-09-28,71.55000305175781,71.6500015258789,68.87999725341797,69.2300033569336,43366300,NFLX
2026-09-29,70.33000183105469,71.36000061035156,70.1500015258789,70.30000305175781,34550800,NFLX
2026-09-30,70.19999694824219,70.30000305175781,69.51000213623047,69.58000183105469,36416600,NFLX
2026-10-01,69.41000366210938,69.66000366210938,67.79000091552734,67.8499984741211,41584700,NFLX
2026-10-02,67.5999984741211,67.87000274658203,66.75,67.05999755859375,38596400,NFLX
