time,open,high,low,close,volume,symbol
2010-01-04,112.37000274658203,113.38999938964844,111.51000213623047,113.33000183105469,118944600,SPY
2010-01-05,113.26000213623047,113.68000030517578,112.8499984741211,113.62999725341797,111579900,SPY
2010-01-06,113.5199966430664,113.98999786376953,113.43000030517578,113.70999908447266,116074400,SPY
2010-01-07,113.5,114.33000183105469,113.18000030517578,114.19000244140625,131091100,SPY
2010-01-08,113.88999938964844,114.62000274658203,113.66000366210938,114.56999969482422,126402800,SPY
2010-01-11,115.08000183105469,115.12999725341797,114.23999786376953,114.7300033569336,106375700,SPY
2010-01-12,113.97000122070312,114.20999908447266,113.22000122070312,113.66000366210938,163333500,SPY
2010-01-13,113.94999694824219,114.94000244140625,113.37000274658203,114.62000274658203,161822000,SPY
2010-01-14,114.48999786376953,115.13999938964844,114.41999816894531,114.93000030517578,115718800,SPY
2010-01-15,114.7300033569336,114.83999633789062,113.19999694824219,113.63999938964844,212283100,SPY
2010-01-19,113.62000274658203,115.12999725341797,113.58999633789062,115.05999755859375,139172700,SPY
2010-01-20,114.27999877929688,114.44999694824219,112.9800033569336,113.88999938964844,216490200,SPY
2010-01-21,113.91999816894531,114.2699966430664,111.55999755859375,111.69999694824219,344859600,SPY
2010-01-22,111.19999694824219,111.73999786376953,109.08999633789062,109.20999908447266,345942400,SPY
2010-01-25,110.20999908447266,110.41000366210938,109.41000366210938,109.7699966430664,186937500,SPY
2010-01-26,109.33999633789062,110.47000122070312,109.04000091552734,109.30999755859375,211168800,SPY
2010-01-27,109.16999816894531,110.08000183105469,108.33000183105469,109.83000183105469,271863600,SPY
2010-01-28,110.19000244140625,110.25,107.91000366210938,108.56999969482422,316104000,SPY
2010-01-29,109.04000091552734,109.80000305175781,107.22000122070312,107.38999938964844,310677600,SPY
2010-02-01,108.1500015258789,109.06999969482422,107.5,109.05999755859375,187865000,SPY
2010-02-02,109.26000213623047,110.58999633789062,108.87999725341797,110.37999725341797,216327900,SPY
2010-02-03,109.87999725341797,110.4800033569336,109.51000213623047,109.83000183105469,172730700,SPY
2010-02-04,108.9800033569336,109.02999877929688,106.41999816894531,106.44000244140625,356715700,SPY
2010-02-05,106.55999755859375,106.87999725341797,104.58000183105469,106.66000366210938,493585800,SPY
2010-02-08,106.73999786376953,107.33000183105469,105.80999755859375,105.88999938964844,224166900,SPY
2010-02-09,107.12999725341797,108.1500015258789,106.2699966430664,107.22000122070312,337820500,SPY
2010-02-10,107.05000305175781,107.5999984741211,106.11000061035156,107.01000213623047,240511500,SPY
2010-02-11,106.87000274658203,108.25,106.25,108.12999725341797,223591600,SPY
2010-02-12,106.98999786376953,108.0999984741211,106.51000213623047,108.04000091552734,304622100,SPY
2010-02-16,108.86000061035156,109.8499984741211,107.81999969482422,109.73999786376953,159317500,SPY
2010-02-17,110.2699966430664,110.41000366210938,109.73999786376953,110.26000213623047,168845100,SPY
2010-02-18,110.08000183105469,111.13999938964844,110.04000091552734,110.91000366210938,193708600,SPY
2010-02-19,110.62000274658203,111.56999969482422,110.36000061035156,111.13999938964844,222684900,SPY
2010-02-22,111.55000305175781,111.58000183105469,110.83000183105469,111.16000366210938,132346900,SPY
2010-02-23,110.86000061035156,111.19999694824219,109.5199966430664,109.80999755859375,207497000,SPY
2010-02-24,110.13999938964844,111.0,109.86000061035156,110.81999969482422,176350700,SPY
2010-02-25,109.23999786376953,110.75,108.94000244140625,110.66999816894531,259634700,SPY
2010-02-26,110.7699966430664,111.12000274658203,110.11000061035156,110.73999786376953,173589300,SPY
2010-03-01,111.19999694824219,112.0,111.16999816894531,111.88999938964844,147709700,SPY
2010-03-02,112.37000274658203,112.73999786376953,112.0,112.19999694824219,160992400,SPY
2010-03-03,112.48999786376953,112.97000122070312,112.0199966430664,112.30000305175781,150785000,SPY
2010-03-04,112.44999694824219,112.80000305175781,112.02999877929688,112.63999938964844,135770400,SPY
2010-03-05,113.37000274658203,114.33999633789062,113.0999984741211,114.25,176118800,SPY
2010-03-08,114.26000213623047,114.5199966430664,114.06999969482422,114.2699966430664,114631200,SPY
2010-03-09,113.93000030517578,114.98999786376953,113.87000274658203,114.45999908447266,154556700,SPY
2010-03-10,114.51000213623047,115.27999877929688,114.41000366210938,114.97000122070312,186088800,SPY
2010-03-11,114.69999694824219,115.4800033569336,114.3499984741211,115.44999694824219,160791100,SPY
2010-03-12,115.94999694824219,115.97000122070312,115.13999938964844,115.45999908447266,162074800,SPY
2010-03-15,115.26000213623047,115.56999969482422,114.5999984741211,115.48999786376953,146816800,SPY
2010-03-16,115.80999755859375,116.5199966430664,115.48999786376953,116.41000366210938,168673000,SPY
2010-03-17,116.76000213623047,117.4800033569336,116.41999816894531,117.0999984741211,177468100,SPY
2010-03-18,117.11000061035156,117.2699966430664,116.56999969482422,117.04000091552734,196509100,SPY
2010-03-19,115.97000122070312,117.29000091552734,115.5199966430664,115.97000122070312,226641100,SPY
2010-03-22,115.30999755859375,116.80000305175781,115.23999786376953,116.58999633789062,184477800,SPY
2010-03-23,116.76000213623047,117.51000213623047,116.37999725341797,117.41000366210938,182941600,SPY
2010-03-24,116.97000122070312,117.43000030517578,115.58000183105469,116.83999633789062,196072600,SPY
2010-03-25,117.62999725341797,118.16999816894531,116.51000213623047,116.6500015258789,223396300,SPY
2010-03-26,116.87000274658203,117.41999816894531,116.12000274658203,116.58000183105469,205808500,SPY
2010-03-29,117.16999816894531,117.52999877929688,116.69000244140625,117.31999969482422,134513500,SPY
2010-03-30,117.45999908447266,117.83000183105469,116.91000366210938,117.4000015258789,145772500,SPY
2010-03-31,116.94999694824219,117.5199966430664,116.61000061035156,117.0,161078700,SPY
2010-04-01,117.80000305175781,118.25,117.0999984741211,117.80000305175781,161215200,SPY
2010-04-05,118.25,118.83999633789062,117.91999816894531,118.76000213623047,105847600,SPY
2010-04-06,118.41999816894531,119.25,118.29000091552734,119.04000091552734,110384200,SPY
2010-04-07,118.80000305175781,119.36000061035156,117.80999755859375,118.36000061035156,184576300,SPY
2010-04-08,117.94999694824219,118.97000122070312,117.5999984741211,118.7699966430664,158704000,SPY
2010-04-09,119.0199966430664,119.5999984741211,118.80000305175781,119.55000305175781,133006500,SPY
2010-04-12,119.69999694824219,120.05000305175781,119.55999755859375,119.73999786376953,110279000,SPY
2010-04-13,119.62000274658203,120.04000091552734,119.0,119.83000183105469,125043600,SPY
2010-04-14,120.2699966430664,121.19000244140625,120.08000183105469,121.19000244140625,161609000,SPY
2010-04-15,120.98999786376953,121.56999969482422,120.94999694824219,121.29000091552734,144615300,SPY
2010-04-16,120.86000061035156,121.29000091552734,118.75,119.36000061035156,366786700,SPY
2010-04-19,119.01000213623047,119.93000030517578,118.47000122070312,119.80999755859375,217947800,SPY
2010-04-20,120.55999755859375,120.9800033569336,119.87000274658203,120.87999725341797,157708000,SPY
2010-04-21,120.94999694824219,121.2300033569336,119.98999786376953,120.66000366210938,192910100,SPY
2010-04-22,119.80999755859375,121.16999816894531,119.12000274658203,121.0199966430664,115360300,SPY
2010-04-23,120.94000244140625,121.86000061035156,120.62999725341797,121.80999755859375,177335500,SPY
2010-04-26,121.8499984741211,122.12000274658203,121.2300033569336,121.3499984741211,143457300,SPY
2010-04-27,120.6500015258789,121.33999633789062,118.25,118.4800033569336,355853300,SPY
2010-04-28,119.05000305175781,119.68000030517578,118.2699966430664,119.37999725341797,300674100,SPY
2010-04-29,120.0999984741211,121.11000061035156,120.06999969482422,120.86000061035156,193775000,SPY
2010-04-30,120.87999725341797,121.01000213623047,118.77999877929688,118.80999755859375,270000900,SPY
2010-05-03,119.37999725341797,120.68000030517578,119.19999694824219,120.3499984741211,182747900,SPY
2010-05-04,119.01000213623047,119.02999877929688,116.91999816894531,117.5199966430664,360353400,SPY
2010-05-05,116.55999755859375,117.80000305175781,115.97000122070312,116.81999969482422,328973200,SPY
2010-05-06,116.26000213623047,117.0,105.0,112.94000244140625,647356600,SPY
2010-05-07,112.63999938964844,113.7699966430664,109.41000366210938,111.26000213623047,637558800,SPY
2010-05-10,115.80999755859375,116.6500015258789,114.91000366210938,116.16000366210938,396159600,SPY
2010-05-11,115.06999969482422,117.36000061035156,114.91000366210938,115.83000183105469,317849800,SPY
2010-05-12,116.29000091552734,117.62000274658203,116.08999633789062,117.44999694824219,235607100,SPY
2010-05-13,117.12999725341797,117.68000030517578,115.88999938964844,115.98999786376953,234452500,SPY
2010-05-14,115.12000274658203,115.33000183105469,112.87000274658203,113.88999938964844,345601400,SPY
2010-05-17,114.19999694824219,114.5199966430664,111.7699966430664,113.94999694824219,325739800,SPY
2010-05-18,114.87999725341797,115.22000122070312,112.02999877929688,112.4000015258789,360556800,SPY
2010-05-19,111.7699966430664,112.7699966430664,110.36000061035156,111.76000213623047,394742700,SPY
2010-05-20,109.37999725341797,109.88999938964844,107.47000122070312,107.54000091552734,530418300,SPY
2010-05-21,105.91000366210938,109.37999725341797,105.36000061035156,109.11000061035156,500909400,SPY
2010-05-24,108.5199966430664,109.38999938964844,107.61000061035156,107.70999908447266,269823000,SPY
2010-05-25,105.11000061035156,107.87000274658203,104.37999725341797,107.81999969482422,396505200,SPY
2010-05-26,108.4800033569336,109.47000122070312,106.8499984741211,107.16999816894531,349719300,SPY
2010-05-27,109.19000244140625,110.80000305175781,108.77999877929688,110.76000213623047,300870500,SPY
2010-05-28,110.63999938964844,110.72000122070312,108.8499984741211,109.37000274658203,297933500,SPY
2010-06-01,108.3499984741211,109.94999694824219,107.37000274658203,107.52999877929688,277909400,SPY
2010-06-02,108.08000183105469,110.33999633789062,107.51000213623047,110.33000183105469,240243700,SPY
2010-06-03,110.6500015258789,111.05999755859375,109.58000183105469,110.70999908447266,226618300,SPY
2010-06-04,108.61000061035156,109.33000183105469,106.45999908447266,106.81999969482422,398475600,SPY
2010-06-07,107.19999694824219,107.61000061035156,105.41000366210938,105.48999786376953,264609100,SPY
2010-06-08,105.56999969482422,106.83000183105469,104.6500015258789,106.62000274658203,357774300,SPY
2010-06-09,107.23999786376953,108.27999877929688,105.5999984741211,106.05000305175781,268023300,SPY
2010-06-10,107.86000061035156,109.27999877929688,106.04000091552734,109.1500015258789,317890600,SPY
2010-06-11,108.19000244140625,109.75,108.12000274658203,109.68000030517578,214128200,SPY
2010-06-14,110.5199966430664,111.12000274658203,109.4000015258789,109.51000213623047,207196100,SPY
2010-06-15,110.27999877929688,112.0999984741211,110.08999633789062,112.0,238268700,SPY
2010-06-16,111.41999816894531,112.41999816894531,111.19999694824219,111.95999908447266,216374000,SPY
2010-06-17,112.27999877929688,112.33000183105469,111.05000305175781,112.13999938964844,263185800,SPY
2010-06-18,111.83000183105469,112.12999725341797,111.37000274658203,111.7300033569336,174006600,SPY
2010-06-21,113.12000274658203,113.19999694824219,110.79000091552734,111.41000366210938,213140700,SPY
2010-06-22,111.41000366210938,111.9000015258789,109.41000366210938,109.56999969482422,239355400,SPY
2010-06-23,109.63999938964844,110.02999877929688,108.4800033569336,109.2300033569336,254639900,SPY
2010-06-24,108.69000244140625,108.83000183105469,107.13999938964844,107.41999816894531,268523600,SPY
2010-06-25,107.73999786376953,108.41999816894531,106.7699966430664,107.87000274658203,238726500,SPY
2010-06-28,108.02999877929688,108.31999969482422,107.13999938964844,107.52999877929688,169218600,SPY
2010-06-29,106.0199966430664,107.51000213623047,103.55000305175781,104.20999908447266,373649500,SPY
2010-06-30,103.91999816894531,104.87999725341797,102.87999725341797,103.22000122070312,284101700,SPY
2010-07-01,103.1500015258789,103.48999786376953,101.12999725341797,102.76000213623047,382924800,SPY
2010-07-02,103.11000061035156,103.41999816894531,101.62000274658203,102.19999694824219,233385200,SPY
2010-07-06,103.63999938964844,104.37000274658203,101.87999725341797,102.87000274658203,256935300,SPY
2010-07-07,103.12999725341797,106.23999786376953,103.0199966430664,106.11000061035156,253769400,SPY
2010-07-08,107.0,107.27999877929688,105.91000366210938,107.16000366210938,210842100,SPY
2010-07-09,107.12999725341797,107.97000122070312,106.93000030517578,107.95999908447266,144999900,SPY
2010-07-12,107.5999984741211,108.23999786376953,107.1500015258789,108.02999877929688,131283600,SPY
2010-07-13,109.1500015258789,110.08999633789062,108.93000030517578,109.66000366210938,213025900,SPY
2010-07-14,109.30999755859375,110.08000183105469,108.86000061035156,109.6500015258789,184426800,SPY
2010-07-15,109.61000061035156,110.05999755859375,108.16999816894531,109.68000030517578,232337900,SPY
2010-07-16,109.08999633789062,109.20999908447266,106.44999694824219,106.66000366210938,282693400,SPY
2010-07-19,107.05000305175781,107.62999725341797,106.22000122070312,107.29000091552734,186709000,SPY
2010-07-20,105.87000274658203,108.55999755859375,105.81999969482422,108.4800033569336,258162400,SPY
2010-07-21,109.04000091552734,109.06999969482422,106.62999725341797,107.06999969482422,264527000,SPY
2010-07-22,108.33999633789062,109.94000244140625,108.33000183105469,109.45999908447266,274781300,SPY
2010-07-23,109.23999786376953,110.56999969482422,108.93000030517578,110.41000366210938,222020800,SPY
2010-07-26,110.5999984741211,111.66999816894531,110.29000091552734,111.55999755859375,184445700,SPY
2010-07-27,112.16999816894531,112.29000091552734,111.11000061035156,111.55000305175781,204855600,SPY
2010-07-28,111.31999969482422,111.66000366210938,110.45999908447266,110.83000183105469,163056200,SPY
2010-07-29,111.5199966430664,111.81999969482422,109.41000366210938,110.29000091552734,220149100,SPY
2010-07-30,109.16999816894531,110.86000061035156,108.9800033569336,110.2699966430664,220070600,SPY
2010-08-02,111.98999786376953,112.94000244140625,111.54000091552734,112.76000213623047,188263200,SPY
2010-08-03,112.4800033569336,112.7699966430664,111.8499984741211,112.22000122070312,146657300,SPY
2010-08-04,112.52999877929688,113.11000061035156,112.16000366210938,112.97000122070312,158171700,SPY
2010-08-05,112.25,112.91000366210938,112.08000183105469,112.8499984741211,140473800,SPY
2010-08-06,111.73999786376953,112.56999969482422,110.91999816894531,112.38999938964844,239728300,SPY
2010-08-09,112.91999816894531,113.18000030517578,112.31999969482422,112.98999786376953,120800400,SPY
2010-08-10,112.02999877929688,112.9800033569336,111.37000274658203,112.37999725341797,242916300,SPY
2010-08-11,110.6500015258789,110.69000244140625,109.12000274658203,109.30000305175781,273406900,SPY
2010-08-12,107.6500015258789,109.0199966430664,107.5999984741211,108.62999725341797,239542600,SPY
2010-08-13,108.29000091552734,108.95999908447266,108.18000030517578,108.30999755859375,158698500,SPY
2010-08-16,107.56999969482422,108.61000061035156,107.18000030517578,108.26000213623047,147895300,SPY
2010-08-17,109.19000244140625,110.38999938964844,108.87999725341797,109.58999633789062,172270300,SPY
2010-08-18,109.54000091552734,110.37999725341797,108.91000366210938,109.79000091552734,182922100,SPY
2010-08-19,109.22000122070312,109.48999786376953,107.43000030517578,107.87999725341797,265847600,SPY
2010-08-20,107.55999755859375,107.94000244140625,106.75,107.52999877929688,209714200,SPY
2010-08-23,108.04000091552734,108.56999969482422,107.06999969482422,107.12000274658203,163490300,SPY
2010-08-24,105.94999694824219,106.38999938964844,104.97000122070312,105.52999877929688,280677800,SPY
2010-08-25,104.94999694824219,106.33999633789062,104.29000091552734,105.94000244140625,272234800,SPY
2010-08-26,106.44000244140625,106.58000183105469,104.87999725341797,105.2300033569336,224439500,SPY
2010-08-27,105.88999938964844,106.97000122070312,104.30999755859375,106.86000061035156,272649000,SPY
2010-08-30,106.58000183105469,106.91000366210938,105.30000305175781,105.30999755859375,167238600,SPY
2010-08-31,104.91999816894531,105.9800033569336,104.48999786376953,105.30999755859375,273933100,SPY
2010-09-01,106.7300033569336,108.61000061035156,106.66000366210938,108.45999908447266,256828100,SPY
2010-09-02,108.72000122070312,109.48999786376953,108.48999786376953,109.47000122070312,156112200,SPY
2010-09-03,110.54000091552734,110.98999786376953,109.94999694824219,110.88999938964844,212197300,SPY
2010-09-07,110.37000274658203,110.51000213623047,109.55000305175781,109.63999938964844,141973700,SPY
2010-09-08,109.86000061035156,110.8499984741211,109.80999755859375,110.41000366210938,149924400,SPY
2010-09-09,111.6500015258789,111.68000030517578,110.62000274658203,110.91999816894531,147017900,SPY
2010-09-10,111.12000274658203,111.61000061035156,110.87000274658203,111.4800033569336,127819000,SPY
2010-09-13,112.58000183105469,112.94999694824219,112.12999725341797,112.72000122070312,178503500,SPY
2010-09-14,112.5,113.29000091552734,112.08000183105469,112.6500015258789,209823600,SPY
2010-09-15,112.31999969482422,113.20999908447266,111.9800033569336,113.08000183105469,168608400,SPY
2010-09-16,112.7300033569336,113.12000274658203,112.3499984741211,113.05000305175781,199962900,SPY
2010-09-17,113.04000091552734,113.1500015258789,112.18000030517578,112.48999786376953,195836900,SPY
2010-09-20,112.87999725341797,114.45999908447266,112.5199966430664,114.20999908447266,214555200,SPY
2010-09-21,114.30000305175781,114.83999633789062,113.51000213623047,113.9800033569336,268389100,SPY
2010-09-22,113.80000305175781,114.44000244140625,113.0999984741211,113.41999816894531,191322400,SPY
2010-09-23,112.48999786376953,113.66999816894531,112.18000030517578,112.5,202354300,SPY
2010-09-24,113.75,114.9000015258789,113.6500015258789,114.81999969482422,209671800,SPY
2010-09-27,114.86000061035156,114.98999786376953,114.16000366210938,114.2699966430664,128761800,SPY
2010-09-28,114.41999816894531,115.04000091552734,113.18000030517578,114.66999816894531,209207500,SPY
2010-09-29,114.37999725341797,114.91000366210938,114.0199966430664,114.47000122070312,179665800,SPY
2010-09-30,115.05000305175781,115.79000091552734,113.58999633789062,114.12999725341797,287106700,SPY
2010-10-01,114.98999786376953,115.12000274658203,113.93000030517578,114.61000061035156,174638700,SPY
2010-10-04,114.37000274658203,114.8499984741211,113.18000030517578,113.75,166153200,SPY
2010-10-05,114.80000305175781,116.31999969482422,114.66999816894531,116.04000091552734,229634100,SPY
2010-10-06,116.0199966430664,116.33000183105469,115.55999755859375,116.02999877929688,148626600,SPY
2010-10-07,116.5,116.52999877929688,115.19000244140625,115.88999938964844,164860000,SPY
2010-10-08,116.05000305175781,116.86000061035156,115.61000061035156,116.54000091552734,177760100,SPY
2010-10-11,116.72000122070312,116.97000122070312,116.25,116.6500015258789,103098300,SPY
2010-10-12,116.2699966430664,117.3499984741211,115.6500015258789,117.01000213623047,182210000,SPY
2010-10-13,117.66000366210938,118.55000305175781,117.37999725341797,117.91999816894531,194347200,SPY
2010-10-14,117.80999755859375,118.01000213623047,116.72000122070312,117.45999908447266,217764300,SPY
2010-10-15,118.27999877929688,118.3499984741211,116.76000213623047,117.69999694824219,243705000,SPY
2010-10-18,117.73999786376953,118.66999816894531,117.30999755859375,118.27999877929688,141204800,SPY
2010-10-19,117.19000244140625,117.8499984741211,116.0199966430664,116.7300033569336,280604700,SPY
2010-10-20,116.94000244140625,118.44000244140625,116.87000274658203,117.87000274658203,200051800,SPY
2010-10-21,118.4000015258789,119.08999633789062,117.20999908447266,118.12999725341797,221585500,SPY
2010-10-22,118.30999755859375,118.52999877929688,118.0,118.3499984741211,108212400,SPY
2010-10-25,119.13999938964844,119.76000213623047,118.61000061035156,118.69999694824219,151145700,SPY
2010-10-26,118.0999984741211,118.83999633789062,117.87000274658203,118.72000122070312,158982900,SPY
2010-10-27,117.88999938964844,118.51000213623047,117.26000213623047,118.37999725341797,190024000,SPY
2010-10-28,119.05999755859375,119.11000061035156,117.83000183105469,118.4000015258789,168576000,SPY
2010-10-29,118.27999877929688,118.72000122070312,118.06999969482422,118.48999786376953,144305500,SPY
2010-11-01,119.06999969482422,119.75,117.8499984741211,118.52999877929688,174074800,SPY
2010-11-02,119.41999816894531,119.75,119.0999984741211,119.47000122070312,158345900,SPY
2010-11-03,119.68000030517578,120.0199966430664,118.44999694824219,119.94999694824219,226702800,SPY
2010-11-04,121.27999877929688,122.31999969482422,119.97000122070312,122.26000213623047,215039400,SPY
2010-11-05,122.33999633789062,122.91999816894531,122.18000030517578,122.72000122070312,180654100,SPY
2010-11-08,122.33999633789062,122.69000244140625,121.94000244140625,122.48999786376953,156107100,SPY
2010-11-09,122.81999969482422,122.94999694824219,121.12000274658203,121.61000061035156,186621600,SPY
2010-11-10,121.58000183105469,122.16000366210938,120.66000366210938,122.0999984741211,221387400,SPY
2010-11-11,121.05000305175781,121.81999969482422,120.68000030517578,121.63999938964844,158017600,SPY
2010-11-12,120.81999969482422,121.3499984741211,119.6500015258789,120.19999694824219,239068800,SPY
2010-11-15,120.58000183105469,121.05000305175781,119.9800033569336,120.02999877929688,163940800,SPY
2010-11-16,119.29000091552734,119.48999786376953,117.58999633789062,118.16000366210938,299566200,SPY
2010-11-17,118.20999908447266,118.70999908447266,117.86000061035156,118.22000122070312,172308900,SPY
2010-11-18,119.36000061035156,120.38999938964844,119.3499984741211,119.95999908447266,197723700,SPY
2010-11-19,119.9000015258789,120.33999633789062,119.25,120.29000091552734,156852900,SPY
2010-11-22,119.69000244140625,120.23999786376953,118.7699966430664,120.19000244140625,181361000,SPY
2010-11-23,118.7699966430664,119.0199966430664,117.98999786376953,118.44999694824219,222309000,SPY
2010-11-24,119.19999694824219,120.2300033569336,119.18000030517578,120.19999694824219,140046100,SPY
2010-11-26,119.16000366210938,119.80999755859375,118.80000305175781,118.80000305175781,76007800,SPY
2010-11-29,118.5,119.4800033569336,117.73999786376953,119.16000366210938,223642300,SPY
2010-11-30,117.9800033569336,119.16999816894531,117.80999755859375,118.48999786376953,233930700,SPY
2010-12-01,120.19999694824219,121.23999786376953,120.19000244140625,121.01000213623047,221037200,SPY
2010-12-02,121.19999694824219,122.6500015258789,121.12999725341797,122.55999755859375,191213600,SPY
2010-12-03,122.13999938964844,123.02999877929688,122.11000061035156,122.88999938964844,151288900,SPY
2010-12-06,122.62999725341797,123.04000091552734,122.5,122.76000213623047,103050500,SPY
2010-12-07,123.94000244140625,124.01000213623047,122.76000213623047,122.83000183105469,206581000,SPY
2010-12-08,122.9800033569336,123.37999725341797,122.41000366210938,123.27999877929688,138019200,SPY
2010-12-09,123.97000122070312,124.0199966430664,123.1500015258789,123.76000213623047,123705100,SPY
2010-12-10,124.13999938964844,124.5999984741211,123.7300033569336,124.4800033569336,117571700,SPY
2010-12-13,125.05000305175781,125.19999694824219,124.5199966430664,124.55999755859375,133812700,SPY
2010-12-14,124.75,125.2300033569336,124.29000091552734,124.66999816894531,147249600,SPY
2010-12-15,124.44000244140625,124.93000030517578,123.88999938964844,124.0999984741211,160823100,SPY
2010-12-16,124.18000030517578,124.91000366210938,123.75,124.81999969482422,185035200,SPY
2010-12-17,124.08000183105469,124.45999908447266,123.81999969482422,124.30000305175781,141075300,SPY
2010-12-20,124.63999938964844,124.9000015258789,123.9800033569336,124.5999984741211,119085500,SPY
2010-12-21,124.98999786376953,125.47000122070312,124.87000274658203,125.38999938964844,94965500,SPY
2010-12-22,125.4800033569336,125.81999969482422,125.41000366210938,125.77999877929688,78878100,SPY
2010-12-23,125.63999938964844,125.77999877929688,125.29000091552734,125.5999984741211,70053700,SPY
2010-12-27,125.12999725341797,125.7699966430664,125.04000091552734,125.6500015258789,58126000,SPY
2010-12-28,125.9000015258789,125.94999694824219,125.5,125.83000183105469,55309100,SPY
2010-12-29,125.9800033569336,126.19999694824219,125.9000015258789,125.91999816894531,58033100,SPY
2010-12-30,125.80000305175781,126.12999725341797,125.52999877929688,125.72000122070312,76616900,SPY
2010-12-31,125.52999877929688,125.87000274658203,125.33000183105469,125.75,91218900,SPY
2011-01-03,126.70999908447266,127.5999984741211,125.69999694824219,127.05000305175781,138725200,SPY
2011-01-04,127.33000183105469,127.37000274658203,126.19000244140625,126.9800033569336,137409700,SPY
2011-01-05,126.58000183105469,127.72000122070312,126.45999908447266,127.63999938964844,133975300,SPY
2011-01-06,127.69000244140625,127.83000183105469,127.01000213623047,127.38999938964844,122519000,SPY
2011-01-07,127.55999755859375,127.7699966430664,126.1500015258789,127.13999938964844,156034600,SPY
2011-01-10,126.58000183105469,127.16000366210938,126.19999694824219,126.9800033569336,122401700,SPY
2011-01-11,127.44000244140625,127.73999786376953,126.94999694824219,127.43000030517578,110287000,SPY
2011-01-12,128.2100067138672,128.72000122070312,127.45999908447266,128.5800018310547,107929200,SPY
2011-01-13,128.6300048828125,128.69000244140625,128.0500030517578,128.3699951171875,129048400,SPY
2011-01-14,128.19000244140625,129.3300018310547,128.10000610351562,129.3000030517578,117677900,SPY
2011-01-18,129.17999267578125,129.63999938964844,129.02999877929688,129.52000427246094,114401300,SPY
2011-01-19,129.41000366210938,129.5399932861328,127.91000366210938,128.25,151958400,SPY
2011-01-20,127.95999908447266,128.39999389648438,127.12999725341797,128.0800018310547,175745700,SPY
2011-01-21,128.8800048828125,129.1699981689453,128.22999572753906,128.3699951171875,151462900,SPY
2011-01-24,128.2899932861328,129.25,128.25999450683594,129.10000610351562,113715500,SPY
2011-01-25,128.75999450683594,129.27999877929688,128.11000061035156,129.1699981689453,167552200,SPY
2011-01-26,129.49000549316406,130.0500030517578,129.22999572753906,129.6699981689453,141281500,SPY
2011-01-27,129.6999969482422,130.2100067138672,129.47000122070312,129.99000549316406,123302700,SPY
2011-01-28,130.13999938964844,130.35000610351562,127.51000213623047,127.72000122070312,295637300,SPY
2011-01-31,128.07000732421875,128.77999877929688,127.75,128.67999267578125,149249200,SPY
2011-02-01,129.4600067138672,130.97000122070312,129.3800048828125,130.74000549316406,167194300,SPY
2011-02-02,130.39999389648438,130.83999633789062,130.3300018310547,130.49000549316406,118323600,SPY
2011-02-03,130.25999450683594,130.97999572753906,129.57000732421875,130.77999877929688,145886700,SPY
2011-02-04,130.8300018310547,131.1999969482422,130.22999572753906,131.14999389648438,134634800,SPY
2011-02-07,131.44000244140625,132.39999389648438,131.42999267578125,131.97000122070312,112439100,SPY
2011-02-08,132.08999633789062,132.63999938964844,131.72999572753906,132.57000732421875,99072800,SPY
2011-02-09,132.2100067138672,132.6300048828125,131.61000061035156,132.27000427246094,146436700,SPY
2011-02-10,131.60000610351562,132.47000122070312,131.3000030517578,132.32000732421875,162708500,SPY
2011-02-11,131.8000030517578,133.27999877929688,131.77000427246094,133.11000061035156,137710300,SPY
2011-02-14,133.02999877929688,133.5399932861328,132.8800048828125,133.42999267578125,101690700,SPY
2011-02-15,133.02000427246094,133.22000122070312,132.32000732421875,133.00999450683594,119575400,SPY
2011-02-16,133.4600067138672,134.00999450683594,133.19000244140625,133.85000610351562,130183500,SPY
2011-02-17,133.4600067138672,134.42999267578125,133.33999633789062,134.25,109810500,SPY
2011-02-18,134.3699951171875,134.69000244140625,134.05999755859375,134.52999877929688,130002400,SPY
2011-02-22,133.1199951171875,134.55999755859375,131.47000122070312,131.8300018310547,233116400,SPY
2011-02-23,131.75,132.07000732421875,130.2100067138672,131.02000427246094,227584000,SPY
2011-02-24,130.8800048828125,131.44000244140625,129.6999969482422,130.92999267578125,260431400,SPY
2011-02-25,131.47999572753906,132.41000366210938,131.39999389648438,132.3300018310547,141686900,SPY
2011-02-28,132.82000732421875,133.32000732421875,132.3800048828125,133.14999389648438,141585500,SPY
2011-03-01,133.57000732421875,133.69000244140625,130.88999938964844,130.92999267578125,258565500,SPY
2011-03-02,130.75,131.82000732421875,130.35000610351562,131.2100067138672,200277400,SPY
2011-03-03,132.39999389648438,133.6199951171875,132.38999938964844,133.47000122070312,176480100,SPY
2011-03-04,133.3699951171875,133.6300048828125,131.60000610351562,132.47000122070312,277202300,SPY
2011-03-07,132.86000061035156,133.16000366210938,130.74000549316406,131.42999267578125,216790400,SPY
2011-03-08,131.63999938964844,133.0,131.07000732421875,132.5800018310547,174615000,SPY
2011-03-09,132.32000732421875,132.8000030517578,131.60000610351562,132.38999938964844,153806000,SPY
2011-03-10,131.0,131.17999267578125,129.80999755859375,129.94000244140625,301291800,SPY
2011-03-11,129.52000427246094,131.30999755859375,129.49000549316406,130.83999633789062,225621800,SPY
2011-03-14,129.99000549316406,130.47999572753906,129.05999755859375,130.0500030517578,234974100,SPY
2011-03-15,126.58999633789062,129.3300018310547,126.5,128.55999755859375,359585400,SPY
2011-03-16,128.14999389648438,128.57000732421875,125.27999877929688,126.18000030517578,468670300,SPY
2011-03-17,128.0,128.38999938964844,127.0999984741211,127.8499984741211,254303700,SPY
2011-03-18,128.83999633789062,128.8800048828125,127.51000213623047,127.76000213623047,230435400,SPY
2011-03-21,129.35000610351562,130.00999450683594,129.1999969482422,129.74000549316406,153992600,SPY
2011-03-22,129.72000122070312,129.88999938964844,129.1699981689453,129.2899932861328,129538600,SPY
2011-03-23,128.92999267578125,130.0,128.32000732421875,129.66000366210938,148603100,SPY
2011-03-24,130.39999389648438,131.08999633789062,129.6699981689453,130.89999389648438,159129800,SPY
2011-03-25,131.24000549316406,131.8699951171875,130.88999938964844,131.3000030517578,155642800,SPY
2011-03-28,131.5800018310547,131.9199981689453,130.94000244140625,130.97999572753906,109762400,SPY
2011-03-29,130.8699951171875,131.89999389648438,130.44000244140625,131.86000061035156,129798800,SPY
2011-03-30,132.5500030517578,133.16000366210938,132.36000061035156,132.77000427246094,135835000,SPY
2011-03-31,132.60000610351562,132.9600067138672,132.4499969482422,132.58999633789062,132537100,SPY
2011-04-01,133.41000366210938,133.77000427246094,132.8300018310547,133.14999389648438,153850100,SPY
2011-04-04,133.42999267578125,133.6699981689453,132.8800048828125,133.25999450683594,100768900,SPY
2011-04-05,133.0,133.8300018310547,132.94000244140625,133.24000549316406,120791500,SPY
2011-04-06,133.8800048828125,134.0,133.1199951171875,133.66000366210938,120411600,SPY
2011-04-07,133.4199981689453,133.97999572753906,132.66000366210938,133.32000732421875,170731500,SPY
2011-04-08,133.91000366210938,133.99000549316406,132.30999755859375,132.86000061035156,147945400,SPY
2011-04-11,133.0,133.4499969482422,132.13999938964844,132.4600067138672,121385400,SPY
2011-04-12,131.72000122070312,131.97999572753906,130.99000549316406,131.47000122070312,161187400,SPY
2011-04-13,132.0800018310547,132.17999267578125,130.9600067138672,131.4600067138672,162059000,SPY
2011-04-14,130.6999969482422,131.75999450683594,130.27000427246094,131.55999755859375,161220400,SPY
2011-04-15,131.8000030517578,132.3699951171875,131.41000366210938,132.0399932861328,170006700,SPY
2011-04-18,130.58999633789062,132.02999877929688,129.50999450683594,130.55999755859375,210759300,SPY
2011-04-19,130.75999450683594,131.35000610351562,130.44000244140625,131.30999755859375,124258800,SPY
2011-04-20,132.8800048828125,133.38999938964844,132.7899932861328,133.10000610351562,156133800,SPY
2011-04-21,133.7899932861328,133.83999633789062,133.10000610351562,133.77999877929688,135935400,SPY
2011-04-25,133.67999267578125,133.86000061035156,133.1999969482422,133.63999938964844,65757100,SPY
2011-04-26,134.0500030517578,135.05999755859375,133.91000366210938,134.7899932861328,146600000,SPY
2011-04-27,135.0500030517578,135.8699951171875,134.5,135.6699981689453,143031000,SPY
2011-04-28,135.42999267578125,136.2899932861328,135.41000366210938,136.11000061035156,124791100,SPY
2011-04-29,136.16000366210938,136.57000732421875,135.97999572753906,136.42999267578125,115094100,SPY
2011-05-02,137.07000732421875,137.17999267578125,135.9499969482422,136.22000122070312,126278700,SPY
2011-05-03,135.9600067138672,136.19000244140625,135.0399932861328,135.72999572753906,138375000,SPY
2011-05-04,135.6699981689453,135.72999572753906,134.22999572753906,134.8300018310547,182678500,SPY
2011-05-05,134.0800018310547,134.9499969482422,133.02000427246094,133.61000061035156,226900000,SPY
2011-05-06,134.94000244140625,135.6300048828125,133.67999267578125,134.1999969482422,222787200,SPY
2011-05-09,134.19000244140625,135.11000061035156,133.97999572753906,134.72000122070312,114104500,SPY
2011-05-10,135.1699981689453,136.11000061035156,135.0,135.8699951171875,114806900,SPY
2011-05-11,135.6699981689453,135.69000244140625,133.82000732421875,134.44000244140625,193564200,SPY
2011-05-12,134.0800018310547,135.36000061035156,133.38999938964844,135.0800018310547,171550700,SPY
2011-05-13,135.14999389648438,135.33999633789062,133.55999755859375,134.0399932861328,157444900,SPY
2011-05-16,133.55999755859375,134.61000061035156,132.97000122070312,133.19000244140625,141675400,SPY
2011-05-17,132.69000244140625,133.35000610351562,132.1199951171875,133.1699981689453,192686200,SPY
2011-05-18,133.24000549316406,134.5,132.9499969482422,134.36000061035156,135217900,SPY
2011-05-19,134.8000030517578,135.02999877929688,133.94000244140625,134.67999267578125,119489500,SPY
2011-05-20,134.3300018310547,134.67999267578125,133.36000061035156,133.61000061035156,182594900,SPY
2011-05-23,131.97999572753906,132.72000122070312,131.58999633789062,132.05999755859375,168700000,SPY
2011-05-24,132.44000244140625,132.72999572753906,131.6999969482422,131.9499969482422,147199600,SPY
2011-05-25,131.4199981689453,132.94000244140625,131.3800048828125,132.38999938964844,151050100,SPY
2011-05-26,132.02999877929688,133.24000549316406,131.77999877929688,133.0,164850000,SPY
2011-05-27,133.3699951171875,133.8699951171875,132.9600067138672,133.50999450683594,120921900,SPY
2011-05-31,134.77000427246094,134.9199981689453,133.83999633789062,134.89999389648438,164731200,SPY
2011-06-01,134.50999450683594,134.9199981689453,131.75999450683594,131.8699951171875,233094300,SPY
2011-06-02,131.9600067138672,132.24000549316406,130.9600067138672,131.72999572753906,200466800,SPY
2011-06-03,130.14999389648438,131.4199981689453,130.0800018310547,130.4199981689453,234690200,SPY
2011-06-06,130.08999633789062,130.36000061035156,128.8699951171875,129.0399932861328,179951200,SPY
2011-06-07,129.6999969482422,130.07000732421875,128.85000610351562,128.9600067138672,161660500,SPY
2011-06-08,128.75999450683594,129.19000244140625,128.17999267578125,128.4199981689453,198696400,SPY
2011-06-09,128.77000427246094,129.92999267578125,128.4600067138672,129.39999389648438,160964400,SPY
2011-06-10,128.85000610351562,128.92999267578125,127.26000213623047,127.5999984741211,238629400,SPY
2011-06-13,127.88999938964844,128.24000549316406,127.05000305175781,127.69999694824219,207599800,SPY
2011-06-14,128.8699951171875,129.77000427246094,128.82000732421875,129.32000732421875,160570400,SPY
2011-06-15,128.24000549316406,129.3000030517578,126.68000030517578,127.0199966430664,300958000,SPY
2011-06-16,127.05999755859375,127.97000122070312,126.31999969482422,127.30000305175781,308032800,SPY
2011-06-17,127.93000030517578,127.94000244140625,126.62000274658203,127.05000305175781,233284900,SPY
2011-06-20,126.62000274658203,127.97000122070312,126.58000183105469,127.69999694824219,159479000,SPY
2011-06-21,128.36000061035156,129.6999969482422,127.75,129.4499969482422,193157300,SPY
2011-06-22,129.0500030517578,129.80999755859375,128.58999633789062,128.6699981689453,176703000,SPY
2011-06-23,127.16000366210938,128.63999938964844,126.19000244140625,128.3000030517578,334286500,SPY
2011-06-24,128.27000427246094,128.3699951171875,126.62000274658203,126.80999755859375,226129300,SPY
2011-06-27,126.88999938964844,128.42999267578125,126.63999938964844,127.94000244140625,168904700,SPY
2011-06-28,128.4499969482422,129.6300048828125,128.27000427246094,129.61000061035156,165556300,SPY
2011-06-29,130.1999969482422,130.92999267578125,129.6300048828125,130.72000122070312,244295500,SPY
2011-06-30,131.13999938964844,132.17999267578125,130.7100067138672,131.97000122070312,223322700,SPY
2011-07-01,132.08999633789062,134.10000610351562,131.77999877929688,133.9199981689453,202385700,SPY
2011-07-05,133.77999877929688,134.0800018310547,133.38999938964844,133.80999755859375,165936000,SPY
2011-07-06,133.49000549316406,134.13999938964844,133.11000061035156,133.97000122070312,143331600,SPY
2011-07-07,135.16000366210938,135.6999969482422,134.8800048828125,135.36000061035156,170464200,SPY
2011-07-08,133.8300018310547,135.36000061035156,133.38999938964844,134.39999389648438,194100500,SPY
2011-07-11,132.75,133.17999267578125,131.66000366210938,131.97000122070312,195918600,SPY
2011-07-12,131.69000244140625,132.77999877929688,131.36000061035156,131.39999389648438,214675700,SPY
2011-07-13,132.08999633789062,133.22000122070312,131.52000427246094,131.83999633789062,204062600,SPY
2011-07-14,132.1699981689453,132.77999877929688,130.67999267578125,130.92999267578125,226111800,SPY
2011-07-15,131.66000366210938,131.8699951171875,130.77000427246094,131.69000244140625,220012800,SPY
2011-07-18,131.0800018310547,131.27999877929688,129.6300048828125,130.61000061035156,196872100,SPY
2011-07-19,131.33999633789062,132.88999938964844,131.30999755859375,132.72999572753906,166554900,SPY
2011-07-20,133.07000732421875,133.14999389648438,132.4199981689453,132.64999389648438,137145400,SPY
2011-07-21,133.39999389648438,134.82000732421875,132.6699981689453,134.49000549316406,245246300,SPY
2011-07-22,134.52000427246094,134.72000122070312,133.75999450683594,134.5800018310547,126019400,SPY
2011-07-25,133.3000030517578,134.49000549316406,133.16000366210938,133.8300018310547,136653800,SPY
2011-07-26,133.74000549316406,133.9600067138672,133.02999877929688,133.3300018310547,131278200,SPY
2011-07-27,132.58999633789062,132.6300048828125,130.42999267578125,130.60000610351562,249020100,SPY
2011-07-28,130.60000610351562,131.77000427246094,130.00999450683594,130.22000122070312,207939900,SPY
2011-07-29,128.91000366210938,130.5500030517578,127.97000122070312,129.3300018310547,307038400,SPY
2011-08-01,130.83999633789062,130.9600067138672,127.52999877929688,128.77999877929688,325790900,SPY
2011-08-02,127.80999755859375,128.5,125.48999786376953,125.48999786376953,346653800,SPY
2011-08-03,125.66000366210938,126.30999755859375,123.52999877929688,126.16999816894531,370830800,SPY
2011-08-04,124.41999816894531,124.62000274658203,120.05999755859375,120.26000213623047,520721800,SPY
2011-08-05,121.76000213623047,122.06999969482422,116.86000061035156,120.08000183105469,655619200,SPY
2011-08-08,116.91000366210938,120.12000274658203,112.0199966430664,112.26000213623047,702263900,SPY
2011-08-09,114.06999969482422,117.63999938964844,110.2699966430664,117.4800033569336,717828700,SPY
2011-08-10,115.26000213623047,116.27999877929688,111.94999694824219,112.29000091552734,662607400,SPY
2011-08-11,113.26000213623047,118.91999816894531,112.31999969482422,117.33000183105469,487979700,SPY
2011-08-12,118.4000015258789,119.20999908447266,117.27999877929688,118.12000274658203,313731600,SPY
2011-08-15,119.19000244140625,120.73999786376953,119.0,120.62000274658203,258810600,SPY
2011-08-16,119.47000122070312,120.69000244140625,118.30999755859375,119.58999633789062,294095200,SPY
2011-08-17,120.25,121.19999694824219,118.72000122070312,119.66999816894531,238201100,SPY
2011-08-18,116.5,119.70999908447266,113.38999938964844,114.51000213623047,512956300,SPY
2011-08-19,112.95999908447266,115.87999725341797,112.5,112.63999938964844,428281300,SPY
2011-08-22,115.16999816894531,115.2300033569336,112.41000366210938,112.7300033569336,275090600,SPY
2011-08-23,113.1500015258789,116.56999969482422,112.58000183105469,116.44000244140625,331136600,SPY
2011-08-24,116.19000244140625,118.23999786376953,115.91999816894531,118.08000183105469,246869700,SPY
2011-08-25,118.7300033569336,119.4000015258789,115.87000274658203,116.27999877929688,312365400,SPY
2011-08-26,115.69000244140625,118.51000213623047,113.8499984741211,117.97000122070312,314495900,SPY
2011-08-29,119.55999755859375,121.43000030517578,118.05999755859375,121.36000061035156,190977200,SPY
2011-08-30,120.83000183105469,122.43000030517578,119.26000213623047,121.68000030517578,241315700,SPY
2011-08-31,122.45999908447266,123.51000213623047,121.30000305175781,122.22000122070312,301828400,SPY
2011-09-01,122.29000091552734,123.4000015258789,120.77999877929688,120.94000244140625,254585900,SPY
2011-09-02,118.41999816894531,120.87000274658203,117.43000030517578,117.8499984741211,255517200,SPY
2011-09-06,114.38999938964844,117.16000366210938,114.37999725341797,116.98999786376953,285130500,SPY
2011-09-07,118.76000213623047,120.33999633789062,118.36000061035156,120.29000091552734,209803200,SPY
2011-09-08,119.56999969482422,120.94000244140625,118.7699966430664,119.04000091552734,250568200,SPY
2011-09-09,117.68000030517578,119.05999755859375,115.27999877929688,115.91999816894531,380195100,SPY
2011-09-12,114.47000122070312,116.76000213623047,114.05000305175781,116.66999816894531,305793500,SPY
2011-09-13,117.05000305175781,118.18000030517578,116.22000122070312,117.73999786376953,272514700,SPY
2011-09-14,118.33999633789062,120.80000305175781,116.72000122070312,119.37000274658203,319389500,SPY
2011-09-15,120.6500015258789,121.47000122070312,119.4000015258789,121.43000030517578,326777200,SPY
2011-09-16,121.29000091552734,121.97000122070312,120.31999969482422,121.5199966430664,284528300,SPY
2011-09-19,119.52999877929688,120.93000030517578,118.72000122070312,120.30999755859375,241517000,SPY
2011-09-20,120.81999969482422,121.98999786376953,120.01000213623047,120.16999816894531,218932200,SPY
2011-09-21,120.2300033569336,120.5999984741211,116.44000244140625,116.62999725341797,316251300,SPY
2011-09-22,113.25,114.20999908447266,111.30000305175781,112.86000061035156,513911300,SPY
2011-09-23,112.11000061035156,114.16000366210938,112.0199966430664,113.54000091552734,307242500,SPY
2011-09-26,114.61000061035156,116.4000015258789,112.9800033569336,116.23999786376953,260673700,SPY
2011-09-27,118.52999877929688,119.55999755859375,116.83999633789062,117.54000091552734,311753900,SPY
2011-09-28,117.77999877929688,118.48999786376953,114.97000122070312,115.13999938964844,286696800,SPY
2011-09-29,117.05000305175781,117.62999725341797,113.93000030517578,116.05000305175781,298108900,SPY
2011-09-30,114.44999694824219,115.44999694824219,113.06999969482422,113.1500015258789,288392300,SPY
2011-10-03,112.48999786376953,113.94999694824219,109.80999755859375,109.93000030517578,365136800,SPY
2011-10-04,108.3499984741211,112.58000183105469,107.43000030517578,112.33999633789062,459177500,SPY
2011-10-05,112.62000274658203,114.72000122070312,111.58000183105469,114.41999816894531,284108000,SPY
2011-10-06,114.36000061035156,116.66000366210938,113.51000213623047,116.48999786376953,257800800,SPY
2011-10-07,117.16999816894531,117.25,115.05999755859375,115.70999908447266,312657900,SPY
2011-10-10,117.68000030517578,119.62999725341797,117.66999816894531,119.58000183105469,230666300,SPY
2011-10-11,118.87000274658203,120.04000091552734,118.75,119.69999694824219,209088000,SPY
2011-10-12,120.5999984741211,122.13999938964844,120.33000183105469,120.75,281544900,SPY
2011-10-13,120.04000091552734,120.87000274658203,119.12000274658203,120.51000213623047,212538800,SPY
2011-10-14,121.91000366210938,122.5999984741211,121.2300033569336,122.56999969482422,211397600,SPY
2011-10-17,121.98999786376953,122.55000305175781,119.93000030517578,120.2300033569336,202311600,SPY
2011-10-18,120.13999938964844,123.5,119.19999694824219,122.58000183105469,318857900,SPY
2011-10-19,122.37999725341797,123.08000183105469,120.70999908447266,121.12999725341797,226601300,SPY
2011-10-20,121.43000030517578,122.0999984741211,119.81999969482422,121.66000366210938,262075600,SPY
2011-10-21,123.08999633789062,124.12000274658203,122.72000122070312,123.97000122070312,278999400,SPY
2011-10-24,124.16999816894531,125.80000305175781,124.05999755859375,125.48999786376953,203215600,SPY
2011-10-25,124.88999938964844,124.94999694824219,122.77999877929688,123.05000305175781,268596800,SPY
2011-10-26,124.3499984741211,124.7699966430664,122.20999908447266,124.30000305175781,289053800,SPY
2011-10-27,127.62999725341797,129.4199981689453,126.61000061035156,128.6300048828125,393220200,SPY
2011-10-28,128.0,128.85000610351562,127.80000305175781,128.60000610351562,225906500,SPY
2011-10-31,127.16000366210938,128.6199951171875,125.31999969482422,125.5,228146700,SPY
2011-11-01,122.02999877929688,123.51000213623047,121.5199966430664,122.0,416565800,SPY
2011-11-02,123.83000183105469,124.4000015258789,122.79000091552734,123.98999786376953,244717600,SPY
2011-11-03,125.2699966430664,126.5,123.5999984741211,126.25,291174800,SPY
2011-11-04,125.2300033569336,125.69999694824219,124.01000213623047,125.4800033569336,249401600,SPY
2011-11-07,125.38999938964844,126.38999938964844,124.19999694824219,126.26000213623047,196617200,SPY
2011-11-08,126.91999816894531,128.02000427246094,125.70999908447266,127.87999725341797,224426300,SPY
2011-11-09,124.88999938964844,125.80000305175781,122.86000061035156,123.16000366210938,337982000,SPY
2011-11-10,124.79000091552734,124.94000244140625,123.0199966430664,124.31999969482422,231866500,SPY
2011-11-11,125.83000183105469,126.98999786376953,125.79000091552734,126.66000366210938,189924400,SPY
2011-11-14,126.19000244140625,127.44999694824219,124.91999816894531,125.45999908447266,159258300,SPY
2011-11-15,125.16999816894531,126.75,124.72000122070312,126.08000183105469,184709400,SPY
2011-11-16,124.80999755859375,126.33999633789062,123.9000015258789,124.08000183105469,235782500,SPY
2011-11-17,123.8499984741211,124.16000366210938,121.2300033569336,122.11000061035156,331219600,SPY
2011-11-18,122.5,122.75,121.47000122070312,121.9800033569336,215580400,SPY
2011-11-21,120.19999694824219,120.3499984741211,118.6500015258789,119.66000366210938,229611600,SPY
2011-11-22,119.4000015258789,120.0999984741211,118.5199966430664,119.19000244140625,216494900,SPY
2011-11-23,118.06999969482422,119.19000244140625,116.55999755859375,116.55999755859375,224329100,SPY
2011-11-25,116.37999725341797,117.69999694824219,116.19999694824219,116.33999633789062,99557000,SPY
2011-11-28,119.54000091552734,120.18000030517578,118.81999969482422,119.70999908447266,210686000,SPY
2011-11-29,120.05000305175781,121.0,119.61000061035156,120.05000305175781,199241500,SPY
2011-11-30,123.48999786376953,125.22000122070312,120.0,124.98999786376953,324439500,SPY
2011-12-01,124.8499984741211,125.63999938964844,124.43000030517578,124.97000122070312,176954800,SPY
2011-12-02,126.12000274658203,126.5,124.77999877929688,124.86000061035156,221109700,SPY
2011-12-05,126.83999633789062,127.18000030517578,125.44000244140625,126.22000122070312,225263900,SPY
2011-12-06,126.20999908447266,127.11000061035156,125.76000213623047,126.26000213623047,178842100,SPY
2011-12-07,125.83999633789062,127.26000213623047,124.97000122070312,126.7300033569336,237802500,SPY
2011-12-08,125.9000015258789,126.18000030517578,123.6500015258789,123.94999694824219,240862800,SPY
2011-12-09,124.51000213623047,126.37000274658203,124.4000015258789,126.05000305175781,209111400,SPY
2011-12-12,124.94999694824219,124.97000122070312,123.16000366210938,124.20999908447266,215826100,SPY
2011-12-13,124.86000061035156,125.56999969482422,122.44999694824219,123.05000305175781,245159800,SPY
2011-12-14,122.55999755859375,123.02999877929688,121.47000122070312,121.73999786376953,238618800,SPY
2011-12-15,123.02999877929688,123.19999694824219,121.98999786376953,122.18000030517578,199109200,SPY
2011-12-16,122.2300033569336,122.94999694824219,121.30000305175781,121.58999633789062,220481400,SPY
2011-12-19,122.05999755859375,122.31999969482422,120.02999877929688,120.29000091552734,183903000,SPY
2011-12-20,122.18000030517578,124.13999938964844,120.37000274658203,123.93000030517578,225418100,SPY
2011-12-21,123.93000030517578,124.36000061035156,122.75,124.16999816894531,194230900,SPY
2011-12-22,124.62999725341797,125.4000015258789,124.2300033569336,125.2699966430664,119465400,SPY
2011-12-23,125.66999816894531,126.43000030517578,125.41000366210938,126.38999938964844,92187200,SPY
2011-12-27,126.16999816894531,126.81999969482422,126.05999755859375,126.48999786376953,86075700,SPY
2011-12-28,126.51000213623047,126.52999877929688,124.7300033569336,124.83000183105469,119107100,SPY
2011-12-29,125.23999786376953,126.25,124.86000061035156,126.12000274658203,123507200,SPY
2011-12-30,126.0199966430664,126.33000183105469,125.5,125.5,95599000,SPY
2012-01-03,127.76000213623047,128.3800048828125,127.43000030517578,127.5,193697900,SPY
2012-01-04,127.19999694824219,127.80999755859375,126.70999908447266,127.69999694824219,127186500,SPY
2012-01-05,127.01000213623047,128.22999572753906,126.43000030517578,128.0399932861328,173895000,SPY
2012-01-06,128.1999969482422,128.22000122070312,127.29000091552734,127.70999908447266,148050000,SPY
2012-01-09,128.0,128.17999267578125,127.41000366210938,128.02000427246094,99530200,SPY
2012-01-10,129.38999938964844,129.64999389648438,128.9499969482422,129.1300048828125,115282000,SPY
2012-01-11,128.72999572753906,129.3699951171875,128.52000427246094,129.1999969482422,111540700,SPY
2012-01-12,129.57000732421875,129.6999969482422,128.5399932861328,129.50999450683594,118983700,SPY
2012-01-13,128.63999938964844,129.0500030517578,127.72000122070312,128.83999633789062,179836200,SPY
2012-01-17,130.0800018310547,130.32000732421875,128.89999389648438,129.33999633789062,132209200,SPY
2012-01-18,129.30999755859375,130.83999633789062,129.0800018310547,130.77000427246094,163395200,SPY
2012-01-19,131.22000122070312,131.57000732421875,130.8000030517578,131.4600067138672,126328900,SPY
2012-01-20,131.24000549316406,131.9499969482422,130.9199981689453,131.9499969482422,138230200,SPY
2012-01-23,131.50999450683594,132.25,130.97999572753906,131.61000061035156,129295800,SPY
2012-01-24,130.8000030517578,131.5,130.60000610351562,131.4600067138672,103083300,SPY
2012-01-25,131.25999450683594,132.8699951171875,130.75,132.55999755859375,198613200,SPY
2012-01-26,133.14999389648438,133.39999389648438,131.36000061035156,131.8800048828125,184880500,SPY
2012-01-27,131.24000549316406,132.0500030517578,131.14999389648438,131.82000732421875,135259100,SPY
2012-01-30,130.50999450683594,131.44000244140625,130.05999755859375,131.3699951171875,147311800,SPY
2012-01-31,132.02000427246094,132.17999267578125,130.67999267578125,131.32000732421875,157212000,SPY
2012-02-01,132.2899932861328,133.13999938964844,132.1300048828125,132.47000122070312,166234500,SPY
2012-02-02,132.72999572753906,133.02000427246094,132.2100067138672,132.67999267578125,113090400,SPY
2012-02-03,134.0,134.6199951171875,133.77000427246094,134.5399932861328,160598500,SPY
2012-02-06,133.97999572753906,134.50999450683594,133.8300018310547,134.4499969482422,107694500,SPY
2012-02-07,134.1699981689453,135.02000427246094,133.63999938964844,134.7899932861328,135528100,SPY
2012-02-08,134.86000061035156,135.22000122070312,134.30999755859375,135.19000244140625,139361400,SPY
2012-02-09,135.41000366210938,135.58999633789062,134.55999755859375,135.36000061035156,148602900,SPY
2012-02-10,134.16000366210938,134.47000122070312,133.83999633789062,134.36000061035156,167907500,SPY
2012-02-13,135.32000732421875,135.52000427246094,134.74000549316406,135.36000061035156,115841900,SPY
2012-02-14,135.0,135.27000427246094,134.25,135.19000244140625,165329500,SPY
2012-02-15,135.6300048828125,135.8300018310547,134.2899932861328,134.55999755859375,195195100,SPY
2012-02-16,134.57000732421875,136.1699981689453,134.3300018310547,136.0500030517578,186567800,SPY
2012-02-17,136.52000427246094,136.6300048828125,135.9600067138672,136.41000366210938,129869400,SPY
2012-02-21,136.72999572753906,137.0500030517578,136.0500030517578,136.47000122070312,134042300,SPY
2012-02-22,136.25999450683594,136.5500030517578,135.7899932861328,136.02999877929688,124455300,SPY
2012-02-23,135.9600067138672,136.72999572753906,135.5,136.6300048828125,137704300,SPY
2012-02-24,136.92999267578125,137.1999969482422,136.6300048828125,136.92999267578125,105539100,SPY
2012-02-27,136.02000427246094,137.52999877929688,135.8000030517578,137.16000366210938,145728900,SPY
2012-02-28,137.1999969482422,137.72000122070312,136.92999267578125,137.55999755859375,129355900,SPY
2012-02-29,137.75999450683594,138.19000244140625,136.5399932861328,137.02000427246094,185934700,SPY
2012-03-01,137.30999755859375,137.99000549316406,136.92999267578125,137.72999572753906,145023500,SPY
2012-03-02,137.63999938964844,137.82000732421875,137.0,137.30999755859375,120638300,SPY
2012-03-05,137.10000610351562,137.1999969482422,136.27999877929688,136.75,140765000,SPY
2012-03-06,135.35000610351562,135.42999267578125,134.36000061035156,134.75,202129900,SPY
2012-03-07,135.05999755859375,135.91000366210938,134.92999267578125,135.69000244140625,143692200,SPY
2012-03-08,136.52000427246094,137.32000732421875,136.24000549316406,137.0399932861328,116968900,SPY
2012-03-09,137.3000030517578,137.92999267578125,137.1300048828125,137.57000732421875,122836800,SPY
2012-03-12,137.5500030517578,137.75999450683594,137.08999633789062,137.5800018310547,104003500,SPY
2012-03-13,138.32000732421875,140.1300048828125,138.08999633789062,140.05999755859375,184090500,SPY
2012-03-14,140.10000610351562,140.4499969482422,139.47999572753906,139.91000366210938,145163600,SPY
2012-03-15,140.1199951171875,140.77999877929688,139.75999450683594,140.72000122070312,165118500,SPY
2012-03-16,140.36000061035156,140.47999572753906,140.0,140.3000030517578,152893500,SPY
2012-03-19,140.2100067138672,141.27999877929688,140.11000061035156,140.85000610351562,125291100,SPY
2012-03-20,140.0500030517578,140.61000061035156,139.63999938964844,140.44000244140625,121729700,SPY
2012-03-21,140.52000427246094,140.64999389648438,139.9199981689453,140.2100067138672,122388400,SPY
2012-03-22,139.17999267578125,139.5500030517578,138.74000549316406,139.1999969482422,135216700,SPY
2012-03-23,139.32000732421875,139.80999755859375,138.5500030517578,139.64999389648438,120521000,SPY
2012-03-26,140.64999389648438,141.61000061035156,140.60000610351562,141.61000061035156,120164000,SPY
2012-03-27,141.74000549316406,141.8300018310547,141.0800018310547,141.1699981689453,119868500,SPY
2012-03-28,141.10000610351562,141.32000732421875,139.63999938964844,140.47000122070312,148562100,SPY
2012-03-29,139.63999938964844,140.49000549316406,139.08999633789062,140.22999572753906,164963700,SPY
2012-03-30,140.9199981689453,141.0500030517578,140.0500030517578,140.80999755859375,135486800,SPY
2012-04-02,140.63999938964844,142.2100067138672,140.36000061035156,141.83999633789062,151741100,SPY
2012-04-03,141.63999938964844,141.8800048828125,140.42999267578125,141.25999450683594,155806700,SPY
2012-04-04,140.22000122070312,140.33999633789062,139.33999633789062,139.86000061035156,146896000,SPY
2012-04-05,139.3800048828125,140.1999969482422,139.25999450683594,139.7899932861328,137439400,SPY
2012-04-09,138.02999877929688,139.83999633789062,137.83999633789062,138.22000122070312,127555900,SPY
2012-04-10,137.9499969482422,138.33999633789062,135.75999450683594,135.89999389648438,235360300,SPY
2012-04-11,137.2899932861328,137.5399932861328,136.75,137.0,154133000,SPY
2012-04-12,137.1300048828125,138.89999389648438,137.02999877929688,138.7899932861328,154321500,SPY
2012-04-13,138.47000122070312,138.82000732421875,137.00999450683594,137.13999938964844,169246700,SPY
2012-04-16,137.83999633789062,138.0399932861328,136.5800018310547,137.0500030517578,147825300,SPY
2012-04-17,137.83999633789062,139.36000061035156,137.6999969482422,139.0800018310547,147877600,SPY
2012-04-18,138.4600067138672,139.0800018310547,138.3800048828125,138.61000061035156,123884200,SPY
2012-04-19,138.6300048828125,139.14999389648438,137.07000732421875,137.72000122070312,198666700,SPY
2012-04-20,138.3300018310547,138.8300018310547,137.8699951171875,137.9499969482422,143199600,SPY
2012-04-23,136.5399932861328,136.91000366210938,135.94000244140625,136.7899932861328,171844900,SPY
2012-04-24,136.91000366210938,137.66000366210938,136.8000030517578,137.30999755859375,137484200,SPY
2012-04-25,138.64999389648438,139.25,138.52999877929688,139.19000244140625,150252200,SPY
2012-04-26,138.88999938964844,140.32000732421875,138.80999755859375,140.16000366210938,136291600,SPY
2012-04-27,140.5800018310547,140.7899932861328,139.8000030517578,140.38999938964844,130725000,SPY
2012-04-30,140.11000061035156,140.2100067138672,139.49000549316406,139.8699951171875,115092200,SPY
2012-05-01,139.7899932861328,141.66000366210938,139.6300048828125,140.74000549316406,138832200,SPY
2012-05-02,139.9199981689453,140.4600067138672,139.4600067138672,140.32000732421875,121081000,SPY
2012-05-03,140.33999633789062,140.4499969482422,138.99000549316406,139.25,143759700,SPY
2012-05-04,138.52000427246094,139.3000030517578,136.9199981689453,137.0,193927300,SPY
2012-05-07,136.50999450683594,137.55999755859375,136.4600067138672,137.10000610351562,127765900,SPY
2012-05-08,136.27999877929688,136.77000427246094,134.9199981689453,136.5500030517578,213377700,SPY
2012-05-09,135.10000610351562,136.61000061035156,134.49000549316406,135.74000549316406,220752500,SPY
2012-05-10,136.67999267578125,136.85000610351562,135.7100067138672,136.02000427246094,150600000,SPY
2012-05-11,135.1699981689453,136.8699951171875,135.11000061035156,135.61000061035156,153032400,SPY
2012-05-14,134.30999755859375,135.61000061035156,133.91000366210938,134.11000061035156,163910000,SPY
2012-05-15,134.02000427246094,134.80999755859375,133.1300048828125,133.33999633789062,207629300,SPY
2012-05-16,133.94000244140625,134.5500030517578,132.8000030517578,132.8300018310547,207265500,SPY
2012-05-17,132.86000061035156,133.02000427246094,130.7899932861328,130.86000061035156,247992900,SPY
2012-05-18,131.3699951171875,131.60000610351562,129.5500030517578,129.74000549316406,319615900,SPY
2012-05-21,130.16000366210938,132.02000427246094,129.9499969482422,131.97000122070312,177861100,SPY
2012-05-22,132.30999755859375,133.22999572753906,131.33999633789062,132.1999969482422,197531200,SPY
2012-05-23,131.25,132.4600067138672,129.99000549316406,132.27000427246094,204958400,SPY
2012-05-24,132.6300048828125,132.83999633789062,131.4199981689453,132.52999877929688,167357600,SPY
2012-05-25,132.47999572753906,132.85000610351562,131.77999877929688,132.10000610351562,135465600,SPY
2012-05-29,133.16000366210938,133.92999267578125,131.1699981689453,133.6999969482422,152883500,SPY
2012-05-30,132.55999755859375,133.69000244140625,131.49000549316406,131.75999450683594,162370400,SPY
2012-05-31,131.7100067138672,132.4499969482422,130.33999633789062,131.47000122070312,196186000,SPY
2012-06-01,129.41000366210938,131.5,128.16000366210938,128.16000366210938,253240900,SPY
2012-06-04,128.38999938964844,128.74000549316406,127.13999938964844,128.10000610351562,202545800,SPY
2012-06-05,127.8499984741211,129.25999450683594,127.77999877929688,129.07000732421875,164149400,SPY
2012-06-06,129.97000122070312,132.02999877929688,129.92999267578125,131.97000122070312,184202800,SPY
2012-06-07,133.47000122070312,133.52999877929688,131.77999877929688,132.0500030517578,184772700,SPY
2012-06-08,131.7100067138672,133.1300048828125,131.2899932861328,133.10000610351562,143915400,SPY
2012-06-11,134.1699981689453,134.25,131.27999877929688,131.41000366210938,169756100,SPY
2012-06-12,131.7899932861328,133.00999450683594,131.16000366210938,132.9199981689453,181931800,SPY
2012-06-13,132.52999877929688,133.36000061035156,131.6199951171875,132.07000732421875,172223900,SPY
2012-06-14,132.33999633789062,134.0,131.97999572753906,133.47000122070312,230615500,SPY
2012-06-15,133.3800048828125,134.25999450683594,133.10000610351562,134.13999938964844,169444500,SPY
2012-06-18,133.5800018310547,134.72999572753906,133.27999877929688,134.39999389648438,131360900,SPY
2012-06-19,135.0800018310547,136.25,134.3699951171875,135.6999969482422,137382600,SPY
2012-06-20,135.7100067138672,136.10000610351562,134.27000427246094,135.47999572753906,206451800,SPY
2012-06-21,135.63999938964844,135.77999877929688,132.3300018310547,132.44000244140625,205272200,SPY
2012-06-22,133.1300048828125,133.7100067138672,132.6199951171875,133.4600067138672,130029200,SPY
2012-06-25,132.0500030517578,132.10000610351562,130.85000610351562,131.32000732421875,146375700,SPY
2012-06-26,131.6999969482422,132.3800048828125,130.92999267578125,131.97999572753906,141634000,SPY
2012-06-27,132.4199981689453,133.42999267578125,131.97000122070312,133.1699981689453,108088000,SPY
2012-06-28,132.2899932861328,132.99000549316406,131.27999877929688,132.7899932861328,169242100,SPY
2012-06-29,135.1999969482422,136.27000427246094,134.85000610351562,136.10000610351562,212250900,SPY
2012-07-02,136.47999572753906,136.64999389648438,135.52000427246094,136.50999450683594,129524500,SPY
2012-07-03,136.47999572753906,137.50999450683594,136.33999633789062,137.41000366210938,80450000,SPY
2012-07-05,136.89999389648438,137.8000030517578,136.2899932861328,136.7899932861328,126177500,SPY
2012-07-06,135.47000122070312,135.77000427246094,134.85000610351562,135.49000549316406,151192100,SPY
2012-07-09,135.3800048828125,135.57000732421875,134.6999969482422,135.32000732421875,103780500,SPY
2012-07-10,136.00999450683594,136.22999572753906,133.67999267578125,134.13999938964844,167884800,SPY
2012-07-11,134.2100067138672,134.60000610351562,133.3800048828125,134.16000366210938,141733400,SPY
2012-07-12,133.3800048828125,134.22999572753906,132.60000610351562,133.50999450683594,143583200,SPY
2012-07-13,133.86000061035156,135.88999938964844,133.83999633789062,135.75,129642600,SPY
2012-07-16,135.44000244140625,135.8300018310547,134.89999389648438,135.42999267578125,97525200,SPY
2012-07-17,135.97000122070312,136.63999938964844,134.5500030517578,136.36000061035156,138860300,SPY
2012-07-18,136.0399932861328,137.63999938964844,135.9600067138672,137.3699951171875,113349700,SPY
2012-07-19,137.64999389648438,138.17999267578125,137.2100067138672,137.72999572753906,129847300,SPY
2012-07-20,136.9499969482422,137.16000366210938,136.32000732421875,136.47000122070312,142904500,SPY
2012-07-23,134.47000122070312,136.3800048828125,133.83999633789062,135.08999633789062,145210900,SPY
2012-07-24,135.19000244140625,135.25,133.02999877929688,133.92999267578125,173301200,SPY
2012-07-25,134.2100067138672,134.55999755859375,133.25,133.9600067138672,129122300,SPY
2012-07-26,135.88999938964844,136.4600067138672,135.25999450683594,136.1699981689453,156526500,SPY
2012-07-27,136.88999938964844,139.07000732421875,136.13999938964844,138.67999267578125,236768900,SPY
2012-07-30,138.52000427246094,139.33999633789062,138.27000427246094,138.67999267578125,106782000,SPY
2012-07-31,138.49000549316406,138.8699951171875,137.7100067138672,137.7100067138672,120575900,SPY
2012-08-01,138.6999969482422,138.72999572753906,137.39999389648438,137.58999633789062,138293800,SPY
2012-08-02,136.5500030517578,137.57000732421875,135.5800018310547,136.63999938964844,199556600,SPY
2012-08-03,138.55999755859375,139.63999938964844,136.67999267578125,139.35000610351562,157825000,SPY
2012-08-06,139.72000122070312,140.1699981689453,139.55999755859375,139.6199951171875,86326200,SPY
2012-08-07,140.17999267578125,140.9199981689453,140.02999877929688,140.32000732421875,109545100,SPY
2012-08-08,139.85000610351562,140.64999389648438,139.80999755859375,140.49000549316406,89754700,SPY
2012-08-09,140.2899932861328,140.88999938964844,140.14999389648438,140.61000061035156,90291700,SPY
2012-08-10,140.0399932861328,140.88999938964844,139.80999755859375,140.83999633789062,99792700,SPY
2012-08-13,140.60000610351562,140.83999633789062,140.0399932861328,140.77000427246094,79426900,SPY
2012-08-14,141.2899932861328,141.3800048828125,140.3699951171875,140.7899932861328,102379400,SPY
2012-08-15,140.63999938964844,141.19000244140625,140.5500030517578,140.9499969482422,71085900,SPY
2012-08-16,141.14999389648438,142.16000366210938,140.8000030517578,141.99000549316406,112014200,SPY
2012-08-17,142.22999572753906,142.3000030517578,141.86000061035156,142.17999267578125,90813700,SPY
2012-08-20,141.97999572753906,142.22000122070312,141.58999633789062,142.19000244140625,78255700,SPY
2012-08-21,142.5399932861328,143.08999633789062,141.4499969482422,141.75999450683594,105581100,SPY
2012-08-22,141.39999389648438,142.0500030517578,141.07000732421875,141.82000732421875,133243500,SPY
2012-08-23,141.47000122070312,141.47999572753906,140.44000244140625,140.66000366210938,111466400,SPY
2012-08-24,140.30999755859375,141.8300018310547,140.22000122070312,141.50999450683594,99481200,SPY
2012-08-27,141.88999938964844,142.0800018310547,141.33999633789062,141.5399932861328,68785900,SPY
2012-08-28,141.17999267578125,141.83999633789062,140.97000122070312,141.39999389648438,75689600,SPY
2012-08-29,141.52000427246094,141.88999938964844,141.1199951171875,141.50999450683594,65421300,SPY
2012-08-30,140.89999389648438,140.94000244140625,140.19000244140625,140.49000549316406,96589900,SPY
2012-08-31,141.2899932861328,141.82000732421875,140.36000061035156,141.16000366210938,151970400,SPY
2012-09-04,141.0399932861328,141.4600067138672,140.1300048828125,141.02999877929688,120226200,SPY
2012-09-05,141.08999633789062,141.47000122070312,140.6300048828125,140.91000366210938,100660300,SPY
2012-09-06,141.75999450683594,143.77999877929688,141.75,143.77000427246094,158272500,SPY
2012-09-07,144.00999450683594,144.38999938964844,143.8800048828125,144.3300018310547,107272100,SPY
2012-09-10,144.19000244140625,144.44000244140625,143.4600067138672,143.50999450683594,86458500,SPY
2012-09-11,143.60000610351562,144.3699951171875,143.55999755859375,143.91000366210938,88760000,SPY
2012-09-12,144.38999938964844,144.5500030517578,143.89999389648438,144.38999938964844,87640900,SPY
2012-09-13,144.3699951171875,147.0399932861328,143.99000549316406,146.58999633789062,225470200,SPY
2012-09-14,146.8800048828125,148.11000061035156,146.75999450683594,147.24000549316406,169777000,SPY
2012-09-17,146.94000244140625,147.19000244140625,146.3699951171875,146.74000549316406,119427800,SPY
2012-09-18,146.49000549316406,146.80999755859375,146.25,146.6199951171875,98326600,SPY
2012-09-19,146.7899932861328,147.1699981689453,146.41000366210938,146.6999969482422,128318300,SPY
2012-09-20,146.02999877929688,146.7899932861328,145.6300048828125,146.7100067138672,154009800,SPY
2012-09-21,146.63999938964844,146.6699981689453,145.80999755859375,145.8699951171875,108737500,SPY
2012-09-24,145.14999389648438,145.97999572753906,145.0399932861328,145.64999389648438,95682000,SPY
2012-09-25,145.9600067138672,146.24000549316406,144.05999755859375,144.10000610351562,133165200,SPY
2012-09-26,144.07000732421875,144.11000061035156,142.9499969482422,143.2899932861328,146502200,SPY
2012-09-27,143.88999938964844,144.97000122070312,143.50999450683594,144.63999938964844,111830300,SPY
2012-09-28,144.08999633789062,144.55999755859375,143.4600067138672,143.97000122070312,150696100,SPY
2012-10-01,144.52000427246094,145.69000244140625,144.00999450683594,144.35000610351562,135911200,SPY
2012-10-02,144.9199981689453,145.14999389648438,143.8300018310547,144.5,113422200,SPY
2012-10-03,144.88999938964844,145.42999267578125,144.1300048828125,145.08999633789062,121283100,SPY
2012-10-04,145.63999938964844,146.33999633789062,145.44000244140625,146.1300048828125,124311600,SPY
2012-10-05,146.91000366210938,147.16000366210938,145.6999969482422,146.13999938964844,124842100,SPY
2012-10-08,145.60000610351562,146.1199951171875,145.30999755859375,145.63999938964844,78415400,SPY
2012-10-09,145.52999877929688,145.64999389648438,144.14999389648438,144.1999969482422,148872900,SPY
2012-10-10,144.17999267578125,144.32000732421875,143.08999633789062,143.27999877929688,124247500,SPY
2012-10-11,144.27999877929688,144.49000549316406,143.3300018310547,143.36000061035156,123601500,SPY
2012-10-12,143.4600067138672,143.9499969482422,142.5800018310547,142.88999938964844,124181900,SPY
2012-10-15,143.22999572753906,144.22999572753906,142.77000427246094,144.0800018310547,107689100,SPY
2012-10-16,144.75999450683594,145.63999938964844,144.66000366210938,145.5399932861328,108815500,SPY
2012-10-17,145.63999938964844,146.32000732421875,145.4199981689453,146.1999969482422,128834100,SPY
2012-10-18,145.82000732421875,146.52000427246094,145.3300018310547,145.82000732421875,148108500,SPY
2012-10-19,145.5500030517578,145.55999755859375,143.0500030517578,143.38999938964844,185645200,SPY
2012-10-22,143.14999389648438,143.6699981689453,142.27999877929688,143.41000366210938,125578600,SPY
2012-10-23,141.86000061035156,142.05999755859375,140.8300018310547,141.4199981689453,192056300,SPY
2012-10-24,141.92999267578125,142.10000610351562,140.8000030517578,141.02000427246094,120179400,SPY
2012-10-25,142.02000427246094,142.27999877929688,140.57000732421875,141.42999267578125,134457400,SPY
2012-10-26,141.3000030517578,141.83999633789062,140.38999938964844,141.35000610351562,146023500,SPY
2012-10-31,141.85000610351562,142.02999877929688,140.67999267578125,141.35000610351562,103438500,SPY
2012-11-01,141.64999389648438,143.00999450683594,141.52000427246094,142.8300018310547,100995600,SPY
2012-11-02,143.67999267578125,143.72000122070312,141.41000366210938,141.55999755859375,137702200,SPY
2012-11-05,141.35000610351562,142.1699981689453,140.92999267578125,141.85000610351562,98378500,SPY
2012-11-06,142.27999877929688,143.52000427246094,142.1300048828125,142.9600067138672,107068100,SPY
2012-11-07,141.66000366210938,141.67999267578125,139.05999755859375,139.72000122070312,264304500,SPY
2012-11-08,139.6999969482422,140.41000366210938,137.92999267578125,138.0399932861328,181517300,SPY
2012-11-09,137.6199951171875,139.44000244140625,137.5500030517578,138.16000366210938,201055300,SPY
2012-11-12,138.58999633789062,138.80999755859375,137.9600067138672,138.27000427246094,97677500,SPY
2012-11-13,137.5399932861328,139.25,137.36000061035156,137.7899932861328,123018300,SPY
2012-11-14,138.2100067138672,138.42999267578125,135.6199951171875,135.92999267578125,191505000,SPY
2012-11-15,135.97999572753906,136.49000549316406,135.17999267578125,135.6999969482422,178128400,SPY
2012-11-16,135.89999389648438,136.63999938964844,134.6999969482422,136.3699951171875,239483900,SPY
2012-11-19,137.89999389648438,139.14999389648438,136.41000366210938,139.1300048828125,151495800,SPY
2012-11-20,138.91000366210938,139.4199981689453,138.0800018310547,139.19000244140625,119807400,SPY
2012-11-21,139.30999755859375,139.57000732421875,139.02999877929688,139.4499969482422,81710800,SPY
2012-11-23,140.1300048828125,141.39999389648438,140.0399932861328,141.35000610351562,65409200,SPY
2012-11-26,140.64999389648438,141.36000061035156,140.19000244140625,141.0500030517578,100124400,SPY
2012-11-27,140.91000366210938,141.38999938964844,140.24000549316406,140.3300018310547,128646200,SPY
2012-11-28,139.75999450683594,141.5399932861328,139.0,141.4600067138672,177086500,SPY
2012-11-29,141.99000549316406,142.50999450683594,141.3699951171875,142.1199951171875,151085900,SPY
2012-11-30,142.13999938964844,142.4199981689453,141.66000366210938,142.14999389648438,136568300,SPY
2012-12-03,142.8000030517578,142.9199981689453,141.33999633789062,141.4499969482422,124656300,SPY
2012-12-04,141.44000244140625,141.8699951171875,140.8699951171875,141.25,127512200,SPY
2012-12-05,141.3699951171875,142.16000366210938,140.3699951171875,141.5,147300500,SPY
2012-12-06,141.3699951171875,142.0399932861328,141.16000366210938,141.97999572753906,103220600,SPY
2012-12-07,142.52999877929688,142.69000244140625,141.6699981689453,142.41000366210938,108726400,SPY
2012-12-10,142.2100067138672,142.80999755859375,142.14999389648438,142.47000122070312,98840700,SPY
2012-12-11,143.05999755859375,144.11000061035156,142.99000549316406,143.44000244140625,152570400,SPY
2012-12-12,144.0,144.5500030517578,143.30999755859375,143.50999450683594,145880100,SPY
2012-12-13,143.4199981689453,143.8300018310547,142.27000427246094,142.6300048828125,135715000,SPY
2012-12-14,142.32000732421875,142.5800018310547,141.8800048828125,142.10000610351562,137701700,SPY
2012-12-17,142.47000122070312,143.85000610351562,142.42999267578125,143.77000427246094,143238200,SPY
2012-12-18,144.0,145.5,143.7899932861328,145.3699951171875,177762800,SPY
2012-12-19,145.52999877929688,145.5800018310547,144.24000549316406,144.2899932861328,150895400,SPY
2012-12-20,144.3800048828125,145.13999938964844,143.97999572753906,145.1199951171875,168487000,SPY
2012-12-21,142.1699981689453,144.08999633789062,141.94000244140625,142.7899932861328,245883800,SPY
2012-12-24,142.47999572753906,142.55999755859375,142.19000244140625,142.35000610351562,53874600,SPY
2012-12-26,142.63999938964844,142.7100067138672,141.35000610351562,141.75,106947700,SPY
2012-12-27,141.7899932861328,142.0800018310547,139.9199981689453,141.55999755859375,167920600,SPY
2012-12-28,140.63999938964844,141.4199981689453,139.8699951171875,140.02999877929688,148806700,SPY
2012-12-31,139.66000366210938,142.55999755859375,139.5399932861328,142.41000366210938,243935200,SPY
2013-01-02,145.11000061035156,146.14999389648438,144.72999572753906,146.05999755859375,192059000,SPY
2013-01-03,145.99000549316406,146.3699951171875,145.33999633789062,145.72999572753906,144761800,SPY
2013-01-04,145.97000122070312,146.61000061035156,145.6699981689453,146.3699951171875,116817700,SPY
2013-01-07,145.85000610351562,146.11000061035156,145.42999267578125,145.97000122070312,110002500,SPY
2013-01-08,145.7100067138672,145.91000366210938,144.97999572753906,145.5500030517578,121265100,SPY
2013-01-09,145.8699951171875,146.32000732421875,145.63999938964844,145.9199981689453,90745600,SPY
2013-01-10,146.72999572753906,147.08999633789062,145.97000122070312,147.0800018310547,130735400,SPY
2013-01-11,147.0399932861328,147.14999389648438,146.61000061035156,147.07000732421875,113917300,SPY
2013-01-14,146.88999938964844,147.07000732421875,146.42999267578125,146.97000122070312,89567200,SPY
2013-01-15,146.2899932861328,147.2100067138672,146.1999969482422,147.07000732421875,93172600,SPY
2013-01-16,146.77000427246094,147.27999877929688,146.61000061035156,147.0500030517578,104849500,SPY
2013-01-17,147.6999969482422,148.4199981689453,147.14999389648438,148.0,133833500,SPY
2013-01-18,147.97000122070312,148.49000549316406,147.42999267578125,148.3300018310547,169906000,SPY
2013-01-22,148.3300018310547,149.1300048828125,147.97999572753906,149.1300048828125,111797300,SPY
2013-01-23,149.1300048828125,149.5,148.86000061035156,149.3699951171875,104596100,SPY
2013-01-24,149.14999389648438,150.13999938964844,149.00999450683594,149.41000366210938,146426400,SPY
2013-01-25,149.8800048828125,150.25,149.3699951171875,150.25,147211600,SPY
2013-01-28,150.2899932861328,150.3300018310547,149.50999450683594,150.07000732421875,113357700,SPY
2013-01-29,149.77000427246094,150.85000610351562,149.6699981689453,150.66000366210938,105694400,SPY
2013-01-30,150.63999938964844,150.94000244140625,149.92999267578125,150.07000732421875,137447700,SPY
2013-01-31,149.88999938964844,150.3800048828125,149.60000610351562,149.6999969482422,108975800,SPY
2013-02-01,150.64999389648438,151.4199981689453,150.38999938964844,151.24000549316406,131173000,SPY
2013-02-04,150.32000732421875,151.27000427246094,149.42999267578125,149.5399932861328,159073600,SPY
2013-02-05,150.35000610351562,151.47999572753906,150.2899932861328,151.0500030517578,113912400,SPY
2013-02-06,150.52000427246094,151.25999450683594,150.41000366210938,151.16000366210938,138762800,SPY
2013-02-07,151.2100067138672,151.35000610351562,149.86000061035156,150.9600067138672,162490000,SPY
2013-02-08,151.22000122070312,151.88999938964844,151.22000122070312,151.8000030517578,103133700,SPY
2013-02-11,151.74000549316406,151.89999389648438,151.38999938964844,151.77000427246094,73775000,SPY
2013-02-12,151.77999877929688,152.3000030517578,151.61000061035156,152.02000427246094,65392700,SPY
2013-02-13,152.3300018310547,152.61000061035156,151.72000122070312,152.14999389648438,82322600,SPY
2013-02-14,151.69000244140625,152.47000122070312,151.52000427246094,152.2899932861328,80834300,SPY
2013-02-15,152.42999267578125,152.58999633789062,151.5500030517578,152.11000061035156,215226500,SPY
2013-02-19,152.3699951171875,153.27999877929688,152.16000366210938,153.25,95105400,SPY
2013-02-20,153.13999938964844,153.19000244140625,151.25999450683594,151.33999633789062,160574800,SPY
2013-02-21,150.9600067138672,151.4199981689453,149.94000244140625,150.4199981689453,183257000,SPY
2013-02-22,151.14999389648438,151.88999938964844,150.49000549316406,151.88999938964844,106356600,SPY
2013-02-25,152.6300048828125,152.86000061035156,149.0,149.0,245824800,SPY
2013-02-26,149.72000122070312,150.1999969482422,148.72999572753906,150.02000427246094,186596200,SPY
2013-02-27,149.88999938964844,152.3300018310547,149.75999450683594,151.91000366210938,150781900,SPY
2013-02-28,151.89999389648438,152.8699951171875,151.41000366210938,151.61000061035156,126866000,SPY
2013-03-01,151.08999633789062,152.33999633789062,150.41000366210938,152.11000061035156,170634800,SPY
2013-03-04,151.75999450683594,152.9199981689453,151.52000427246094,152.9199981689453,99010200,SPY
2013-03-05,153.66000366210938,154.6999969482422,153.63999938964844,154.2899932861328,121431900,SPY
2013-03-06,154.83999633789062,154.9199981689453,154.16000366210938,154.5,94469900,SPY
2013-03-07,154.6999969482422,154.97999572753906,154.52000427246094,154.77999877929688,86101400,SPY
2013-03-08,155.4600067138672,155.64999389648438,154.66000366210938,155.44000244140625,123477800,SPY
2013-03-11,155.32000732421875,156.0399932861328,155.1300048828125,156.02999877929688,83746800,SPY
2013-03-12,155.9199981689453,156.10000610351562,155.2100067138672,155.67999267578125,105755800,SPY
2013-03-13,155.75999450683594,156.1199951171875,155.22999572753906,155.89999389648438,92550900,SPY
2013-03-14,156.30999755859375,156.8000030517578,155.91000366210938,156.72999572753906,126329900,SPY
2013-03-15,155.85000610351562,156.0399932861328,155.30999755859375,155.8300018310547,138601100,SPY
2013-03-18,154.33999633789062,155.63999938964844,154.1999969482422,154.97000122070312,126704300,SPY
2013-03-19,155.3000030517578,155.50999450683594,153.58999633789062,154.61000061035156,167567300,SPY
2013-03-20,155.52000427246094,155.9499969482422,155.25999450683594,155.69000244140625,113759300,SPY
2013-03-21,154.75999450683594,155.63999938964844,154.10000610351562,154.36000061035156,128605000,SPY
2013-03-22,154.85000610351562,155.60000610351562,154.72999572753906,155.60000610351562,111163600,SPY
2013-03-25,156.00999450683594,156.27000427246094,154.35000610351562,154.9499969482422,151322300,SPY
2013-03-26,155.58999633789062,156.22999572753906,155.4199981689453,156.19000244140625,86856600,SPY
2013-03-27,155.25999450683594,156.24000549316406,155.0,156.19000244140625,99950600,SPY
2013-03-28,156.08999633789062,156.85000610351562,155.75,156.6699981689453,102932800,SPY
2013-04-01,156.58999633789062,156.91000366210938,155.6699981689453,156.0500030517578,99194100,SPY
2013-04-02,156.61000061035156,157.2100067138672,156.3699951171875,156.82000732421875,101504300,SPY
2013-04-03,156.91000366210938,157.02999877929688,154.82000732421875,155.22999572753906,154167400,SPY
2013-04-04,155.42999267578125,156.1699981689453,155.08999633789062,155.86000061035156,131885000,SPY
2013-04-05,153.9499969482422,155.35000610351562,153.77000427246094,155.16000366210938,159666000,SPY
2013-04-08,155.27000427246094,156.22000122070312,154.75,156.2100067138672,86571200,SPY
2013-04-09,156.5,157.32000732421875,155.97999572753906,156.75,101922200,SPY
2013-04-10,157.1699981689453,158.8699951171875,157.1300048828125,158.6699981689453,135711100,SPY
2013-04-11,158.6999969482422,159.7100067138672,158.5399932861328,159.19000244140625,110142500,SPY
2013-04-12,158.67999267578125,159.0399932861328,157.9199981689453,158.8000030517578,116359900,SPY
2013-04-15,158.0,158.1300048828125,155.10000610351562,155.1199951171875,217259000,SPY
2013-04-16,156.2899932861328,157.49000549316406,155.91000366210938,157.41000366210938,147507800,SPY
2013-04-17,156.2899932861328,156.32000732421875,154.27999877929688,155.11000061035156,226834800,SPY
2013-04-18,155.3699951171875,155.41000366210938,153.5500030517578,154.13999938964844,167583200,SPY
2013-04-19,154.5,155.5500030517578,154.1199951171875,155.47999572753906,149687600,SPY
2013-04-22,155.77999877929688,156.5399932861328,154.75,156.1699981689453,106553500,SPY
2013-04-23,156.9499969482422,157.92999267578125,156.1699981689453,157.77999877929688,166141300,SPY
2013-04-24,157.8300018310547,158.3000030517578,157.5399932861328,157.8800048828125,96781200,SPY
2013-04-25,158.33999633789062,159.27000427246094,158.10000610351562,158.52000427246094,131060600,SPY
2013-04-26,158.3300018310547,158.60000610351562,157.72999572753906,158.24000549316406,95918800,SPY
2013-04-29,158.6699981689453,159.64999389648438,158.4199981689453,159.3000030517578,88572800,SPY
2013-04-30,159.27000427246094,159.72000122070312,158.61000061035156,159.67999267578125,116010700,SPY
2013-05-01,159.3300018310547,159.41000366210938,158.10000610351562,158.27999877929688,138874200,SPY
2013-05-02,158.67999267578125,159.88999938964844,158.52999877929688,159.75,96407600,SPY
2013-05-03,161.13999938964844,161.8800048828125,159.77999877929688,161.3699951171875,144202300,SPY
2013-05-06,161.49000549316406,162.00999450683594,161.4199981689453,161.77999877929688,66882100,SPY
2013-05-07,162.1300048828125,162.64999389648438,161.6699981689453,162.60000610351562,90359200,SPY
2013-05-08,162.4199981689453,163.38999938964844,162.3300018310547,163.33999633789062,97419200,SPY
2013-05-09,163.27000427246094,163.6999969482422,162.47000122070312,162.8800048828125,106738600,SPY
2013-05-10,162.99000549316406,163.5500030517578,162.50999450683594,163.41000366210938,103203000,SPY
2013-05-13,163.1999969482422,163.80999755859375,162.82000732421875,163.5399932861328,81843200,SPY
2013-05-14,163.6699981689453,165.35000610351562,163.6699981689453,165.22999572753906,119000900,SPY
2013-05-15,164.9600067138672,166.4499969482422,164.91000366210938,166.1199951171875,120718500,SPY
2013-05-16,165.77999877929688,166.36000061035156,165.08999633789062,165.33999633789062,109913600,SPY
2013-05-17,165.9499969482422,167.0399932861328,165.72999572753906,166.94000244140625,129801000,SPY
2013-05-20,166.77999877929688,167.5800018310547,166.61000061035156,166.92999267578125,85071200,SPY
2013-05-21,167.0800018310547,167.8000030517578,166.5,167.1699981689453,95804200,SPY
2013-05-22,167.33999633789062,169.07000732421875,165.1699981689453,165.92999267578125,244031800,SPY
2013-05-23,164.16000366210938,165.91000366210938,163.94000244140625,165.4499969482422,211064400,SPY
2013-05-24,164.47000122070312,165.3800048828125,163.97999572753906,165.30999755859375,151573900,SPY
2013-05-28,167.0399932861328,167.77999877929688,165.80999755859375,166.3000030517578,143679800,SPY
2013-05-29,165.4199981689453,165.8000030517578,164.33999633789062,165.22000122070312,160363400,SPY
2013-05-30,165.35000610351562,166.58999633789062,165.22000122070312,165.8300018310547,107793800,SPY
2013-05-31,165.3699951171875,166.30999755859375,163.1300048828125,163.4499969482422,176850100,SPY
2013-06-03,163.8300018310547,164.4600067138672,162.66000366210938,164.35000610351562,168390700,SPY
2013-06-04,164.44000244140625,165.10000610351562,162.72999572753906,163.55999755859375,157631500,SPY
2013-06-05,163.08999633789062,163.4199981689453,161.1300048828125,161.27000427246094,211737800,SPY
2013-06-06,161.1999969482422,162.74000549316406,160.25,162.72999572753906,200225500,SPY
2013-06-07,163.85000610351562,164.9499969482422,163.13999938964844,164.8000030517578,188337800,SPY
2013-06-10,165.30999755859375,165.39999389648438,164.3699951171875,164.8000030517578,105667100,SPY
2013-06-11,163.3000030517578,164.5399932861328,162.74000549316406,163.10000610351562,159505400,SPY
2013-06-12,164.22000122070312,164.38999938964844,161.60000610351562,161.75,177361500,SPY
2013-06-13,161.66000366210938,164.5,161.3000030517578,164.2100067138672,163587800,SPY
2013-06-14,164.02999877929688,164.6699981689453,162.91000366210938,163.17999267578125,141197500,SPY
2013-06-17,164.2899932861328,165.22000122070312,163.22000122070312,164.44000244140625,136295600,SPY
2013-06-18,164.52999877929688,165.99000549316406,164.52000427246094,165.74000549316406,114695600,SPY
2013-06-19,165.60000610351562,165.88999938964844,163.3800048828125,163.4499969482422,206149500,SPY
2013-06-20,161.86000061035156,163.47000122070312,158.97999572753906,159.39999389648438,321255900,SPY
2013-06-21,159.63999938964844,159.75999450683594,157.47000122070312,159.07000732421875,271956800,SPY
2013-06-24,157.41000366210938,158.42999267578125,155.72999572753906,157.05999755859375,222329000,SPY
2013-06-25,158.47999572753906,160.10000610351562,157.4199981689453,158.57000732421875,162262200,SPY
2013-06-26,159.8699951171875,160.5,159.25,160.13999938964844,134848000,SPY
2013-06-27,161.10000610351562,161.82000732421875,160.9499969482422,161.0800018310547,129483700,SPY
2013-06-28,160.6300048828125,161.39999389648438,159.86000061035156,160.4199981689453,160402900,SPY
2013-07-01,161.25999450683594,162.47999572753906,161.0800018310547,161.36000061035156,131954800,SPY
2013-07-02,161.1199951171875,162.3000030517578,160.5,161.2100067138672,154863700,SPY
2013-07-03,160.47999572753906,161.77000427246094,160.22000122070312,161.27999877929688,75216400,SPY
2013-07-05,162.47000122070312,163.0800018310547,161.3000030517578,163.02000427246094,122416900,SPY
2013-07-08,163.86000061035156,164.38999938964844,163.0800018310547,163.9499969482422,108092500,SPY
2013-07-09,164.97999572753906,165.3300018310547,164.27000427246094,165.1300048828125,119298000,SPY
2013-07-10,164.97000122070312,165.75,164.6300048828125,165.19000244140625,121410100,SPY
2013-07-11,167.11000061035156,167.61000061035156,165.17999267578125,167.44000244140625,135592200,SPY
2013-07-12,167.38999938964844,167.92999267578125,167.1300048828125,167.50999450683594,104212700,SPY
2013-07-15,167.97000122070312,168.38999938964844,167.67999267578125,168.14999389648438,69450600,SPY
2013-07-16,168.25999450683594,168.36000061035156,167.07000732421875,167.52000427246094,88702100,SPY
2013-07-17,168.16000366210938,168.47999572753906,167.72999572753906,167.9499969482422,92873900,SPY
2013-07-18,168.30999755859375,169.27000427246094,168.1999969482422,168.8699951171875,103620100,SPY
2013-07-19,168.52000427246094,169.22999572753906,168.30999755859375,169.1699981689453,103831700,SPY
2013-07-22,169.41000366210938,169.74000549316406,169.00999450683594,169.5,79428600,SPY
2013-07-23,169.8000030517578,169.8300018310547,169.0500030517578,169.13999938964844,80829700,SPY
2013-07-24,169.7899932861328,169.86000061035156,168.17999267578125,168.52000427246094,112914000,SPY
2013-07-25,168.22000122070312,169.0800018310547,167.94000244140625,168.92999267578125,111088600,SPY
2013-07-26,168.22000122070312,169.16000366210938,167.52000427246094,169.11000061035156,107814600,SPY
2013-07-29,168.67999267578125,169.05999755859375,168.11000061035156,168.58999633789062,79695000,SPY
2013-07-30,169.10000610351562,169.27999877929688,168.19000244140625,168.58999633789062,85209600,SPY
2013-07-31,168.94000244140625,169.85000610351562,168.49000549316406,168.7100067138672,142388700,SPY
2013-08-01,169.99000549316406,170.80999755859375,169.89999389648438,170.66000366210938,110438400,SPY
2013-08-02,170.27999877929688,170.97000122070312,170.0500030517578,170.9499969482422,91116700,SPY
2013-08-05,170.57000732421875,170.9600067138672,170.35000610351562,170.6999969482422,54072700,SPY
2013-08-06,170.3699951171875,170.74000549316406,169.35000610351562,169.72999572753906,87495000,SPY
2013-08-07,169.19000244140625,169.42999267578125,168.5500030517578,169.17999267578125,84854700,SPY
2013-08-08,169.97999572753906,170.17999267578125,168.92999267578125,169.8000030517578,102181300,SPY
2013-08-09,169.5800018310547,170.10000610351562,168.72000122070312,169.30999755859375,91757700,SPY
2013-08-12,168.4600067138672,169.30999755859375,168.3800048828125,169.11000061035156,68593300,SPY
2013-08-13,169.41000366210938,169.89999389648438,168.41000366210938,169.61000061035156,80806000,SPY
2013-08-14,169.52999877929688,169.8000030517578,168.6999969482422,168.74000549316406,79829200,SPY
2013-08-15,167.41000366210938,167.42999267578125,166.08999633789062,166.3800048828125,152931800,SPY
2013-08-16,166.05999755859375,166.6300048828125,165.5,165.8300018310547,130868200,SPY
2013-08-19,165.63999938964844,166.2100067138672,164.75999450683594,164.77000427246094,96437600,SPY
2013-08-20,165.0399932861328,166.1999969482422,164.86000061035156,165.5800018310547,89294400,SPY
2013-08-21,165.1199951171875,166.02999877929688,164.19000244140625,164.55999755859375,159530500,SPY
2013-08-22,164.89999389648438,166.3000030517578,164.88999938964844,166.05999755859375,101471400,SPY
2013-08-23,166.5500030517578,166.8300018310547,165.77000427246094,166.6199951171875,90888900,SPY
2013-08-26,166.7899932861328,167.3000030517578,165.88999938964844,166.0,89702100,SPY
2013-08-27,164.36000061035156,166.0,163.2100067138672,163.3300018310547,158619400,SPY
2013-08-28,163.25999450683594,164.49000549316406,163.0500030517578,163.91000366210938,108113000,SPY
2013-08-29,163.5500030517578,165.0399932861328,163.39999389648438,164.1699981689453,119200500,SPY
2013-08-30,164.50999450683594,164.52999877929688,163.1699981689453,163.64999389648438,134928900,SPY
2013-09-03,165.22999572753906,165.5800018310547,163.6999969482422,164.38999938964844,142375100,SPY
2013-09-04,164.42999267578125,166.02999877929688,164.1300048828125,165.75,97389400,SPY
2013-09-05,165.85000610351562,166.39999389648438,165.72999572753906,165.9600067138672,63090500,SPY
2013-09-06,166.50999450683594,166.97999572753906,164.47999572753906,166.0399932861328,159756500,SPY
2013-09-09,166.4499969482422,167.72999572753906,166.4499969482422,167.6300048828125,87559300,SPY
2013-09-10,168.63999938964844,168.89999389648438,168.25999450683594,168.8699951171875,105847200,SPY
2013-09-11,168.63999938964844,169.39999389648438,168.35000610351562,169.39999389648438,94545900,SPY
2013-09-12,169.33999633789062,169.55999755859375,168.72000122070312,168.9499969482422,83209000,SPY
2013-09-13,169.1300048828125,169.4600067138672,168.74000549316406,169.3300018310547,72727800,SPY
2013-09-16,171.16000366210938,171.24000549316406,170.0399932861328,170.30999755859375,106299200,SPY
2013-09-17,170.4600067138672,171.11000061035156,170.4600067138672,171.07000732421875,82523300,SPY
2013-09-18,171.00999450683594,173.52000427246094,170.5800018310547,173.0500030517578,203460600,SPY
2013-09-19,173.52000427246094,173.60000610351562,172.58999633789062,172.75999450683594,146616900,SPY
2013-09-20,172.3300018310547,172.3300018310547,170.5800018310547,170.72000122070312,132867100,SPY
2013-09-23,170.49000549316406,170.64999389648438,169.38999938964844,169.92999267578125,104616500,SPY
2013-09-24,169.89999389648438,170.52999877929688,169.2100067138672,169.52999877929688,106333100,SPY
2013-09-25,169.63999938964844,169.97999572753906,168.88999938964844,169.0399932861328,117306500,SPY
2013-09-26,169.32000732421875,170.1699981689453,169.0500030517578,169.69000244140625,77146900,SPY
2013-09-27,168.83999633789062,169.13999938964844,168.47000122070312,168.91000366210938,99141800,SPY
2013-09-30,167.47999572753906,168.5399932861328,167.14999389648438,168.00999450683594,143937000,SPY
2013-10-01,168.13999938964844,169.5,167.97000122070312,169.33999633789062,127160000,SPY
2013-10-02,168.35000610351562,169.33999633789062,167.8300018310547,169.17999267578125,113350000,SPY
2013-10-03,168.7899932861328,168.94000244140625,166.83999633789062,167.6199951171875,176698000,SPY
2013-10-04,167.75,169.05999755859375,167.52999877929688,168.88999938964844,96878000,SPY
2013-10-07,167.4199981689453,168.4499969482422,167.25,167.42999267578125,96295000,SPY
2013-10-08,167.39999389648438,167.6199951171875,165.36000061035156,165.47999572753906,178015000,SPY
2013-10-09,165.8000030517578,166.1999969482422,164.52999877929688,165.60000610351562,168973000,SPY
2013-10-10,167.2899932861328,169.25999450683594,167.22999572753906,169.1699981689453,195955000,SPY
2013-10-11,168.91000366210938,170.32000732421875,168.77000427246094,170.25999450683594,105040000,SPY
2013-10-14,169.2100067138672,171.0800018310547,169.0800018310547,170.94000244140625,112106000,SPY
2013-10-15,170.50999450683594,171.14999389648438,169.47000122070312,169.6999969482422,155485000,SPY
2013-10-16,170.72000122070312,172.16000366210938,170.63999938964844,172.07000732421875,161676000,SPY
2013-10-17,171.3699951171875,173.32000732421875,171.33999633789062,173.22000122070312,129389000,SPY
2013-10-18,173.86000061035156,174.50999450683594,173.50999450683594,174.38999938964844,138316000,SPY
2013-10-21,174.4499969482422,174.75,174.00999450683594,174.39999389648438,104104000,SPY
2013-10-22,174.91000366210938,175.92999267578125,174.42999267578125,175.41000366210938,126663000,SPY
2013-10-23,174.80999755859375,174.88999938964844,173.9600067138672,174.57000732421875,105484000,SPY
2013-10-24,174.9199981689453,175.3699951171875,174.50999450683594,175.14999389648438,70350000,SPY
2013-10-25,175.50999450683594,176.0,175.1699981689453,175.9499969482422,93625000,SPY
2013-10-28,175.88999938964844,176.47000122070312,175.6999969482422,176.22999572753906,84979000,SPY
2013-10-29,176.6300048828125,177.24000549316406,176.3800048828125,177.1699981689453,87401000,SPY
2013-10-30,177.3800048828125,177.50999450683594,175.66000366210938,176.2899932861328,140002000,SPY
2013-10-31,176.14999389648438,176.88999938964844,175.52999877929688,175.7899932861328,133795000,SPY
2013-11-01,176.02000427246094,176.61000061035156,175.22000122070312,176.2100067138672,142805000,SPY
2013-11-04,176.69000244140625,176.89999389648438,175.97999572753906,176.8300018310547,85677000,SPY
2013-11-05,176.13999938964844,176.75,175.57000732421875,176.27000427246094,85825000,SPY
2013-11-06,177.02999877929688,177.5,176.5399932861328,177.1699981689453,87348000,SPY
2013-11-07,177.5,177.63999938964844,174.75999450683594,174.92999267578125,157000000,SPY
2013-11-08,174.8699951171875,177.30999755859375,174.85000610351562,177.2899932861328,136713000,SPY
2013-11-11,177.1199951171875,177.52999877929688,176.91000366210938,177.32000732421875,62614000,SPY
2013-11-12,176.94000244140625,177.36000061035156,176.3699951171875,176.9600067138672,83990000,SPY
2013-11-13,176.08999633789062,178.42999267578125,176.08999633789062,178.3800048828125,103844000,SPY
2013-11-14,178.5399932861328,179.4199981689453,178.25,179.27000427246094,103435000,SPY
2013-11-15,179.55999755859375,180.1199951171875,179.3300018310547,180.0500030517578,102818000,SPY
2013-11-18,180.35000610351562,180.5,179.02000427246094,179.4199981689453,104796000,SPY
2013-11-19,179.3300018310547,179.8699951171875,178.72000122070312,179.02999877929688,93891000,SPY
2013-11-20,179.38999938964844,179.92999267578125,177.97999572753906,178.47000122070312,124909000,SPY
2013-11-21,178.97000122070312,180.0500030517578,178.86000061035156,179.91000366210938,92841000,SPY
2013-11-22,179.97999572753906,180.8300018310547,179.77000427246094,180.80999755859375,81296000,SPY
2013-11-25,181.1300048828125,181.1699981689453,180.3699951171875,180.6300048828125,79486000,SPY
2013-11-26,180.72000122070312,181.22000122070312,180.41000366210938,180.67999267578125,86994000,SPY
2013-11-27,180.8699951171875,181.24000549316406,180.64999389648438,181.1199951171875,58800000,SPY
2013-11-29,181.32000732421875,181.75,180.8000030517578,181.0,55870900,SPY
2013-12-02,181.08999633789062,181.42999267578125,180.25,180.52999877929688,99726000,SPY
2013-12-03,179.94000244140625,180.38999938964844,179.1699981689453,179.75,116563000,SPY
2013-12-04,179.10000610351562,180.47999572753906,178.35000610351562,179.72999572753906,123033000,SPY
2013-12-05,179.41000366210938,179.74000549316406,178.77000427246094,178.94000244140625,106934000,SPY
2013-12-06,180.6699981689453,181.11000061035156,180.14999389648438,180.94000244140625,127728000,SPY
2013-12-09,181.47000122070312,181.6699981689453,181.16000366210938,181.39999389648438,70124000,SPY
2013-12-10,180.97999572753906,181.36000061035156,180.63999938964844,180.75,80976000,SPY
2013-12-11,180.82000732421875,180.85000610351562,178.5,178.72000122070312,130591000,SPY
2013-12-12,178.63999938964844,178.86000061035156,177.75999450683594,178.1300048828125,115565000,SPY
2013-12-13,178.5,178.66000366210938,177.77000427246094,178.11000061035156,107808000,SPY
2013-12-16,178.9499969482422,179.80999755859375,178.89999389648438,179.22000122070312,96195000,SPY
2013-12-17,179.3800048828125,179.41000366210938,178.25,178.64999389648438,89886000,SPY
2013-12-18,178.9199981689453,181.72999572753906,177.32000732421875,181.6999969482422,234906000,SPY
2013-12-19,181.17999267578125,181.6999969482422,180.7100067138672,181.49000549316406,136531200,SPY
2013-12-20,180.69000244140625,181.99000549316406,180.57000732421875,181.55999755859375,197087000,SPY
2013-12-23,182.4499969482422,182.63999938964844,182.07000732421875,182.52999877929688,85598000,SPY
2013-12-24,182.5399932861328,183.00999450683594,182.52999877929688,182.92999267578125,45368800,SPY
2013-12-26,183.33999633789062,183.9600067138672,183.32000732421875,183.86000061035156,63365000,SPY
2013-12-27,184.10000610351562,184.17999267578125,183.66000366210938,183.85000610351562,61814000,SPY
2013-12-30,183.8699951171875,184.02000427246094,183.5800018310547,183.82000732421875,56857000,SPY
2013-12-31,184.07000732421875,184.69000244140625,183.92999267578125,184.69000244140625,86119900,SPY
2014-01-02,183.97999572753906,184.07000732421875,182.47999572753906,182.9199981689453,119636900,SPY
2014-01-03,183.22999572753906,183.60000610351562,182.6300048828125,182.88999938964844,81390600,SPY
2014-01-06,183.49000549316406,183.55999755859375,182.0800018310547,182.36000061035156,108028200,SPY
2014-01-07,183.08999633789062,183.7899932861328,182.9499969482422,183.47999572753906,86144200,SPY
2014-01-08,183.4499969482422,183.8300018310547,182.88999938964844,183.52000427246094,96582300,SPY
2014-01-09,184.11000061035156,184.1300048828125,182.8000030517578,183.63999938964844,90683400,SPY
2014-01-10,183.9499969482422,184.22000122070312,183.00999450683594,184.13999938964844,102026400,SPY
2014-01-13,183.6699981689453,184.17999267578125,181.33999633789062,181.69000244140625,149892000,SPY
2014-01-14,182.2899932861328,183.77000427246094,181.9499969482422,183.6699981689453,105016100,SPY
2014-01-15,184.10000610351562,184.94000244140625,183.7100067138672,184.66000366210938,98525800,SPY
2014-01-16,184.27999877929688,184.66000366210938,183.8300018310547,184.4199981689453,72290600,SPY
2014-01-17,184.10000610351562,184.4499969482422,183.32000732421875,183.63999938964844,107848700,SPY
2014-01-21,184.6999969482422,184.77000427246094,183.0500030517578,184.17999267578125,88621200,SPY
2014-01-22,184.49000549316406,184.57000732421875,183.91000366210938,184.3000030517578,61270900,SPY
2014-01-23,183.3699951171875,183.39999389648438,181.82000732421875,182.7899932861328,132496900,SPY
2014-01-24,181.60000610351562,181.66000366210938,178.8300018310547,178.88999938964844,208677100,SPY
2014-01-27,179.05999755859375,179.52000427246094,177.1199951171875,178.00999450683594,180843100,SPY
2014-01-28,178.13999938964844,179.3000030517578,178.1199951171875,179.07000732421875,110463200,SPY
2014-01-29,177.5800018310547,178.5500030517578,176.8800048828125,177.35000610351562,216597300,SPY
2014-01-30,178.8300018310547,179.80999755859375,178.25999450683594,179.22999572753906,118938100,SPY
2014-01-31,177.00999450683594,179.2899932861328,176.9199981689453,178.17999267578125,194677900,SPY
2014-02-03,177.97000122070312,178.3699951171875,173.8300018310547,174.1699981689453,254837100,SPY
2014-02-04,174.9499969482422,175.83999633789062,174.11000061035156,175.38999938964844,165012400,SPY
2014-02-05,174.77999877929688,175.55999755859375,173.7100067138672,175.1699981689453,164230500,SPY
2014-02-06,175.5800018310547,177.47999572753906,175.22000122070312,177.47999572753906,132877600,SPY
2014-02-07,178.30999755859375,179.8699951171875,177.72999572753906,179.67999267578125,170787200,SPY
2014-02-10,179.6999969482422,180.07000732421875,179.2100067138672,180.00999450683594,92218800,SPY
2014-02-11,180.16000366210938,182.44000244140625,180.0399932861328,181.97999572753906,117814100,SPY
2014-02-12,182.25,182.8300018310547,181.7100067138672,182.07000732421875,94717700,SPY
2014-02-13,180.83999633789062,183.1999969482422,180.8300018310547,183.00999450683594,100542200,SPY
2014-02-14,182.83999633789062,184.36000061035156,182.6699981689453,184.02000427246094,96498400,SPY
2014-02-18,184.17999267578125,184.49000549316406,183.64999389648438,184.24000549316406,80460900,SPY
2014-02-19,183.75999450683594,184.9499969482422,182.8699951171875,183.02000427246094,126524300,SPY
2014-02-20,183.27000427246094,184.52000427246094,182.60000610351562,184.10000610351562,104998100,SPY
2014-02-21,184.4499969482422,184.88999938964844,183.8000030517578,183.88999938964844,118116400,SPY
2014-02-24,184.27999877929688,186.14999389648438,184.1999969482422,184.91000366210938,114063900,SPY
2014-02-25,185.05999755859375,185.58999633789062,184.22999572753906,184.83999633789062,117085000,SPY
2014-02-26,185.11000061035156,185.60000610351562,184.3300018310547,184.85000610351562,98677200,SPY
2014-02-27,184.5800018310547,185.8699951171875,184.3699951171875,185.82000732421875,93880800,SPY
2014-02-28,185.7899932861328,187.14999389648438,185.0500030517578,186.2899932861328,150842000,SPY
2014-03-03,184.64999389648438,185.4499969482422,183.75,184.97999572753906,167748500,SPY
2014-03-04,186.7899932861328,187.97999572753906,186.75,187.5800018310547,167545900,SPY
2014-03-05,187.74000549316406,188.07000732421875,187.4499969482422,187.75,88376900,SPY
2014-03-06,188.2100067138672,188.61000061035156,187.77999877929688,188.17999267578125,82516500,SPY
2014-03-07,188.9600067138672,188.9600067138672,187.42999267578125,188.25999450683594,114513500,SPY
2014-03-10,187.97000122070312,188.22999572753906,187.0800018310547,188.16000366210938,74939200,SPY
2014-03-11,188.44000244140625,188.7100067138672,186.8000030517578,187.22999572753906,99009100,SPY
2014-03-12,186.32000732421875,187.35000610351562,185.89999389648438,187.27999877929688,104824400,SPY
2014-03-13,187.83999633789062,187.99000549316406,184.66000366210938,185.17999267578125,155014300,SPY
2014-03-14,184.85000610351562,185.8000030517578,184.44000244140625,184.66000366210938,153919600,SPY
2014-03-17,185.58999633789062,186.77000427246094,185.50999450683594,186.3300018310547,98359500,SPY
2014-03-18,186.7100067138672,187.91000366210938,186.50999450683594,187.66000366210938,101804600,SPY
2014-03-19,187.67999267578125,187.94000244140625,185.47000122070312,186.66000366210938,176267300,SPY
2014-03-20,186.25,187.88999938964844,185.9199981689453,187.75,117241000,SPY
2014-03-21,187.7100067138672,189.02000427246094,186.02999877929688,186.1999969482422,163128000,SPY
2014-03-24,186.83999633789062,187.07000732421875,184.6199951171875,185.42999267578125,121411000,SPY
2014-03-25,186.3699951171875,186.94000244140625,185.27000427246094,186.30999755859375,103852000,SPY
2014-03-26,187.0399932861328,187.33999633789062,184.9199981689453,184.97000122070312,119843000,SPY
2014-03-27,184.75,185.33999633789062,183.89999389648438,184.5800018310547,142383000,SPY
2014-03-28,185.11000061035156,186.4199981689453,185.0,185.49000549316406,101642000,SPY
2014-03-31,186.6699981689453,187.3000030517578,185.52000427246094,187.00999450683594,99745000,SPY
2014-04-01,187.6199951171875,188.36000061035156,187.0,188.25,89193000,SPY
2014-04-02,188.49000549316406,189.1300048828125,188.13999938964844,188.8800048828125,78774000,SPY
2014-04-03,189.1699981689453,189.22000122070312,188.0500030517578,188.6300048828125,77435000,SPY
2014-04-04,189.66000366210938,189.6999969482422,186.10000610351562,186.39999389648438,169381000,SPY
2014-04-07,185.9499969482422,186.25999450683594,183.9600067138672,184.33999633789062,140803000,SPY
2014-04-08,184.25999450683594,185.39999389648438,183.58999633789062,185.10000610351562,112660000,SPY
2014-04-09,185.60000610351562,187.14999389648438,185.05999755859375,187.08999633789062,100254000,SPY
2014-04-10,187.0800018310547,187.1699981689453,182.92999267578125,183.16000366210938,172959000,SPY
2014-04-11,182.13999938964844,183.4199981689453,181.30999755859375,181.50999450683594,167251000,SPY
2014-04-14,182.92999267578125,183.3699951171875,181.44000244140625,182.94000244140625,132382000,SPY
2014-04-15,183.32000732421875,184.3300018310547,181.50999450683594,184.1999969482422,157093000,SPY
2014-04-16,185.47000122070312,186.13999938964844,184.64999389648438,186.1300048828125,105197000,SPY
2014-04-17,185.8800048828125,186.91000366210938,185.55999755859375,186.38999938964844,105255000,SPY
2014-04-21,186.44000244140625,187.10000610351562,186.2100067138672,187.0399932861328,68329000,SPY
2014-04-22,187.22999572753906,188.39999389648438,187.1300048828125,187.88999938964844,85790000,SPY
2014-04-23,187.82000732421875,187.9199981689453,187.3000030517578,187.4499969482422,73869000,SPY
2014-04-24,188.3699951171875,188.38999938964844,186.92999267578125,187.8300018310547,88170000,SPY
2014-04-25,187.22000122070312,187.3300018310547,185.8699951171875,186.2899932861328,100380000,SPY
2014-04-28,187.0500030517578,187.69000244140625,184.9600067138672,186.8800048828125,135121000,SPY
2014-04-29,187.47999572753906,188.0399932861328,187.0800018310547,187.75,84098000,SPY
2014-04-30,187.44000244140625,188.5,187.17999267578125,188.30999755859375,101508000,SPY
2014-05-01,188.22000122070312,188.83999633789062,187.72999572753906,188.3300018310547,93019000,SPY
2014-05-02,188.30999755859375,189.13999938964844,187.77999877929688,188.05999755859375,98122000,SPY
2014-05-05,187.13999938964844,188.5500030517578,186.6199951171875,188.4199981689453,75883000,SPY
2014-05-06,188.0,188.1300048828125,186.74000549316406,186.77999877929688,85454000,SPY
2014-05-07,187.41000366210938,187.97000122070312,186.00999450683594,187.8800048828125,106500000,SPY
2014-05-08,187.7100067138672,189.0500030517578,187.0800018310547,187.67999267578125,93618000,SPY
2014-05-09,187.7100067138672,188.0399932861328,186.8300018310547,187.9600067138672,83679000,SPY
2014-05-12,188.8000030517578,189.8800048828125,188.0,189.7899932861328,86940000,SPY
2014-05-13,190.0399932861328,190.4199981689453,189.77000427246094,189.9600067138672,66454000,SPY
2014-05-14,189.7899932861328,189.8800048828125,188.7899932861328,189.05999755859375,72367000,SPY
2014-05-15,188.67999267578125,188.72000122070312,186.47999572753906,187.39999389648438,154956000,SPY
2014-05-16,187.50999450683594,188.1300048828125,186.72000122070312,188.0500030517578,97458000,SPY
2014-05-19,187.69000244140625,188.88999938964844,187.52000427246094,188.74000549316406,63839000,SPY
2014-05-20,188.64999389648438,188.6699981689453,187.07000732421875,187.5500030517578,111644000,SPY
2014-05-21,188.08999633789062,189.22000122070312,188.05999755859375,189.1300048828125,89093000,SPY
2014-05-22,189.17999267578125,189.97999572753906,188.86000061035156,189.58999633789062,61549000,SPY
2014-05-23,189.75999450683594,190.47999572753906,189.58999633789062,190.35000610351562,61092800,SPY
2014-05-27,191.05999755859375,191.5800018310547,190.9499969482422,191.52000427246094,72010000,SPY
2014-05-28,191.52000427246094,191.82000732421875,191.05999755859375,191.3800048828125,66723000,SPY
2014-05-29,191.82000732421875,192.39999389648438,191.3300018310547,192.3699951171875,64377000,SPY
2014-05-30,192.19000244140625,192.8000030517578,192.02999877929688,192.67999267578125,76316000,SPY
2014-06-02,192.9499969482422,192.99000549316406,191.97000122070312,192.89999389648438,64656000,SPY
2014-06-03,192.42999267578125,192.89999389648438,192.25,192.8000030517578,65047000,SPY
2014-06-04,192.47000122070312,193.3000030517578,192.27000427246094,193.19000244140625,55529000,SPY
2014-06-05,193.41000366210938,194.64999389648438,192.6999969482422,194.4499969482422,92103000,SPY
2014-06-06,194.8699951171875,195.42999267578125,194.77999877929688,195.3800048828125,78696000,SPY
2014-06-09,195.35000610351562,196.0500030517578,195.1699981689453,195.5800018310547,65119000,SPY
2014-06-10,195.33999633789062,195.63999938964844,194.9199981689453,195.60000610351562,57129000,SPY
2014-06-11,194.89999389648438,195.1199951171875,194.47999572753906,194.9199981689453,68772000,SPY
2014-06-12,194.69000244140625,194.8000030517578,193.11000061035156,193.5399932861328,106350000,SPY
2014-06-13,193.9199981689453,194.32000732421875,193.3000030517578,194.1300048828125,82017000,SPY
2014-06-16,193.88999938964844,194.6999969482422,193.66000366210938,194.2899932861328,87424000,SPY
2014-06-17,194.02000427246094,194.97000122070312,193.80999755859375,194.8300018310547,84834000,SPY
2014-06-18,194.8300018310547,196.3699951171875,194.39999389648438,196.25999450683594,105267000,SPY
2014-06-19,196.42999267578125,196.60000610351562,195.8000030517578,196.47999572753906,85929000,SPY
2014-06-20,196.02999877929688,196.10000610351562,195.6999969482422,195.94000244140625,100587000,SPY
2014-06-23,195.99000549316406,196.0500030517578,195.52000427246094,195.8800048828125,70611000,SPY
2014-06-24,195.52999877929688,196.5,194.47999572753906,194.6999969482422,96237000,SPY
2014-06-25,194.2899932861328,195.77999877929688,194.25,195.5800018310547,82782000,SPY
2014-06-26,195.61000061035156,195.6300048828125,194.1300048828125,195.44000244140625,84312000,SPY
2014-06-27,194.97999572753906,195.8800048828125,194.88999938964844,195.82000732421875,71445100,SPY
2014-06-30,195.6999969482422,196.1699981689453,195.52999877929688,195.72000122070312,70201200,SPY
2014-07-01,196.1999969482422,197.6300048828125,196.1300048828125,197.02999877929688,90470000,SPY
2014-07-02,197.0500030517578,197.47999572753906,196.9600067138672,197.22999572753906,52475000,SPY
2014-07-03,197.7899932861328,198.2899932861328,197.63999938964844,198.1999969482422,52938800,SPY
2014-07-07,197.82000732421875,197.97999572753906,197.22000122070312,197.50999450683594,61696000,SPY
2014-07-08,197.14999389648438,197.22000122070312,195.75999450683594,196.24000549316406,108143000,SPY
2014-07-09,196.72999572753906,197.3000030517578,196.30999755859375,197.1199951171875,72992000,SPY
2014-07-10,195.22000122070312,196.86000061035156,195.05999755859375,196.33999633789062,99040000,SPY
2014-07-11,196.22000122070312,196.75,195.77999877929688,196.61000061035156,64243000,SPY
2014-07-14,197.61000061035156,197.86000061035156,197.44000244140625,197.60000610351562,58658000,SPY
2014-07-15,197.72000122070312,198.10000610351562,196.36000061035156,197.22999572753906,111307000,SPY
2014-07-16,198.11000061035156,198.25999450683594,197.4199981689453,197.9600067138672,79986400,SPY
2014-07-17,197.35000610351562,198.10000610351562,195.42999267578125,195.7100067138672,145398000,SPY
2014-07-18,196.35000610351562,197.91000366210938,196.24000549316406,197.7100067138672,124330000,SPY
2014-07-21,197.08999633789062,197.5,196.42999267578125,197.33999633789062,67592000,SPY
2014-07-22,198.00999450683594,198.55999755859375,197.8699951171875,198.1999969482422,67678000,SPY
2014-07-23,198.5,198.85000610351562,198.10000610351562,198.63999938964844,65612000,SPY
2014-07-24,198.8300018310547,199.05999755859375,198.4499969482422,198.64999389648438,56888000,SPY
2014-07-25,198.08999633789062,198.25999450683594,197.3300018310547,197.72000122070312,76837000,SPY
2014-07-28,197.75999450683594,198.08999633789062,196.6199951171875,197.8000030517578,69259000,SPY
2014-07-29,198.1699981689453,198.4499969482422,196.9199981689453,196.9499969482422,80466000,SPY
2014-07-30,197.64999389648438,197.91000366210938,196.16000366210938,196.97999572753906,104222000,SPY
2014-07-31,195.61000061035156,195.77999877929688,192.97000122070312,193.08999633789062,183479000,SPY
2014-08-01,192.55999755859375,193.75999450683594,191.57000732421875,192.5,189261000,SPY
2014-08-04,192.8699951171875,194.3000030517578,192.0500030517578,193.88999938964844,91340000,SPY
2014-08-05,193.10000610351562,193.60000610351562,191.30999755859375,192.00999450683594,152690000,SPY
2014-08-06,191.11000061035156,192.88999938964844,191.0800018310547,192.07000732421875,94818000,SPY
2014-08-07,192.94000244140625,193.1300048828125,190.5500030517578,191.02999877929688,135733000,SPY
2014-08-08,191.4600067138672,193.3699951171875,190.9499969482422,193.24000549316406,117014000,SPY
2014-08-11,193.97000122070312,194.66000366210938,193.7100067138672,193.8000030517578,74544000,SPY
2014-08-12,193.61000061035156,194.14999389648438,192.94000244140625,193.52999877929688,73632000,SPY
2014-08-13,194.2899932861328,195.05999755859375,193.9600067138672,194.83999633789062,69047000,SPY
2014-08-14,195.16000366210938,195.75999450683594,194.97999572753906,195.75999450683594,57371000,SPY
2014-08-15,196.47000122070312,196.64999389648438,194.30999755859375,195.72000122070312,139951000,SPY
2014-08-18,196.8000030517578,197.4499969482422,196.69000244140625,197.36000061035156,75424000,SPY
2014-08-19,197.83999633789062,198.5399932861328,197.44000244140625,198.38999938964844,59135000,SPY
2014-08-20,198.1199951171875,199.16000366210938,198.0800018310547,198.9199981689453,72763000,SPY
2014-08-21,199.08999633789062,199.75999450683594,198.92999267578125,199.5,67791000,SPY
2014-08-22,199.33999633789062,199.69000244140625,198.74000549316406,199.19000244140625,76107000,SPY
2014-08-25,200.13999938964844,200.58999633789062,199.14999389648438,200.1999969482422,63855000,SPY
2014-08-26,200.3300018310547,200.82000732421875,200.27999877929688,200.3300018310547,47298000,SPY
2014-08-27,200.42999267578125,200.57000732421875,199.94000244140625,200.25,47874000,SPY
2014-08-28,199.58999633789062,200.27000427246094,199.38999938964844,200.13999938964844,58330000,SPY
2014-08-29,200.4499969482422,200.72999572753906,199.82000732421875,200.7100067138672,65907000,SPY
2014-09-02,200.97000122070312,201.0,199.86000061035156,200.61000061035156,72426000,SPY
2014-09-03,201.3800048828125,201.41000366210938,200.22000122070312,200.5,57462000,SPY
2014-09-04,200.83999633789062,201.5800018310547,199.66000366210938,200.2100067138672,85236000,SPY
2014-09-05,200.1699981689453,201.19000244140625,199.41000366210938,201.11000061035156,102177000,SPY
2014-09-08,200.9199981689453,201.2100067138672,200.0,200.58999633789062,64146000,SPY
2014-09-09,200.41000366210938,200.5500030517578,198.91000366210938,199.32000732421875,88591000,SPY
2014-09-10,199.42999267578125,200.1999969482422,198.77000427246094,200.07000732421875,67251000,SPY
2014-09-11,199.27000427246094,200.3300018310547,199.1199951171875,200.3000030517578,66774400,SPY
2014-09-12,200.10000610351562,200.1199951171875,198.55999755859375,199.1300048828125,117409300,SPY
2014-09-15,199.16000366210938,199.32000732421875,198.3800048828125,198.97999572753906,76401000,SPY
2014-09-16,198.61000061035156,200.83999633789062,198.5,200.47999572753906,116201000,SPY
2014-09-17,200.77000427246094,201.67999267578125,199.75,200.75,151266000,SPY
2014-09-18,201.36000061035156,201.85000610351562,201.10000610351562,201.82000732421875,94990000,SPY
2014-09-19,201.52000427246094,201.89999389648438,200.2899932861328,200.6999969482422,121649000,SPY
2014-09-22,200.35000610351562,200.3800048828125,198.72999572753906,199.14999389648438,125553000,SPY
2014-09-23,198.42999267578125,199.25999450683594,197.9499969482422,198.00999450683594,111393000,SPY
2014-09-24,198.0399932861328,199.69000244140625,197.52000427246094,199.55999755859375,107276000,SPY
2014-09-25,199.0399932861328,199.0500030517578,196.27000427246094,196.33999633789062,150300000,SPY
2014-09-26,196.6999969482422,198.38999938964844,196.4199981689453,197.89999389648438,103547000,SPY
2014-09-29,196.1999969482422,197.88999938964844,196.0500030517578,197.5399932861328,95112000,SPY
2014-09-30,197.69000244140625,198.3000030517578,196.61000061035156,197.02000427246094,131302000,SPY
2014-10-01,196.6999969482422,196.77000427246094,193.91000366210938,194.35000610351562,177798000,SPY
2014-10-02,194.17999267578125,195.05999755859375,192.35000610351562,194.3800048828125,157285000,SPY
2014-10-03,195.67999267578125,196.94000244140625,195.0800018310547,196.52000427246094,121569000,SPY
2014-10-06,197.33999633789062,197.60000610351562,195.5800018310547,196.2899932861328,104778000,SPY
2014-10-07,195.27999877929688,195.72000122070312,193.22000122070312,193.25999450683594,147913000,SPY
2014-10-08,193.3699951171875,196.9199981689453,192.36000061035156,196.63999938964844,186461000,SPY
2014-10-09,196.3300018310547,196.60000610351562,192.5800018310547,192.74000549316406,210705000,SPY
2014-10-10,192.69000244140625,193.64999389648438,190.49000549316406,190.5399932861328,221909000,SPY
2014-10-13,190.4600067138672,191.14999389648438,187.3000030517578,187.41000366210938,230939000,SPY
2014-10-14,188.4199981689453,189.82000732421875,187.0399932861328,187.6999969482422,215847000,SPY
2014-10-15,185.16000366210938,187.69000244140625,181.9199981689453,186.42999267578125,380715000,SPY
2014-10-16,183.05999755859375,187.5800018310547,182.88999938964844,186.27000427246094,270391000,SPY
2014-10-17,188.4199981689453,189.75,187.6199951171875,188.47000122070312,214625000,SPY
2014-10-20,188.1300048828125,190.4499969482422,188.07000732421875,190.3000030517578,130011000,SPY
2014-10-21,191.67999267578125,194.1999969482422,191.47999572753906,194.07000732421875,154949000,SPY
2014-10-22,194.41000366210938,194.91000366210938,192.61000061035156,192.69000244140625,151822000,SPY
2014-10-23,194.6199951171875,196.1999969482422,194.25999450683594,194.92999267578125,154944000,SPY
2014-10-24,195.25,196.49000549316406,194.49000549316406,196.42999267578125,117927000,SPY
2014-10-27,195.72999572753906,196.4499969482422,195.02999877929688,196.16000366210938,82954000,SPY
2014-10-28,196.82000732421875,198.4199981689453,196.72999572753906,198.41000366210938,106736000,SPY
2014-10-29,198.5500030517578,199.1199951171875,196.8000030517578,198.11000061035156,142557000,SPY
2014-10-30,197.5800018310547,199.9499969482422,197.39999389648438,199.3800048828125,113330000,SPY
2014-10-31,201.77999877929688,201.82000732421875,200.77000427246094,201.66000366210938,146903000,SPY
2014-11-03,201.9199981689453,202.4499969482422,201.30999755859375,201.77000427246094,93600000,SPY
2014-11-04,201.22999572753906,201.60000610351562,200.05999755859375,201.07000732421875,93343000,SPY
2014-11-05,202.5399932861328,202.58999633789062,201.4499969482422,202.33999633789062,91709000,SPY
2014-11-06,202.38999938964844,203.25999450683594,201.63999938964844,203.14999389648438,107089000,SPY
2014-11-07,203.1699981689453,203.60000610351562,202.61000061035156,203.33999633789062,89540000,SPY
2014-11-10,203.3800048828125,204.0399932861328,203.1300048828125,203.97999572753906,66319000,SPY
2014-11-11,204.05999755859375,204.30999755859375,203.64999389648438,204.17999267578125,54499400,SPY
2014-11-12,203.35000610351562,204.24000549316406,203.30999755859375,203.9600067138672,90120300,SPY
2014-11-13,204.16000366210938,204.8300018310547,203.2100067138672,204.19000244140625,85357900,SPY
2014-11-14,204.10000610351562,204.49000549316406,203.72000122070312,204.24000549316406,80417500,SPY
2014-11-17,203.85000610351562,204.5800018310547,203.64999389648438,204.3699951171875,80441000,SPY
2014-11-18,204.44000244140625,205.9199981689453,204.44000244140625,205.5500030517578,76068100,SPY
2014-11-19,205.30999755859375,205.5500030517578,204.3000030517578,205.22000122070312,82373000,SPY
2014-11-20,204.25999450683594,205.7100067138672,204.17999267578125,205.5800018310547,72840300,SPY
2014-11-21,207.63999938964844,207.83999633789062,205.97999572753906,206.67999267578125,142327300,SPY
2014-11-24,207.1699981689453,207.38999938964844,206.91000366210938,207.25999450683594,65880800,SPY
2014-11-25,207.5399932861328,207.7899932861328,206.8000030517578,207.11000061035156,79108300,SPY
2014-11-26,207.2899932861328,207.75999450683594,207.02999877929688,207.63999938964844,62167800,SPY
2014-11-28,207.49000549316406,207.8699951171875,206.91000366210938,207.1999969482422,57890100,SPY
2014-12-01,206.39999389648438,206.5399932861328,205.3800048828125,205.75999450683594,103968400,SPY
2014-12-02,205.80999755859375,207.33999633789062,205.77999877929688,207.08999633789062,74507200,SPY
2014-12-03,207.3000030517578,208.14999389648438,207.10000610351562,207.88999938964844,68952000,SPY
2014-12-04,207.5399932861328,208.27000427246094,206.6999969482422,207.66000366210938,91316600,SPY
2014-12-05,207.8699951171875,208.47000122070312,207.5500030517578,208.0,91025500,SPY
2014-12-08,207.52000427246094,208.1199951171875,205.92999267578125,206.61000061035156,108588200,SPY
2014-12-09,204.3699951171875,206.60000610351562,203.91000366210938,206.47000122070312,125180100,SPY
2014-12-10,205.91000366210938,205.97999572753906,202.92999267578125,203.16000366210938,159856400,SPY
2014-12-11,203.8800048828125,206.19000244140625,203.7100067138672,204.19000244140625,159012800,SPY
2014-12-12,202.63999938964844,203.82000732421875,200.85000610351562,200.88999938964844,202330200,SPY
2014-12-15,201.97999572753906,202.52999877929688,198.77999877929688,199.50999450683594,189965800,SPY
2014-12-16,198.5800018310547,202.39999389648438,197.86000061035156,197.91000366210938,259543800,SPY
2014-12-17,198.44000244140625,202.33999633789062,198.2899932861328,201.7899932861328,253910100,SPY
2014-12-18,204.74000549316406,212.97000122070312,203.9199981689453,206.77999877929688,257633900,SPY
2014-12-19,206.42999267578125,207.3300018310547,205.61000061035156,206.52000427246094,245084600,SPY
2014-12-22,206.75,207.47000122070312,206.4600067138672,207.47000122070312,148318900,SPY
2014-12-23,208.1699981689453,208.22999572753906,207.39999389648438,207.75,122167900,SPY
2014-12-24,208.02000427246094,208.33999633789062,207.72000122070312,207.77000427246094,42963400,SPY
2014-12-26,208.30999755859375,208.85000610351562,208.25,208.44000244140625,57326700,SPY
2014-12-29,208.22000122070312,208.97000122070312,208.13999938964844,208.72000122070312,79643900,SPY
2014-12-30,208.2100067138672,208.3699951171875,207.50999450683594,207.60000610351562,73540800,SPY
2014-12-31,207.99000549316406,208.19000244140625,205.38999938964844,205.5399932861328,130333800,SPY
2015-01-02,206.3800048828125,206.8800048828125,204.17999267578125,205.42999267578125,121465900,SPY
2015-01-05,204.1699981689453,204.3699951171875,201.35000610351562,201.72000122070312,169632600,SPY
2015-01-06,202.08999633789062,202.72000122070312,198.86000061035156,199.82000732421875,209151400,SPY
2015-01-07,201.4199981689453,202.72000122070312,200.8800048828125,202.30999755859375,125346700,SPY
2015-01-08,204.00999450683594,206.16000366210938,203.99000549316406,205.89999389648438,147217800,SPY
2015-01-09,206.39999389648438,206.4199981689453,203.50999450683594,204.25,158567300,SPY
2015-01-12,204.41000366210938,204.60000610351562,201.9199981689453,202.64999389648438,144396100,SPY
2015-01-13,204.1199951171875,205.47999572753906,200.50999450683594,202.0800018310547,214553300,SPY
2015-01-14,199.64999389648438,201.10000610351562,198.57000732421875,200.86000061035156,192991100,SPY
2015-01-15,201.6300048828125,202.00999450683594,198.8800048828125,199.02000427246094,176613900,SPY
2015-01-16,198.77000427246094,201.82000732421875,198.5500030517578,201.6300048828125,211879600,SPY
2015-01-20,202.39999389648438,202.72000122070312,200.1699981689453,202.05999755859375,130991100,SPY
2015-01-21,201.5,203.66000366210938,200.94000244140625,203.0800018310547,122942700,SPY
2015-01-22,203.99000549316406,206.25999450683594,202.3300018310547,206.10000610351562,174356000,SPY
2015-01-23,205.7899932861328,206.10000610351562,204.80999755859375,204.97000122070312,117516800,SPY
2015-01-26,204.7100067138672,205.55999755859375,203.85000610351562,205.4499969482422,92009700,SPY
2015-01-27,202.97000122070312,204.1199951171875,201.74000549316406,202.74000549316406,134044600,SPY
2015-01-28,204.1699981689453,204.2899932861328,199.91000366210938,200.13999938964844,168514300,SPY
2015-01-29,200.3800048828125,202.3000030517578,198.67999267578125,201.99000549316406,173585400,SPY
2015-01-30,200.57000732421875,202.1699981689453,199.1300048828125,199.4499969482422,197729700,SPY
2015-02-02,200.0500030517578,202.02999877929688,197.86000061035156,201.9199981689453,163107000,SPY
2015-02-03,203.0,204.85000610351562,202.5500030517578,204.83999633789062,124212900,SPY
2015-02-04,203.9199981689453,205.3800048828125,203.50999450683594,204.05999755859375,134306700,SPY
2015-02-05,204.86000061035156,206.3000030517578,204.77000427246094,206.1199951171875,97953200,SPY
2015-02-06,206.55999755859375,207.24000549316406,204.9199981689453,205.5500030517578,125672000,SPY
2015-02-09,204.77000427246094,205.63999938964844,204.13999938964844,204.6300048828125,87219000,SPY
2015-02-10,205.8800048828125,207.1199951171875,204.67999267578125,206.80999755859375,96164200,SPY
2015-02-11,206.61000061035156,207.4499969482422,205.8300018310547,206.92999267578125,91087800,SPY
2015-02-12,207.88999938964844,208.99000549316406,206.97000122070312,208.9199981689453,97545900,SPY
2015-02-13,209.07000732421875,209.83999633789062,208.75999450683594,209.77999877929688,93670400,SPY
2015-02-17,209.39999389648438,210.32000732421875,209.10000610351562,210.11000061035156,76968200,SPY
2015-02-18,209.66000366210938,210.22000122070312,209.33999633789062,210.1300048828125,80652900,SPY
2015-02-19,209.41000366210938,210.4199981689453,209.24000549316406,209.97999572753906,91462500,SPY
2015-02-20,209.47999572753906,211.3300018310547,208.72999572753906,211.24000549316406,140896400,SPY
2015-02-23,210.94000244140625,211.2100067138672,210.47999572753906,211.2100067138672,74411100,SPY
2015-02-24,211.1199951171875,212.0500030517578,210.75999450683594,211.80999755859375,72472300,SPY
2015-02-25,211.66000366210938,212.24000549316406,211.22000122070312,211.6300048828125,73061700,SPY
2015-02-26,211.52000427246094,211.7100067138672,210.64999389648438,211.3800048828125,72697900,SPY
2015-02-27,211.25999450683594,211.5800018310547,210.60000610351562,210.66000366210938,108076000,SPY
2015-03-02,210.77999877929688,212.05999755859375,210.72000122070312,211.99000549316406,87491400,SPY
2015-03-03,211.47000122070312,212.0500030517578,210.0800018310547,211.1199951171875,110325800,SPY
2015-03-04,210.39999389648438,210.49000549316406,209.05999755859375,210.22999572753906,114497200,SPY
2015-03-05,210.6199951171875,210.8000030517578,209.85000610351562,210.4600067138672,76873000,SPY
2015-03-06,209.4199981689453,209.94000244140625,207.10000610351562,207.5,188128000,SPY
2015-03-09,207.74000549316406,208.7899932861328,207.5500030517578,208.36000061035156,89818900,SPY
2015-03-10,206.7100067138672,206.80999755859375,204.92999267578125,204.97999572753906,157121300,SPY
2015-03-11,205.2899932861328,205.5,204.39999389648438,204.5,110145700,SPY
2015-03-12,205.25999450683594,207.17999267578125,205.1999969482422,207.10000610351562,93993500,SPY
2015-03-13,206.77000427246094,207.92999267578125,204.5800018310547,205.8300018310547,162410900,SPY
2015-03-16,206.7100067138672,208.69000244140625,205.86000061035156,208.5800018310547,136099200,SPY
2015-03-17,207.69000244140625,208.4199981689453,206.97999572753906,207.9600067138672,94510400,SPY
2015-03-18,207.38999938964844,211.27000427246094,206.6199951171875,210.4600067138672,228808500,SPY
2015-03-19,209.9600067138672,210.47000122070312,209.02999877929688,209.5,117917300,SPY
2015-03-20,209.7100067138672,211.02000427246094,209.49000549316406,210.41000366210938,177715100,SPY
2015-03-23,210.4199981689453,211.11000061035156,210.0,210.0,71784500,SPY
2015-03-24,209.85000610351562,210.39999389648438,208.74000549316406,208.82000732421875,77805300,SPY
2015-03-25,209.07000732421875,209.35000610351562,205.7100067138672,205.75999450683594,159521700,SPY
2015-03-26,204.9600067138672,206.3699951171875,204.1199951171875,205.27000427246094,153067200,SPY
2015-03-27,205.1300048828125,205.9499969482422,204.89999389648438,205.74000549316406,118939000,SPY
2015-03-30,206.97999572753906,208.61000061035156,206.9600067138672,208.25,96180400,SPY
2015-03-31,207.25999450683594,208.10000610351562,206.36000061035156,206.42999267578125,126768700,SPY
2015-04-01,206.38999938964844,206.4199981689453,204.50999450683594,205.6999969482422,137303600,SPY
2015-04-02,205.6199951171875,206.97999572753906,205.39999389648438,206.44000244140625,86900900,SPY
2015-04-06,205.3699951171875,208.4499969482422,205.2100067138672,207.8300018310547,114368200,SPY
2015-04-07,207.86000061035156,208.75999450683594,207.24000549316406,207.27999877929688,81236300,SPY
2015-04-08,207.5500030517578,208.50999450683594,207.0800018310547,207.97999572753906,89351900,SPY
2015-04-09,207.77999877929688,209.17999267578125,207.19000244140625,208.89999389648438,85548900,SPY
2015-04-10,209.1999969482422,210.08999633789062,208.9600067138672,210.0399932861328,72722900,SPY
2015-04-13,209.8699951171875,210.6300048828125,209.02999877929688,209.08999633789062,74436600,SPY
2015-04-14,208.85000610351562,209.7100067138672,208.10000610351562,209.49000549316406,75099900,SPY
2015-04-15,210.0500030517578,211.0399932861328,209.9499969482422,210.42999267578125,99529300,SPY
2015-04-16,210.02999877929688,210.97999572753906,209.7899932861328,210.3699951171875,68934900,SPY
2015-04-17,208.94000244140625,209.22999572753906,207.00999450683594,207.9499969482422,191113200,SPY
2015-04-20,209.05999755859375,210.25,208.9600067138672,209.85000610351562,92189500,SPY
2015-04-21,210.6699981689453,210.86000061035156,209.24000549316406,209.60000610351562,72559800,SPY
2015-04-22,210.00999450683594,210.85000610351562,208.89999389648438,210.6300048828125,78264600,SPY
2015-04-23,210.14999389648438,211.94000244140625,210.00999450683594,211.16000366210938,102585900,SPY
2015-04-24,211.66000366210938,211.97000122070312,211.11000061035156,211.64999389648438,61327400,SPY
2015-04-27,212.3300018310547,212.47999572753906,210.5399932861328,210.77000427246094,79358100,SPY
2015-04-28,210.74000549316406,211.5,209.3300018310547,211.44000244140625,86863500,SPY
2015-04-29,210.3699951171875,211.2899932861328,209.60000610351562,210.57000732421875,125684900,SPY
2015-04-30,209.8800048828125,210.35000610351562,207.6199951171875,208.4600067138672,161304900,SPY
2015-05-01,209.39999389648438,210.77000427246094,209.27999877929688,210.72000122070312,103399700,SPY
2015-05-04,211.22999572753906,212.02000427246094,211.10000610351562,211.32000732421875,70927200,SPY
2015-05-05,211.02999877929688,211.4600067138672,208.72999572753906,208.89999389648438,113326200,SPY
2015-05-06,209.55999755859375,209.92999267578125,206.75999450683594,208.0399932861328,135060200,SPY
2015-05-07,207.9199981689453,209.3800048828125,207.52000427246094,208.8699951171875,88244900,SPY
2015-05-08,210.8800048828125,211.86000061035156,210.77999877929688,211.6199951171875,155877300,SPY
2015-05-11,211.57000732421875,211.88999938964844,210.52000427246094,210.61000061035156,75708100,SPY
2015-05-12,209.61000061035156,210.6300048828125,208.6199951171875,209.97999572753906,119727600,SPY
2015-05-13,210.47000122070312,211.22000122070312,209.74000549316406,210.02000427246094,94667900,SPY
2015-05-14,211.24000549316406,212.32000732421875,210.91000366210938,212.2100067138672,95934000,SPY
2015-05-15,212.44000244140625,212.61000061035156,211.86000061035156,212.44000244140625,76510100,SPY
2015-05-18,212.24000549316406,213.39999389648438,212.16000366210938,213.10000610351562,74549700,SPY
2015-05-19,213.24000549316406,213.57000732421875,212.69000244140625,213.02999877929688,72114600,SPY
2015-05-20,213.14999389648438,213.77999877929688,212.5,212.8800048828125,76857500,SPY
2015-05-21,212.7100067138672,213.75,212.50999450683594,213.5,64764600,SPY
2015-05-22,213.0399932861328,213.5399932861328,212.91000366210938,212.99000549316406,57433500,SPY
2015-05-26,212.39999389648438,212.91000366210938,210.1999969482422,210.6999969482422,124308600,SPY
2015-05-27,211.25,212.97999572753906,210.75999450683594,212.6999969482422,93214000,SPY
2015-05-28,212.3300018310547,212.58999633789062,211.6300048828125,212.4600067138672,74974600,SPY
2015-05-29,212.3800048828125,212.42999267578125,210.82000732421875,211.13999938964844,124919600,SPY
2015-06-01,211.94000244140625,212.33999633789062,210.6199951171875,211.57000732421875,93338800,SPY
2015-06-02,211.02000427246094,212.19000244140625,210.27000427246094,211.36000061035156,91531000,SPY
2015-06-03,212.0,212.6699981689453,211.3300018310547,211.9199981689453,87820900,SPY
2015-06-04,211.07000732421875,211.86000061035156,209.75,210.1300048828125,151882800,SPY
2015-06-05,209.9499969482422,210.5800018310547,208.97999572753906,209.77000427246094,121704700,SPY
2015-06-08,209.63999938964844,209.82000732421875,208.38999938964844,208.47999572753906,89063300,SPY
2015-06-09,208.4499969482422,209.10000610351562,207.69000244140625,208.4499969482422,105034700,SPY
2015-06-10,209.3699951171875,211.41000366210938,209.3000030517578,210.9499969482422,134551300,SPY
2015-06-11,211.47999572753906,212.08999633789062,211.1999969482422,211.6300048828125,73876400,SPY
2015-06-12,210.63999938964844,211.47999572753906,209.67999267578125,210.00999450683594,135382400,SPY
2015-06-15,208.63999938964844,209.4499969482422,207.7899932861328,209.11000061035156,124384200,SPY
2015-06-16,208.92999267578125,210.35000610351562,208.72000122070312,210.25,85308200,SPY
2015-06-17,210.58999633789062,211.32000732421875,209.36000061035156,210.58999633789062,126708600,SPY
2015-06-18,211.30999755859375,213.33999633789062,210.6300048828125,212.77999877929688,165867900,SPY
2015-06-19,211.4600067138672,211.5500030517578,210.36000061035156,210.80999755859375,130478700,SPY
2015-06-22,211.91000366210938,212.58999633789062,211.63999938964844,211.88999938964844,70696000,SPY
2015-06-23,212.13999938964844,212.44000244140625,211.57000732421875,212.0399932861328,68476800,SPY
2015-06-24,211.72000122070312,212.1699981689453,210.47000122070312,210.5,92307300,SPY
2015-06-25,211.10000610351562,211.25,209.77000427246094,209.86000061035156,97107400,SPY
2015-06-26,210.2899932861328,210.5800018310547,209.16000366210938,209.82000732421875,104174800,SPY
2015-06-29,208.0500030517578,209.8300018310547,205.3300018310547,205.4199981689453,202621300,SPY
2015-06-30,207.25999450683594,207.32000732421875,205.27999877929688,205.85000610351562,182925100,SPY
2015-07-01,207.72999572753906,208.02999877929688,206.55999755859375,207.5,135979900,SPY
2015-07-02,208.07000732421875,208.27000427246094,206.80999755859375,207.30999755859375,104373700,SPY
2015-07-06,205.77000427246094,207.64999389648438,205.52999877929688,206.72000122070312,117975400,SPY
2015-07-07,206.9600067138672,208.1699981689453,204.11000061035156,208.02000427246094,173820200,SPY
2015-07-08,206.4199981689453,206.75999450683594,204.25,204.52999877929688,164020100,SPY
2015-07-09,207.0399932861328,207.35000610351562,204.77000427246094,204.89999389648438,144113100,SPY
2015-07-10,207.2899932861328,207.97999572753906,204.9499969482422,207.47999572753906,129456900,SPY
2015-07-13,208.99000549316406,209.89999389648438,208.94000244140625,209.77000427246094,106069400,SPY
2015-07-14,209.72000122070312,211.0500030517578,209.64999389648438,210.67999267578125,81709600,SPY
2015-07-15,210.72999572753906,211.27999877929688,210.0399932861328,210.61000061035156,97914100,SPY
2015-07-16,211.8699951171875,212.3000030517578,211.5800018310547,212.3000030517578,106683300,SPY
2015-07-17,212.2899932861328,212.5500030517578,211.8000030517578,212.47999572753906,89030000,SPY
2015-07-20,212.75,213.17999267578125,212.2100067138672,212.58999633789062,70446800,SPY
2015-07-21,212.42999267578125,212.74000549316406,211.38999938964844,211.75,77965000,SPY
2015-07-22,210.92999267578125,211.77000427246094,210.88999938964844,211.3699951171875,88667900,SPY
2015-07-23,211.52999877929688,211.64999389648438,209.75,210.17999267578125,90509100,SPY
2015-07-24,210.3000030517578,210.3699951171875,207.60000610351562,208.0,117755000,SPY
2015-07-27,206.94000244140625,207.5500030517578,206.25999450683594,206.7899932861328,132361100,SPY
2015-07-28,207.7899932861328,209.5,206.8000030517578,209.3300018310547,123544800,SPY
2015-07-29,209.47999572753906,211.0399932861328,209.30999755859375,210.77000427246094,105791300,SPY
2015-07-30,210.16000366210938,211.02000427246094,209.4199981689453,210.82000732421875,91304400,SPY
2015-07-31,211.4199981689453,211.4499969482422,210.16000366210938,210.5,103266900,SPY
2015-08-03,210.4600067138672,210.52999877929688,208.64999389648438,209.7899932861328,113965700,SPY
2015-08-04,209.6999969482422,210.25,208.8000030517578,209.3800048828125,81820800,SPY
2015-08-05,210.4499969482422,211.30999755859375,209.72999572753906,210.07000732421875,85786800,SPY
2015-08-06,210.2899932861328,210.4199981689453,207.64999389648438,208.35000610351562,116030800,SPY
2015-08-07,208.16000366210938,208.33999633789062,206.8699951171875,207.9499969482422,117858000,SPY
2015-08-10,209.27999877929688,210.6699981689453,209.27999877929688,210.57000732421875,80270700,SPY
2015-08-11,208.97000122070312,209.47000122070312,207.75999450683594,208.6699981689453,126081400,SPY
2015-08-12,207.11000061035156,209.13999938964844,205.36000061035156,208.9199981689453,172123700,SPY
2015-08-13,208.72999572753906,209.5500030517578,208.00999450683594,208.66000366210938,89383300,SPY
2015-08-14,208.42999267578125,209.50999450683594,208.25999450683594,209.4199981689453,72786500,SPY
2015-08-17,208.7100067138672,210.58999633789062,208.16000366210938,210.58999633789062,79072600,SPY
2015-08-18,210.25999450683594,210.67999267578125,209.6999969482422,209.97999572753906,71692700,SPY
2015-08-19,209.08999633789062,210.00999450683594,207.35000610351562,208.32000732421875,172946000,SPY
2015-08-20,206.50999450683594,208.2899932861328,203.89999389648438,203.97000122070312,194327900,SPY
2015-08-21,201.72999572753906,203.94000244140625,197.52000427246094,197.8300018310547,346588500,SPY
2015-08-24,187.49000549316406,197.47999572753906,182.39999389648438,189.5,507244300,SPY
2015-08-25,195.42999267578125,195.4499969482422,186.9199981689453,187.27000427246094,369833100,SPY
2015-08-26,192.0800018310547,194.7899932861328,188.3699951171875,194.4600067138672,339257000,SPY
2015-08-27,197.02000427246094,199.4199981689453,195.2100067138672,199.27000427246094,274143900,SPY
2015-08-28,198.5,199.83999633789062,197.9199981689453,199.27999877929688,160414400,SPY
2015-08-31,198.11000061035156,199.1300048828125,197.00999450683594,197.6699981689453,163298800,SPY
2015-09-01,193.1199951171875,194.77000427246094,190.72999572753906,191.77000427246094,256000400,SPY
2015-09-02,194.6199951171875,195.4600067138672,192.4199981689453,195.41000366210938,160269300,SPY
2015-09-03,196.25999450683594,198.0500030517578,194.9600067138672,195.5500030517578,152087800,SPY
2015-09-04,192.85000610351562,193.86000061035156,191.61000061035156,192.58999633789062,207081000,SPY
2015-09-08,195.94000244140625,197.61000061035156,195.1699981689453,197.42999267578125,116025700,SPY
2015-09-09,199.32000732421875,199.47000122070312,194.35000610351562,194.7899932861328,149347700,SPY
2015-09-10,194.55999755859375,197.22000122070312,194.25,195.85000610351562,158611100,SPY
2015-09-11,195.3800048828125,196.82000732421875,194.52999877929688,196.74000549316406,119691200,SPY
2015-09-14,196.9499969482422,197.00999450683594,195.42999267578125,196.00999450683594,79452000,SPY
2015-09-15,196.61000061035156,198.99000549316406,195.9600067138672,198.4600067138672,113806200,SPY
2015-09-16,198.82000732421875,200.41000366210938,198.41000366210938,200.17999267578125,99581600,SPY
2015-09-17,200.02000427246094,202.88999938964844,199.27999877929688,199.72999572753906,276046600,SPY
2015-09-18,195.7100067138672,198.67999267578125,194.9600067138672,195.4499969482422,223657500,SPY
2015-09-21,196.44000244140625,197.67999267578125,195.2100067138672,196.4600067138672,105726200,SPY
2015-09-22,193.8800048828125,194.4600067138672,192.55999755859375,193.91000366210938,153890900,SPY
2015-09-23,194.11000061035156,194.6699981689453,192.91000366210938,193.60000610351562,92790600,SPY
2015-09-24,192.14999389648438,193.4499969482422,190.55999755859375,192.89999389648438,159378800,SPY
2015-09-25,194.63999938964844,195.0,191.80999755859375,192.85000610351562,155054800,SPY
2015-09-28,191.77999877929688,191.91000366210938,187.63999938964844,188.00999450683594,178515900,SPY
2015-09-29,188.27000427246094,189.74000549316406,186.92999267578125,188.1199951171875,159045600,SPY
2015-09-30,190.3699951171875,191.8300018310547,189.44000244140625,191.6300048828125,163452000,SPY
2015-10-01,192.0800018310547,192.49000549316406,189.82000732421875,192.1300048828125,131079000,SPY
2015-10-02,189.77000427246094,195.02999877929688,189.1199951171875,195.0,211003300,SPY
2015-10-05,196.4600067138672,198.74000549316406,196.3300018310547,198.47000122070312,126320800,SPY
2015-10-06,198.30999755859375,198.97999572753906,197.0,197.7899932861328,110274500,SPY
2015-10-07,198.89999389648438,199.8300018310547,197.47999572753906,199.41000366210938,124307300,SPY
2015-10-08,198.9499969482422,201.5500030517578,198.58999633789062,201.2100067138672,153055200,SPY
2015-10-09,201.3800048828125,201.89999389648438,200.5800018310547,201.3300018310547,107069200,SPY
2015-10-12,201.4199981689453,201.75999450683594,200.91000366210938,201.52000427246094,56395600,SPY
2015-10-13,200.64999389648438,202.16000366210938,200.0500030517578,200.25,88038700,SPY
2015-10-14,200.17999267578125,200.8699951171875,198.94000244140625,199.2899932861328,99106200,SPY
2015-10-15,200.0800018310547,202.36000061035156,199.63999938964844,202.35000610351562,134142200,SPY
2015-10-16,202.8300018310547,203.2899932861328,201.9199981689453,203.27000427246094,114580100,SPY
2015-10-19,202.5,203.3699951171875,202.1300048828125,203.3699951171875,76523900,SPY
2015-10-20,202.85000610351562,203.83999633789062,202.5500030517578,203.11000061035156,78448500,SPY
2015-10-21,203.61000061035156,203.7899932861328,201.64999389648438,201.85000610351562,102038000,SPY
2015-10-22,202.97999572753906,205.50999450683594,201.85000610351562,205.25999450683594,174911700,SPY
2015-10-23,207.25,207.9499969482422,206.3000030517578,207.50999450683594,144442300,SPY
2015-10-26,207.3000030517578,207.3699951171875,206.55999755859375,207.0,69033000,SPY
2015-10-27,206.1999969482422,207.0,205.7899932861328,206.60000610351562,77905800,SPY
2015-10-28,207.0,208.97999572753906,206.2100067138672,208.9499969482422,135906700,SPY
2015-10-29,208.35000610351562,209.27000427246094,208.2100067138672,208.8300018310547,90525500,SPY
2015-10-30,209.05999755859375,209.44000244140625,207.74000549316406,207.92999267578125,131076900,SPY
2015-11-02,208.32000732421875,210.6199951171875,208.1699981689453,210.38999938964844,86270800,SPY
2015-11-03,209.97000122070312,211.66000366210938,209.6999969482422,211.0,95246100,SPY
2015-11-04,211.35000610351562,211.5,209.72000122070312,210.36000061035156,96224500,SPY
2015-11-05,210.42999267578125,210.97999572753906,209.08999633789062,210.14999389648438,78408700,SPY
2015-11-06,209.74000549316406,210.32000732421875,208.4600067138672,210.0399932861328,110471500,SPY
2015-11-09,209.30999755859375,209.49000549316406,206.9499969482422,208.0800018310547,131008700,SPY
2015-11-10,207.50999450683594,208.60000610351562,207.19000244140625,208.55999755859375,75874600,SPY
2015-11-11,208.8800048828125,208.94000244140625,207.66000366210938,207.74000549316406,67846000,SPY
2015-11-12,206.5,207.05999755859375,204.82000732421875,204.83999633789062,121315200,SPY
2015-11-13,204.35000610351562,204.6699981689453,202.44000244140625,202.5399932861328,153577100,SPY
2015-11-16,202.32000732421875,205.69000244140625,202.17999267578125,205.6199951171875,117645200,SPY
2015-11-17,205.99000549316406,207.0399932861328,204.8800048828125,205.47000122070312,121123700,SPY
2015-11-18,206.0399932861328,208.89999389648438,205.99000549316406,208.72999572753906,121342500,SPY
2015-11-19,208.58999633789062,209.0500030517578,208.1999969482422,208.5500030517578,88220500,SPY
2015-11-20,209.4499969482422,210.1199951171875,208.86000061035156,209.30999755859375,94011500,SPY
2015-11-23,209.3800048828125,209.97999572753906,208.52000427246094,209.07000732421875,64931200,SPY
2015-11-24,207.8699951171875,209.8300018310547,207.41000366210938,209.35000610351562,98874400,SPY
2015-11-25,209.5,209.74000549316406,209.00999450683594,209.32000732421875,51980100,SPY
2015-11-27,209.42999267578125,209.8000030517578,208.86000061035156,209.55999755859375,37317800,SPY
2015-11-30,209.75,209.88999938964844,208.55999755859375,208.69000244140625,112822700,SPY
2015-12-01,209.44000244140625,210.82000732421875,209.11000061035156,210.67999267578125,97858400,SPY
2015-12-02,210.6199951171875,211.0,208.22999572753906,208.52999877929688,108441300,SPY
2015-12-03,208.8300018310547,209.14999389648438,204.75,205.61000061035156,166224200,SPY
2015-12-04,205.61000061035156,209.97000122070312,205.61000061035156,209.6199951171875,192913900,SPY
2015-12-07,209.22999572753906,209.72999572753906,207.1999969482422,208.35000610351562,102027100,SPY
2015-12-08,206.49000549316406,208.2899932861328,205.77999877929688,206.9499969482422,103372400,SPY
2015-12-09,206.19000244140625,208.67999267578125,204.17999267578125,205.33999633789062,162401500,SPY
2015-12-10,205.4199981689453,207.42999267578125,205.13999938964844,205.8699951171875,116128900,SPY
2015-12-11,203.35000610351562,204.13999938964844,201.50999450683594,201.8800048828125,211173300,SPY
2015-12-14,202.07000732421875,203.0500030517578,199.9499969482422,202.89999389648438,182385200,SPY
2015-12-15,204.6999969482422,206.11000061035156,202.8699951171875,205.02999877929688,154069600,SPY
2015-12-16,206.3699951171875,208.38999938964844,204.8000030517578,208.02999877929688,197017000,SPY
2015-12-17,208.39999389648438,208.47999572753906,204.83999633789062,204.86000061035156,173092500,SPY
2015-12-18,202.77000427246094,202.92999267578125,199.8300018310547,200.02000427246094,251393500,SPY
2015-12-21,201.41000366210938,201.8800048828125,200.08999633789062,201.6699981689453,99094300,SPY
2015-12-22,202.72000122070312,203.85000610351562,201.5500030517578,203.5,111026200,SPY
2015-12-23,204.69000244140625,206.07000732421875,204.5800018310547,206.02000427246094,110987200,SPY
2015-12-24,205.72000122070312,206.3300018310547,205.4199981689453,205.67999267578125,48539600,SPY
2015-12-28,204.86000061035156,205.25999450683594,203.94000244140625,205.2100067138672,65899900,SPY
2015-12-29,206.50999450683594,207.7899932861328,206.47000122070312,207.39999389648438,92640700,SPY
2015-12-30,207.11000061035156,207.2100067138672,205.75999450683594,205.92999267578125,63317700,SPY
2015-12-31,205.1300048828125,205.88999938964844,203.8699951171875,203.8699951171875,114877900,SPY
2016-01-04,200.49000549316406,201.02999877929688,198.58999633789062,201.02000427246094,222353500,SPY
2016-01-05,201.39999389648438,201.89999389648438,200.0500030517578,201.36000061035156,110845800,SPY
2016-01-06,198.33999633789062,200.05999755859375,197.60000610351562,198.82000732421875,152112600,SPY
2016-01-07,195.3300018310547,197.44000244140625,193.58999633789062,194.0500030517578,213436100,SPY
2016-01-08,195.19000244140625,195.85000610351562,191.5800018310547,191.9199981689453,209817200,SPY
2016-01-11,193.00999450683594,193.41000366210938,189.82000732421875,192.11000061035156,187941300,SPY
2016-01-12,193.82000732421875,194.5500030517578,191.13999938964844,193.66000366210938,172330500,SPY
2016-01-13,194.4499969482422,194.86000061035156,188.3800048828125,188.8300018310547,221168900,SPY
2016-01-14,189.5500030517578,193.25999450683594,187.66000366210938,191.92999267578125,240795600,SPY
2016-01-15,186.77000427246094,188.75999450683594,185.52000427246094,187.80999755859375,324846400,SPY
2016-01-19,189.9600067138672,190.11000061035156,186.1999969482422,188.05999755859375,195244400,SPY
2016-01-20,185.02999877929688,187.5,181.02000427246094,185.64999389648438,286547800,SPY
2016-01-21,186.2100067138672,188.8699951171875,184.63999938964844,186.69000244140625,195772900,SPY
2016-01-22,189.77999877929688,190.75999450683594,188.8800048828125,190.52000427246094,168319600,SPY
2016-01-25,189.9199981689453,190.14999389648438,187.41000366210938,187.63999938964844,130371700,SPY
2016-01-26,188.4199981689453,190.52999877929688,188.02000427246094,190.1999969482422,141036800,SPY
2016-01-27,189.5800018310547,191.55999755859375,187.05999755859375,188.1300048828125,185681700,SPY
2016-01-28,189.9600067138672,190.1999969482422,187.16000366210938,189.11000061035156,143798800,SPY
2016-01-29,190.02000427246094,193.8800048828125,189.8800048828125,193.72000122070312,210529300,SPY
2016-02-01,192.52999877929688,194.5800018310547,191.83999633789062,193.64999389648438,136061600,SPY
2016-02-02,191.9600067138672,191.97000122070312,189.5399932861328,190.16000366210938,182564900,SPY
2016-02-03,191.41000366210938,191.77999877929688,187.10000610351562,191.3000030517578,205054900,SPY
2016-02-04,190.7100067138672,192.75,189.9600067138672,191.60000610351562,139531800,SPY
2016-02-05,190.99000549316406,191.6699981689453,187.1999969482422,187.9499969482422,180788300,SPY
2016-02-08,185.77000427246094,186.1199951171875,182.8000030517578,185.4199981689453,191526700,SPY
2016-02-09,183.36000061035156,186.94000244140625,183.1999969482422,185.42999267578125,184513100,SPY
2016-02-10,186.41000366210938,188.33999633789062,185.1199951171875,185.27000427246094,148214100,SPY
2016-02-11,182.33999633789062,184.10000610351562,181.08999633789062,182.86000061035156,219058900,SPY
2016-02-12,184.9600067138672,186.64999389648438,183.9600067138672,186.6300048828125,127632400,SPY
2016-02-16,188.77000427246094,189.80999755859375,187.6300048828125,189.77999877929688,120250700,SPY
2016-02-17,191.16000366210938,193.32000732421875,191.00999450683594,192.8800048828125,136009500,SPY
2016-02-18,193.1999969482422,193.27000427246094,191.72000122070312,192.08999633789062,102343000,SPY
2016-02-19,191.1699981689453,192.17999267578125,190.4499969482422,192.0,114793000,SPY
2016-02-22,193.8699951171875,194.9499969482422,193.7899932861328,194.77999877929688,103640300,SPY
2016-02-23,194.0,194.32000732421875,192.17999267578125,192.32000732421875,111455300,SPY
2016-02-24,190.6300048828125,193.52999877929688,189.32000732421875,193.1999969482422,150812200,SPY
2016-02-25,193.72999572753906,195.5500030517578,192.8300018310547,195.5399932861328,110728300,SPY
2016-02-26,196.57000732421875,196.67999267578125,194.89999389648438,195.08999633789062,129833700,SPY
2016-02-29,195.11000061035156,196.22999572753906,193.3300018310547,193.55999755859375,125918100,SPY
2016-03-01,195.00999450683594,198.2100067138672,194.4499969482422,198.11000061035156,141799700,SPY
2016-03-02,197.74000549316406,199.05999755859375,197.25,199.0,102415000,SPY
2016-03-03,198.7899932861328,199.8000030517578,198.11000061035156,199.77999877929688,95172200,SPY
2016-03-04,200.00999450683594,201.35000610351562,199.02999877929688,200.42999267578125,129293600,SPY
2016-03-07,199.33999633789062,201.07000732421875,199.25,200.58999633789062,100219000,SPY
2016-03-08,199.32000732421875,199.9199981689453,198.2100067138672,198.39999389648438,123974900,SPY
2016-03-09,199.36000061035156,199.7899932861328,198.42999267578125,199.3800048828125,94801200,SPY
2016-03-10,199.9600067138672,201.07000732421875,197.3800048828125,199.5399932861328,156838700,SPY
2016-03-11,201.25999450683594,202.80999755859375,199.52000427246094,202.75999450683594,137964500,SPY
2016-03-14,202.16000366210938,203.0399932861328,201.77000427246094,202.5,73612000,SPY
2016-03-15,201.36000061035156,202.52999877929688,201.0500030517578,202.1699981689453,93169100,SPY
2016-03-16,201.60000610351562,203.82000732421875,201.5500030517578,203.33999633789062,129303200,SPY
2016-03-17,203.24000549316406,205.22999572753906,202.77000427246094,204.6300048828125,134278500,SPY
2016-03-18,204.1699981689453,204.77999877929688,203.8000030517578,204.3800048828125,138372400,SPY
2016-03-21,204.07000732421875,204.94000244140625,203.8000030517578,204.6699981689453,72926700,SPY
2016-03-22,203.75999450683594,205.22999572753906,203.57000732421875,204.55999755859375,97471900,SPY
2016-03-23,204.11000061035156,204.3300018310547,203.00999450683594,203.2100067138672,81052500,SPY
2016-03-24,202.0,203.16000366210938,201.74000549316406,203.1199951171875,84360900,SPY
2016-03-28,203.61000061035156,203.86000061035156,202.7100067138672,203.24000549316406,62408200,SPY
2016-03-29,202.75999450683594,205.25,202.39999389648438,205.1199951171875,92922900,SPY
2016-03-30,206.3000030517578,206.8699951171875,205.58999633789062,206.02000427246094,86365300,SPY
2016-03-31,205.91000366210938,206.41000366210938,205.3300018310547,205.52000427246094,94584100,SPY
2016-04-01,204.35000610351562,207.13999938964844,203.97999572753906,206.9199981689453,114423500,SPY
2016-04-04,206.8300018310547,207.07000732421875,205.88999938964844,206.25,63497000,SPY
2016-04-05,204.6699981689453,206.25999450683594,203.88999938964844,204.19000244140625,99662200,SPY
2016-04-06,204.19000244140625,206.49000549316406,203.97999572753906,206.4199981689453,91839800,SPY
2016-04-07,205.13999938964844,205.55999755859375,203.08999633789062,203.9499969482422,113859000,SPY
2016-04-08,205.33999633789062,205.85000610351562,203.8699951171875,204.5,95040600,SPY
2016-04-11,205.25,206.07000732421875,203.91000366210938,204.02000427246094,83757500,SPY
2016-04-12,204.22000122070312,206.25,203.6999969482422,205.9199981689453,115350600,SPY
2016-04-13,207.0,208.10000610351562,206.83999633789062,208.0,96336400,SPY
2016-04-14,208.07000732421875,208.60000610351562,207.60000610351562,208.00999450683594,65212900,SPY
2016-04-15,208.00999450683594,208.1699981689453,207.39999389648438,207.77999877929688,75761600,SPY
2016-04-18,207.77999877929688,209.27999877929688,207.0,209.24000549316406,82531000,SPY
2016-04-19,209.74000549316406,210.1999969482422,208.94000244140625,209.89999389648438,88316100,SPY
2016-04-20,209.9499969482422,210.9199981689453,209.38999938964844,210.10000610351562,81100300,SPY
2016-04-21,210.1199951171875,210.25,208.64999389648438,208.97000122070312,85695000,SPY
2016-04-22,208.5500030517578,209.2899932861328,207.91000366210938,208.97000122070312,99251700,SPY
2016-04-25,208.25999450683594,208.66000366210938,207.5399932861328,208.61000061035156,66166500,SPY
2016-04-26,209.0399932861328,209.52000427246094,208.36000061035156,208.9199981689453,75864200,SPY
2016-04-27,208.47000122070312,209.80999755859375,208.0500030517578,209.35000610351562,77329400,SPY
2016-04-28,208.4600067138672,209.75999450683594,206.9600067138672,207.4499969482422,97216200,SPY
2016-04-29,206.72000122070312,207.1300048828125,205.02999877929688,206.3300018310547,142424100,SPY
2016-05-02,206.9199981689453,208.17999267578125,206.41000366210938,207.97000122070312,62188000,SPY
2016-05-03,206.52000427246094,206.8000030517578,205.27999877929688,206.16000366210938,106422100,SPY
2016-05-04,204.99000549316406,205.85000610351562,204.4199981689453,205.00999450683594,92243800,SPY
2016-05-05,205.55999755859375,205.97999572753906,204.47000122070312,204.97000122070312,67619200,SPY
2016-05-06,204.05999755859375,205.77000427246094,203.8800048828125,205.72000122070312,89315000,SPY
2016-05-09,205.57000732421875,206.39999389648438,205.36000061035156,205.88999938964844,74374900,SPY
2016-05-10,206.72000122070312,208.47000122070312,206.63999938964844,208.4499969482422,77472200,SPY
2016-05-11,207.91000366210938,208.5399932861328,206.5,206.5,81727000,SPY
2016-05-12,207.2899932861328,207.49000549316406,205.3699951171875,206.55999755859375,89586300,SPY
2016-05-13,206.2100067138672,206.86000061035156,204.3800048828125,204.75999450683594,96474600,SPY
2016-05-16,204.9600067138672,207.33999633789062,204.88999938964844,206.77999877929688,77486800,SPY
2016-05-17,206.4600067138672,206.8000030517578,204.22999572753906,204.85000610351562,114924900,SPY
2016-05-18,204.44000244140625,206.3000030517578,203.6300048828125,204.91000366210938,120062100,SPY
2016-05-19,204.05999755859375,204.5399932861328,202.77999877929688,204.1999969482422,115430500,SPY
2016-05-20,204.9199981689453,206.10000610351562,204.86000061035156,205.49000549316406,104990400,SPY
2016-05-23,205.50999450683594,205.83999633789062,204.99000549316406,205.2100067138672,58682600,SPY
2016-05-24,206.1699981689453,208.24000549316406,206.13999938964844,207.8699951171875,93537800,SPY
2016-05-25,208.6699981689453,209.77000427246094,207.8699951171875,209.27999877929688,76621400,SPY
2016-05-26,209.44000244140625,209.7100067138672,208.97000122070312,209.33999633789062,55280700,SPY
2016-05-27,209.52999877929688,210.25,209.47000122070312,210.24000549316406,64211200,SPY
2016-05-31,210.55999755859375,210.69000244140625,209.17999267578125,209.83999633789062,109879400,SPY
2016-06-01,209.1199951171875,210.47999572753906,208.88999938964844,210.27000427246094,69936200,SPY
2016-06-02,209.8000030517578,210.92999267578125,209.24000549316406,210.91000366210938,63044700,SPY
2016-06-03,210.25,210.69000244140625,208.86000061035156,210.27999877929688,101757100,SPY
2016-06-06,210.6999969482422,211.77000427246094,210.50999450683594,211.35000610351562,64887000,SPY
2016-06-07,211.52999877929688,212.33999633789062,211.5,211.67999267578125,60974800,SPY
2016-06-08,211.83999633789062,212.52000427246094,211.69000244140625,212.3699951171875,66170900,SPY
2016-06-09,211.50999450683594,212.22000122070312,211.19000244140625,212.0800018310547,73786900,SPY
2016-06-10,210.4600067138672,210.86000061035156,209.42999267578125,210.07000732421875,113829200,SPY
2016-06-13,209.36000061035156,210.3699951171875,208.35000610351562,208.4499969482422,117751200,SPY
2016-06-14,208.0,208.74000549316406,206.9199981689453,208.0399932861328,125059300,SPY
2016-06-15,208.0399932861328,209.36000061035156,207.52999877929688,207.75,109124500,SPY
2016-06-16,207.75,208.57000732421875,205.58999633789062,208.3699951171875,149533100,SPY
2016-06-17,207.1699981689453,207.1999969482422,205.75,206.52000427246094,117055700,SPY
2016-06-20,208.82000732421875,209.61000061035156,207.75,207.85000610351562,82789600,SPY
2016-06-21,208.3000030517578,208.9199981689453,207.77999877929688,208.44000244140625,72461700,SPY
2016-06-22,208.64999389648438,209.5,207.92999267578125,208.10000610351562,95560500,SPY
2016-06-23,209.80999755859375,210.8699951171875,209.27000427246094,210.80999755859375,102731400,SPY
2016-06-24,203.6300048828125,210.85000610351562,202.72000122070312,203.24000549316406,333444400,SPY
2016-06-27,201.58999633789062,201.60000610351562,198.64999389648438,199.60000610351562,230775800,SPY
2016-06-28,201.47999572753906,203.22999572753906,201.1199951171875,203.1999969482422,159382400,SPY
2016-06-29,204.83999633789062,206.92999267578125,204.72000122070312,206.66000366210938,137328600,SPY
2016-06-30,207.2100067138672,209.5399932861328,206.55999755859375,209.47999572753906,165021900,SPY
2016-07-01,209.47999572753906,210.49000549316406,209.2899932861328,209.9199981689453,106055300,SPY
2016-07-05,208.9499969482422,209.0800018310547,207.7100067138672,208.41000366210938,109803700,SPY
2016-07-06,207.8300018310547,209.8000030517578,207.05999755859375,209.66000366210938,96021500,SPY
2016-07-07,209.8699951171875,210.64999389648438,208.6300048828125,209.52999877929688,85593800,SPY
2016-07-08,211.0500030517578,212.94000244140625,210.77999877929688,212.64999389648438,133971000,SPY
2016-07-11,213.19000244140625,214.07000732421875,212.9499969482422,213.39999389648438,73633900,SPY
2016-07-12,214.52999877929688,215.3000030517578,213.42999267578125,214.9499969482422,101275600,SPY
2016-07-13,215.44000244140625,215.4499969482422,214.35000610351562,214.9199981689453,87324100,SPY
2016-07-14,216.39999389648438,216.6699981689453,215.66000366210938,216.1199951171875,91230900,SPY
2016-07-15,216.77999877929688,217.00999450683594,215.30999755859375,215.8300018310547,107155400,SPY
2016-07-18,215.97000122070312,216.60000610351562,215.6699981689453,216.41000366210938,58725900,SPY
2016-07-19,215.9199981689453,216.22999572753906,215.6300048828125,216.19000244140625,54345700,SPY
2016-07-20,216.19000244140625,217.3699951171875,216.19000244140625,217.08999633789062,58159500,SPY
2016-07-21,216.9600067138672,217.22000122070312,215.75,216.27000427246094,67777300,SPY
2016-07-22,216.41000366210938,217.3000030517578,216.10000610351562,217.24000549316406,62787500,SPY
2016-07-25,217.0,217.05999755859375,215.97000122070312,216.64999389648438,55873100,SPY
2016-07-26,216.52999877929688,217.1699981689453,215.75999450683594,216.75,70080500,SPY
2016-07-27,217.19000244140625,217.27000427246094,215.6199951171875,216.52000427246094,84083900,SPY
2016-07-28,216.2899932861328,217.11000061035156,215.75,216.77000427246094,65035700,SPY
2016-07-29,216.4600067138672,217.5399932861328,216.1300048828125,217.1199951171875,79519400,SPY
2016-08-01,217.19000244140625,217.64999389648438,216.41000366210938,216.94000244140625,73311400,SPY
2016-08-02,216.64999389648438,216.8300018310547,214.57000732421875,215.5500030517578,92295500,SPY
2016-08-03,215.47999572753906,216.25,215.1300048828125,216.17999267578125,53993600,SPY
2016-08-04,216.30999755859375,216.77999877929688,214.25,216.41000366210938,46585500,SPY
2016-08-05,216.41000366210938,218.22999572753906,216.41000366210938,218.17999267578125,71892200,SPY
2016-08-08,218.39999389648438,218.52000427246094,217.74000549316406,218.0500030517578,39906500,SPY
2016-08-09,218.1300048828125,218.75999450683594,217.8000030517578,218.17999267578125,51251700,SPY
2016-08-10,218.30999755859375,218.39999389648438,217.22999572753906,217.63999938964844,57941100,SPY
2016-08-11,218.25999450683594,218.94000244140625,217.9499969482422,218.64999389648438,72504300,SPY
2016-08-12,218.2899932861328,218.7100067138672,217.99000549316406,218.4600067138672,61313500,SPY
2016-08-15,218.88999938964844,219.5,218.8800048828125,219.08999633789062,49813500,SPY
2016-08-16,218.60000610351562,218.67999267578125,217.9600067138672,217.9600067138672,53213600,SPY
2016-08-17,218.0,218.52999877929688,217.02000427246094,218.3699951171875,75134300,SPY
2016-08-18,218.33999633789062,218.89999389648438,218.2100067138672,218.86000061035156,52989300,SPY
2016-08-19,218.30999755859375,218.75,217.74000549316406,218.5399932861328,75443000,SPY
2016-08-22,218.25999450683594,218.8000030517578,217.8300018310547,218.52999877929688,61368800,SPY
2016-08-23,219.25,219.60000610351562,218.89999389648438,218.97000122070312,53399200,SPY
2016-08-24,218.8000030517578,218.91000366210938,217.36000061035156,217.85000610351562,71728900,SPY
2016-08-25,217.39999389648438,218.19000244140625,217.22000122070312,217.6999969482422,69224800,SPY
2016-08-26,217.9199981689453,219.1199951171875,216.25,217.2899932861328,122506300,SPY
2016-08-29,217.44000244140625,218.6699981689453,217.39999389648438,218.36000061035156,70502200,SPY
2016-08-30,218.25999450683594,218.58999633789062,217.35000610351562,218.0,58114500,SPY
2016-08-31,217.61000061035156,217.75,216.47000122070312,217.3800048828125,85269500,SPY
2016-09-01,217.3699951171875,217.72999572753906,216.02999877929688,217.38999938964844,97844200,SPY
2016-09-02,218.38999938964844,218.8699951171875,217.6999969482422,218.3699951171875,79293900,SPY
2016-09-06,218.6999969482422,219.1199951171875,217.86000061035156,219.02999877929688,56702100,SPY
2016-09-07,218.83999633789062,219.22000122070312,218.3000030517578,219.00999450683594,76554900,SPY
2016-09-08,218.6199951171875,218.94000244140625,218.14999389648438,218.50999450683594,74102900,SPY
2016-09-09,216.97000122070312,217.02999877929688,213.25,213.27999877929688,221589100,SPY
2016-09-12,212.38999938964844,216.80999755859375,212.30999755859375,216.33999633789062,168110900,SPY
2016-09-13,214.83999633789062,215.14999389648438,212.5,213.22999572753906,182828800,SPY
2016-09-14,213.2899932861328,214.6999969482422,212.5,213.14999389648438,134185500,SPY
2016-09-15,212.9600067138672,215.72999572753906,212.75,215.27999877929688,134427900,SPY
2016-09-16,213.47999572753906,213.69000244140625,212.57000732421875,213.3699951171875,155236400,SPY
2016-09-19,214.1300048828125,214.8800048828125,213.02999877929688,213.41000366210938,80250500,SPY
2016-09-20,214.41000366210938,214.58999633789062,213.3800048828125,213.4199981689453,69665300,SPY
2016-09-21,214.24000549316406,216.02999877929688,213.44000244140625,215.82000732421875,110284400,SPY
2016-09-22,217.0,217.52999877929688,216.7100067138672,217.17999267578125,76678700,SPY
2016-09-23,216.72000122070312,216.8800048828125,215.8800048828125,215.99000549316406,73630900,SPY
2016-09-26,215.02000427246094,215.22999572753906,214.00999450683594,214.24000549316406,89827300,SPY
2016-09-27,214.0500030517578,215.67999267578125,213.6199951171875,215.57000732421875,78494800,SPY
2016-09-28,215.8300018310547,216.82000732421875,214.7100067138672,216.63999938964844,87411000,SPY
2016-09-29,216.39999389648438,216.8699951171875,214.0399932861328,214.67999267578125,128070600,SPY
2016-09-30,215.64999389648438,217.1199951171875,215.36000061035156,216.3000030517578,117202900,SPY
2016-10-03,215.82000732421875,216.0399932861328,215.0399932861328,215.77999877929688,83512100,SPY
2016-10-04,215.91000366210938,216.1699981689453,213.99000549316406,214.67999267578125,119948100,SPY
2016-10-05,215.41000366210938,216.1300048828125,215.3300018310547,215.6300048828125,72816000,SPY
2016-10-06,215.3699951171875,216.0399932861328,214.74000549316406,215.77999877929688,62927400,SPY
2016-10-07,216.10000610351562,216.3000030517578,214.19000244140625,215.0399932861328,89788300,SPY
2016-10-10,216.16000366210938,216.6999969482422,215.99000549316406,216.16000366210938,51855000,SPY
2016-10-11,215.66000366210938,215.74000549316406,212.5800018310547,213.42999267578125,130367400,SPY
2016-10-12,213.58999633789062,214.32000732421875,213.00999450683594,213.7100067138672,73866100,SPY
2016-10-13,212.16000366210938,213.58999633789062,211.2100067138672,213.00999450683594,101357000,SPY
2016-10-14,214.14999389648438,214.69000244140625,213.02999877929688,213.1199951171875,93346200,SPY
2016-10-17,213.08999633789062,213.38999938964844,212.1699981689453,212.3800048828125,58275700,SPY
2016-10-18,214.24000549316406,214.30999755859375,213.27000427246094,213.7100067138672,76869700,SPY
2016-10-19,214.02000427246094,214.63999938964844,213.60000610351562,214.27999877929688,66519200,SPY
2016-10-20,213.8699951171875,214.52999877929688,213.11000061035156,213.8800048828125,73639800,SPY
2016-10-21,213.8800048828125,214.0800018310547,212.75999450683594,213.97999572753906,89089100,SPY
2016-10-24,215.0,215.32000732421875,214.47999572753906,214.88999938964844,60146600,SPY
2016-10-25,214.67999267578125,214.97999572753906,213.97999572753906,214.1699981689453,66542300,SPY
2016-10-26,213.2100067138672,214.4199981689453,212.92999267578125,213.74000549316406,75705500,SPY
2016-10-27,214.5800018310547,214.6199951171875,213.0800018310547,213.1699981689453,77220200,SPY
2016-10-28,213.13999938964844,213.92999267578125,211.7100067138672,212.5399932861328,140623200,SPY
2016-10-31,212.92999267578125,213.19000244140625,212.36000061035156,212.5500030517578,61272500,SPY
2016-11-01,212.92999267578125,212.99000549316406,209.60000610351562,211.00999450683594,122781800,SPY
2016-11-02,210.64999389648438,211.10000610351562,209.22999572753906,209.74000549316406,103330800,SPY
2016-11-03,209.99000549316406,210.24000549316406,208.4600067138672,208.77999877929688,88939300,SPY
2016-11-04,208.91000366210938,209.88999938964844,208.3800048828125,208.5500030517578,109122100,SPY
2016-11-07,208.5500030517578,213.19000244140625,208.5500030517578,213.14999389648438,109794900,SPY
2016-11-08,212.69000244140625,214.77000427246094,212.3800048828125,214.11000061035156,106772100,SPY
2016-11-09,212.3699951171875,217.10000610351562,212.33999633789062,216.3800048828125,258429000,SPY
2016-11-10,217.3000030517578,218.30999755859375,215.22000122070312,216.9199981689453,172113300,SPY
2016-11-11,216.0800018310547,216.6999969482422,215.32000732421875,216.4199981689453,100552700,SPY
2016-11-14,217.02999877929688,217.27000427246094,215.72000122070312,216.58999633789062,94580000,SPY
2016-11-15,217.0399932861328,218.27999877929688,216.8000030517578,218.27999877929688,91652600,SPY
2016-11-16,217.55999755859375,218.13999938964844,217.4199981689453,217.8699951171875,65617700,SPY
2016-11-17,218.0500030517578,219.05999755859375,217.9199981689453,218.99000549316406,69797200,SPY
2016-11-18,219.07000732421875,219.27000427246094,218.2899932861328,218.5,86265800,SPY
2016-11-21,219.1699981689453,220.17999267578125,219.0,220.14999389648438,72402600,SPY
2016-11-22,220.50999450683594,220.7899932861328,219.72999572753906,220.5800018310547,67429000,SPY
2016-11-23,219.97999572753906,220.75999450683594,219.75,220.6999969482422,56620200,SPY
2016-11-25,221.10000610351562,221.55999755859375,221.00999450683594,221.52000427246094,37872300,SPY
2016-11-28,221.16000366210938,221.47999572753906,220.36000061035156,220.47999572753906,76572500,SPY
2016-11-29,220.52000427246094,221.44000244140625,220.1699981689453,220.91000366210938,69886700,SPY
2016-11-30,221.6300048828125,221.82000732421875,220.30999755859375,220.3800048828125,113291800,SPY
2016-12-01,220.72999572753906,220.72999572753906,219.14999389648438,219.57000732421875,79040500,SPY
2016-12-02,219.6699981689453,220.25,219.25999450683594,219.67999267578125,74840300,SPY
2016-12-05,220.64999389648438,221.39999389648438,220.4199981689453,221.0,67837800,SPY
2016-12-06,221.22000122070312,221.74000549316406,220.66000366210938,221.6999969482422,59877400,SPY
2016-12-07,221.52000427246094,224.6699981689453,221.3800048828125,224.60000610351562,110738100,SPY
2016-12-08,224.57000732421875,225.6999969482422,224.25999450683594,225.14999389648438,99714400,SPY
2016-12-09,225.41000366210938,226.52999877929688,225.3699951171875,226.50999450683594,88005800,SPY
2016-12-12,226.39999389648438,226.9600067138672,225.75999450683594,226.25,102016100,SPY
2016-12-13,227.02000427246094,228.33999633789062,227.0,227.75999450683594,110477500,SPY
2016-12-14,227.41000366210938,228.22999572753906,225.3699951171875,225.8800048828125,142501800,SPY
2016-12-15,226.16000366210938,227.80999755859375,225.88999938964844,226.80999755859375,124972600,SPY
2016-12-16,226.00999450683594,226.0800018310547,224.6699981689453,225.0399932861328,156420200,SPY
2016-12-19,225.25,226.02000427246094,225.0800018310547,225.52999877929688,90341100,SPY
2016-12-20,226.14999389648438,226.57000732421875,225.8800048828125,226.39999389648438,89838800,SPY
2016-12-21,226.25,226.4499969482422,225.77000427246094,225.77000427246094,67909000,SPY
2016-12-22,225.60000610351562,225.74000549316406,224.9199981689453,225.3800048828125,56219100,SPY
2016-12-23,225.42999267578125,225.72000122070312,225.2100067138672,225.7100067138672,36697800,SPY
2016-12-27,226.02000427246094,226.72999572753906,226.0,226.27000427246094,42672500,SPY
2016-12-28,226.57000732421875,226.58999633789062,224.27000427246094,224.39999389648438,64095000,SPY
2016-12-29,224.47999572753906,224.88999938964844,223.83999633789062,224.35000610351562,48696100,SPY
2016-12-30,224.72999572753906,224.8300018310547,222.72999572753906,223.52999877929688,108998300,SPY
2017-01-03,225.0399932861328,225.8300018310547,223.8800048828125,225.24000549316406,91366500,SPY
2017-01-04,225.6199951171875,226.75,225.61000061035156,226.5800018310547,78744400,SPY
2017-01-05,226.27000427246094,226.5800018310547,225.47999572753906,226.39999389648438,78379000,SPY
2017-01-06,226.52999877929688,227.75,225.89999389648438,227.2100067138672,71559900,SPY
2017-01-09,226.91000366210938,227.07000732421875,226.4199981689453,226.4600067138672,46939700,SPY
2017-01-10,226.47999572753906,227.4499969482422,226.00999450683594,226.4600067138672,63771900,SPY
2017-01-11,226.36000061035156,227.10000610351562,225.58999633789062,227.10000610351562,74650000,SPY
2017-01-12,226.5,226.75,224.9600067138672,226.52999877929688,72113200,SPY
2017-01-13,226.72999572753906,227.39999389648438,226.69000244140625,227.0500030517578,62717900,SPY
2017-01-17,226.30999755859375,226.77999877929688,225.8000030517578,226.25,61240800,SPY
2017-01-18,226.5399932861328,226.8000030517578,225.89999389648438,226.75,54793300,SPY
2017-01-19,226.83999633789062,227.0,225.41000366210938,225.91000366210938,66608800,SPY
2017-01-20,226.6999969482422,227.30999755859375,225.97000122070312,226.74000549316406,129168600,SPY
2017-01-23,226.74000549316406,226.80999755859375,225.27000427246094,226.14999389648438,75061600,SPY
2017-01-24,226.39999389648438,228.0800018310547,226.27000427246094,227.60000610351562,95555300,SPY
2017-01-25,228.6999969482422,229.57000732421875,228.50999450683594,229.57000732421875,84437700,SPY
2017-01-26,229.39999389648438,229.7100067138672,229.00999450683594,229.3300018310547,59970700,SPY
2017-01-27,229.4199981689453,229.58999633789062,228.75999450683594,228.97000122070312,59711100,SPY
2017-01-30,228.1699981689453,228.1999969482422,226.41000366210938,227.5500030517578,79737300,SPY
2017-01-31,226.97999572753906,227.60000610351562,226.32000732421875,227.52999877929688,75880800,SPY
2017-02-01,227.52999877929688,228.58999633789062,226.94000244140625,227.6199951171875,79117700,SPY
2017-02-02,227.6199951171875,228.10000610351562,226.82000732421875,227.77000427246094,69657600,SPY
2017-02-03,228.82000732421875,229.5500030517578,228.4600067138672,229.33999633789062,80563200,SPY
2017-02-06,228.8699951171875,229.3300018310547,228.5399932861328,228.92999267578125,57790100,SPY
2017-02-07,229.3800048828125,229.66000366210938,228.72000122070312,228.94000244140625,57931200,SPY
2017-02-08,228.94000244140625,229.38999938964844,228.30999755859375,229.24000549316406,51566200,SPY
2017-02-09,229.24000549316406,230.9499969482422,229.24000549316406,230.60000610351562,65955200,SPY
2017-02-10,231.0,231.77000427246094,230.6199951171875,231.50999450683594,66015900,SPY
2017-02-13,232.0800018310547,233.07000732421875,232.0500030517578,232.77000427246094,55182100,SPY
2017-02-14,232.55999755859375,233.7100067138672,232.16000366210938,233.6999969482422,71109000,SPY
2017-02-15,233.4499969482422,235.13999938964844,233.38999938964844,234.9199981689453,86785800,SPY
2017-02-16,234.9499969482422,235.16000366210938,233.85000610351562,234.72000122070312,84722400,SPY
2017-02-17,233.9499969482422,235.08999633789062,233.92999267578125,235.08999633789062,77204100,SPY
2017-02-21,235.52000427246094,236.69000244140625,235.50999450683594,236.49000549316406,88946100,SPY
2017-02-22,236.02000427246094,236.5399932861328,235.8300018310547,236.27999877929688,62115200,SPY
2017-02-23,236.8800048828125,236.89999389648438,235.55999755859375,236.44000244140625,74615900,SPY
2017-02-24,235.4600067138672,236.7899932861328,235.41000366210938,236.74000549316406,82381600,SPY
2017-02-27,236.63999938964844,237.30999755859375,236.35000610351562,237.11000061035156,56515400,SPY
2017-02-28,236.6699981689453,236.9499969482422,236.02000427246094,236.47000122070312,96961900,SPY
2017-03-01,238.38999938964844,240.32000732421875,238.3699951171875,239.77999877929688,149158200,SPY
2017-03-02,239.55999755859375,239.57000732421875,238.2100067138672,238.27000427246094,70246000,SPY
2017-03-03,238.1699981689453,238.61000061035156,237.72999572753906,238.4199981689453,81974300,SPY
2017-03-06,237.5,238.1199951171875,237.00999450683594,237.7100067138672,55391500,SPY
2017-03-07,237.36000061035156,237.77000427246094,236.75999450683594,237.0,65103700,SPY
2017-03-08,237.33999633789062,237.63999938964844,236.39999389648438,236.55999755859375,78168800,SPY
2017-03-09,236.6999969482422,237.24000549316406,235.74000549316406,236.86000061035156,90683900,SPY
2017-03-10,237.97000122070312,238.02000427246094,236.58999633789062,237.69000244140625,81991700,SPY
2017-03-13,237.6199951171875,237.86000061035156,237.24000549316406,237.80999755859375,57256800,SPY
2017-03-14,237.17999267578125,237.24000549316406,236.19000244140625,236.89999389648438,59880800,SPY
2017-03-15,237.55999755859375,239.44000244140625,237.2899932861328,238.9499969482422,96081800,SPY
2017-03-16,239.11000061035156,239.1999969482422,238.10000610351562,238.47999572753906,78344000,SPY
2017-03-17,237.75,237.97000122070312,237.02999877929688,237.02999877929688,89002100,SPY
2017-03-20,237.02999877929688,237.36000061035156,236.32000732421875,236.77000427246094,52537000,SPY
2017-03-21,237.47000122070312,237.61000061035156,233.5800018310547,233.72999572753906,131809300,SPY
2017-03-22,233.77000427246094,234.61000061035156,233.0500030517578,234.27999877929688,97569200,SPY
2017-03-23,234.27999877929688,235.33999633789062,233.60000610351562,234.02999877929688,100410300,SPY
2017-03-24,234.3800048828125,235.0399932861328,232.9600067138672,233.86000061035156,112504900,SPY
2017-03-27,231.92999267578125,233.9199981689453,231.61000061035156,233.6199951171875,87454500,SPY
2017-03-28,233.27000427246094,235.80999755859375,233.13999938964844,235.32000732421875,93483900,SPY
2017-03-29,234.99000549316406,235.80999755859375,234.72999572753906,235.5399932861328,61950400,SPY
2017-03-30,235.47000122070312,236.52000427246094,235.27000427246094,236.2899932861328,56737900,SPY
2017-03-31,235.89999389648438,236.50999450683594,235.67999267578125,235.74000549316406,73733100,SPY
2017-04-03,235.8000030517578,236.02999877929688,233.91000366210938,235.3300018310547,85546500,SPY
2017-04-04,235.0,235.5800018310547,234.55999755859375,235.47999572753906,56466200,SPY
2017-04-05,236.25999450683594,237.38999938964844,234.5399932861328,234.77999877929688,108800600,SPY
2017-04-06,234.94000244140625,236.0399932861328,234.42999267578125,235.44000244140625,69135800,SPY
2017-04-07,235.14999389648438,236.0,234.63999938964844,235.1999969482422,74412300,SPY
2017-04-10,235.36000061035156,236.25999450683594,234.72999572753906,235.33999633789062,67615300,SPY
2017-04-11,234.89999389648438,235.17999267578125,233.33999633789062,235.05999755859375,88045300,SPY
2017-04-12,234.74000549316406,234.9600067138672,233.77000427246094,234.02999877929688,81864400,SPY
2017-04-13,233.63999938964844,234.49000549316406,232.50999450683594,232.50999450683594,92880400,SPY
2017-04-17,233.11000061035156,234.57000732421875,232.8800048828125,234.57000732421875,68405400,SPY
2017-04-18,233.72000122070312,234.49000549316406,233.0800018310547,233.8699951171875,83225800,SPY
2017-04-19,234.52000427246094,234.9499969482422,233.17999267578125,233.44000244140625,68699900,SPY
2017-04-20,234.14999389648438,235.85000610351562,233.77999877929688,235.33999633789062,92572200,SPY
2017-04-21,235.25,235.30999755859375,234.1300048828125,234.58999633789062,110389800,SPY
2017-04-24,237.17999267578125,237.41000366210938,234.55999755859375,237.1699981689453,119209900,SPY
2017-04-25,237.91000366210938,238.9499969482422,237.80999755859375,238.5500030517578,76698300,SPY
2017-04-26,238.50999450683594,239.52999877929688,238.35000610351562,238.39999389648438,84702500,SPY
2017-04-27,238.77000427246094,238.9499969482422,237.97999572753906,238.60000610351562,57410300,SPY
2017-04-28,238.89999389648438,238.92999267578125,237.92999267578125,238.0800018310547,63532800,SPY
2017-05-01,238.67999267578125,239.1699981689453,238.1999969482422,238.67999267578125,66882500,SPY
2017-05-02,238.83999633789062,238.97999572753906,238.3000030517578,238.77000427246094,57375700,SPY
2017-05-03,238.77000427246094,238.8800048828125,237.6999969482422,238.47999572753906,73137700,SPY
2017-05-04,238.8300018310547,238.9199981689453,237.77999877929688,238.75999450683594,61462700,SPY
2017-05-05,239.19000244140625,239.72000122070312,238.67999267578125,239.6999969482422,62001300,SPY
2017-05-08,239.75,239.9199981689453,239.1699981689453,239.66000366210938,48385700,SPY
2017-05-09,239.9600067138672,240.19000244140625,239.0399932861328,239.44000244140625,51363200,SPY
2017-05-10,239.38999938964844,239.8699951171875,239.14999389648438,239.8699951171875,54293800,SPY
2017-05-11,239.35000610351562,239.57000732421875,238.1300048828125,239.3800048828125,62358300,SPY
2017-05-12,239.08999633789062,239.42999267578125,238.6699981689453,238.97999572753906,53912700,SPY
2017-05-15,239.47000122070312,240.44000244140625,239.4499969482422,240.3000030517578,61918900,SPY
2017-05-16,240.63999938964844,240.6699981689453,239.6300048828125,240.0800018310547,51241800,SPY
2017-05-17,240.0800018310547,240.0800018310547,235.75,235.82000732421875,172174100,SPY
2017-05-18,235.72999572753906,237.75,235.42999267578125,236.77000427246094,107047700,SPY
2017-05-19,237.3300018310547,239.0800018310547,237.27000427246094,238.30999755859375,115011400,SPY
2017-05-22,238.89999389648438,239.7100067138672,238.82000732421875,239.52000427246094,61010600,SPY
2017-05-23,239.9499969482422,240.24000549316406,239.50999450683594,240.0500030517578,48341700,SPY
2017-05-24,240.32000732421875,240.72999572753906,239.92999267578125,240.61000061035156,46927700,SPY
2017-05-25,241.1999969482422,242.0800018310547,240.9600067138672,241.75999450683594,64071700,SPY
2017-05-26,241.5399932861328,241.89999389648438,241.4499969482422,241.7100067138672,46629900,SPY
2017-05-30,241.33999633789062,241.7899932861328,241.16000366210938,241.5,35201900,SPY
2017-05-31,241.83999633789062,241.8800048828125,240.63999938964844,241.44000244140625,91796000,SPY
2017-06-01,241.97000122070312,243.3800048828125,241.63999938964844,243.36000061035156,68962000,SPY
2017-06-02,243.4199981689453,244.35000610351562,243.0800018310547,244.1699981689453,88666100,SPY
2017-06-05,243.97000122070312,244.3000030517578,243.75999450683594,243.99000549316406,44698800,SPY
2017-06-06,243.33999633789062,243.97999572753906,243.1199951171875,243.2100067138672,50375400,SPY
2017-06-07,243.60000610351562,243.9199981689453,242.8300018310547,243.66000366210938,54144300,SPY
2017-06-08,243.77000427246094,244.3300018310547,243.1699981689453,243.77999877929688,65950700,SPY
2017-06-09,244.08999633789062,245.00999450683594,241.9499969482422,243.41000366210938,132256400,SPY
2017-06-12,243.1300048828125,243.4199981689453,242.3800048828125,243.36000061035156,86108100,SPY
2017-06-13,243.97999572753906,244.61000061035156,243.5800018310547,244.5500030517578,60067000,SPY
2017-06-14,244.86000061035156,244.8699951171875,243.2899932861328,244.24000549316406,78602300,SPY
2017-06-15,242.67999267578125,243.91000366210938,242.36000061035156,243.77000427246094,66464900,SPY
2017-06-16,242.77000427246094,242.8300018310547,241.6300048828125,242.63999938964844,84553100,SPY
2017-06-19,243.58999633789062,244.72999572753906,243.47999572753906,244.66000366210938,65123800,SPY
2017-06-20,244.25,244.25999450683594,242.99000549316406,243.00999450683594,56906400,SPY
2017-06-21,243.4600067138672,243.58999633789062,242.41000366210938,242.9499969482422,55977600,SPY
2017-06-22,242.9600067138672,243.52999877929688,242.63999938964844,242.83999633789062,44148100,SPY
2017-06-23,242.91000366210938,243.50999450683594,242.47000122070312,243.1300048828125,66986800,SPY
2017-06-26,243.89999389648438,244.3800048828125,243.0500030517578,243.2899932861328,56700500,SPY
2017-06-27,243.0399932861328,243.3800048828125,241.30999755859375,241.3300018310547,82247700,SPY
2017-06-28,242.5,243.72000122070312,242.22999572753906,243.49000549316406,70042600,SPY
2017-06-29,243.66000366210938,243.72000122070312,239.9600067138672,241.35000610351562,106949700,SPY
2017-06-30,242.27999877929688,242.7100067138672,241.5800018310547,241.8000030517578,86820700,SPY
2017-07-03,242.8800048828125,243.3800048828125,242.2100067138672,242.2100067138672,39153800,SPY
2017-07-05,242.6300048828125,243.00999450683594,241.6999969482422,242.77000427246094,54427600,SPY
2017-07-06,241.88999938964844,242.02999877929688,240.33999633789062,240.5500030517578,65400800,SPY
2017-07-07,241.2100067138672,242.27999877929688,240.55999755859375,242.11000061035156,57972300,SPY
2017-07-10,242.11000061035156,242.8000030517578,241.75999450683594,242.3699951171875,36663300,SPY
2017-07-11,242.3699951171875,242.5500030517578,240.85000610351562,242.19000244140625,50354600,SPY
2017-07-12,243.3000030517578,244.1999969482422,243.3000030517578,244.00999450683594,59610400,SPY
2017-07-13,244.02000427246094,244.5500030517578,243.75999450683594,244.4199981689453,39471600,SPY
2017-07-14,244.4199981689453,245.97000122070312,244.30999755859375,245.55999755859375,60262700,SPY
2017-07-17,245.47000122070312,245.91000366210938,245.3300018310547,245.52999877929688,33531900,SPY
2017-07-18,245.05999755859375,245.72000122070312,244.6699981689453,245.66000366210938,42742500,SPY
2017-07-19,246.02000427246094,247.0,246.00999450683594,246.99000549316406,51034300,SPY
2017-07-20,247.27999877929688,247.4199981689453,246.47000122070312,247.10000610351562,47135200,SPY
2017-07-21,246.44000244140625,246.91000366210938,246.17999267578125,246.8800048828125,82340800,SPY
2017-07-24,246.7899932861328,246.97999572753906,246.27999877929688,246.82000732421875,46622300,SPY
2017-07-25,247.67999267578125,247.8000030517578,247.16000366210938,247.4199981689453,54915600,SPY
2017-07-26,247.75,247.7899932861328,247.1300048828125,247.42999267578125,47575400,SPY
2017-07-27,247.9600067138672,248.0,245.67999267578125,247.1999969482422,70766600,SPY
2017-07-28,246.64999389648438,247.05999755859375,246.1300048828125,246.91000366210938,50088400,SPY
2017-07-31,247.3699951171875,247.47999572753906,246.52999877929688,246.77000427246094,65838700,SPY
2017-08-01,247.4600067138672,247.5,246.72000122070312,247.32000732421875,55050400,SPY
2017-08-02,247.47000122070312,247.60000610351562,246.3699951171875,247.44000244140625,47211200,SPY
2017-08-03,247.30999755859375,247.33999633789062,246.63999938964844,246.9600067138672,40856000,SPY
2017-08-04,247.52000427246094,247.7899932861328,246.97000122070312,247.41000366210938,60191800,SPY
2017-08-07,247.49000549316406,247.8699951171875,247.3699951171875,247.8699951171875,31995000,SPY
2017-08-08,247.50999450683594,248.91000366210938,246.8300018310547,247.25999450683594,61719400,SPY
2017-08-09,246.47000122070312,247.30999755859375,246.05999755859375,247.25,62632600,SPY
2017-08-10,246.2899932861328,246.44000244140625,243.6999969482422,243.75999450683594,120479500,SPY
2017-08-11,244.02000427246094,244.8000030517578,243.75,244.1199951171875,74869900,SPY
2017-08-14,245.58999633789062,246.7899932861328,245.5500030517578,246.5399932861328,73291900,SPY
2017-08-15,246.97999572753906,247.0,246.16000366210938,246.50999450683594,55242700,SPY
2017-08-16,247.11000061035156,247.57000732421875,246.4499969482422,246.94000244140625,56715500,SPY
2017-08-17,246.24000549316406,246.60000610351562,243.08999633789062,243.08999633789062,128490400,SPY
2017-08-18,242.89999389648438,244.19000244140625,242.1999969482422,242.7100067138672,136748000,SPY
2017-08-21,242.63999938964844,243.1999969482422,241.8300018310547,242.89999389648438,65469700,SPY
2017-08-22,243.57000732421875,245.6199951171875,243.5500030517578,245.44000244140625,63140100,SPY
2017-08-23,244.3300018310547,245.0500030517578,244.16000366210938,244.55999755859375,50203800,SPY
2017-08-24,245.0,245.17999267578125,243.75,243.99000549316406,50741700,SPY
2017-08-25,244.89999389648438,245.61000061035156,244.38999938964844,244.55999755859375,64445900,SPY
2017-08-28,245.1699981689453,245.1999969482422,244.08999633789062,244.57000732421875,40565600,SPY
2017-08-29,243.05999755859375,245.14999389648438,242.92999267578125,244.85000610351562,51135700,SPY
2017-08-30,244.8300018310547,246.32000732421875,244.6199951171875,246.00999450683594,62030800,SPY
2017-08-31,246.72000122070312,247.77000427246094,246.0500030517578,247.49000549316406,103803900,SPY
2017-09-01,247.9199981689453,248.3300018310547,247.6699981689453,247.83999633789062,62007000,SPY
2017-09-05,247.25999450683594,247.52000427246094,244.9499969482422,246.05999755859375,91398800,SPY
2017-09-06,246.83999633789062,247.27999877929688,246.22999572753906,246.89999389648438,57916900,SPY
2017-09-07,247.25,247.27000427246094,246.39999389648438,246.8699951171875,58034700,SPY
2017-09-08,246.5399932861328,247.11000061035156,246.3000030517578,246.5800018310547,63832800,SPY
2017-09-11,248.0399932861328,249.3000030517578,248.02000427246094,249.2100067138672,71364800,SPY
2017-09-12,249.6300048828125,250.08999633789062,249.4199981689453,250.0500030517578,56896000,SPY
2017-09-13,249.72000122070312,250.2100067138672,249.58999633789062,250.1699981689453,59228000,SPY
2017-09-14,249.8000030517578,250.32000732421875,249.60000610351562,250.08999633789062,95446300,SPY
2017-09-15,248.69000244140625,249.2899932861328,248.57000732421875,249.19000244140625,95432400,SPY
2017-09-18,249.61000061035156,250.1199951171875,249.27999877929688,249.72000122070312,46235200,SPY
2017-09-19,250.0,250.07000732421875,249.60000610351562,249.97000122070312,47108100,SPY
2017-09-20,250.07000732421875,250.19000244140625,248.9199981689453,250.05999755859375,59574100,SPY
2017-09-21,249.8800048828125,249.97999572753906,249.19000244140625,249.38999938964844,48211400,SPY
2017-09-22,249.0500030517578,249.6300048828125,249.02000427246094,249.44000244140625,51214000,SPY
2017-09-25,249.14999389648438,249.5500030517578,248.0800018310547,248.92999267578125,57064400,SPY
2017-09-26,249.4199981689453,249.6999969482422,248.80999755859375,249.0800018310547,54082000,SPY
2017-09-27,249.8800048828125,250.49000549316406,248.8699951171875,250.0500030517578,81001400,SPY
2017-09-28,249.72999572753906,250.44000244140625,249.6300048828125,250.35000610351562,44778800,SPY
2017-09-29,250.33999633789062,251.32000732421875,250.1300048828125,251.22999572753906,85578000,SPY
2017-10-02,251.49000549316406,252.32000732421875,251.2899932861328,252.32000732421875,59023000,SPY
2017-10-03,252.32000732421875,252.88999938964844,252.22999572753906,252.86000061035156,66810200,SPY
2017-10-04,252.69000244140625,253.44000244140625,252.55999755859375,253.16000366210938,55953600,SPY
2017-10-05,253.5399932861328,254.67999267578125,253.1999969482422,254.66000366210938,63522800,SPY
2017-10-06,254.14999389648438,254.6999969482422,253.85000610351562,254.3699951171875,80646000,SPY
2017-10-09,254.6300048828125,254.6999969482422,253.64999389648438,253.9499969482422,35803100,SPY
2017-10-10,254.60000610351562,255.0500030517578,253.97999572753906,254.6199951171875,43057400,SPY
2017-10-11,254.50999450683594,255.02000427246094,254.32000732421875,255.02000427246094,47674300,SPY
2017-10-12,254.66000366210938,255.05999755859375,254.3699951171875,254.63999938964844,47065100,SPY
2017-10-13,255.13999938964844,255.27000427246094,254.63999938964844,254.9499969482422,54800400,SPY
2017-10-16,255.2100067138672,255.50999450683594,254.82000732421875,255.2899932861328,38221700,SPY
2017-10-17,255.22999572753906,255.52000427246094,254.97999572753906,255.47000122070312,31561000,SPY
2017-10-18,255.89999389648438,255.9499969482422,255.5,255.72000122070312,40888300,SPY
2017-10-19,254.8300018310547,255.8300018310547,254.35000610351562,255.7899932861328,61903800,SPY
2017-10-20,256.70001220703125,257.1400146484375,255.77000427246094,257.1099853515625,89176400,SPY
2017-10-23,257.4800109863281,257.510009765625,256.0199890136719,256.1099853515625,63915300,SPY
2017-10-24,256.6000061035156,256.8299865722656,256.1499938964844,256.55999755859375,66935900,SPY
2017-10-25,256.17999267578125,256.30999755859375,254.0,255.2899932861328,103715300,SPY
2017-10-26,255.99000549316406,256.29998779296875,255.47999572753906,255.6199951171875,69798000,SPY
2017-10-27,256.4700012207031,257.8900146484375,255.6300048828125,257.7099914550781,85562500,SPY
2017-10-30,256.4700012207031,257.6000061035156,256.4100036621094,256.75,54285700,SPY
2017-10-31,257.17999267578125,257.44000244140625,256.80999755859375,257.1499938964844,60304800,SPY
2017-11-01,258.0400085449219,258.42999267578125,257.07000732421875,257.489990234375,54202700,SPY
2017-11-02,257.4100036621094,257.75,256.19000244140625,257.5899963378906,56449500,SPY
2017-11-03,257.7699890136719,258.5,257.29998779296875,258.45001220703125,59589700,SPY
2017-11-06,258.29998779296875,259.0,258.2200012207031,258.8500061035156,49652600,SPY
2017-11-07,258.9700012207031,259.3500061035156,258.0899963378906,258.6700134277344,57502200,SPY
2017-11-08,258.4700012207031,259.2200012207031,258.1499938964844,259.1099853515625,50469600,SPY
2017-11-09,257.7300109863281,258.3900146484375,256.3599853515625,258.1700134277344,95085500,SPY
2017-11-10,257.7300109863281,258.2900085449219,257.3699951171875,258.0899963378906,59984700,SPY
2017-11-13,257.30999755859375,258.5899963378906,257.2699890136719,258.3299865722656,50228600,SPY
2017-11-14,257.4100036621094,257.8500061035156,256.5199890136719,257.7300109863281,61315200,SPY
2017-11-15,256.6199951171875,257.2200012207031,255.6300048828125,256.44000244140625,80811500,SPY
2017-11-16,257.5199890136719,259.0400085449219,257.4700012207031,258.6199951171875,67777000,SPY
2017-11-17,258.2200012207031,258.5899963378906,257.7699890136719,257.8599853515625,75756800,SPY
2017-11-20,258.1400146484375,258.5199890136719,257.8599853515625,258.29998779296875,48075500,SPY
2017-11-21,259.17999267578125,260.20001220703125,258.260009765625,259.989990234375,69176800,SPY
2017-11-22,260.0,260.1499938964844,259.57000732421875,259.760009765625,45033400,SPY
2017-11-24,260.32000732421875,260.4800109863281,260.1600036621094,260.3599853515625,27856500,SPY
2017-11-27,260.4100036621094,260.75,260.0,260.2300109863281,52274900,SPY
2017-11-28,260.760009765625,262.8999938964844,260.6499938964844,262.8699951171875,98971700,SPY
2017-11-29,263.0199890136719,263.6300048828125,262.20001220703125,262.7099914550781,77512100,SPY
2017-11-30,263.760009765625,266.04998779296875,263.6700134277344,265.010009765625,127894400,SPY
2017-12-01,264.760009765625,265.30999755859375,260.760009765625,264.4599914550781,164390900,SPY
2017-12-04,266.30999755859375,266.79998779296875,264.0799865722656,264.1400146484375,94040600,SPY
2017-12-05,263.19000244140625,265.1499938964844,263.0400085449219,263.19000244140625,77994500,SPY
2017-12-06,263.29998779296875,263.7300109863281,262.7099914550781,263.239990234375,75898600,SPY
2017-12-07,264.07000732421875,264.42999267578125,262.94000244140625,264.07000732421875,77218600,SPY
2017-12-08,265.1600036621094,265.5199890136719,264.0299987792969,265.510009765625,76563900,SPY
2017-12-11,266.30999755859375,266.3800048828125,265.4800109863281,266.30999755859375,83077500,SPY
2017-12-12,267.2099914550781,267.32000732421875,266.3500061035156,266.7799987792969,85195800,SPY
2017-12-13,267.05999755859375,267.55999755859375,266.6499938964844,266.75,102905400,SPY
2017-12-14,267.0899963378906,267.2200012207031,265.6000061035156,265.6600036621094,100666700,SPY
2017-12-15,265.45001220703125,267.0400085449219,265.3900146484375,266.510009765625,144610300,SPY
2017-12-18,268.1000061035156,268.6000061035156,267.9800109863281,268.20001220703125,83653600,SPY
2017-12-19,268.4800109863281,268.5299987792969,267.0899963378906,267.1700134277344,82382900,SPY
2017-12-20,268.2699890136719,268.3299865722656,266.69000244140625,267.0299987792969,76751500,SPY
2017-12-21,267.739990234375,268.3900146484375,267.29998779296875,267.5799865722656,67032300,SPY
2017-12-22,267.6000061035156,267.6400146484375,266.8999938964844,267.510009765625,78720900,SPY
2017-12-26,267.04998779296875,267.44000244140625,266.8900146484375,267.19000244140625,45244400,SPY
2017-12-27,267.3800048828125,267.7300109863281,267.010009765625,267.32000732421875,57751000,SPY
2017-12-28,267.8900146484375,267.9200134277344,267.45001220703125,267.8699951171875,45116100,SPY
2017-12-29,268.5299987792969,268.54998779296875,266.6400146484375,266.8599853515625,96007400,SPY
2018-01-02,267.8399963378906,268.80999755859375,267.3999938964844,268.7699890136719,86655700,SPY
2018-01-03,268.9599914550781,270.6400146484375,268.9599914550781,270.4700012207031,90070400,SPY
2018-01-04,271.20001220703125,272.1600036621094,270.5400085449219,271.6099853515625,80636400,SPY
2018-01-05,272.510009765625,273.55999755859375,271.95001220703125,273.4200134277344,83524000,SPY
2018-01-08,273.30999755859375,274.1000061035156,272.9800109863281,273.9200134277344,57319200,SPY
2018-01-09,274.3999938964844,275.25,274.0799865722656,274.5400085449219,57254000,SPY
2018-01-10,273.67999267578125,274.4200134277344,272.9200134277344,274.1199951171875,69574300,SPY
2018-01-11,274.75,276.1199951171875,274.55999755859375,276.1199951171875,62361500,SPY
2018-01-12,276.4200134277344,278.1099853515625,276.0799865722656,277.9200134277344,90816100,SPY
2018-01-16,279.3500061035156,280.0899963378906,276.17999267578125,276.9700012207031,106555100,SPY
2018-01-17,278.0299987792969,280.04998779296875,276.9700012207031,279.6099853515625,113258800,SPY
2018-01-18,279.4800109863281,279.9599914550781,278.5799865722656,279.1400146484375,100728000,SPY
2018-01-19,279.79998779296875,280.4100036621094,279.1400146484375,280.4100036621094,140920100,SPY
2018-01-22,280.1700134277344,282.69000244140625,280.1099853515625,282.69000244140625,91322400,SPY
2018-01-23,282.739990234375,283.6199951171875,282.3699951171875,283.2900085449219,97084700,SPY
2018-01-24,284.0199890136719,284.70001220703125,281.8399963378906,283.17999267578125,134816100,SPY
2018-01-25,284.1600036621094,284.2699890136719,282.3999938964844,283.29998779296875,84587300,SPY
2018-01-26,284.25,286.6300048828125,283.9599914550781,286.5799865722656,107743100,SPY
2018-01-29,285.92999267578125,286.42999267578125,284.5,284.67999267578125,90118300,SPY
2018-01-30,282.6000061035156,284.739990234375,281.2200012207031,281.760009765625,131796400,SPY
2018-01-31,282.7300109863281,283.29998779296875,280.67999267578125,281.8999938964844,108364800,SPY
2018-02-01,281.07000732421875,283.05999755859375,280.67999267578125,281.5799865722656,90102500,SPY
2018-02-02,280.0799865722656,280.2300109863281,275.4100036621094,275.45001220703125,173174800,SPY
2018-02-05,273.45001220703125,275.8500061035156,263.30999755859375,263.92999267578125,294681800,SPY
2018-02-06,259.94000244140625,269.70001220703125,258.70001220703125,269.1300048828125,355026800,SPY
2018-02-07,268.5,272.3599853515625,267.5799865722656,267.6700134277344,167376100,SPY
2018-02-08,268.010009765625,268.1700134277344,257.5899963378906,257.6300048828125,246449500,SPY
2018-02-09,260.79998779296875,263.6099853515625,252.9199981689453,261.5,283565300,SPY
2018-02-12,263.8299865722656,267.010009765625,261.6600036621094,265.3399963378906,143736000,SPY
2018-02-13,263.9700012207031,266.6199951171875,263.30999755859375,266.0,81223600,SPY
2018-02-14,264.30999755859375,270.0,264.29998779296875,269.5899963378906,120735700,SPY
2018-02-15,271.57000732421875,273.0400085449219,268.7699890136719,273.0299987792969,111200300,SPY
2018-02-16,272.32000732421875,275.32000732421875,272.2699890136719,273.1099853515625,160420100,SPY
2018-02-20,272.0299987792969,273.6700134277344,270.5,271.3999938964844,86369700,SPY
2018-02-21,271.8999938964844,274.7200012207031,269.94000244140625,270.04998779296875,98883700,SPY
2018-02-22,271.1000061035156,273.04998779296875,269.6400146484375,270.3999938964844,110511300,SPY
2018-02-23,271.7900085449219,274.7099914550781,271.25,274.7099914550781,92766400,SPY
2018-02-26,275.92999267578125,278.010009765625,275.260009765625,277.8999938964844,86491400,SPY
2018-02-27,278.1099853515625,278.9200134277344,274.3599853515625,274.42999267578125,99099200,SPY
2018-02-28,275.67999267578125,276.19000244140625,271.2900085449219,271.6499938964844,121907800,SPY
2018-03-01,271.4100036621094,273.1700134277344,266.0,267.70001220703125,176855100,SPY
2018-03-02,265.79998779296875,269.7200012207031,264.82000732421875,269.0799865722656,139083200,SPY
2018-03-05,267.7300109863281,272.8900146484375,267.6099853515625,272.19000244140625,97307400,SPY
2018-03-06,273.29998779296875,273.3900146484375,271.17999267578125,272.8800048828125,79213200,SPY
2018-03-07,270.4200134277344,273.17999267578125,270.20001220703125,272.7799987792969,87063500,SPY
2018-03-08,273.54998779296875,274.239990234375,272.4200134277344,274.1000061035156,66901200,SPY
2018-03-09,275.70001220703125,278.8699951171875,275.3399963378906,278.8699951171875,113625300,SPY
2018-03-12,279.20001220703125,279.9100036621094,278.0799865722656,278.5199890136719,71924800,SPY
2018-03-13,279.8399963378906,280.4100036621094,276.0299987792969,276.7200012207031,91968900,SPY
2018-03-14,277.80999755859375,278.0199890136719,274.6700134277344,275.29998779296875,105895100,SPY
2018-03-15,275.8800048828125,276.6099853515625,274.42999267578125,275.0,83433000,SPY
2018-03-16,274.5,275.3900146484375,274.1400146484375,274.20001220703125,100343700,SPY
2018-03-19,273.3500061035156,274.3999938964844,268.6199951171875,270.489990234375,109208400,SPY
2018-03-20,270.94000244140625,271.6700134277344,270.17999267578125,270.95001220703125,59757300,SPY
2018-03-21,270.8999938964844,273.2699890136719,270.19000244140625,270.42999267578125,78709600,SPY
2018-03-22,267.9100036621094,268.8699951171875,263.3599853515625,263.6700134277344,148785900,SPY
2018-03-23,264.1700134277344,264.5400085449219,257.8299865722656,258.04998779296875,183534800,SPY
2018-03-26,262.1300048828125,265.42999267578125,259.4100036621094,265.1099853515625,141956100,SPY
2018-03-27,266.1700134277344,266.7699890136719,258.8399963378906,260.6000061035156,129941400,SPY
2018-03-28,260.75,262.6400146484375,258.5799865722656,259.8299865722656,146452300,SPY
2018-03-29,261.1199951171875,265.260009765625,259.8399963378906,263.1499938964844,111601600,SPY
2018-04-02,262.54998779296875,263.1300048828125,254.6699981689453,257.4700012207031,186286300,SPY
2018-04-03,258.8699951171875,261.30999755859375,256.8399963378906,260.7699890136719,119956900,SPY
2018-04-04,256.75,264.3599853515625,256.6000061035156,263.55999755859375,123715300,SPY
2018-04-05,265.54998779296875,266.6400146484375,264.32000732421875,265.6400146484375,82652600,SPY
2018-04-06,263.4200134277344,265.1099853515625,258.0,259.7200012207031,179521200,SPY
2018-04-09,261.3699951171875,264.8399963378906,259.94000244140625,261.0,105442900,SPY
2018-04-10,264.2699890136719,266.0400085449219,262.9800109863281,265.1499938964844,103529000,SPY
2018-04-11,263.4700012207031,265.6400146484375,263.3900146484375,263.760009765625,91140200,SPY
2018-04-12,265.260009765625,267.0,265.05999755859375,265.92999267578125,68890500,SPY
2018-04-13,267.4100036621094,267.5400085449219,264.010009765625,265.1499938964844,85079200,SPY
2018-04-16,267.0,268.20001220703125,266.07000732421875,267.3299865722656,63405300,SPY
2018-04-17,269.3299865722656,270.8699951171875,268.75,270.19000244140625,64682000,SPY
2018-04-18,270.69000244140625,271.29998779296875,269.8699951171875,270.3900146484375,57303900,SPY
2018-04-19,269.6499938964844,269.8800048828125,267.7200012207031,268.8900146484375,77655900,SPY
2018-04-20,268.80999755859375,269.05999755859375,265.6099853515625,266.6099853515625,99953100,SPY
2018-04-23,267.260009765625,267.8900146484375,265.3500061035156,266.57000732421875,65558000,SPY
2018-04-24,267.7300109863281,267.9800109863281,261.2799987792969,262.9800109863281,112885500,SPY
2018-04-25,262.9100036621094,264.1300048828125,260.8500061035156,263.6300048828125,103840900,SPY
2018-04-26,264.7900085449219,267.25,264.2900085449219,266.30999755859375,67731900,SPY
2018-04-27,267.0,267.3399963378906,265.5,266.55999755859375,57053600,SPY
2018-04-30,267.260009765625,267.8900146484375,264.42999267578125,264.510009765625,82182300,SPY
2018-05-01,263.8699951171875,265.1000061035156,262.1099853515625,264.9800109863281,74203400,SPY
2018-05-02,264.760009765625,265.67999267578125,262.760009765625,263.20001220703125,86368900,SPY
2018-05-03,262.260009765625,263.3599853515625,259.04998779296875,262.6199951171875,136311500,SPY
2018-05-04,261.5199890136719,266.7900085449219,261.1499938964844,266.0199890136719,91222100,SPY
2018-05-07,266.8900146484375,268.0199890136719,266.1099853515625,266.9200134277344,55304900,SPY
2018-05-08,266.5,267.3299865722656,265.1499938964844,266.9200134277344,67499200,SPY
2018-05-09,267.67999267578125,269.8699951171875,267.0899963378906,269.5,59666100,SPY
2018-05-10,270.3399963378906,272.3900146484375,270.2200012207031,272.0199890136719,72063900,SPY
2018-05-11,272.1600036621094,273.1499938964844,271.5799865722656,272.8500061035156,59871500,SPY
2018-05-14,273.3399963378906,274.0799865722656,272.3599853515625,272.9800109863281,54790600,SPY
2018-05-15,271.5899963378906,271.6099853515625,270.0299987792969,271.1000061035156,87036100,SPY
2018-05-16,271.1400146484375,272.760009765625,271.1099853515625,272.239990234375,53942600,SPY
2018-05-17,271.94000244140625,273.2300109863281,271.1300048828125,272.010009765625,56536400,SPY
2018-05-18,271.6199951171875,272.0299987792969,270.92999267578125,271.3299865722656,64368000,SPY
2018-05-21,273.010009765625,273.9800109863281,272.57000732421875,273.3699951171875,58025900,SPY
2018-05-22,273.9599914550781,274.25,272.239990234375,272.6099853515625,52966400,SPY
2018-05-23,271.1700134277344,273.3900146484375,270.989990234375,273.3599853515625,64694200,SPY
2018-05-24,272.9100036621094,273.2200012207031,270.7799987792969,272.79998779296875,76043800,SPY
2018-05-25,272.1499938964844,272.8599853515625,271.5799865722656,272.1499938964844,56374800,SPY
2018-05-29,270.30999755859375,271.1700134277344,267.760009765625,269.0199890136719,115908600,SPY
2018-05-30,270.5,273.1099853515625,270.4200134277344,272.6099853515625,69678400,SPY
2018-05-31,272.1499938964844,272.489990234375,270.260009765625,270.94000244140625,93519900,SPY
2018-06-01,272.4100036621094,273.94000244140625,272.3299865722656,273.6000061035156,71258400,SPY
2018-06-04,274.5299987792969,275.19000244140625,274.260009765625,274.8999938964844,45385200,SPY
2018-06-05,275.04998779296875,275.5299987792969,274.17999267578125,275.1000061035156,51135000,SPY
2018-06-06,275.7900085449219,277.5199890136719,275.0899963378906,277.3999938964844,62732200,SPY
2018-06-07,277.95001220703125,278.2799987792969,276.3399963378906,277.3699951171875,72969400,SPY
2018-06-08,276.8500061035156,278.25,276.6600036621094,278.19000244140625,72139700,SPY
2018-06-11,278.44000244140625,279.3699951171875,278.30999755859375,278.55999755859375,58892500,SPY
2018-06-12,279.0299987792969,279.3299865722656,278.19000244140625,278.9200134277344,72329000,SPY
2018-06-13,279.19000244140625,279.4800109863281,277.79998779296875,278.0299987792969,79070600,SPY
2018-06-14,279.010009765625,279.3299865722656,278.05999755859375,278.7300109863281,77097600,SPY
2018-06-15,276.6000061035156,277.510009765625,275.3500061035156,277.1300048828125,120041600,SPY
2018-06-18,275.489990234375,276.70001220703125,274.95001220703125,276.55999755859375,52917600,SPY
2018-06-19,274.0,275.75,273.5299987792969,275.5,97531500,SPY
2018-06-20,276.2699890136719,276.7200012207031,275.5899963378906,275.9700012207031,53785500,SPY
2018-06-21,275.9599914550781,275.9800109863281,273.67999267578125,274.239990234375,71061400,SPY
2018-06-22,275.6600036621094,275.7900085449219,274.489990234375,274.739990234375,54898500,SPY
2018-06-25,273.44000244140625,273.6199951171875,269.1000061035156,271.0,137854200,SPY
2018-06-26,271.6400146484375,272.55999755859375,270.7900085449219,271.6000061035156,68547400,SPY
2018-06-27,272.260009765625,273.8699951171875,269.17999267578125,269.3500061035156,105110700,SPY
2018-06-28,269.2900085449219,271.75,268.489990234375,270.8900146484375,76650500,SPY
2018-06-29,272.1199951171875,273.6600036621094,271.1499938964844,271.2799987792969,97592500,SPY
2018-07-02,269.510009765625,272.0400085449219,269.239990234375,271.8599853515625,63554800,SPY
2018-07-03,272.8699951171875,272.9800109863281,270.4200134277344,270.8999938964844,42187100,SPY
2018-07-05,272.1700134277344,273.17999267578125,270.9599914550781,273.1099853515625,56925900,SPY
2018-07-06,273.1400146484375,275.8399963378906,272.7099914550781,275.4200134277344,66493700,SPY
2018-07-09,276.54998779296875,277.9599914550781,276.5,277.8999938964844,50550400,SPY
2018-07-10,278.4100036621094,279.010009765625,278.0799865722656,278.8999938964844,51966800,SPY
2018-07-11,277.1499938964844,278.0400085449219,276.5199890136719,276.8599853515625,77054700,SPY
2018-07-12,278.2799987792969,279.42999267578125,277.6000061035156,279.3699951171875,60124700,SPY
2018-07-13,279.1700134277344,279.92999267578125,278.6600036621094,279.5899963378906,48216000,SPY
2018-07-16,279.6400146484375,279.79998779296875,278.8399963378906,279.3399963378906,48201000,SPY
2018-07-17,278.4700012207031,280.9100036621094,278.4100036621094,280.4700012207031,52315500,SPY
2018-07-18,280.55999755859375,281.17999267578125,280.05999755859375,281.05999755859375,44593500,SPY
2018-07-19,280.30999755859375,280.739990234375,279.4599914550781,280.0,61412100,SPY
2018-07-20,279.7699890136719,280.4800109863281,279.5,279.67999267578125,82337700,SPY
2018-07-23,279.45001220703125,280.42999267578125,279.05999755859375,280.20001220703125,47047600,SPY
2018-07-24,281.7900085449219,282.55999755859375,280.6300048828125,281.6099853515625,68026900,SPY
2018-07-25,281.3299865722656,284.3699951171875,281.2799987792969,284.010009765625,78882900,SPY
2018-07-26,283.20001220703125,284.1099853515625,283.0899963378906,283.3399963378906,57919500,SPY
2018-07-27,283.7099914550781,283.82000732421875,280.3800048828125,281.4200134277344,76768700,SPY
2018-07-30,281.510009765625,281.69000244140625,279.3599853515625,279.95001220703125,63742500,SPY
2018-07-31,280.80999755859375,282.0199890136719,280.3800048828125,281.3299865722656,68570500,SPY
2018-08-01,281.55999755859375,282.1300048828125,280.1300048828125,280.8599853515625,53853300,SPY
2018-08-02,279.3900146484375,282.5799865722656,279.1600036621094,282.3900146484375,63426400,SPY
2018-08-03,282.5299987792969,283.6600036621094,282.3299865722656,283.6000061035156,53935400,SPY
2018-08-06,283.6400146484375,284.989990234375,283.20001220703125,284.6400146484375,39400900,SPY
2018-08-07,285.3900146484375,286.010009765625,285.239990234375,285.5799865722656,43196600,SPY
2018-08-08,285.3900146484375,285.9100036621094,284.94000244140625,285.4599914550781,42114600,SPY
2018-08-09,285.5299987792969,285.9700012207031,284.9200134277344,285.07000732421875,35717000,SPY
2018-08-10,283.45001220703125,284.05999755859375,282.3599853515625,283.1600036621094,77076000,SPY
2018-08-13,283.4700012207031,284.1600036621094,281.7699890136719,282.1000061035156,65732900,SPY
2018-08-14,282.9200134277344,284.1700134277344,282.4800109863281,283.8999938964844,43842000,SPY
2018-08-15,282.3800048828125,282.5400085449219,280.1600036621094,281.7799987792969,102925400,SPY
2018-08-16,283.3999938964844,285.0400085449219,283.3599853515625,284.05999755859375,69967900,SPY
2018-08-17,283.8299865722656,285.55999755859375,283.3699951171875,285.05999755859375,65618500,SPY
2018-08-20,285.57000732421875,285.9700012207031,285.05999755859375,285.6700134277344,39807500,SPY
2018-08-21,286.25,287.30999755859375,285.7099914550781,286.3399963378906,67272000,SPY
2018-08-22,285.8800048828125,286.760009765625,285.5799865722656,286.1700134277344,44993300,SPY
2018-08-23,285.9700012207031,286.94000244140625,285.42999267578125,285.7900085449219,49204900,SPY
2018-08-24,286.44000244140625,287.6700134277344,286.3800048828125,287.510009765625,57487400,SPY
2018-08-27,288.8599853515625,289.8999938964844,288.67999267578125,289.7799987792969,57072400,SPY
2018-08-28,290.29998779296875,290.4200134277344,289.3999938964844,289.9200134277344,46943500,SPY
2018-08-29,290.1600036621094,291.739990234375,289.8900146484375,291.4800109863281,61485500,SPY
2018-08-30,290.94000244140625,291.3599853515625,289.6300048828125,290.29998779296875,61229500,SPY
2018-08-31,289.8399963378906,290.80999755859375,289.2900085449219,290.30999755859375,66140800,SPY
2018-09-04,289.8399963378906,290.2099914550781,288.67999267578125,289.80999755859375,57594400,SPY
2018-09-05,289.4100036621094,289.6400146484375,287.8900146484375,289.0299987792969,72452400,SPY
2018-09-06,289.1499938964844,289.489990234375,287.0,288.1600036621094,65909900,SPY
2018-09-07,286.9800109863281,288.70001220703125,286.7099914550781,287.6000061035156,73524800,SPY
2018-09-10,288.739990234375,289.0400085449219,287.8800048828125,288.1000061035156,50210900,SPY
2018-09-11,287.3699951171875,289.54998779296875,286.9800109863281,289.04998779296875,50530500,SPY
2018-09-12,289.05999755859375,289.79998779296875,288.2300109863281,289.1199951171875,59810800,SPY
2018-09-13,290.32000732421875,291.0400085449219,290.0,290.8299865722656,51034200,SPY
2018-09-14,291.05999755859375,291.2699890136719,290.0,290.8800048828125,55079900,SPY
2018-09-17,290.82000732421875,290.8599853515625,289.0299987792969,289.3399963378906,68244000,SPY
2018-09-18,289.5799865722656,291.5799865722656,289.54998779296875,290.9100036621094,61930400,SPY
2018-09-19,290.9700012207031,291.69000244140625,290.8299865722656,291.2200012207031,49080600,SPY
2018-09-20,292.6400146484375,293.94000244140625,291.239990234375,293.5799865722656,100360600,SPY
2018-09-21,293.0899963378906,293.2200012207031,291.80999755859375,291.989990234375,105479700,SPY
2018-09-24,291.3399963378906,291.5,290.3699951171875,291.0199890136719,53409600,SPY
2018-09-25,291.5299987792969,291.6499938964844,290.4800109863281,290.75,44370000,SPY
2018-09-26,290.9100036621094,292.239990234375,289.4100036621094,289.8800048828125,79739700,SPY
2018-09-27,290.4100036621094,291.9100036621094,290.1000061035156,290.69000244140625,59249500,SPY
2018-09-28,289.989990234375,291.2799987792969,289.95001220703125,290.7200012207031,70091400,SPY
2018-10-01,292.1099853515625,292.92999267578125,290.9800109863281,291.7300109863281,62078900,SPY
2018-10-02,291.55999755859375,292.3599853515625,291.1400146484375,291.55999755859375,47258200,SPY
2018-10-03,292.739990234375,293.2099914550781,291.32000732421875,291.7200012207031,64694600,SPY
2018-10-04,291.17999267578125,291.239990234375,287.6600036621094,289.44000244140625,111545900,SPY
2018-10-05,289.69000244140625,290.2699890136719,286.2200012207031,287.82000732421875,105951700,SPY
2018-10-08,287.04998779296875,288.2200012207031,285.5,287.82000732421875,87742200,SPY
2018-10-09,287.3900146484375,288.8599853515625,286.7699890136719,287.3999938964844,74339000,SPY
2018-10-10,286.8299865722656,286.9100036621094,277.8800048828125,278.29998779296875,214731000,SPY
2018-10-11,277.0799865722656,278.8999938964844,270.3599853515625,272.1700134277344,274840500,SPY
2018-10-12,276.7699890136719,277.0899963378906,272.3699951171875,275.95001220703125,183186500,SPY
2018-10-15,275.54998779296875,277.0400085449219,274.29998779296875,274.3999938964844,102263700,SPY
2018-10-16,276.6000061035156,280.82000732421875,276.07000732421875,280.3999938964844,118255800,SPY
2018-10-17,280.44000244140625,281.1499938964844,277.55999755859375,280.45001220703125,110626000,SPY
2018-10-18,279.3999938964844,280.07000732421875,274.9700012207031,276.3999938964844,134557500,SPY
2018-10-19,277.1300048828125,279.29998779296875,275.4700012207031,276.25,139901600,SPY
2018-10-22,277.0,277.3599853515625,274.4100036621094,275.010009765625,82415800,SPY
2018-10-23,270.95001220703125,274.8699951171875,268.6099853515625,273.6099853515625,146352700,SPY
2018-10-24,273.3299865722656,273.760009765625,264.70001220703125,265.32000732421875,177806700,SPY
2018-10-25,267.3800048828125,271.80999755859375,266.2300109863281,270.0799865722656,138061500,SPY
2018-10-26,265.9200134277344,271.0,262.2900085449219,265.3299865722656,201574600,SPY
2018-10-29,268.79998779296875,270.25,259.8500061035156,263.8599853515625,160749100,SPY
2018-10-30,263.6700134277344,268.1199951171875,263.1199951171875,267.7699890136719,157116000,SPY
2018-10-31,270.6499938964844,273.2300109863281,270.1199951171875,270.6300048828125,128296300,SPY
2018-11-01,271.6000061035156,273.7300109863281,270.3800048828125,273.510009765625,99495000,SPY
2018-11-02,274.75,275.2300109863281,269.5899963378906,271.8900146484375,122634100,SPY
2018-11-05,272.44000244140625,274.010009765625,271.3500061035156,273.3900146484375,65622500,SPY
2018-11-06,273.32000732421875,275.29998779296875,273.25,275.1199951171875,60085900,SPY
2018-11-07,277.55999755859375,281.1000061035156,277.0799865722656,281.010009765625,102752100,SPY
2018-11-08,280.1099853515625,281.2200012207031,279.2200012207031,280.5,65584900,SPY
2018-11-09,279.0299987792969,279.239990234375,276.17999267578125,277.760009765625,98812600,SPY
2018-11-12,277.19000244140625,277.4599914550781,271.989990234375,272.57000732421875,99673600,SPY
2018-11-13,273.0899963378906,275.3299865722656,271.25,272.05999755859375,98176600,SPY
2018-11-14,274.1600036621094,274.6099853515625,268.45001220703125,270.20001220703125,125335900,SPY
2018-11-15,268.7799987792969,273.5400085449219,267.010009765625,273.0199890136719,135101400,SPY
2018-11-16,271.7900085449219,274.75,271.2099914550781,273.7300109863281,126668000,SPY
2018-11-19,273.04998779296875,273.3800048828125,268.07000732421875,269.1000061035156,103061700,SPY
2018-11-20,265.3599853515625,267.0,263.1499938964844,264.1199951171875,136021300,SPY
2018-11-21,265.8599853515625,267.1499938964844,265.010009765625,265.0199890136719,75563700,SPY
2018-11-23,263.17999267578125,264.82000732421875,263.07000732421875,263.25,42807900,SPY
2018-11-26,265.7799987792969,267.75,265.3399963378906,267.5,79981400,SPY
2018-11-27,266.3399963378906,268.3999938964844,265.6600036621094,268.3999938964844,75502400,SPY
2018-11-28,269.6000061035156,274.5799865722656,268.3299865722656,274.5799865722656,127629600,SPY
2018-11-29,273.7099914550781,275.54998779296875,272.42999267578125,273.9800109863281,82346400,SPY
2018-11-30,273.80999755859375,276.2799987792969,273.45001220703125,275.6499938964844,98204200,SPY
2018-12-03,280.2799987792969,280.3999938964844,277.510009765625,279.29998779296875,103176300,SPY
2018-12-04,278.3699951171875,278.8500061035156,269.8999938964844,270.25,177986000,SPY
2018-12-06,265.9200134277344,269.9700012207031,262.44000244140625,269.8399963378906,204185400,SPY
2018-12-07,269.4599914550781,271.2200012207031,262.6300048828125,263.57000732421875,161018900,SPY
2018-12-10,263.3699951171875,265.1600036621094,258.6199951171875,264.07000732421875,151445900,SPY
2018-12-11,267.6600036621094,267.8699951171875,262.4800109863281,264.1300048828125,121504400,SPY
2018-12-12,267.4700012207031,269.0,265.3699951171875,265.4599914550781,97976700,SPY
2018-12-13,266.5199890136719,267.489990234375,264.1199951171875,265.3699951171875,96662700,SPY
2018-12-14,262.9599914550781,264.0299987792969,259.8500061035156,260.4700012207031,116961100,SPY
2018-12-17,259.3999938964844,260.6499938964844,253.52999877929688,255.36000061035156,165492300,SPY
2018-12-18,257.20001220703125,257.95001220703125,253.27999877929688,255.0800018310547,134515100,SPY
2018-12-19,255.1699981689453,259.3999938964844,249.35000610351562,251.25999450683594,214992800,SPY
2018-12-20,249.86000061035156,251.6199951171875,244.64999389648438,247.1699981689453,252053400,SPY
2018-12-21,246.74000549316406,249.7100067138672,239.97999572753906,240.6999969482422,255345600,SPY
2018-12-24,239.0399932861328,240.83999633789062,234.27000427246094,234.33999633789062,147311600,SPY
2018-12-26,235.97000122070312,246.17999267578125,233.75999450683594,246.17999267578125,218485400,SPY
2018-12-27,242.57000732421875,248.2899932861328,238.9600067138672,248.07000732421875,186267300,SPY
2018-12-28,249.5800018310547,251.39999389648438,246.4499969482422,247.75,153100200,SPY
2018-12-31,249.55999755859375,250.19000244140625,247.47000122070312,249.9199981689453,144299400,SPY
2019-01-02,245.97999572753906,251.2100067138672,245.9499969482422,250.17999267578125,126925200,SPY
2019-01-03,248.22999572753906,248.57000732421875,243.6699981689453,244.2100067138672,144140700,SPY
2019-01-04,247.58999633789062,253.11000061035156,247.1699981689453,252.38999938964844,142628800,SPY
2019-01-07,252.69000244140625,255.9499969482422,251.69000244140625,254.3800048828125,103139100,SPY
2019-01-08,256.82000732421875,257.30999755859375,254.0,256.7699890136719,102512600,SPY
2019-01-09,257.55999755859375,258.9100036621094,256.19000244140625,257.9700012207031,95006600,SPY
2019-01-10,256.260009765625,259.1600036621094,255.5,258.8800048828125,96823900,SPY
2019-01-11,257.67999267578125,259.010009765625,257.0299987792969,258.9800109863281,73858100,SPY
2019-01-14,256.8599853515625,258.29998779296875,256.4100036621094,257.3999938964844,70908200,SPY
2019-01-15,257.82000732421875,260.70001220703125,257.80999755859375,260.3500061035156,85208300,SPY
2019-01-16,260.8299865722656,261.9700012207031,260.6000061035156,260.9800109863281,77636700,SPY
2019-01-17,260.010009765625,263.9200134277344,259.9599914550781,262.9599914550781,96118400,SPY
2019-01-18,264.9800109863281,266.9800109863281,263.0,266.4599914550781,127900300,SPY
2019-01-22,264.82000732421875,265.05999755859375,261.05999755859375,262.8599853515625,115531200,SPY
2019-01-23,264.010009765625,264.7900085449219,260.6600036621094,263.4100036621094,86030300,SPY
2019-01-24,263.2099914550781,264.20001220703125,262.0799865722656,263.54998779296875,59204100,SPY
2019-01-25,265.6099853515625,266.70001220703125,263.6600036621094,265.7799987792969,96883400,SPY
2019-01-28,263.3900146484375,263.8299865722656,261.7900085449219,263.760009765625,85613700,SPY
2019-01-29,263.9200134277344,264.54998779296875,262.4800109863281,263.4100036621094,66136300,SPY
2019-01-30,265.1000061035156,268.5199890136719,264.25,267.5799865722656,92473700,SPY
2019-01-31,267.510009765625,270.4700012207031,267.2699890136719,269.92999267578125,104012100,SPY
2019-02-01,270.1499938964844,271.20001220703125,269.17999267578125,270.05999755859375,85782500,SPY
2019-02-04,270.1099853515625,272.0299987792969,269.3599853515625,271.9599914550781,60744800,SPY
2019-02-05,272.44000244140625,273.44000244140625,271.8800048828125,273.1000061035156,79552800,SPY
2019-02-06,272.7900085449219,273.3399963378906,271.9200134277344,272.739990234375,58347800,SPY
2019-02-07,270.94000244140625,271.54998779296875,268.2900085449219,270.1400146484375,95482000,SPY
2019-02-08,268.75,270.5799865722656,267.8299865722656,270.4700012207031,75788900,SPY
2019-02-11,271.20001220703125,271.489990234375,270.0299987792969,270.6199951171875,68021400,SPY
2019-02-12,272.4200134277344,274.5199890136719,272.3399963378906,274.1000061035156,72270200,SPY
2019-02-13,275.0299987792969,275.92999267578125,274.55999755859375,274.989990234375,65277200,SPY
2019-02-14,273.7799987792969,275.6400146484375,272.8699951171875,274.3800048828125,83234400,SPY
2019-02-15,276.3599853515625,277.4100036621094,276.1300048828125,277.3699951171875,97088700,SPY
2019-02-19,276.4800109863281,278.5799865722656,276.4700012207031,277.8500061035156,59120800,SPY
2019-02-20,277.80999755859375,278.9200134277344,277.25,278.4100036621094,76610800,SPY
2019-02-21,277.70001220703125,278.1000061035156,276.3500061035156,277.4200134277344,64214700,SPY
2019-02-22,278.1099853515625,279.3599853515625,277.3999938964844,279.1400146484375,78114600,SPY
2019-02-25,280.7300109863281,281.30999755859375,279.42999267578125,279.5199890136719,69030700,SPY
2019-02-26,279.1300048828125,280.29998779296875,278.8999938964844,279.32000732421875,56844100,SPY
2019-02-27,278.5199890136719,279.5899963378906,277.4800109863281,279.20001220703125,56921600,SPY
2019-02-28,278.9599914550781,279.45001220703125,278.32000732421875,278.67999267578125,69268300,SPY
2019-03-01,280.44000244140625,280.8800048828125,278.82000732421875,280.4200134277344,78880500,SPY
2019-03-04,281.6000061035156,281.8699951171875,276.8399963378906,279.3999938964844,106494600,SPY
2019-03-05,279.5400085449219,279.760009765625,278.4100036621094,279.0199890136719,59114600,SPY
2019-03-06,279.1499938964844,279.1600036621094,276.9700012207031,277.3299865722656,75039800,SPY
2019-03-07,276.8299865722656,276.989990234375,274.07000732421875,275.010009765625,94885100,SPY
2019-03-08,272.94000244140625,274.6499938964844,272.4200134277344,274.4599914550781,85795800,SPY
2019-03-11,275.260009765625,278.6199951171875,275.2300109863281,278.44000244140625,65098900,SPY
2019-03-12,279.05999755859375,280.07000732421875,278.8500061035156,279.489990234375,79667500,SPY
2019-03-13,280.4800109863281,282.3800048828125,280.29998779296875,281.3399963378906,80639200,SPY
2019-03-14,281.3699951171875,281.8399963378906,280.6700134277344,281.1600036621094,67518400,SPY
2019-03-15,280.5400085449219,282.2099914550781,280.3299865722656,281.30999755859375,81309000,SPY
2019-03-18,281.54998779296875,282.6600036621094,281.29998779296875,282.3299865722656,62199800,SPY
2019-03-19,283.510009765625,284.3599853515625,281.4100036621094,282.3999938964844,90268100,SPY
2019-03-20,282.1600036621094,283.5,280.32000732421875,281.54998779296875,84609200,SPY
2019-03-21,280.6400146484375,285.17999267578125,280.5899963378906,284.7300109863281,79550400,SPY
2019-03-22,283.2200012207031,283.79998779296875,279.17999267578125,279.25,122659300,SPY
2019-03-25,278.8699951171875,280.19000244140625,277.6400146484375,279.0400085449219,85575200,SPY
2019-03-26,280.989990234375,282.17999267578125,279.55999755859375,281.1199951171875,68125900,SPY
2019-03-27,281.1099853515625,281.760009765625,277.92999267578125,279.6499938964844,72224700,SPY
2019-03-28,280.3500061035156,281.2099914550781,279.07000732421875,280.7099914550781,56238500,SPY
2019-03-29,282.3900146484375,282.8399963378906,281.1400146484375,282.4800109863281,82186800,SPY
2019-04-01,284.70001220703125,286.1600036621094,284.3999938964844,285.8299865722656,77617900,SPY
2019-04-02,286.0400085449219,286.2300109863281,285.0899963378906,285.9700012207031,40070400,SPY
2019-04-03,287.32000732421875,287.760009765625,285.75,286.4200134277344,68243200,SPY
2019-04-04,286.7799987792969,287.4599914550781,286.010009765625,287.17999267578125,48997500,SPY
2019-04-05,287.9200134277344,288.6300048828125,287.6000061035156,288.57000732421875,58621700,SPY
2019-04-08,288.1000061035156,288.9100036621094,287.3699951171875,288.7900085449219,53566300,SPY
2019-04-09,287.7200012207031,288.0799865722656,286.70001220703125,287.30999755859375,66142300,SPY
2019-04-10,287.7699890136719,288.3900146484375,287.30999755859375,288.2900085449219,52601500,SPY
2019-04-11,288.8299865722656,288.8399963378906,287.5799865722656,288.2099914550781,55093100,SPY
2019-04-12,290.0,290.4700012207031,288.260009765625,290.1600036621094,69727800,SPY
2019-04-15,290.239990234375,290.3500061035156,289.0799865722656,289.9700012207031,49596700,SPY
2019-04-16,290.95001220703125,291.010009765625,289.5,290.1600036621094,52153200,SPY
2019-04-17,291.3999938964844,291.42999267578125,288.989990234375,289.45001220703125,58268300,SPY
2019-04-18,290.1000061035156,290.32000732421875,288.6600036621094,290.0199890136719,68708500,SPY
2019-04-22,289.1700134277344,290.44000244140625,289.07000732421875,290.2699890136719,40160100,SPY
2019-04-23,290.67999267578125,293.1400146484375,290.4200134277344,292.8800048828125,52246600,SPY
2019-04-24,292.7900085449219,293.1600036621094,292.07000732421875,292.2300109863281,50392900,SPY
2019-04-25,292.1199951171875,292.7799987792969,290.7300109863281,292.04998779296875,57770900,SPY
2019-04-26,292.1000061035156,293.489990234375,291.239990234375,293.4100036621094,50916400,SPY
2019-04-29,293.510009765625,294.45001220703125,293.4100036621094,293.8699951171875,57197700,SPY
2019-04-30,293.489990234375,294.3399963378906,291.9200134277344,294.0199890136719,81111700,SPY
2019-05-01,294.7200012207031,294.95001220703125,291.79998779296875,291.80999755859375,71671900,SPY
2019-05-02,291.67999267578125,292.70001220703125,289.5199890136719,291.17999267578125,65030200,SPY
2019-05-03,292.82000732421875,294.3399963378906,291.29998779296875,294.0299987792969,56543700,SPY
2019-05-06,289.25,293.30999755859375,288.8999938964844,292.82000732421875,107198100,SPY
2019-05-07,290.1499938964844,290.80999755859375,285.80999755859375,287.92999267578125,144729900,SPY
2019-05-08,287.5299987792969,289.42999267578125,286.8699951171875,287.5299987792969,91568300,SPY
2019-05-09,285.2300109863281,287.3299865722656,283.29998779296875,286.6600036621094,103471100,SPY
2019-05-10,285.6199951171875,288.94000244140625,282.29998779296875,288.1000061035156,112429300,SPY
2019-05-13,282.4200134277344,283.489990234375,279.92999267578125,280.8599853515625,127290500,SPY
2019-05-14,281.989990234375,285.1000061035156,281.8500061035156,283.3999938964844,77003200,SPY
2019-05-15,281.5899963378906,285.7699890136719,281.3599853515625,285.05999755859375,73956400,SPY
2019-05-16,285.8399963378906,289.2099914550781,285.760009765625,287.70001220703125,76749600,SPY
2019-05-17,285.1400146484375,288.6000061035156,285.1199951171875,285.8399963378906,100353000,SPY
2019-05-20,284.05999755859375,285.9599914550781,283.1199951171875,283.95001220703125,62877600,SPY
2019-05-21,285.8299865722656,286.92999267578125,285.54998779296875,286.510009765625,46847100,SPY
2019-05-22,285.45001220703125,286.69000244140625,285.1000061035156,285.6300048828125,49482500,SPY
2019-05-23,283.1600036621094,283.2099914550781,280.57000732421875,282.1400146484375,98733800,SPY
2019-05-24,283.739990234375,284.20001220703125,282.0899963378906,282.7799987792969,55268100,SPY
2019-05-28,283.0899963378906,284.1499938964844,280.1300048828125,280.1499938964844,70029400,SPY
2019-05-29,278.9100036621094,279.3599853515625,276.7099914550781,278.2699890136719,104972900,SPY
2019-05-30,279.1099853515625,280.0400085449219,277.80999755859375,279.0299987792969,62523800,SPY
2019-05-31,276.20001220703125,277.1199951171875,275.239990234375,275.2699890136719,86862800,SPY
2019-06-03,275.30999755859375,276.54998779296875,273.0899963378906,274.57000732421875,96428000,SPY
2019-06-04,277.1199951171875,280.67999267578125,276.6199951171875,280.5299987792969,77231900,SPY
2019-06-05,282.3299865722656,282.989990234375,280.32000732421875,282.9599914550781,71169700,SPY
2019-06-06,283.2900085449219,285.54998779296875,282.57000732421875,284.79998779296875,69430400,SPY
2019-06-07,285.92999267578125,288.8500061035156,285.739990234375,287.6499938964844,74272200,SPY
2019-06-10,289.3699951171875,290.82000732421875,288.8699951171875,288.9700012207031,60799100,SPY
2019-06-11,290.989990234375,291.3999938964844,288.17999267578125,288.8999938964844,58641300,SPY
2019-06-12,288.6400146484375,289.260009765625,287.82000732421875,288.3900146484375,47096300,SPY
2019-06-13,289.3999938964844,289.9800109863281,288.6199951171875,289.5799865722656,48945200,SPY
2019-06-14,289.260009765625,289.92999267578125,288.4100036621094,289.260009765625,52324700,SPY
2019-06-17,289.5199890136719,290.2200012207031,289.17999267578125,289.3699951171875,39205700,SPY
2019-06-18,291.3900146484375,293.57000732421875,290.989990234375,292.3999938964844,85434800,SPY
2019-06-19,292.54998779296875,293.6499938964844,291.4700012207031,293.05999755859375,78674400,SPY
2019-06-20,296.0400085449219,296.30999755859375,293.1300048828125,295.8599853515625,116570000,SPY
2019-06-21,294.1300048828125,295.5199890136719,293.760009765625,294.0,83309500,SPY
2019-06-24,294.2300109863281,294.5799865722656,293.4700012207031,293.6400146484375,47582700,SPY
2019-06-25,293.70001220703125,293.7300109863281,290.6400146484375,290.760009765625,82028700,SPY
2019-06-26,291.75,292.30999755859375,290.3500061035156,290.4700012207031,51584900,SPY
2019-06-27,291.30999755859375,292.05999755859375,290.8900146484375,291.5,40355200,SPY
2019-06-28,292.5799865722656,293.54998779296875,292.010009765625,293.0,59350900,SPY
2019-07-01,296.67999267578125,296.9200134277344,294.3299865722656,295.6600036621094,78705600,SPY
2019-07-02,295.6099853515625,296.489990234375,294.67999267578125,296.42999267578125,61504500,SPY
2019-07-03,297.17999267578125,298.82000732421875,297.0199890136719,298.79998779296875,40898900,SPY
2019-07-05,297.44000244140625,298.6400146484375,296.010009765625,298.4599914550781,51677300,SPY
2019-07-08,297.010009765625,298.260009765625,296.2200012207031,296.82000732421875,45841800,SPY
2019-07-09,295.5400085449219,297.5199890136719,295.4800109863281,297.19000244140625,41101300,SPY
2019-07-10,298.3699951171875,299.6600036621094,297.7799987792969,298.6099853515625,58448500,SPY
2019-07-11,299.32000732421875,299.5799865722656,298.20001220703125,299.30999755859375,50826100,SPY
2019-07-12,299.8500061035156,300.7300109863281,299.510009765625,300.6499938964844,40326000,SPY
2019-07-15,301.1300048828125,301.1300048828125,300.19000244140625,300.75,33900000,SPY
2019-07-16,300.6499938964844,300.8800048828125,299.44000244140625,299.7799987792969,36650100,SPY
2019-07-17,299.75,299.92999267578125,297.739990234375,297.739990234375,36036300,SPY
2019-07-18,297.19000244140625,299.25,296.70001220703125,298.8299865722656,51392600,SPY
2019-07-19,300.0400085449219,300.07000732421875,296.9800109863281,297.1700134277344,58678600,SPY
2019-07-22,297.6099853515625,298.5,297.0400085449219,297.8999938964844,43638100,SPY
2019-07-23,299.1400146484375,300.0299987792969,298.2200012207031,300.0299987792969,44564500,SPY
2019-07-24,299.19000244140625,301.44000244140625,299.0899963378906,301.44000244140625,47213200,SPY
2019-07-25,300.94000244140625,301.0,299.1099853515625,300.0,55394100,SPY
2019-07-26,300.760009765625,302.2300109863281,300.6199951171875,302.010009765625,45084100,SPY
2019-07-29,301.8800048828125,302.010009765625,300.8500061035156,301.4599914550781,38126500,SPY
2019-07-30,299.9100036621094,301.1700134277344,299.489990234375,300.7200012207031,45849000,SPY
2019-07-31,300.989990234375,301.20001220703125,295.20001220703125,297.42999267578125,104245200,SPY
2019-08-01,297.6000061035156,300.8699951171875,293.9599914550781,294.8399963378906,142646600,SPY
2019-08-02,293.8500061035156,294.1199951171875,290.8999938964844,292.6199951171875,116749700,SPY
2019-08-05,288.0899963378906,288.2099914550781,281.7200012207031,283.82000732421875,178745400,SPY
2019-08-06,285.9100036621094,288.0400085449219,284.2799987792969,287.79998779296875,120711700,SPY
2019-08-07,284.3999938964844,288.82000732421875,282.0400085449219,287.9700012207031,140572300,SPY
2019-08-08,289.6199951171875,293.6199951171875,289.010009765625,293.6199951171875,87713900,SPY
2019-08-09,292.5799865722656,293.239990234375,289.6499938964844,291.6199951171875,93730000,SPY
2019-08-12,289.9599914550781,291.6099853515625,287.0199890136719,288.07000732421875,65527600,SPY
2019-08-13,287.739990234375,294.1499938964844,287.3599853515625,292.54998779296875,94299800,SPY
2019-08-14,288.07000732421875,288.739990234375,283.760009765625,283.8999938964844,135622100,SPY
2019-08-15,284.8800048828125,285.6400146484375,282.3900146484375,284.6499938964844,99556600,SPY
2019-08-16,286.4800109863281,289.3299865722656,284.7099914550781,288.8500061035156,83018300,SPY
2019-08-19,292.19000244140625,293.0799865722656,291.44000244140625,292.3299865722656,53571800,SPY
2019-08-20,291.7699890136719,292.3599853515625,289.95001220703125,290.0899963378906,51596400,SPY
2019-08-21,292.4800109863281,292.8599853515625,291.7200012207031,292.45001220703125,49524700,SPY
2019-08-22,293.2300109863281,293.92999267578125,290.3999938964844,292.3599853515625,51666400,SPY
2019-08-23,290.9200134277344,292.760009765625,283.4700012207031,284.8500061035156,149161500,SPY
2019-08-26,287.2699890136719,288.0,285.5799865722656,288.0,72423800,SPY
2019-08-27,289.5400085449219,289.95001220703125,286.0299987792969,286.8699951171875,66668900,SPY
2019-08-28,286.1400146484375,289.07000732421875,285.25,288.8900146484375,59696700,SPY
2019-08-29,291.7200012207031,293.1600036621094,290.6099853515625,292.5799865722656,57899400,SPY
2019-08-30,294.2200012207031,294.239990234375,291.4200134277344,292.45001220703125,62901200,SPY
2019-09-03,290.57000732421875,291.5799865722656,289.2699890136719,290.739990234375,69101400,SPY
2019-09-04,293.1400146484375,294.05999755859375,292.30999755859375,294.0400085449219,46887300,SPY
2019-09-05,296.7900085449219,298.8299865722656,294.0,297.82000732421875,83258100,SPY
2019-09-06,298.1700134277344,298.760009765625,297.4200134277344,298.04998779296875,49584300,SPY
2019-09-09,299.1400146484375,299.239990234375,297.1600036621094,298.20001220703125,51260300,SPY
2019-09-10,297.3599853515625,298.20001220703125,295.9700012207031,298.1300048828125,57947100,SPY
2019-09-11,298.4700012207031,300.3399963378906,297.75,300.25,68821100,SPY
2019-09-12,301.25,302.4599914550781,300.4100036621094,301.2900085449219,72908700,SPY
2019-09-13,301.7799987792969,302.1700134277344,300.67999267578125,301.0899963378906,62104800,SPY
2019-09-16,299.8399963378906,301.1400146484375,299.45001220703125,300.1600036621094,58191200,SPY
2019-09-17,299.94000244140625,301.0199890136719,299.75,300.9200134277344,41475500,SPY
2019-09-18,300.489990234375,301.2200012207031,298.239990234375,301.1000061035156,73375800,SPY
2019-09-19,301.5299987792969,302.6300048828125,300.7099914550781,301.0799865722656,76560500,SPY
2019-09-20,300.3599853515625,300.6700134277344,297.4100036621094,298.2799987792969,89565000,SPY
2019-09-23,297.54998779296875,299.0,297.2699890136719,298.2099914550781,43476800,SPY
2019-09-24,299.4100036621094,299.8399963378906,294.80999755859375,295.8699951171875,94869400,SPY
2019-09-25,295.9599914550781,298.1099853515625,294.3299865722656,297.6199951171875,71854000,SPY
2019-09-26,297.6300048828125,297.8599853515625,295.45001220703125,297.0,56179700,SPY
2019-09-27,297.8299865722656,297.95001220703125,293.69000244140625,295.3999938964844,84746600,SPY
2019-09-30,295.9700012207031,297.54998779296875,295.9200134277344,296.7699890136719,51662400,SPY
2019-10-01,297.739990234375,298.4599914550781,293.0,293.239990234375,88242400,SPY
2019-10-02,291.5,291.510009765625,286.6400146484375,288.05999755859375,122539500,SPY
2019-10-03,287.80999755859375,290.45001220703125,284.82000732421875,290.4200134277344,85278800,SPY
2019-10-04,291.1400146484375,294.6300048828125,291.0799865722656,294.3500061035156,65091200,SPY
2019-10-07,293.4700012207031,295.260009765625,292.7699890136719,293.0799865722656,59610500,SPY
2019-10-08,291.0400085449219,291.8500061035156,288.489990234375,288.5299987792969,95708100,SPY
2019-10-09,290.75,292.29998779296875,290.05999755859375,291.2699890136719,62359400,SPY
2019-10-10,291.17999267578125,294.2099914550781,291.0,293.239990234375,55296300,SPY
2019-10-11,296.2699890136719,298.739990234375,296.1400146484375,296.2799987792969,98720400,SPY
2019-10-14,295.92999267578125,296.6700134277344,295.57000732421875,295.95001220703125,40394800,SPY
2019-10-15,297.1000061035156,299.70001220703125,296.9700012207031,298.8800048828125,46754500,SPY
2019-10-16,298.3699951171875,299.1600036621094,297.9200134277344,298.3999938964844,48928200,SPY
2019-10-17,299.67999267578125,300.239990234375,298.5199890136719,299.2799987792969,45736600,SPY
2019-10-18,298.69000244140625,299.3999938964844,297.0299987792969,297.9700012207031,64304000,SPY
2019-10-21,299.4200134277344,300.2099914550781,298.94000244140625,299.989990234375,39048600,SPY
2019-10-22,300.5799865722656,300.8999938964844,298.9100036621094,299.010009765625,48594700,SPY
2019-10-23,298.7300109863281,299.94000244140625,298.5,299.8800048828125,34352200,SPY
2019-10-24,300.9100036621094,301.07000732421875,299.4599914550781,300.3699951171875,35453100,SPY
2019-10-25,299.739990234375,302.20001220703125,299.67999267578125,301.6000061035156,45205400,SPY
2019-10-28,302.94000244140625,303.8500061035156,302.9100036621094,303.29998779296875,42147000,SPY
2019-10-29,303.0,304.2300109863281,302.8599853515625,303.2099914550781,44284900,SPY
2019-10-30,303.42999267578125,304.54998779296875,301.989990234375,304.1400146484375,49643900,SPY
2019-10-31,304.1300048828125,304.1300048828125,301.7300109863281,303.3299865722656,69053800,SPY
2019-11-01,304.9200134277344,306.19000244140625,304.739990234375,306.1400146484375,71141500,SPY
2019-11-04,307.8500061035156,308.0,306.9599914550781,307.3699951171875,60606900,SPY
2019-11-05,307.5899963378906,307.9200134277344,306.7099914550781,307.0299987792969,42933200,SPY
2019-11-06,307.0299987792969,307.3999938964844,306.05999755859375,307.1000061035156,46487100,SPY
2019-11-07,308.57000732421875,309.6499938964844,307.6600036621094,308.17999267578125,54272300,SPY
2019-11-08,307.79998779296875,309.0,307.0299987792969,308.94000244140625,49032100,SPY
2019-11-11,307.4200134277344,308.5400085449219,307.2699890136719,308.3500061035156,35797300,SPY
2019-11-12,308.75,309.989990234375,308.1499938964844,309.0,46484600,SPY
2019-11-13,307.9100036621094,309.5400085449219,307.6600036621094,309.1000061035156,53917700,SPY
2019-11-14,308.7900085449219,309.6400146484375,308.0899963378906,309.54998779296875,51219900,SPY
2019-11-15,311.0199890136719,311.8399963378906,310.260009765625,311.7900085449219,62023600,SPY
2019-11-18,311.5299987792969,312.2799987792969,311.0299987792969,312.0199890136719,49228000,SPY
2019-11-19,312.67999267578125,312.69000244140625,311.2200012207031,311.92999267578125,67804700,SPY
2019-11-20,311.2799987792969,311.8500061035156,309.05999755859375,310.7699890136719,79406200,SPY
2019-11-21,310.8900146484375,311.010009765625,309.3900146484375,310.2699890136719,54664700,SPY
2019-11-22,311.0899963378906,311.239990234375,309.8500061035156,310.9599914550781,44850200,SPY
2019-11-25,311.9800109863281,313.3699951171875,311.9800109863281,313.3699951171875,48647200,SPY
2019-11-26,313.4100036621094,314.2799987792969,313.05999755859375,314.0799865722656,37569000,SPY
2019-11-27,314.6099853515625,315.4800109863281,314.3699951171875,315.4800109863281,44444600,SPY
2019-11-29,314.8599853515625,315.1300048828125,314.05999755859375,314.30999755859375,36592700,SPY
2019-12-02,314.5899963378906,314.6600036621094,311.1700134277344,311.6400146484375,75767800,SPY
2019-12-03,308.6499938964844,309.6400146484375,307.1300048828125,309.54998779296875,73941700,SPY
2019-12-04,310.70001220703125,312.1199951171875,310.32000732421875,311.4599914550781,49080000,SPY
2019-12-05,312.2300109863281,312.25,310.5799865722656,312.0199890136719,40709000,SPY
2019-12-06,314.1199951171875,315.30999755859375,314.1099853515625,314.8699951171875,48927000,SPY
2019-12-09,314.44000244140625,315.17999267578125,313.79998779296875,313.8800048828125,34838500,SPY
2019-12-10,313.82000732421875,314.54998779296875,312.80999755859375,313.5299987792969,52649800,SPY
2019-12-11,314.0299987792969,314.70001220703125,313.44000244140625,314.4200134277344,53429100,SPY
2019-12-12,314.42999267578125,317.989990234375,314.1700134277344,317.1300048828125,96389600,SPY
2019-12-13,316.8699951171875,318.6700134277344,316.0199890136719,317.32000732421875,81503900,SPY
2019-12-16,319.2200012207031,320.1499938964844,317.25,319.5,82749700,SPY
2019-12-17,319.9200134277344,320.25,319.4800109863281,319.57000732421875,61097700,SPY
2019-12-18,320.0,320.25,319.5299987792969,319.5899963378906,48133000,SPY
2019-12-19,319.79998779296875,320.9800109863281,319.5199890136719,320.8999938964844,85310500,SPY
2019-12-20,320.4599914550781,321.9700012207031,319.3900146484375,320.7300109863281,147142100,SPY
2019-12-23,321.5899963378906,321.6499938964844,321.05999755859375,321.2200012207031,52990000,SPY
2019-12-24,321.4700012207031,321.5199890136719,320.8999938964844,321.2300109863281,20270000,SPY
2019-12-26,321.6499938964844,322.95001220703125,321.6400146484375,322.94000244140625,30911200,SPY
2019-12-27,323.739990234375,323.79998779296875,322.2799987792969,322.8599853515625,42528800,SPY
2019-12-30,322.95001220703125,323.1000061035156,320.54998779296875,321.0799865722656,49729100,SPY
2019-12-31,320.5299987792969,322.1300048828125,320.1499938964844,321.8599853515625,57077300,SPY
2020-01-02,323.5400085449219,324.8900146484375,322.5299987792969,324.8699951171875,59151200,SPY
2020-01-03,321.1600036621094,323.6400146484375,321.1000061035156,322.4100036621094,77709700,SPY
2020-01-06,320.489990234375,323.7300109863281,320.3599853515625,323.6400146484375,55653900,SPY
2020-01-07,323.0199890136719,323.5400085449219,322.239990234375,322.7300109863281,40496400,SPY
2020-01-08,322.94000244140625,325.7799987792969,322.6700134277344,324.45001220703125,68296000,SPY
2020-01-09,326.1600036621094,326.7300109863281,325.5199890136719,326.6499938964844,48473300,SPY
2020-01-10,327.2900085449219,327.4599914550781,325.20001220703125,325.7099914550781,53029300,SPY
2020-01-13,326.3900146484375,327.9599914550781,325.9200134277344,327.95001220703125,47086800,SPY
2020-01-14,327.4700012207031,328.6199951171875,326.8399963378906,327.45001220703125,62832800,SPY
2020-01-15,327.3500061035156,329.0199890136719,327.260009765625,328.19000244140625,72056600,SPY
2020-01-16,329.70001220703125,330.9200134277344,329.45001220703125,330.9200134277344,54050300,SPY
2020-01-17,331.70001220703125,332.17999267578125,330.8500061035156,331.95001220703125,95846000,SPY
2020-01-21,330.8999938964844,332.17999267578125,330.82000732421875,331.29998779296875,77742400,SPY
2020-01-22,332.239990234375,332.95001220703125,331.1700134277344,331.3399963378906,48914900,SPY
2020-01-23,330.6300048828125,332.1700134277344,329.4100036621094,331.7200012207031,51963000,SPY
2020-01-24,332.44000244140625,332.5299987792969,327.3599853515625,328.7699890136719,87578400,SPY
2020-01-27,323.0299987792969,325.1199951171875,322.6600036621094,323.5,84062500,SPY
2020-01-28,325.05999755859375,327.8500061035156,323.6000061035156,326.8900146484375,63834000,SPY
2020-01-29,328.3800048828125,328.6300048828125,326.3999938964844,326.6199951171875,53888900,SPY
2020-01-30,324.3599853515625,327.9100036621094,323.5400085449219,327.67999267578125,75491800,SPY
2020-01-31,327.0,327.1700134277344,320.7300109863281,321.7300109863281,113845600,SPY
2020-02-03,323.3500061035156,326.1600036621094,323.2200012207031,324.1199951171875,69083000,SPY
2020-02-04,328.07000732421875,330.010009765625,327.7200012207031,329.05999755859375,62573200,SPY
2020-02-05,332.2699890136719,333.0899963378906,330.6700134277344,332.8599853515625,65951100,SPY
2020-02-06,333.9100036621094,334.19000244140625,332.79998779296875,333.9800109863281,50359700,SPY
2020-02-07,332.82000732421875,333.989990234375,331.6000061035156,332.20001220703125,64139400,SPY
2020-02-10,331.2300109863281,334.75,331.19000244140625,334.67999267578125,42070000,SPY
2020-02-11,336.1600036621094,337.0199890136719,334.67999267578125,335.260009765625,54864500,SPY
2020-02-12,336.8299865722656,337.6499938964844,336.42999267578125,337.4200134277344,43992700,SPY
2020-02-13,335.8599853515625,338.1199951171875,335.55999755859375,337.05999755859375,54501900,SPY
2020-02-14,337.510009765625,337.7300109863281,336.20001220703125,337.6000061035156,64582200,SPY
2020-02-18,336.510009765625,337.6700134277344,335.2099914550781,336.7300109863281,57226200,SPY
2020-02-19,337.7900085449219,339.0799865722656,337.4800109863281,338.3399963378906,48814700,SPY
2020-02-20,337.739990234375,338.6400146484375,333.67999267578125,336.95001220703125,74163400,SPY
2020-02-21,335.4700012207031,335.80999755859375,332.5799865722656,333.4800109863281,113788200,SPY
2020-02-24,323.1400146484375,333.55999755859375,321.239990234375,322.4200134277344,161088400,SPY
2020-02-25,323.94000244140625,324.6099853515625,311.69000244140625,312.6499938964844,218913200,SPY
2020-02-26,314.17999267578125,318.1099853515625,310.70001220703125,311.5,194773800,SPY
2020-02-27,305.4599914550781,311.55999755859375,297.510009765625,297.510009765625,284353500,SPY
2020-02-28,288.70001220703125,297.8900146484375,285.5400085449219,296.260009765625,384975800,SPY
2020-03-02,298.2099914550781,309.1600036621094,294.4599914550781,309.0899963378906,238703600,SPY
2020-03-03,309.5,313.8399963378906,297.57000732421875,300.239990234375,300139100,SPY
2020-03-04,306.1199951171875,313.1000061035156,303.3299865722656,312.8599853515625,176613400,SPY
2020-03-05,304.9800109863281,308.4700012207031,300.010009765625,302.4599914550781,186366800,SPY
2020-03-06,293.1499938964844,298.7799987792969,290.2300109863281,297.4599914550781,228667200,SPY
2020-03-09,275.29998779296875,284.19000244140625,273.45001220703125,274.2300109863281,309417300,SPY
2020-03-10,284.6400146484375,288.5199890136719,273.5,288.4200134277344,276444100,SPY
2020-03-11,280.70001220703125,281.94000244140625,270.8800048828125,274.3599853515625,255316300,SPY
2020-03-12,256.0,266.6600036621094,247.67999267578125,248.11000061035156,392220700,SPY
2020-03-13,263.0899963378906,271.4800109863281,248.52000427246094,269.32000732421875,329566100,SPY
2020-03-16,241.17999267578125,256.8999938964844,237.36000061035156,239.85000610351562,297240000,SPY
2020-03-17,245.0399932861328,256.1700134277344,237.07000732421875,252.8000030517578,262070500,SPY
2020-03-18,236.25,248.3699951171875,228.02000427246094,240.0,327597100,SPY
2020-03-19,239.25,247.3800048828125,232.22000122070312,240.50999450683594,289322000,SPY
2020-03-20,242.52999877929688,244.47000122070312,228.5,228.8000030517578,347158800,SPY
2020-03-23,228.19000244140625,229.67999267578125,218.25999450683594,222.9499969482422,326025200,SPY
2020-03-24,234.4199981689453,244.10000610351562,233.8000030517578,243.14999389648438,235494500,SPY
2020-03-25,244.8699951171875,256.3500061035156,239.75,246.7899932861328,299430300,SPY
2020-03-26,249.52000427246094,262.79998779296875,249.0500030517578,261.20001220703125,257632800,SPY
2020-03-27,253.27000427246094,260.80999755859375,251.0500030517578,253.4199981689453,224341200,SPY
2020-03-30,255.6999969482422,262.42999267578125,253.52999877929688,261.6499938964844,171369500,SPY
2020-03-31,260.55999755859375,263.3299865722656,256.2200012207031,257.75,194881100,SPY
2020-04-01,247.97999572753906,257.6600036621094,243.89999389648438,246.14999389648438,189554600,SPY
2020-04-02,245.19000244140625,252.67999267578125,244.58999633789062,251.8300018310547,177660400,SPY
2020-04-03,250.75999450683594,253.32000732421875,245.22000122070312,248.19000244140625,135561200,SPY
2020-04-06,257.8399963378906,267.0,248.1699981689453,264.8599853515625,188061200,SPY
2020-04-07,274.2099914550781,275.0299987792969,264.8900146484375,265.1300048828125,201427200,SPY
2020-04-08,267.9599914550781,276.0,265.25,274.0299987792969,153774500,SPY
2020-04-09,277.5799865722656,281.20001220703125,275.4700012207031,278.20001220703125,189999200,SPY
2020-04-13,277.1400146484375,277.510009765625,271.4100036621094,275.6600036621094,114839100,SPY
2020-04-14,280.9800109863281,284.8999938964844,275.510009765625,283.7900085449219,134143400,SPY
2020-04-15,277.57000732421875,283.94000244140625,275.4599914550781,277.760009765625,121775000,SPY
2020-04-16,279.1499938964844,280.0299987792969,275.760009765625,279.1000061035156,131798300,SPY
2020-04-17,285.3800048828125,287.29998779296875,282.3999938964844,286.6400146484375,146684800,SPY
2020-04-20,282.6099853515625,286.7900085449219,281.3500061035156,281.5899963378906,100109300,SPY
2020-04-21,276.7300109863281,278.0400085449219,272.0199890136719,273.0400085449219,126385700,SPY
2020-04-22,278.3500061035156,281.0,276.9100036621094,279.1000061035156,92951600,SPY
2020-04-23,280.489990234375,283.94000244140625,278.75,279.0799865722656,104709700,SPY
2020-04-24,280.7300109863281,283.70001220703125,278.5,282.9700012207031,85063200,SPY
2020-04-27,285.1199951171875,288.2699890136719,284.6199951171875,287.04998779296875,77896600,SPY
2020-04-28,291.0199890136719,291.3999938964844,285.3999938964844,285.7300109863281,105270000,SPY
2020-04-29,291.5299987792969,294.8800048828125,290.4100036621094,293.2099914550781,118745600,SPY
2020-04-30,291.7099914550781,293.32000732421875,288.5899963378906,290.4800109863281,122901700,SPY
2020-05-01,285.30999755859375,290.6600036621094,281.5199890136719,282.7900085449219,125180000,SPY
2020-05-04,280.739990234375,283.8999938964844,279.1300048828125,283.57000732421875,80873200,SPY
2020-05-05,286.6400146484375,289.25,283.7099914550781,286.19000244140625,79569900,SPY
2020-05-06,288.0400085449219,288.4599914550781,283.7799987792969,284.25,73632600,SPY
2020-05-07,287.75,289.7799987792969,287.1300048828125,287.67999267578125,75250400,SPY
2020-05-08,291.0899963378906,292.95001220703125,289.8599853515625,292.44000244140625,76452400,SPY
2020-05-11,290.3399963378906,294.0,289.8800048828125,292.5,79514200,SPY
2020-05-12,293.7900085449219,294.239990234375,286.5199890136719,286.6700134277344,95870800,SPY
2020-05-13,286.05999755859375,287.19000244140625,278.9599914550781,281.6000061035156,144721100,SPY
2020-05-14,278.95001220703125,285.1099853515625,272.989990234375,284.9700012207031,121977900,SPY
2020-05-15,282.3699951171875,286.3299865722656,281.3399963378906,286.2799987792969,111146300,SPY
2020-05-18,293.04998779296875,296.75,292.70001220703125,295.0,119703800,SPY
2020-05-19,294.3500061035156,296.2099914550781,291.95001220703125,291.9700012207031,95189300,SPY
2020-05-20,295.82000732421875,297.8699951171875,295.57000732421875,296.92999267578125,85861700,SPY
2020-05-21,296.7900085449219,297.6700134277344,293.69000244140625,294.8800048828125,78293900,SPY
2020-05-22,294.57000732421875,295.6300048828125,293.2200012207031,295.44000244140625,63958200,SPY
2020-05-26,301.92999267578125,302.19000244140625,295.4599914550781,299.0799865722656,88951400,SPY
2020-05-27,302.1199951171875,303.57000732421875,296.8699951171875,303.5299987792969,104817400,SPY
2020-05-28,304.6499938964844,306.8399963378906,302.239990234375,302.9700012207031,90405200,SPY
2020-05-29,302.4599914550781,304.9599914550781,299.4700012207031,304.32000732421875,119090800,SPY
2020-06-01,303.6199951171875,306.2099914550781,303.05999755859375,305.54998779296875,55758300,SPY
2020-06-02,306.54998779296875,308.1300048828125,305.1000061035156,308.0799865722656,74267200,SPY
2020-06-03,310.239990234375,313.2200012207031,309.94000244140625,312.17999267578125,92567600,SPY
2020-06-04,311.1099853515625,313.0,309.0799865722656,311.3599853515625,75794400,SPY
2020-06-05,317.2300109863281,321.2699890136719,317.1600036621094,319.3399963378906,150524700,SPY
2020-06-08,320.2200012207031,323.4100036621094,319.6300048828125,323.20001220703125,73641200,SPY
2020-06-09,320.29998779296875,323.2799987792969,319.3599853515625,320.7900085449219,77479200,SPY
2020-06-10,321.4200134277344,322.3900146484375,318.2200012207031,319.0,95000800,SPY
2020-06-11,311.4599914550781,312.1499938964844,300.010009765625,300.6099853515625,209243600,SPY
2020-06-12,308.239990234375,309.0799865722656,298.6000061035156,304.2099914550781,194678900,SPY
2020-06-15,298.0199890136719,308.2799987792969,296.739990234375,307.04998779296875,135782700,SPY
2020-06-16,315.4800109863281,315.6400146484375,307.6700134277344,312.9599914550781,137627500,SPY
2020-06-17,314.07000732421875,314.3900146484375,310.8599853515625,311.6600036621094,83398900,SPY
2020-06-18,310.010009765625,312.29998779296875,309.510009765625,311.7799987792969,80828700,SPY
2020-06-19,314.1700134277344,314.3800048828125,306.5299987792969,308.6400146484375,135549600,SPY
2020-06-22,307.989990234375,311.04998779296875,306.75,310.6199951171875,74649400,SPY
2020-06-23,313.489990234375,314.5,311.6099853515625,312.04998779296875,68471200,SPY
2020-06-24,309.8399963378906,310.510009765625,302.1000061035156,304.0899963378906,132813500,SPY
2020-06-25,303.4700012207031,307.6400146484375,301.2799987792969,307.3500061035156,89468000,SPY
2020-06-26,306.1600036621094,306.3900146484375,299.4200134277344,300.04998779296875,127961000,SPY
2020-06-29,301.4100036621094,304.6099853515625,298.92999267578125,304.4599914550781,79773300,SPY
2020-06-30,303.989990234375,310.20001220703125,303.82000732421875,308.3599853515625,113394800,SPY
2020-07-01,309.57000732421875,311.8900146484375,309.07000732421875,310.5199890136719,72396500,SPY
2020-07-02,314.239990234375,315.70001220703125,311.510009765625,312.2300109863281,69344200,SPY
2020-07-06,316.3699951171875,317.67999267578125,315.55999755859375,317.04998779296875,61713800,SPY
2020-07-07,315.3800048828125,317.5199890136719,313.3699951171875,313.7799987792969,82910000,SPY
2020-07-08,314.6099853515625,316.29998779296875,312.70001220703125,316.17999267578125,54638600,SPY
2020-07-09,316.8399963378906,317.1000061035156,310.67999267578125,314.3800048828125,83354200,SPY
2020-07-10,314.30999755859375,317.8800048828125,312.760009765625,317.5899963378906,57550400,SPY
2020-07-13,320.1300048828125,322.7099914550781,314.1300048828125,314.8399963378906,102997500,SPY
2020-07-14,313.29998779296875,319.760009765625,312.0,318.9200134277344,93657000,SPY
2020-07-15,322.4100036621094,323.0400085449219,319.2699890136719,321.8500061035156,87196500,SPY
2020-07-16,319.7900085449219,321.2799987792969,319.0899963378906,320.7900085449219,54622500,SPY
2020-07-17,321.8800048828125,322.57000732421875,319.739990234375,321.7200012207031,62774900,SPY
2020-07-20,321.42999267578125,325.1300048828125,320.6199951171875,324.32000732421875,56308800,SPY
2020-07-21,326.45001220703125,326.92999267578125,323.94000244140625,325.010009765625,57292200,SPY
2020-07-22,324.6199951171875,327.20001220703125,324.5,326.8599853515625,57792900,SPY
2020-07-23,326.4700012207031,327.2300109863281,321.4800109863281,322.9599914550781,75738000,SPY
2020-07-24,320.95001220703125,321.989990234375,319.25,320.8800048828125,73766600,SPY
2020-07-27,321.6300048828125,323.4100036621094,320.7699890136719,323.2200012207031,48293000,SPY
2020-07-28,322.42999267578125,323.6400146484375,320.8500061035156,321.1700134277344,57495000,SPY
2020-07-29,322.1199951171875,325.7300109863281,322.0799865722656,325.1199951171875,48454200,SPY
2020-07-30,321.8999938964844,324.4100036621094,319.6400146484375,323.9599914550781,61861700,SPY
2020-07-31,325.8999938964844,326.6300048828125,321.3299865722656,326.5199890136719,84986800,SPY
2020-08-03,328.32000732421875,329.6199951171875,327.7300109863281,328.7900085449219,53077900,SPY
2020-08-04,327.8599853515625,330.05999755859375,327.8599853515625,330.05999755859375,41917900,SPY
2020-08-05,331.4700012207031,332.3900146484375,331.17999267578125,332.1099853515625,42697700,SPY
2020-08-06,331.4800109863281,334.4599914550781,331.1300048828125,334.3299865722656,43679400,SPY
2020-08-07,333.2799987792969,334.8800048828125,332.29998779296875,334.57000732421875,57308300,SPY
2020-08-10,335.05999755859375,335.7699890136719,332.9599914550781,335.57000732421875,44282100,SPY
2020-08-11,336.8500061035156,337.5400085449219,332.010009765625,332.79998779296875,69601100,SPY
2020-08-12,335.44000244140625,338.2799987792969,335.4100036621094,337.44000244140625,53774400,SPY
2020-08-13,336.6099853515625,338.25,335.8299865722656,336.8299865722656,41816100,SPY
2020-08-14,336.4100036621094,337.4200134277344,335.6199951171875,336.8399963378906,47260400,SPY
2020-08-17,337.94000244140625,338.3399963378906,336.8500061035156,337.9100036621094,35481000,SPY
2020-08-18,338.3399963378906,339.1000061035156,336.6099853515625,338.6400146484375,38733900,SPY
2020-08-19,339.04998779296875,339.6099853515625,336.6199951171875,337.2300109863281,68054200,SPY
2020-08-20,335.3599853515625,338.79998779296875,335.2200012207031,338.2799987792969,42207800,SPY
2020-08-21,337.9200134277344,339.7200012207031,337.54998779296875,339.4800109863281,55106600,SPY
2020-08-24,342.1199951171875,343.0,339.45001220703125,342.9200134277344,48588700,SPY
2020-08-25,343.5299987792969,344.2099914550781,342.2699890136719,344.1199951171875,38463400,SPY
2020-08-26,344.760009765625,347.8599853515625,344.1700134277344,347.57000732421875,50790200,SPY
2020-08-27,348.510009765625,349.8999938964844,346.5299987792969,348.3299865722656,58034100,SPY
2020-08-28,349.44000244140625,350.7200012207031,348.1499938964844,350.5799865722656,48588900,SPY
2020-08-31,350.3500061035156,351.29998779296875,349.05999755859375,349.30999755859375,66099200,SPY
2020-09-01,350.2099914550781,352.7099914550781,349.239990234375,352.6000061035156,54908700,SPY
2020-09-02,354.6700134277344,358.75,353.42999267578125,357.70001220703125,69540000,SPY
2020-09-03,355.8699951171875,356.3800048828125,342.5899963378906,345.3900146484375,148011100,SPY
2020-09-04,346.1300048828125,347.8299865722656,334.8699951171875,342.57000732421875,139156300,SPY
2020-09-08,336.7099914550781,342.6400146484375,332.8800048828125,333.2099914550781,114465300,SPY
2020-09-09,337.54998779296875,342.4599914550781,336.6099853515625,339.7900085449219,91462300,SPY
2020-09-10,341.82000732421875,342.5299987792969,332.8500061035156,333.8900146484375,90569500,SPY
2020-09-11,335.82000732421875,336.9700012207031,331.0,334.05999755859375,84680200,SPY
2020-09-14,337.489990234375,340.3800048828125,334.2200012207031,338.4599914550781,65605700,SPY
2020-09-15,341.1199951171875,342.0199890136719,338.4700012207031,340.1700134277344,52920900,SPY
2020-09-16,341.510009765625,343.05999755859375,338.5199890136719,338.82000732421875,82096000,SPY
2020-09-17,333.55999755859375,337.70001220703125,332.989990234375,335.8399963378906,91523300,SPY
2020-09-18,335.3699951171875,335.489990234375,327.9700012207031,330.6499938964844,105877900,SPY
2020-09-21,325.70001220703125,327.1300048828125,321.7300109863281,326.9700012207031,99450800,SPY
2020-09-22,328.57000732421875,330.8999938964844,325.8599853515625,330.29998779296875,63612100,SPY
2020-09-23,330.8999938964844,331.20001220703125,322.1000061035156,322.6400146484375,93112200,SPY
2020-09-24,321.2200012207031,326.79998779296875,319.79998779296875,323.5,76681300,SPY
2020-09-25,322.5799865722656,329.5799865722656,321.6400146484375,328.7300109863281,71069400,SPY
2020-09-28,333.2200012207031,334.9599914550781,332.1499938964844,334.19000244140625,64584600,SPY
2020-09-29,333.9700012207031,334.7699890136719,331.6199951171875,332.3699951171875,51304000,SPY
2020-09-30,333.0899963378906,338.2900085449219,332.8800048828125,334.8900146484375,104081100,SPY
2020-10-01,337.69000244140625,338.739990234375,335.010009765625,337.0400085449219,88698700,SPY
2020-10-02,331.70001220703125,337.010009765625,331.19000244140625,333.8399963378906,89431100,SPY
2020-10-05,336.05999755859375,339.9599914550781,336.010009765625,339.760009765625,45713100,SPY
2020-10-06,339.9100036621094,342.1700134277344,334.3800048828125,334.92999267578125,90128900,SPY
2020-10-07,338.1199951171875,341.6300048828125,338.0899963378906,340.760009765625,56999600,SPY
2020-10-08,342.8500061035156,343.8500061035156,341.8599853515625,343.7799987792969,45242500,SPY
2020-10-09,345.55999755859375,347.3500061035156,344.8900146484375,346.8500061035156,59528600,SPY
2020-10-12,349.5899963378906,354.0199890136719,349.05999755859375,352.42999267578125,80388500,SPY
2020-10-13,352.2799987792969,352.4700012207031,349.0899963378906,350.1300048828125,73255500,SPY
2020-10-14,350.75,351.92999267578125,347.1400146484375,347.92999267578125,57727900,SPY
2020-10-15,343.7099914550781,348.0199890136719,343.1300048828125,347.5,60357700,SPY
2020-10-16,348.9599914550781,350.75,347.1000061035156,347.2900085449219,89501900,SPY
2020-10-19,348.6499938964844,349.3299865722656,341.0400085449219,342.010009765625,68425600,SPY
2020-10-20,343.4599914550781,346.8800048828125,342.6400146484375,343.3800048828125,60051900,SPY
2020-10-21,343.3299865722656,345.6700134277344,342.3999938964844,342.7300109863281,63575000,SPY
2020-10-22,342.9599914550781,345.239990234375,340.6499938964844,344.6099853515625,55399300,SPY
2020-10-23,345.92999267578125,345.989990234375,343.1300048828125,345.7799987792969,49143900,SPY
2020-10-26,342.1300048828125,342.9800109863281,335.6199951171875,339.3900146484375,91473000,SPY
2020-10-27,339.760009765625,340.1199951171875,337.989990234375,338.2200012207031,65994100,SPY
2020-10-28,332.1000061035156,338.25,326.1300048828125,326.6600036621094,127094300,SPY
2020-10-29,326.9100036621094,333.3999938964844,325.0899963378906,329.9800109863281,90597700,SPY
2020-10-30,328.2799987792969,329.69000244140625,322.6000061035156,326.5400085449219,120287300,SPY
2020-11-02,330.20001220703125,332.3599853515625,327.239990234375,330.20001220703125,86068300,SPY
2020-11-03,333.69000244140625,338.25,330.2900085449219,336.0299987792969,93294200,SPY
2020-11-04,340.8599853515625,347.94000244140625,339.5899963378906,343.5400085449219,126959700,SPY
2020-11-05,349.239990234375,352.19000244140625,348.8599853515625,350.239990234375,82039700,SPY
2020-11-06,349.92999267578125,351.510009765625,347.6499938964844,350.1600036621094,74973000,SPY
2020-11-09,363.9700012207031,364.3800048828125,354.05999755859375,354.55999755859375,172304200,SPY
2020-11-10,353.489990234375,355.17999267578125,350.510009765625,354.0400085449219,85552000,SPY
2020-11-11,356.3999938964844,357.55999755859375,355.05999755859375,356.6700134277344,58649000,SPY
2020-11-12,355.5799865722656,356.7200012207031,351.260009765625,353.2099914550781,67546200,SPY
2020-11-13,355.2699890136719,358.8999938964844,354.7099914550781,358.1000061035156,62892200,SPY
2020-11-16,360.9800109863281,362.7799987792969,359.5899963378906,362.57000732421875,74541100,SPY
2020-11-17,359.9700012207031,361.9200134277344,358.3399963378906,360.6199951171875,66111000,SPY
2020-11-18,360.9100036621094,361.5,356.239990234375,356.2799987792969,70591300,SPY
2020-11-19,355.6000061035156,358.17999267578125,354.1499938964844,357.7799987792969,59940900,SPY
2020-11-20,357.5,357.7200012207031,355.25,355.3299865722656,70417300,SPY
2020-11-23,357.2799987792969,358.82000732421875,354.8699951171875,357.4599914550781,63230600,SPY
2020-11-24,360.2099914550781,363.80999755859375,359.2900085449219,363.2200012207031,62415900,SPY
2020-11-25,363.1300048828125,363.1600036621094,361.4800109863281,362.6600036621094,45330900,SPY
2020-11-27,363.8399963378906,364.17999267578125,362.5799865722656,363.6700134277344,28514100,SPY
2020-11-30,362.8299865722656,363.1199951171875,359.1700134277344,362.05999755859375,83872700,SPY
2020-12-01,365.57000732421875,367.67999267578125,364.92999267578125,366.0199890136719,74231400,SPY
2020-12-02,364.82000732421875,366.9599914550781,364.20001220703125,366.7900085449219,45927000,SPY
2020-12-03,366.67999267578125,368.19000244140625,365.5,366.69000244140625,62882000,SPY
2020-12-04,367.32000732421875,369.8500061035156,367.2200012207031,369.8500061035156,50749900,SPY
2020-12-07,369.0199890136719,369.6199951171875,367.7200012207031,369.0899963378906,48944300,SPY
2020-12-08,367.7200012207031,370.7799987792969,367.6700134277344,370.1700134277344,42458900,SPY
2020-12-09,370.8800048828125,371.04998779296875,365.95001220703125,366.8500061035156,74098300,SPY
2020-12-10,365.3699951171875,367.8599853515625,364.42999267578125,366.7300109863281,57735400,SPY
2020-12-11,364.8999938964844,366.739990234375,363.260009765625,366.29998779296875,57698600,SPY
2020-12-14,368.6400146484375,369.79998779296875,364.4700012207031,364.6600036621094,69216200,SPY
2020-12-15,367.3999938964844,369.5899963378906,365.9200134277344,369.5899963378906,63865300,SPY
2020-12-16,369.82000732421875,371.1600036621094,368.8699951171875,370.1700134277344,58420500,SPY
2020-12-17,371.94000244140625,372.4599914550781,371.04998779296875,372.239990234375,64119500,SPY
2020-12-18,370.9700012207031,371.1499938964844,367.0199890136719,369.17999267578125,136542300,SPY
2020-12-21,364.9700012207031,378.4599914550781,362.0299987792969,367.8599853515625,96386700,SPY
2020-12-22,368.2099914550781,368.3299865722656,366.0299987792969,367.239990234375,47949000,SPY
2020-12-23,368.2799987792969,369.6199951171875,367.2200012207031,367.57000732421875,46201400,SPY
2020-12-24,368.0799865722656,369.0299987792969,367.45001220703125,369.0,26457900,SPY
2020-12-28,371.739990234375,372.5899963378906,371.07000732421875,372.1700134277344,39000400,SPY
2020-12-29,373.80999755859375,374.0,370.8299865722656,371.4599914550781,53680500,SPY
2020-12-30,372.3399963378906,373.1000061035156,371.57000732421875,371.989990234375,49455300,SPY
2020-12-31,371.7799987792969,374.6600036621094,371.2300109863281,373.8800048828125,78520700,SPY
2021-01-04,375.30999755859375,375.45001220703125,364.82000732421875,368.7900085449219,110210800,SPY
2021-01-05,368.1000061035156,372.5,368.04998779296875,371.3299865722656,66426200,SPY
2021-01-06,369.7099914550781,376.9800109863281,369.1199951171875,373.54998779296875,107997700,SPY
2021-01-07,376.1000061035156,379.8999938964844,375.9100036621094,379.1000061035156,68766800,SPY
2021-01-08,380.5899963378906,381.489990234375,377.1000061035156,381.260009765625,71677200,SPY
2021-01-11,377.8500061035156,380.5799865722656,377.7200012207031,378.69000244140625,51034700,SPY
2021-01-12,378.8900146484375,379.8599853515625,376.3599853515625,378.7699890136719,52547700,SPY
2021-01-13,378.69000244140625,380.8599853515625,377.8500061035156,379.7900085449219,45303600,SPY
2021-01-14,380.5899963378906,381.1300048828125,378.1000061035156,378.4599914550781,49989100,SPY
2021-01-15,376.7200012207031,377.5799865722656,373.70001220703125,375.70001220703125,107160000,SPY
2021-01-19,378.3399963378906,379.2300109863281,376.75,378.6499938964844,51233300,SPY
2021-01-20,381.1099853515625,384.7900085449219,380.69000244140625,383.8900146484375,61836100,SPY
2021-01-21,384.489990234375,384.95001220703125,383.25,384.239990234375,47840100,SPY
2021-01-22,382.25,384.1300048828125,381.8399963378906,382.8800048828125,52860500,SPY
2021-01-25,383.6700134277344,384.7699890136719,378.4599914550781,384.3900146484375,70402000,SPY
2021-01-26,385.4100036621094,385.8500061035156,383.5400085449219,383.7900085449219,42665300,SPY
2021-01-27,380.2200012207031,380.32000732421875,372.010009765625,374.4100036621094,123351100,SPY
2021-01-28,376.3599853515625,381.92999267578125,375.8900146484375,377.6300048828125,94198100,SPY
2021-01-29,375.6300048828125,376.6700134277344,368.2699890136719,370.07000732421875,126765100,SPY
2021-02-01,373.7200012207031,377.3399963378906,370.3800048828125,376.2300109863281,75817600,SPY
2021-02-02,379.6499938964844,383.2200012207031,376.32000732421875,381.54998779296875,64450700,SPY
2021-02-03,382.44000244140625,383.70001220703125,380.4800109863281,381.8500061035156,52427100,SPY
2021-02-04,382.9599914550781,386.239990234375,381.9700012207031,386.19000244140625,47142600,SPY
2021-02-05,388.20001220703125,388.4700012207031,386.1400146484375,387.7099914550781,48669800,SPY
2021-02-08,389.2699890136719,390.55999755859375,388.3500061035156,390.510009765625,38365200,SPY
2021-02-09,389.6099853515625,390.8900146484375,389.1700134277344,390.25,35551100,SPY
2021-02-10,392.1199951171875,392.2799987792969,387.5,390.0799865722656,59154400,SPY
2021-02-11,391.239990234375,391.69000244140625,388.1000061035156,390.7099914550781,42913300,SPY
2021-02-12,389.8500061035156,392.8999938964844,389.7699890136719,392.6400146484375,50593300,SPY
2021-02-16,393.9599914550781,394.1700134277344,391.5299987792969,392.29998779296875,50972400,SPY
2021-02-17,390.4200134277344,392.6600036621094,389.3299865722656,392.3900146484375,52290600,SPY
2021-02-18,389.5899963378906,391.5199890136719,387.739990234375,390.7200012207031,59712800,SPY
2021-02-19,392.07000732421875,392.3800048828125,389.54998779296875,390.0299987792969,83241000,SPY
2021-02-22,387.05999755859375,389.6199951171875,386.739990234375,387.0299987792969,67414200,SPY
2021-02-23,384.6600036621094,388.95001220703125,380.20001220703125,387.5,107284100,SPY
2021-02-24,386.3299865722656,392.2300109863281,385.2699890136719,391.7699890136719,72433900,SPY
2021-02-25,390.4100036621094,391.8800048828125,380.7799987792969,382.3299865722656,146670500,SPY
2021-02-26,384.3500061035156,385.5799865722656,378.2300109863281,380.3599853515625,152701600,SPY
2021-03-01,385.5899963378906,390.9200134277344,380.57000732421875,389.5799865722656,105348800,SPY
2021-03-02,389.82000732421875,390.07000732421875,386.0,386.5400085449219,79595300,SPY
2021-03-03,385.7900085449219,386.8299865722656,381.30999755859375,381.4200134277344,119940200,SPY
2021-03-04,381.2200012207031,384.0,371.8800048828125,376.70001220703125,183433000,SPY
2021-03-05,380.4599914550781,384.760009765625,372.6400146484375,383.6300048828125,152039600,SPY
2021-03-08,384.6600036621094,387.67999267578125,381.4200134277344,381.7200012207031,123149200,SPY
2021-03-09,385.8500061035156,389.9100036621094,385.30999755859375,387.1700134277344,113633600,SPY
2021-03-10,389.69000244140625,391.3999938964844,388.1700134277344,389.5799865722656,109899400,SPY
2021-03-11,392.2300109863281,395.6499938964844,391.739990234375,393.5299987792969,86245000,SPY
2021-03-12,392.07000732421875,394.2099914550781,391.20001220703125,394.05999755859375,64653600,SPY
2021-03-15,394.3299865722656,396.69000244140625,392.0299987792969,396.4100036621094,73427200,SPY
2021-03-16,397.07000732421875,397.8299865722656,395.0799865722656,395.9100036621094,73722500,SPY
2021-03-17,394.5299987792969,398.1199951171875,393.29998779296875,397.260009765625,97959300,SPY
2021-03-18,394.4800109863281,396.7200012207031,390.75,391.4800109863281,115349100,SPY
2021-03-19,389.8800048828125,391.57000732421875,387.1499938964844,389.4800109863281,113624500,SPY
2021-03-22,390.0299987792969,394.07000732421875,389.9700012207031,392.5899963378906,73778600,SPY
2021-03-23,391.9100036621094,393.4599914550781,388.6600036621094,389.5,90686600,SPY
2021-03-24,391.0,392.75,387.4700012207031,387.5199890136719,97588600,SPY
2021-03-25,385.9800109863281,390.54998779296875,383.8999938964844,389.70001220703125,116128600,SPY
2021-03-26,390.92999267578125,396.4100036621094,390.2900085449219,395.9800109863281,114409100,SPY
2021-03-29,394.3999938964844,396.75,392.80999755859375,395.7799987792969,108107600,SPY
2021-03-30,394.4200134277344,395.45001220703125,393.0199890136719,394.7300109863281,76262200,SPY
2021-03-31,395.3399963378906,398.0,395.30999755859375,396.3299865722656,112734200,SPY
2021-04-01,398.3999938964844,400.6700134277344,398.17999267578125,400.6099853515625,99682900,SPY
2021-04-05,403.4599914550781,406.94000244140625,403.3800048828125,406.3599853515625,91684800,SPY
2021-04-06,405.760009765625,407.239990234375,405.3999938964844,406.1199951171875,62021000,SPY
2021-04-07,405.94000244140625,406.9599914550781,405.45001220703125,406.5899963378906,55836300,SPY
2021-04-08,407.92999267578125,408.5799865722656,406.92999267578125,408.5199890136719,57863100,SPY
2021-04-09,408.3900146484375,411.6700134277344,408.260009765625,411.489990234375,61104600,SPY
2021-04-12,410.8500061035156,411.92999267578125,410.20001220703125,411.6400146484375,56704900,SPY
2021-04-13,411.5299987792969,413.5299987792969,411.1199951171875,412.8599853515625,56551000,SPY
2021-04-14,412.8299865722656,413.9599914550781,410.8699951171875,411.45001220703125,61659900,SPY
2021-04-15,413.739990234375,416.1600036621094,413.69000244140625,415.8699951171875,60229800,SPY
2021-04-16,417.25,417.9100036621094,415.7300109863281,417.260009765625,82037300,SPY
2021-04-19,416.260009765625,416.739990234375,413.7900085449219,415.2099914550781,78498500,SPY
2021-04-20,413.9100036621094,415.0899963378906,410.5899963378906,412.1700134277344,81851800,SPY
2021-04-21,411.510009765625,416.2900085449219,411.3599853515625,416.07000732421875,66793000,SPY
2021-04-22,415.8900146484375,416.7799987792969,411.1300048828125,412.2699890136719,97582800,SPY
2021-04-23,412.8699951171875,418.25,412.7900085449219,416.739990234375,73209200,SPY
2021-04-26,417.44000244140625,418.2200012207031,416.80999755859375,417.6099853515625,52182400,SPY
2021-04-27,417.92999267578125,418.1400146484375,416.29998779296875,417.5199890136719,51303100,SPY
2021-04-28,417.80999755859375,419.010009765625,416.8999938964844,417.3999938964844,51238900,SPY
2021-04-29,420.32000732421875,420.7200012207031,416.44000244140625,420.05999755859375,78544300,SPY
2021-04-30,417.6300048828125,418.5400085449219,416.3399963378906,417.29998779296875,85527000,SPY
2021-05-03,419.42999267578125,419.8399963378906,417.6700134277344,418.20001220703125,68128300,SPY
2021-05-04,416.07000732421875,416.6000061035156,411.6700134277344,415.6199951171875,101591200,SPY
2021-05-05,417.3800048828125,417.6300048828125,415.1499938964844,415.75,60162200,SPY
2021-05-06,415.8299865722656,419.2099914550781,413.67999267578125,419.07000732421875,74321400,SPY
2021-05-07,419.8900146484375,422.82000732421875,419.1600036621094,422.1199951171875,67733800,SPY
2021-05-10,422.5,422.739990234375,417.80999755859375,417.94000244140625,81852400,SPY
2021-05-11,413.1000061035156,415.2699890136719,410.05999755859375,414.2099914550781,116888000,SPY
2021-05-12,411.2300109863281,412.5899963378906,404.0,405.4100036621094,134811000,SPY
2021-05-13,407.07000732421875,412.3500061035156,407.0199890136719,410.2799987792969,106394000,SPY
2021-05-14,413.2099914550781,417.489990234375,413.17999267578125,416.5799865722656,82201600,SPY
2021-05-17,415.3900146484375,416.3900146484375,413.3599853515625,415.5199890136719,65129200,SPY
2021-05-18,415.79998779296875,416.05999755859375,411.7699890136719,411.94000244140625,59810200,SPY
2021-05-19,406.9200134277344,411.04998779296875,405.3299865722656,410.8599853515625,106467100,SPY
2021-05-20,411.79998779296875,416.6300048828125,411.6700134277344,415.2799987792969,78022200,SPY
2021-05-21,416.8699951171875,418.20001220703125,414.45001220703125,414.94000244140625,76578700,SPY
2021-05-24,417.3399963378906,420.32000732421875,417.0799865722656,419.1700134277344,51376700,SPY
2021-05-25,420.3299865722656,420.7099914550781,417.6199951171875,418.239990234375,57451400,SPY
2021-05-26,418.8699951171875,419.6099853515625,417.760009765625,419.07000732421875,43088600,SPY
2021-05-27,420.1700134277344,420.7200012207031,418.989990234375,419.2900085449219,56707700,SPY
2021-05-28,420.9700012207031,421.25,419.7900085449219,420.0400085449219,58520200,SPY
2021-06-01,422.57000732421875,422.7200012207031,419.20001220703125,419.6700134277344,54216600,SPY
2021-06-02,420.3699951171875,421.2300109863281,419.2900085449219,420.3299865722656,49097100,SPY
2021-06-03,417.8500061035156,419.989990234375,416.2799987792969,418.7699890136719,58138800,SPY
2021-06-04,420.75,422.9200134277344,418.8399963378906,422.6000061035156,55938800,SPY
2021-06-07,422.5899963378906,422.7799987792969,421.19000244140625,422.19000244140625,51555000,SPY
2021-06-08,423.1099853515625,423.2099914550781,420.32000732421875,422.2799987792969,47134300,SPY
2021-06-09,423.17999267578125,423.260009765625,421.4100036621094,421.6499938964844,48436300,SPY
2021-06-10,422.9599914550781,424.6300048828125,421.54998779296875,423.6099853515625,51020100,SPY
2021-06-11,424.20001220703125,424.42999267578125,422.82000732421875,424.30999755859375,45570800,SPY
2021-06-14,424.42999267578125,425.3699951171875,423.1000061035156,425.260009765625,42358500,SPY
2021-06-15,425.4200134277344,425.4599914550781,423.5400085449219,424.4800109863281,51508500,SPY
2021-06-16,424.6300048828125,424.8699951171875,419.9200134277344,422.1099853515625,80386100,SPY
2021-06-17,421.6700134277344,423.0199890136719,419.32000732421875,421.9700012207031,90949700,SPY
2021-06-18,417.0899963378906,417.8299865722656,414.70001220703125,414.9200134277344,118676300,SPY
2021-06-21,416.79998779296875,421.05999755859375,415.92999267578125,420.8599853515625,72822000,SPY
2021-06-22,420.8500061035156,424.0,420.0799865722656,423.1099853515625,57700300,SPY
2021-06-23,423.19000244140625,424.04998779296875,422.510009765625,422.6000061035156,49445400,SPY
2021-06-24,424.8900146484375,425.54998779296875,424.6199951171875,425.1000061035156,45110300,SPY
2021-06-25,425.8999938964844,427.0899963378906,425.54998779296875,426.6099853515625,58129500,SPY
2021-06-28,427.1700134277344,427.6499938964844,425.8900146484375,427.4700012207031,53159600,SPY
2021-06-29,427.8800048828125,428.55999755859375,427.1300048828125,427.70001220703125,35970500,SPY
2021-06-30,427.2099914550781,428.7799987792969,427.17999267578125,428.05999755859375,64827900,SPY
2021-07-01,428.8699951171875,430.6000061035156,428.79998779296875,430.42999267578125,53441000,SPY
2021-07-02,431.6700134277344,434.1000061035156,430.5199890136719,433.7200012207031,57697700,SPY
2021-07-06,433.7799987792969,434.010009765625,430.010009765625,432.92999267578125,68710400,SPY
2021-07-07,433.6600036621094,434.760009765625,431.510009765625,434.4599914550781,63549500,SPY
2021-07-08,428.7799987792969,431.7300109863281,427.5199890136719,430.9200134277344,97595200,SPY
2021-07-09,432.5299987792969,435.8399963378906,430.7099914550781,435.5199890136719,76238600,SPY
2021-07-12,435.42999267578125,437.3500061035156,434.9700012207031,437.0799865722656,52889600,SPY
2021-07-13,436.239990234375,437.8399963378906,435.30999755859375,435.5899963378906,52911300,SPY
2021-07-14,437.3999938964844,437.9200134277344,434.9100036621094,436.239990234375,64130400,SPY
2021-07-15,434.80999755859375,435.5299987792969,432.7200012207031,434.75,55126400,SPY
2021-07-16,436.010009765625,436.05999755859375,430.9200134277344,431.3399963378906,75874700,SPY
2021-07-19,426.19000244140625,431.4100036621094,421.9700012207031,424.9700012207031,147987000,SPY
2021-07-20,425.67999267578125,432.4200134277344,424.8299865722656,431.05999755859375,99608200,SPY
2021-07-21,432.3399963378906,434.70001220703125,431.010009765625,434.54998779296875,64724400,SPY
2021-07-22,434.739990234375,435.7200012207031,433.69000244140625,435.4599914550781,47878500,SPY
2021-07-23,437.5199890136719,440.29998779296875,436.7900085449219,439.94000244140625,63766600,SPY
2021-07-26,439.30999755859375,441.0299987792969,439.260009765625,441.0199890136719,43719200,SPY
2021-07-27,439.9100036621094,439.94000244140625,435.989990234375,439.010009765625,67397100,SPY
2021-07-28,439.67999267578125,440.29998779296875,437.30999755859375,438.8299865722656,52472400,SPY
2021-07-29,439.82000732421875,441.79998779296875,439.80999755859375,440.6499938964844,47435300,SPY
2021-07-30,437.9100036621094,440.05999755859375,437.7699890136719,438.510009765625,68951200,SPY
2021-08-02,440.3399963378906,440.92999267578125,437.2099914550781,437.5899963378906,58783300,SPY
2021-08-03,438.44000244140625,441.2799987792969,436.1000061035156,441.1499938964844,58053900,SPY
2021-08-04,439.7799987792969,441.1199951171875,438.7300109863281,438.9800109863281,46732200,SPY
2021-08-05,440.2200012207031,441.8500061035156,439.8800048828125,441.760009765625,38969700,SPY
2021-08-06,442.1000061035156,442.94000244140625,441.79998779296875,442.489990234375,46930000,SPY
2021-08-09,442.4599914550781,442.79998779296875,441.30999755859375,442.1300048828125,41222600,SPY
2021-08-10,442.6099853515625,443.44000244140625,441.8800048828125,442.67999267578125,43339300,SPY
2021-08-11,443.82000732421875,443.8800048828125,442.6199951171875,443.7799987792969,44034300,SPY
2021-08-12,443.6199951171875,445.260009765625,442.6600036621094,445.1099853515625,38909400,SPY
2021-08-13,445.5899963378906,445.94000244140625,445.07000732421875,445.9200134277344,39470300,SPY
2021-08-16,444.5299987792969,447.1099853515625,442.8699951171875,446.9700012207031,73740000,SPY
2021-08-17,444.239990234375,444.9599914550781,440.8500061035156,444.0400085449219,92673900,SPY
2021-08-18,442.9599914550781,444.6300048828125,438.9200134277344,439.17999267578125,89351900,SPY
2021-08-19,436.2699890136719,441.1400146484375,436.1199951171875,439.8599853515625,92812200,SPY
2021-08-20,440.2300109863281,443.7099914550781,439.7099914550781,443.3599853515625,72008700,SPY
2021-08-23,445.1600036621094,448.2300109863281,443.44000244140625,447.260009765625,54973000,SPY
2021-08-24,447.9700012207031,448.5400085449219,447.4200134277344,447.9700012207031,38744700,SPY
2021-08-25,448.1700134277344,449.4599914550781,447.7699890136719,448.9100036621094,40529700,SPY
2021-08-26,448.6099853515625,448.8599853515625,446.1600036621094,446.260009765625,57829600,SPY
2021-08-27,447.1199951171875,450.6499938964844,447.05999755859375,450.25,77235100,SPY
2021-08-30,450.9700012207031,453.07000732421875,450.7099914550781,452.2300109863281,48357400,SPY
2021-08-31,452.1300048828125,452.489990234375,450.9200134277344,451.55999755859375,59300200,SPY
2021-09-01,452.55999755859375,453.1099853515625,451.54998779296875,451.79998779296875,48721400,SPY
2021-09-02,453.32000732421875,454.04998779296875,451.9100036621094,453.19000244140625,42501000,SPY
2021-09-03,451.9800109863281,453.6300048828125,451.54998779296875,453.0799865722656,47170500,SPY
2021-09-07,452.7099914550781,452.80999755859375,450.739990234375,451.4599914550781,51671500,SPY
2021-09-08,450.8900146484375,451.6700134277344,448.8599853515625,450.9100036621094,56181900,SPY
2021-09-09,450.70001220703125,452.57000732421875,448.7200012207031,448.9800109863281,57970400,SPY
2021-09-10,451.0400085449219,451.489990234375,445.30999755859375,445.44000244140625,89948200,SPY
2021-09-13,448.6400146484375,448.9200134277344,444.1099853515625,446.5799865722656,83738600,SPY
2021-09-14,448.1199951171875,448.3399963378906,443.2200012207031,444.1700134277344,78197100,SPY
2021-09-15,444.6199951171875,448.4100036621094,443.44000244140625,447.8800048828125,78792200,SPY
2021-09-16,447.32000732421875,448.3599853515625,444.0199890136719,447.1700134277344,77786700,SPY
2021-09-17,444.9200134277344,445.3699951171875,441.0199890136719,441.3999938964844,118425000,SPY
2021-09-20,434.8800048828125,436.55999755859375,428.8599853515625,434.0400085449219,166445500,SPY
2021-09-21,436.5299987792969,437.9100036621094,433.07000732421875,433.6300048828125,92526100,SPY
2021-09-22,436.04998779296875,440.0299987792969,433.75,437.8599853515625,102350100,SPY
2021-09-23,439.8500061035156,444.8900146484375,439.6000061035156,443.17999267578125,76396000,SPY
2021-09-24,441.44000244140625,444.6700134277344,441.2099914550781,443.9100036621094,62094800,SPY
2021-09-27,442.80999755859375,444.04998779296875,441.8999938964844,442.6400146484375,61371100,SPY
2021-09-28,439.69000244140625,440.0400085449219,432.94000244140625,433.7200012207031,130436300,SPY
2021-09-29,435.19000244140625,437.0400085449219,433.8500061035156,434.45001220703125,82329200,SPY
2021-09-30,436.0199890136719,436.7699890136719,428.7799987792969,429.1400146484375,140506000,SPY
2021-10-01,430.9800109863281,436.0299987792969,427.2300109863281,434.239990234375,129240100,SPY
2021-10-04,433.0,433.9599914550781,426.3599853515625,428.6400146484375,128570000,SPY
2021-10-05,430.239990234375,435.489990234375,429.3900146484375,433.1000061035156,90682500,SPY
2021-10-06,429.2699890136719,435.1199951171875,427.5400085449219,434.8999938964844,113032200,SPY
2021-10-07,438.3900146484375,441.67999267578125,438.20001220703125,438.6600036621094,72437500,SPY
2021-10-08,439.4800109863281,439.8900146484375,437.19000244140625,437.8599853515625,74557400,SPY
2021-10-11,437.1600036621094,440.260009765625,434.6199951171875,434.69000244140625,65233300,SPY
2021-10-12,435.6700134277344,436.1000061035156,432.7799987792969,433.6199951171875,71181200,SPY
2021-10-13,434.7099914550781,436.04998779296875,431.5400085449219,435.17999267578125,72974000,SPY
2021-10-14,439.0799865722656,442.6600036621094,438.5799865722656,442.5,70236800,SPY
2021-10-15,444.75,446.260009765625,444.0899963378906,445.8699951171875,66260200,SPY
2021-10-18,443.9700012207031,447.54998779296875,443.2699890136719,447.19000244140625,62213200,SPY
2021-10-19,448.9200134277344,450.7099914550781,448.2699890136719,450.6400146484375,46996800,SPY
2021-10-20,451.1300048828125,452.7300109863281,451.010009765625,452.4100036621094,49571600,SPY
2021-10-21,451.7699890136719,453.8299865722656,451.30999755859375,453.5899963378906,41305400,SPY
2021-10-22,453.1300048828125,454.6700134277344,451.04998779296875,453.1199951171875,58845100,SPY
2021-10-25,454.2799987792969,455.8999938964844,452.3900146484375,455.54998779296875,45214500,SPY
2021-10-26,457.20001220703125,458.489990234375,455.55999755859375,455.9599914550781,56075100,SPY
2021-10-27,456.45001220703125,457.1600036621094,453.8599853515625,453.94000244140625,72438000,SPY
2021-10-28,455.4599914550781,458.3999938964844,455.45001220703125,458.32000732421875,51437900,SPY
2021-10-29,455.8699951171875,459.55999755859375,455.55999755859375,459.25,70162400,SPY
2021-11-01,460.29998779296875,460.70001220703125,458.20001220703125,460.0400085449219,48433600,SPY
2021-11-02,460.2200012207031,462.2300109863281,460.0799865722656,461.8999938964844,48908400,SPY
2021-11-03,461.29998779296875,465.1499938964844,460.8299865722656,464.7200012207031,52509800,SPY
2021-11-04,465.3599853515625,467.0,464.989990234375,466.9100036621094,52847100,SPY
2021-11-05,469.2799987792969,470.6499938964844,466.9200134277344,468.5299987792969,66390600,SPY
2021-11-08,469.70001220703125,470.2300109863281,468.20001220703125,468.92999267578125,50405200,SPY
2021-11-09,469.32000732421875,469.57000732421875,465.8800048828125,467.3800048828125,51149100,SPY
2021-11-10,465.5799865722656,467.3800048828125,462.0400085449219,463.6199951171875,69429700,SPY
2021-11-11,465.2099914550781,465.2900085449219,463.75,463.7699890136719,34848500,SPY
2021-11-12,465.1199951171875,467.8599853515625,464.1099853515625,467.2699890136719,53466700,SPY
2021-11-15,468.6400146484375,468.80999755859375,466.2300109863281,467.42999267578125,46980500,SPY
2021-11-16,467.1499938964844,470.489990234375,467.07000732421875,469.2799987792969,48857500,SPY
2021-11-17,469.0,469.19000244140625,467.4800109863281,468.1400146484375,47858300,SPY
2021-11-18,469.239990234375,470.010009765625,466.3399963378906,469.7300109863281,50625600,SPY
2021-11-19,469.6099853515625,470.94000244140625,468.5,468.8900146484375,57315600,SPY
2021-11-22,470.8900146484375,473.5400085449219,467.3500061035156,467.57000732421875,72762000,SPY
2021-11-23,467.2200012207031,469.1000061035156,464.45001220703125,468.19000244140625,73206500,SPY
2021-11-24,466.05999755859375,469.57000732421875,465.19000244140625,469.44000244140625,61858800,SPY
2021-11-26,462.3399963378906,463.8999938964844,457.7699890136719,458.9700012207031,112669600,SPY
2021-11-29,464.07000732421875,466.55999755859375,461.7300109863281,464.6000061035156,86268800,SPY
2021-11-30,462.0,464.0299987792969,455.29998779296875,455.55999755859375,148559600,SPY
2021-12-01,461.6400146484375,464.6700134277344,450.2900085449219,450.5,131939200,SPY
2021-12-02,450.7300109863281,459.07000732421875,450.30999755859375,457.3999938964844,127637800,SPY
2021-12-03,459.1700134277344,460.29998779296875,448.9200134277344,453.4200134277344,137331600,SPY
2021-12-06,456.1300048828125,460.7900085449219,453.55999755859375,458.7900085449219,98977500,SPY
2021-12-07,464.4100036621094,468.8800048828125,458.6499938964844,468.2799987792969,95484700,SPY
2021-12-08,468.70001220703125,470.0,466.8299865722656,469.5199890136719,72238800,SPY
2021-12-09,468.1499938964844,469.6300048828125,466.1400146484375,466.3500061035156,61272600,SPY
2021-12-10,469.2300109863281,470.8999938964844,466.510009765625,470.739990234375,77159800,SPY
2021-12-13,470.19000244140625,470.55999755859375,466.2699890136719,466.57000732421875,87724700,SPY
2021-12-14,463.0899963378906,465.739990234375,460.25,463.3599853515625,97264100,SPY
2021-12-15,463.4200134277344,470.8599853515625,460.739990234375,470.6000061035156,116899300,SPY
2021-12-16,472.57000732421875,472.8699951171875,464.79998779296875,466.45001220703125,116568600,SPY
2021-12-17,461.54998779296875,464.739990234375,458.05999755859375,459.8699951171875,135511600,SPY
2021-12-20,454.4800109863281,455.3999938964844,451.1400146484375,454.9800109863281,107134800,SPY
2021-12-21,458.6099853515625,463.2099914550781,456.30999755859375,463.05999755859375,69806300,SPY
2021-12-22,462.7900085449219,467.80999755859375,462.5799865722656,467.69000244140625,58890200,SPY
2021-12-23,468.75,472.19000244140625,468.6400146484375,470.6000061035156,56439700,SPY
2021-12-27,472.05999755859375,477.30999755859375,472.010009765625,477.260009765625,56808600,SPY
2021-12-28,477.7200012207031,478.80999755859375,476.05999755859375,476.8699951171875,47274600,SPY
2021-12-29,476.9800109863281,478.55999755859375,475.9200134277344,477.4800109863281,54503000,SPY
2021-12-30,477.92999267578125,479.0,475.6700134277344,476.1600036621094,55329000,SPY
2021-12-31,475.6400146484375,476.8599853515625,474.6700134277344,474.9599914550781,65237400,SPY
2022-01-03,476.29998779296875,477.8500061035156,473.8500061035156,477.7099914550781,72668200,SPY
2022-01-04,479.2200012207031,479.9800109863281,475.5799865722656,477.54998779296875,71178700,SPY
2022-01-05,477.1600036621094,477.9800109863281,468.2799987792969,468.3800048828125,104538900,SPY
2022-01-06,467.8900146484375,470.82000732421875,465.42999267578125,467.94000244140625,86858900,SPY
2022-01-07,467.95001220703125,469.20001220703125,464.6499938964844,466.0899963378906,85111600,SPY
2022-01-10,462.70001220703125,465.739990234375,456.6000061035156,465.510009765625,119362000,SPY
2022-01-11,465.2300109863281,469.8500061035156,462.04998779296875,469.75,74303100,SPY
2022-01-12,471.5899963378906,473.20001220703125,468.94000244140625,471.0199890136719,67605400,SPY
2022-01-13,472.19000244140625,472.8800048828125,463.44000244140625,464.5299987792969,91173100,SPY
2022-01-14,461.19000244140625,465.0899963378906,459.8999938964844,464.7200012207031,95890900,SPY
2022-01-18,459.739990234375,459.9599914550781,455.30999755859375,456.489990234375,109709100,SPY
2022-01-19,458.1300048828125,459.6099853515625,451.4599914550781,451.75,109357600,SPY
2022-01-20,453.75,458.739990234375,444.5,446.75,122379700,SPY
2022-01-21,445.55999755859375,448.05999755859375,437.95001220703125,437.9800109863281,202271200,SPY
2022-01-24,432.0299987792969,440.3800048828125,420.760009765625,439.8399963378906,251783900,SPY
2022-01-25,433.05999755859375,439.7200012207031,427.1499938964844,434.4700012207031,167997300,SPY
2022-01-26,440.7200012207031,444.0400085449219,428.8599853515625,433.3800048828125,186391100,SPY
2022-01-27,438.260009765625,441.5899963378906,429.45001220703125,431.239990234375,149878300,SPY
2022-01-28,432.67999267578125,442.0,427.82000732421875,441.95001220703125,164457400,SPY
2022-01-31,441.239990234375,450.2799987792969,439.80999755859375,449.9100036621094,152251400,SPY
2022-02-01,450.67999267578125,453.6300048828125,446.94000244140625,452.95001220703125,123155400,SPY
2022-02-02,455.5,458.1199951171875,453.04998779296875,457.3500061035156,117361000,SPY
2022-02-03,450.95001220703125,452.9700012207031,445.7099914550781,446.6000061035156,118024400,SPY
2022-02-04,446.3500061035156,452.7799987792969,443.8299865722656,448.70001220703125,118454400,SPY
2022-02-07,449.510009765625,450.989990234375,445.8500061035156,447.260009765625,84472900,SPY
2022-02-08,446.7300109863281,451.9200134277344,445.2200012207031,450.94000244140625,81012000,SPY
2022-02-09,455.2200012207031,457.8800048828125,455.010009765625,457.5400085449219,92589900,SPY
2022-02-10,451.3399963378906,457.7099914550781,447.20001220703125,449.32000732421875,140103700,SPY
2022-02-11,449.4100036621094,451.6099853515625,438.94000244140625,440.4599914550781,153214600,SPY
2022-02-14,439.9200134277344,441.6000061035156,435.3399963378906,439.0199890136719,123006300,SPY
2022-02-15,443.7300109863281,446.2799987792969,443.17999267578125,446.1000061035156,88482700,SPY
2022-02-16,443.92999267578125,448.05999755859375,441.94000244140625,446.6000061035156,84863600,SPY
2022-02-17,443.2200012207031,446.57000732421875,436.4200134277344,437.05999755859375,102259100,SPY
2022-02-18,437.3299865722656,438.6600036621094,431.82000732421875,434.2300109863281,132642900,SPY
2022-02-22,431.8900146484375,435.5,425.8599853515625,429.57000732421875,124391800,SPY
2022-02-23,432.6600036621094,433.260009765625,421.3500061035156,421.95001220703125,132578000,SPY
2022-02-24,411.0199890136719,428.760009765625,410.6400146484375,428.29998779296875,213942900,SPY
2022-02-25,429.6099853515625,437.8399963378906,427.8599853515625,437.75,121804500,SPY
2022-02-28,432.0299987792969,438.20001220703125,430.70001220703125,436.6300048828125,145615000,SPY
2022-03-01,435.0400085449219,437.1700134277344,427.1099853515625,429.9800109863281,137785900,SPY
2022-03-02,432.3699951171875,439.7200012207031,431.57000732421875,437.8900146484375,117726500,SPY
2022-03-03,440.4700012207031,441.1099853515625,433.79998779296875,435.7099914550781,105501700,SPY
2022-03-04,431.75,433.3699951171875,427.8800048828125,432.1700134277344,113978200,SPY
2022-03-07,431.54998779296875,432.29998779296875,419.3599853515625,419.42999267578125,137896600,SPY
2022-03-08,419.6199951171875,427.2099914550781,415.1199951171875,416.25,164772700,SPY
2022-03-09,425.1400146484375,429.510009765625,422.82000732421875,427.4100036621094,116990800,SPY
2022-03-10,422.5199890136719,426.42999267578125,420.44000244140625,425.4800109863281,93972700,SPY
2022-03-11,428.1199951171875,428.7699890136719,419.5299987792969,420.07000732421875,95636300,SPY
2022-03-14,420.8900146484375,424.54998779296875,415.7900085449219,417.0,95729200,SPY
2022-03-15,419.7699890136719,426.8399963378906,418.4200134277344,426.1700134277344,106219100,SPY
2022-03-16,429.8900146484375,435.67999267578125,424.79998779296875,435.6199951171875,144954800,SPY
2022-03-17,433.5899963378906,441.07000732421875,433.19000244140625,441.07000732421875,102676900,SPY
2022-03-18,438.0,444.8599853515625,437.2200012207031,444.5199890136719,106345500,SPY
2022-03-21,444.3399963378906,446.4599914550781,440.67999267578125,444.3900146484375,88349800,SPY
2022-03-22,445.8599853515625,450.5799865722656,445.8599853515625,449.5899963378906,74650400,SPY
2022-03-23,446.9100036621094,448.489990234375,443.7099914550781,443.79998779296875,79426100,SPY
2022-03-24,445.94000244140625,450.5,444.760009765625,450.489990234375,64736900,SPY
2022-03-25,451.1600036621094,452.9800109863281,448.42999267578125,452.69000244140625,77101300,SPY
2022-03-28,452.05999755859375,455.9100036621094,450.05999755859375,455.9100036621094,68529800,SPY
2022-03-29,460.0199890136719,462.07000732421875,457.17999267578125,461.54998779296875,86581500,SPY
2022-03-30,460.3399963378906,461.20001220703125,456.4700012207031,458.70001220703125,79666900,SPY
2022-03-31,457.8900146484375,458.760009765625,451.1600036621094,451.6400146484375,121699900,SPY
2022-04-01,453.30999755859375,453.4599914550781,449.1400146484375,452.9200134277344,89048800,SPY
2022-04-04,453.1300048828125,456.9100036621094,452.260009765625,456.79998779296875,59601000,SPY
2022-04-05,455.2200012207031,457.8299865722656,449.82000732421875,451.0299987792969,74214500,SPY
2022-04-06,446.8900146484375,448.92999267578125,443.4700012207031,446.5199890136719,106898000,SPY
2022-04-07,445.5899963378906,450.69000244140625,443.5299987792969,448.7699890136719,78097200,SPY
2022-04-08,447.9700012207031,450.6300048828125,445.94000244140625,447.57000732421875,79272700,SPY
2022-04-11,444.1099853515625,445.0,439.3900146484375,439.9200134277344,89770500,SPY
2022-04-12,443.0799865722656,445.75,436.6499938964844,438.2900085449219,84363600,SPY
2022-04-13,438.0299987792969,444.1099853515625,437.8399963378906,443.30999755859375,74070400,SPY
2022-04-14,443.54998779296875,444.7300109863281,437.67999267578125,437.7900085449219,97869500,SPY
2022-04-18,436.80999755859375,439.75,435.6099853515625,437.9700012207031,66002500,SPY
2022-04-19,437.8599853515625,445.79998779296875,437.67999267578125,445.0400085449219,77821000,SPY
2022-04-20,446.9200134277344,447.57000732421875,443.4800109863281,444.7099914550781,65224400,SPY
2022-04-21,448.5400085449219,450.010009765625,437.1000061035156,438.05999755859375,85417300,SPY
2022-04-22,436.9100036621094,438.0799865722656,425.44000244140625,426.0400085449219,132471800,SPY
2022-04-25,423.6700134277344,428.69000244140625,418.8399963378906,428.510009765625,119647700,SPY
2022-04-26,425.8299865722656,426.0400085449219,416.07000732421875,416.1000061035156,103996300,SPY
2022-04-27,417.239990234375,422.9200134277344,415.010009765625,417.2699890136719,122030000,SPY
2022-04-28,422.2900085449219,429.6400146484375,417.6000061035156,427.80999755859375,105449100,SPY
2022-04-29,423.5899963378906,425.8699951171875,411.2099914550781,412.0,145491100,SPY
2022-05-02,412.07000732421875,415.9200134277344,405.0199890136719,414.4800109863281,158312500,SPY
2022-05-03,415.010009765625,418.92999267578125,413.3599853515625,416.3800048828125,100028200,SPY
2022-05-04,417.0799865722656,429.6600036621094,413.7099914550781,429.05999755859375,144247900,SPY
2022-05-05,424.54998779296875,425.0,409.44000244140625,413.80999755859375,172929100,SPY
2022-05-06,411.1000061035156,414.79998779296875,405.7300109863281,411.3399963378906,151770800,SPY
2022-05-09,405.1000061035156,406.4100036621094,396.5,398.1700134277344,155586100,SPY
2022-05-10,404.489990234375,406.0799865722656,394.82000732421875,399.0899963378906,132497200,SPY
2022-05-11,398.07000732421875,404.0400085449219,391.9599914550781,392.75,142361000,SPY
2022-05-12,389.3699951171875,395.79998779296875,385.1499938964844,392.3399963378906,125090800,SPY
2022-05-13,396.7099914550781,403.17999267578125,395.6099853515625,401.7200012207031,104174400,SPY
2022-05-16,399.9800109863281,403.9700012207031,397.6000061035156,400.0899963378906,78622400,SPY
2022-05-17,406.5299987792969,408.57000732421875,402.5799865722656,408.32000732421875,83029700,SPY
2022-05-18,403.5,403.79998779296875,390.54998779296875,391.8599853515625,117674500,SPY
2022-05-19,388.6199951171875,394.1400146484375,387.1099853515625,389.4599914550781,98510700,SPY
2022-05-20,393.25,397.0299987792969,380.5400085449219,389.6300048828125,131432200,SPY
2022-05-23,392.8299865722656,397.7300109863281,390.3800048828125,396.9200134277344,76414900,SPY
2022-05-24,392.55999755859375,395.1499938964844,386.9599914550781,393.8900146484375,91448800,SPY
2022-05-25,392.30999755859375,399.45001220703125,391.8900146484375,397.3699951171875,91472900,SPY
2022-05-26,398.6700134277344,407.0400085449219,398.45001220703125,405.30999755859375,82168300,SPY
2022-05-27,407.9100036621094,415.3800048828125,407.70001220703125,415.260009765625,84768700,SPY
2022-05-31,413.54998779296875,416.4599914550781,410.0299987792969,412.92999267578125,95937000,SPY
2022-06-01,415.1700134277344,416.239990234375,406.92999267578125,409.5899963378906,86585800,SPY
2022-06-02,409.4200134277344,417.44000244140625,407.0400085449219,417.3900146484375,79609600,SPY
2022-06-03,412.3999938964844,414.0400085449219,409.510009765625,410.5400085449219,71874300,SPY
2022-06-06,414.7799987792969,416.6099853515625,410.54998779296875,411.7900085449219,57508900,SPY
2022-06-07,408.1000061035156,416.2200012207031,407.6099853515625,415.739990234375,59272400,SPY
2022-06-08,413.92999267578125,415.82000732421875,410.3800048828125,411.2200012207031,64350000,SPY
2022-06-09,409.3399963378906,411.739990234375,401.44000244140625,401.44000244140625,86289800,SPY
2022-06-10,394.8800048828125,395.7799987792969,389.75,389.79998779296875,132893900,SPY
2022-06-13,379.8500061035156,381.80999755859375,373.29998779296875,375.0,170004900,SPY
2022-06-14,376.8500061035156,377.94000244140625,370.5899963378906,373.8699951171875,104011800,SPY
2022-06-15,377.3599853515625,383.8999938964844,372.1199951171875,379.20001220703125,125666800,SPY
2022-06-16,370.510009765625,370.94000244140625,364.0799865722656,366.6499938964844,134473300,SPY
2022-06-17,365.510009765625,369.3800048828125,362.1700134277344,365.8599853515625,111113900,SPY
2022-06-21,371.8900146484375,376.5299987792969,371.80999755859375,375.07000732421875,76811900,SPY
2022-06-22,370.6199951171875,378.7200012207031,370.17999267578125,374.3900146484375,90059400,SPY
2022-06-23,376.6400146484375,378.8299865722656,372.8900146484375,378.05999755859375,79292100,SPY
2022-06-24,381.3999938964844,390.0899963378906,381.3699951171875,390.0799865722656,98050300,SPY
2022-06-27,391.04998779296875,391.3599853515625,387.44000244140625,388.5899963378906,66009600,SPY
2022-06-28,390.2300109863281,393.1600036621094,380.5299987792969,380.6499938964844,86548900,SPY
2022-06-29,381.2300109863281,382.2699890136719,378.4200134277344,380.3399963378906,65676000,SPY
2022-06-30,376.239990234375,380.6600036621094,372.55999755859375,377.25,112508300,SPY
2022-07-01,376.55999755859375,381.70001220703125,373.79998779296875,381.239990234375,74839700,SPY
2022-07-05,375.8800048828125,381.9800109863281,372.8999938964844,381.9599914550781,81438000,SPY
2022-07-06,382.1099853515625,385.8699951171875,379.6000061035156,383.25,70426200,SPY
2022-07-07,385.1199951171875,389.8299865722656,383.2699890136719,388.989990234375,64525900,SPY
2022-07-08,387.2699890136719,390.6400146484375,385.6600036621094,388.6700134277344,72397800,SPY
2022-07-11,385.8500061035156,386.8699951171875,383.5,384.2300109863281,58366900,SPY
2022-07-12,383.6499938964844,386.1600036621094,378.989990234375,380.8299865722656,62219200,SPY
2022-07-13,375.1000061035156,381.9200134277344,374.6600036621094,378.8299865722656,84224600,SPY
2022-07-14,373.6099853515625,379.04998779296875,371.0400085449219,377.9100036621094,89704800,SPY
2022-07-15,382.54998779296875,385.25,380.5400085449219,385.1300048828125,79060400,SPY
2022-07-18,388.3800048828125,389.0899963378906,380.6600036621094,381.95001220703125,63203600,SPY
2022-07-19,386.0799865722656,392.8699951171875,385.3900146484375,392.2699890136719,78506000,SPY
2022-07-20,392.4700012207031,396.260009765625,391.0299987792969,394.7699890136719,71843800,SPY
2022-07-21,394.1600036621094,398.8399963378906,391.6300048828125,398.7900085449219,64903900,SPY
2022-07-22,398.9200134277344,400.17999267578125,392.75,395.0899963378906,72197300,SPY
2022-07-25,395.75,396.4700012207031,393.2099914550781,395.57000732421875,53631500,SPY
2022-07-26,393.8399963378906,394.05999755859375,389.95001220703125,390.8900146484375,52946400,SPY
2022-07-27,394.3599853515625,402.8800048828125,394.04998779296875,401.0400085449219,82342100,SPY
2022-07-28,401.8900146484375,406.79998779296875,398.1499938964844,406.07000732421875,73966600,SPY
2022-07-29,407.5799865722656,413.0299987792969,406.7699890136719,411.989990234375,87003700,SPY
2022-08-01,409.1499938964844,413.4100036621094,408.3999938964844,410.7699890136719,69997500,SPY
2022-08-02,409.1199951171875,413.0,406.82000732421875,408.05999755859375,63435400,SPY
2022-08-03,410.29998779296875,415.67999267578125,410.0,414.45001220703125,67820600,SPY
2022-08-04,414.3699951171875,415.0899963378906,412.44000244140625,414.1700134277344,45656600,SPY
2022-08-05,409.6600036621094,414.1499938964844,409.6000061035156,413.4700012207031,56814900,SPY
2022-08-08,415.25,417.6199951171875,411.8299865722656,412.989990234375,53886100,SPY
2022-08-09,412.2200012207031,412.75,410.2200012207031,411.3500061035156,44931800,SPY
2022-08-10,418.7799987792969,420.1400146484375,416.7200012207031,419.989990234375,68665700,SPY
2022-08-11,422.989990234375,424.95001220703125,419.2099914550781,419.989990234375,59489700,SPY
2022-08-12,422.0299987792969,427.2099914550781,421.0299987792969,427.1000061035156,61694500,SPY
2022-08-15,424.7699890136719,429.4100036621094,424.7099914550781,428.8599853515625,54048300,SPY
2022-08-16,427.7300109863281,431.7300109863281,426.8800048828125,429.70001220703125,59289000,SPY
2022-08-17,425.9100036621094,429.5,424.5400085449219,426.6499938964844,63563400,SPY
2022-08-18,426.8599853515625,428.6099853515625,425.5,427.8900146484375,49023200,SPY
2022-08-19,424.9800109863281,425.260009765625,421.2200012207031,422.1400146484375,68016900,SPY
2022-08-22,417.04998779296875,417.2300109863281,412.3999938964844,413.3500061035156,77695600,SPY
2022-08-23,412.8999938964844,415.4200134277344,411.7699890136719,412.3500061035156,49105200,SPY
2022-08-24,412.1099853515625,415.1099853515625,411.3900146484375,413.6700134277344,49177800,SPY
2022-08-25,415.239990234375,419.55999755859375,414.0899963378906,419.510009765625,50942300,SPY
2022-08-26,419.3900146484375,419.9599914550781,405.25,405.30999755859375,103087000,SPY
2022-08-29,402.20001220703125,405.8399963378906,401.20001220703125,402.6300048828125,65370800,SPY
2022-08-30,403.8500061035156,404.1000061035156,396.0,398.2099914550781,85652400,SPY
2022-08-31,399.92999267578125,401.239990234375,395.0400085449219,395.17999267578125,76029700,SPY
2022-09-01,392.8900146484375,396.7799987792969,390.0400085449219,396.4200134277344,78740100,SPY
2022-09-02,400.2799987792969,401.55999755859375,390.3299865722656,392.239990234375,99632100,SPY
2022-09-06,393.1300048828125,394.1199951171875,388.4200134277344,390.760009765625,76637400,SPY
2022-09-07,390.42999267578125,398.5899963378906,390.20001220703125,397.7799987792969,70964200,SPY
2022-09-08,395.3900146484375,400.8599853515625,394.1199951171875,400.3800048828125,80821700,SPY
2022-09-09,402.739990234375,407.510009765625,402.4599914550781,406.6000061035156,76706900,SPY
2022-09-12,408.7799987792969,411.7300109863281,408.4599914550781,410.9700012207031,69256300,SPY
2022-09-13,401.8299865722656,403.1000061035156,391.9200134277344,393.1000061035156,122947100,SPY
2022-09-14,394.4700012207031,396.20001220703125,391.1199951171875,394.6000061035156,85023700,SPY
2022-09-15,392.9599914550781,395.9599914550781,388.7799987792969,390.1199951171875,87633800,SPY
2022-09-16,384.1400146484375,386.25,382.1099853515625,385.55999755859375,103084800,SPY
2022-09-19,382.260009765625,388.54998779296875,382.17999267578125,388.54998779296875,73278500,SPY
2022-09-20,385.05999755859375,386.1199951171875,381.20001220703125,384.0899963378906,77274900,SPY
2022-09-21,386.1099853515625,389.30999755859375,377.3800048828125,377.3900146484375,106746600,SPY
2022-09-22,376.5799865722656,378.29998779296875,373.44000244140625,374.2200012207031,89472600,SPY
2022-09-23,370.5799865722656,370.6199951171875,363.2900085449219,367.95001220703125,122346900,SPY
2022-09-26,366.4100036621094,370.2099914550781,363.0299987792969,364.30999755859375,92581200,SPY
2022-09-27,368.0199890136719,370.3999938964844,360.8699951171875,363.3800048828125,108294100,SPY
2022-09-28,364.3800048828125,372.29998779296875,362.6000061035156,370.5299987792969,110802200,SPY
2022-09-29,366.80999755859375,367.1099853515625,359.70001220703125,362.7900085449219,112952300,SPY
2022-09-30,361.79998779296875,365.9100036621094,357.0400085449219,357.17999267578125,153711200,SPY
2022-10-03,361.0799865722656,368.54998779296875,359.2099914550781,366.6099853515625,89756500,SPY
2022-10-04,372.3999938964844,378.0,366.57000732421875,377.9700012207031,103602800,SPY
2022-10-05,373.3900146484375,379.4599914550781,370.95001220703125,377.0899963378906,88065700,SPY
2022-10-06,375.6199951171875,378.7200012207031,372.67999267578125,373.20001220703125,82333500,SPY
2022-10-07,368.9700012207031,373.2900085449219,360.94000244140625,362.7900085449219,107789500,SPY
2022-10-10,363.9599914550781,364.2099914550781,357.6700134277344,360.0199890136719,76042800,SPY
2022-10-11,358.239990234375,363.0299987792969,355.7099914550781,357.739990234375,92482800,SPY
2022-10-12,358.1700134277344,359.82000732421875,356.29998779296875,356.55999755859375,76991800,SPY
2022-10-13,349.2099914550781,367.510009765625,348.1099853515625,365.9700012207031,147254500,SPY
2022-10-14,368.54998779296875,370.260009765625,356.9599914550781,357.6300048828125,123737000,SPY
2022-10-17,364.010009765625,367.9800109863281,357.2799987792969,366.82000732421875,93168200,SPY
2022-10-18,375.1300048828125,375.45001220703125,367.5199890136719,371.1300048828125,97162900,SPY
2022-10-19,368.989990234375,371.8500061035156,365.54998779296875,368.5,79746900,SPY
2022-10-20,368.0299987792969,372.6700134277344,364.6099853515625,365.4100036621094,88283100,SPY
2022-10-21,365.1199951171875,374.79998779296875,363.5400085449219,374.2900085449219,131038400,SPY
2022-10-24,375.8900146484375,380.05999755859375,373.1099853515625,378.8699951171875,85436900,SPY
2022-10-25,378.7900085449219,385.25,378.6700134277344,384.9200134277344,78846300,SPY
2022-10-26,381.6199951171875,387.5799865722656,381.3500061035156,382.0199890136719,104087300,SPY
2022-10-27,383.07000732421875,385.0,379.3299865722656,379.9800109863281,81971800,SPY
2022-10-28,379.8699951171875,389.5199890136719,379.67999267578125,389.0199890136719,100302000,SPY
2022-10-31,386.44000244140625,388.3999938964844,385.260009765625,386.2099914550781,96631300,SPY
2022-11-01,390.1400146484375,390.3900146484375,383.2900085449219,384.5199890136719,85407600,SPY
2022-11-02,383.8999938964844,388.6300048828125,374.760009765625,374.8699951171875,126990400,SPY
2022-11-03,371.4700012207031,374.20001220703125,368.7900085449219,371.010009765625,87100100,SPY
2022-11-04,377.0,378.8699951171875,370.0,376.3500061035156,103505200,SPY
2022-11-07,377.7099914550781,380.57000732421875,375.5299987792969,379.95001220703125,68286900,SPY
2022-11-08,381.1099853515625,385.1199951171875,377.7200012207031,382.0,84641100,SPY
2022-11-09,379.92999267578125,381.1400146484375,373.6099853515625,374.1300048828125,78495500,SPY
2022-11-10,388.04998779296875,395.0400085449219,385.6400146484375,394.69000244140625,141455800,SPY
2022-11-11,395.5899963378906,399.3500061035156,393.6099853515625,398.510009765625,93839900,SPY
2022-11-14,396.6600036621094,400.17999267578125,394.8299865722656,395.1199951171875,71903500,SPY
2022-11-15,401.1499938964844,402.30999755859375,394.489990234375,398.489990234375,93194500,SPY
2022-11-16,396.7799987792969,397.7799987792969,394.7900085449219,395.45001220703125,68508500,SPY
2022-11-17,390.4599914550781,394.95001220703125,390.1400146484375,394.239990234375,74496300,SPY
2022-11-18,397.739990234375,397.80999755859375,393.0400085449219,396.0299987792969,92922500,SPY
2022-11-21,394.6400146484375,395.82000732421875,392.6600036621094,394.5899963378906,51243200,SPY
2022-11-22,396.6300048828125,400.07000732421875,395.1499938964844,399.8999938964844,60429000,SPY
2022-11-23,399.54998779296875,402.92999267578125,399.30999755859375,402.4200134277344,68261600,SPY
2022-11-25,401.8299865722656,402.9100036621094,401.5400085449219,402.3299865722656,30545400,SPY
2022-11-28,399.0899963378906,400.80999755859375,395.1099853515625,395.9100036621094,67881600,SPY
2022-11-29,396.04998779296875,397.29998779296875,393.29998779296875,395.2300109863281,52310000,SPY
2022-11-30,395.489990234375,407.67999267578125,393.4800109863281,407.67999267578125,144566700,SPY
2022-12-01,408.7699890136719,410.0,404.75,407.3800048828125,76398200,SPY
2022-12-02,402.25,407.8599853515625,402.1400146484375,406.9100036621094,85342700,SPY
2022-12-05,403.95001220703125,404.92999267578125,398.1700134277344,399.5899963378906,77289800,SPY
2022-12-06,399.4200134277344,399.989990234375,391.6400146484375,393.8299865722656,77972200,SPY
2022-12-07,392.94000244140625,395.6400146484375,391.9700012207031,393.1600036621094,65927900,SPY
2022-12-08,395.1400146484375,397.3599853515625,393.2699890136719,396.239990234375,60737900,SPY
2022-12-09,394.94000244140625,397.6199951171875,393.1499938964844,393.2799987792969,81447700,SPY
2022-12-12,394.1099853515625,398.95001220703125,393.4100036621094,398.95001220703125,75405800,SPY
2022-12-13,410.2200012207031,410.489990234375,399.07000732421875,401.9700012207031,123782500,SPY
2022-12-14,401.6099853515625,405.5,396.30999755859375,399.3999938964844,108111300,SPY
2022-12-15,394.29998779296875,395.25,387.8900146484375,389.6300048828125,117705900,SPY
2022-12-16,385.17999267578125,386.5799865722656,381.0400085449219,383.2699890136719,119858000,SPY
2022-12-19,383.4700012207031,383.82000732421875,378.2799987792969,380.0199890136719,79878100,SPY
2022-12-20,379.2300109863281,382.2300109863281,377.8500061035156,380.5400085449219,74427200,SPY
2022-12-21,383.25,387.4100036621094,382.69000244140625,386.2300109863281,78167400,SPY
2022-12-22,383.04998779296875,386.2099914550781,374.7699890136719,380.7200012207031,100120900,SPY
2022-12-23,379.6499938964844,383.05999755859375,378.0299987792969,382.9100036621094,59857300,SPY
2022-12-27,382.7900085449219,383.1499938964844,379.6499938964844,381.3999938964844,51638200,SPY
2022-12-28,381.3299865722656,383.3900146484375,376.4200134277344,376.6600036621094,70911500,SPY
2022-12-29,379.6300048828125,384.3500061035156,379.0799865722656,383.44000244140625,66970900,SPY
2022-12-30,380.6400146484375,382.5799865722656,378.42999267578125,382.42999267578125,84022200,SPY
2023-01-03,384.3699951171875,386.42999267578125,377.8299865722656,380.82000732421875,74850700,SPY
2023-01-04,383.17999267578125,385.8800048828125,380.0,383.760009765625,85934100,SPY
2023-01-05,381.7200012207031,381.8399963378906,378.760009765625,379.3800048828125,76970500,SPY
2023-01-06,382.6099853515625,389.25,379.4100036621094,388.0799865722656,104189600,SPY
2023-01-09,390.3699951171875,393.70001220703125,387.6700134277344,387.8599853515625,73978100,SPY
2023-01-10,387.25,390.6499938964844,386.2699890136719,390.5799865722656,65358100,SPY
2023-01-11,392.2300109863281,395.6000061035156,391.3800048828125,395.5199890136719,68881100,SPY
2023-01-12,396.6700134277344,398.489990234375,392.4200134277344,396.9599914550781,90157700,SPY
2023-01-13,393.6199951171875,399.1000061035156,393.3399963378906,398.5,63903900,SPY
2023-01-17,398.4800109863281,400.2300109863281,397.05999755859375,397.7699890136719,62677300,SPY
2023-01-18,399.010009765625,400.1199951171875,391.2799987792969,391.489990234375,99632300,SPY
2023-01-19,389.3599853515625,391.0799865722656,387.260009765625,388.6400146484375,86958900,SPY
2023-01-20,390.1000061035156,396.0400085449219,388.3800048828125,395.8800048828125,91806400,SPY
2023-01-23,396.7200012207031,402.6499938964844,395.7200012207031,400.6300048828125,84178800,SPY
2023-01-24,398.8800048828125,401.1499938964844,397.6400146484375,400.20001220703125,59524900,SPY
2023-01-25,395.95001220703125,400.70001220703125,393.55999755859375,400.3500061035156,84800300,SPY
2023-01-26,403.1300048828125,404.9200134277344,400.0299987792969,404.75,72287400,SPY
2023-01-27,403.6600036621094,408.1600036621094,403.44000244140625,405.67999267578125,68346200,SPY
2023-01-30,402.79998779296875,405.1300048828125,400.2799987792969,400.5899963378906,74202000,SPY
2023-01-31,401.1300048828125,406.5299987792969,400.7699890136719,406.4800109863281,86811800,SPY
2023-02-01,405.2099914550781,413.6700134277344,402.3500061035156,410.79998779296875,101459200,SPY
2023-02-02,414.8599853515625,418.30999755859375,412.8800048828125,416.7799987792969,101654500,SPY
2023-02-03,411.5899963378906,416.9700012207031,411.0899963378906,412.3500061035156,94736800,SPY
2023-02-06,409.7900085449219,411.2900085449219,408.1000061035156,409.8299865722656,60295300,SPY
2023-02-07,408.8699951171875,416.489990234375,407.57000732421875,415.19000244140625,90990700,SPY
2023-02-08,413.1300048828125,414.5299987792969,409.92999267578125,410.6499938964844,76227500,SPY
2023-02-09,414.4100036621094,414.57000732421875,405.80999755859375,407.0899963378906,78694900,SPY
2023-02-10,405.8599853515625,408.44000244140625,405.010009765625,408.0400085449219,70769700,SPY
2023-02-13,408.7200012207031,412.9700012207031,408.239990234375,412.8299865722656,64913500,SPY
2023-02-14,411.239990234375,415.04998779296875,408.510009765625,412.6400146484375,88389300,SPY
2023-02-15,410.3500061035156,414.05999755859375,409.4700012207031,413.9800109863281,61555700,SPY
2023-02-16,408.7900085449219,412.9100036621094,408.1400146484375,408.2799987792969,76431500,SPY
2023-02-17,406.05999755859375,407.510009765625,404.04998779296875,407.260009765625,89257800,SPY
2023-02-21,403.05999755859375,404.1600036621094,398.82000732421875,399.0899963378906,82655900,SPY
2023-02-22,399.5199890136719,401.1300048828125,397.0199890136719,398.5400085449219,83742300,SPY
2023-02-23,401.55999755859375,402.20001220703125,396.25,400.6600036621094,96242400,SPY
2023-02-24,395.4200134277344,397.25,393.6400146484375,396.3800048828125,108194400,SPY
2023-02-27,399.8699951171875,401.2900085449219,396.75,397.7300109863281,80444700,SPY
2023-02-28,397.2300109863281,399.2799987792969,396.1499938964844,396.260009765625,96438600,SPY
2023-03-01,395.4100036621094,396.69000244140625,393.3800048828125,394.739990234375,99706800,SPY
2023-03-02,392.67999267578125,398.69000244140625,392.3299865722656,397.80999755859375,85127800,SPY
2023-03-03,399.7099914550781,404.45001220703125,399.0299987792969,404.19000244140625,90120000,SPY
2023-03-06,405.04998779296875,407.45001220703125,404.010009765625,404.4700012207031,72795900,SPY
2023-03-07,404.4200134277344,404.6700134277344,397.6300048828125,398.2699890136719,108310600,SPY
2023-03-08,398.3900146484375,399.7099914550781,396.5899963378906,398.9200134277344,74746600,SPY
2023-03-09,399.739990234375,401.4800109863281,390.5299987792969,391.55999755859375,111945300,SPY
2023-03-10,390.989990234375,393.1600036621094,384.32000732421875,385.9100036621094,189253000,SPY
2023-03-13,381.80999755859375,390.3900146484375,380.6499938964844,385.3599853515625,157790000,SPY
2023-03-14,390.5,393.45001220703125,387.04998779296875,391.7300109863281,149752400,SPY
2023-03-15,385.8900146484375,389.489990234375,383.7099914550781,389.2799987792969,172996900,SPY
2023-03-16,386.82000732421875,396.4700012207031,386.2900085449219,396.1099853515625,143254200,SPY
2023-03-17,393.2200012207031,394.3999938964844,388.54998779296875,389.989990234375,140553400,SPY
2023-03-20,390.79998779296875,394.1700134277344,390.07000732421875,393.739990234375,93055800,SPY
2023-03-21,397.239990234375,399.4100036621094,395.5799865722656,398.9100036621094,91524200,SPY
2023-03-22,398.7300109863281,402.489990234375,392.07000732421875,392.1099853515625,111746600,SPY
2023-03-23,395.0899963378906,399.2900085449219,390.3500061035156,393.1700134277344,119351300,SPY
2023-03-24,391.8399963378906,395.8399963378906,389.3999938964844,395.75,107682400,SPY
2023-03-27,398.1199951171875,398.9200134277344,395.55999755859375,396.489990234375,74010400,SPY
2023-03-28,395.7699890136719,396.489990234375,393.69000244140625,395.6000061035156,62871700,SPY
2023-03-29,399.92999267578125,401.6000061035156,398.67999267578125,401.3500061035156,77497900,SPY
2023-03-30,404.0899963378906,404.3500061035156,401.760009765625,403.70001220703125,69840000,SPY
2023-03-31,404.6600036621094,409.70001220703125,404.54998779296875,409.3900146484375,112062600,SPY
2023-04-03,408.8500061035156,411.3699951171875,408.44000244140625,410.95001220703125,67391100,SPY
2023-04-04,411.6199951171875,411.9200134277344,407.239990234375,408.6700134277344,66601500,SPY
2023-04-05,407.9100036621094,408.70001220703125,405.8800048828125,407.6000061035156,65200200,SPY
2023-04-06,406.7699890136719,409.4800109863281,405.67999267578125,409.19000244140625,63743300,SPY
2023-04-10,406.6099853515625,409.69000244140625,405.9700012207031,409.6099853515625,63681000,SPY
2023-04-11,410.260009765625,411.17999267578125,408.9200134277344,409.7200012207031,59297900,SPY
2023-04-12,411.8699951171875,412.1700134277344,407.44000244140625,408.04998779296875,86420400,SPY
2023-04-13,409.17999267578125,413.8399963378906,407.989990234375,413.4700012207031,85814800,SPY
2023-04-14,412.80999755859375,415.0899963378906,410.05999755859375,412.4599914550781,78161500,SPY
2023-04-17,412.3699951171875,413.9599914550781,411.0899963378906,413.94000244140625,66436400,SPY
2023-04-18,415.5799865722656,415.7200012207031,412.7799987792969,414.2099914550781,63560000,SPY
2023-04-19,412.2200012207031,415.0799865722656,412.1600036621094,414.1400146484375,55227300,SPY
2023-04-20,411.2099914550781,413.70001220703125,410.2699890136719,411.8800048828125,75840400,SPY
2023-04-21,412.19000244140625,412.67999267578125,410.1700134277344,412.20001220703125,73457400,SPY
2023-04-24,411.989990234375,413.07000732421875,410.6000061035156,412.6300048828125,64332100,SPY
2023-04-25,410.5799865722656,411.1600036621094,406.0199890136719,406.0799865722656,97766700,SPY
2023-04-26,406.7200012207031,407.8399963378906,403.7799987792969,404.3599853515625,80447000,SPY
2023-04-27,407.0,412.69000244140625,406.739990234375,412.4100036621094,92968400,SPY
2023-04-28,411.489990234375,415.94000244140625,411.42999267578125,415.92999267578125,89433100,SPY
2023-05-01,415.4700012207031,417.6199951171875,415.2699890136719,415.510009765625,62122300,SPY
2023-05-02,414.7699890136719,414.82000732421875,407.82000732421875,410.8399963378906,103998500,SPY
2023-05-03,411.3599853515625,413.8699951171875,407.7699890136719,408.0199890136719,91531800,SPY
2023-05-04,406.92999267578125,407.2699890136719,403.739990234375,405.1300048828125,94901900,SPY
2023-05-05,408.9100036621094,413.7200012207031,408.6400146484375,412.6300048828125,87891800,SPY
2023-05-08,412.9700012207031,413.239990234375,411.2799987792969,412.739990234375,50046800,SPY
2023-05-09,411.1300048828125,412.0899963378906,410.69000244140625,410.92999267578125,49220100,SPY
2023-05-10,413.8800048828125,414.5400085449219,408.8699951171875,412.8500061035156,96142900,SPY
2023-05-11,411.95001220703125,412.42999267578125,409.9700012207031,412.1300048828125,70157100,SPY
2023-05-12,413.4200134277344,413.6400146484375,409.07000732421875,411.5899963378906,70481500,SPY
2023-05-15,412.2200012207031,413.42999267578125,410.2300109863281,413.010009765625,54289400,SPY
2023-05-16,411.8599853515625,412.82000732421875,410.239990234375,410.25,57705500,SPY
2023-05-17,412.3500061035156,415.8599853515625,410.6400146484375,415.2300109863281,87287000,SPY
2023-05-18,414.8999938964844,419.6700134277344,414.6700134277344,419.2300109863281,97177200,SPY
2023-05-19,420.1700134277344,420.7200012207031,417.3500061035156,418.6199951171875,103793300,SPY
2023-05-22,418.6400146484375,420.3900146484375,417.3500061035156,418.7900085449219,60745400,SPY
2023-05-23,417.0799865722656,418.7200012207031,413.67999267578125,414.0899963378906,86383500,SPY
2023-05-24,412.4200134277344,412.82000732421875,409.8800048828125,411.0899963378906,89213700,SPY
2023-05-25,414.739990234375,416.1600036621094,412.4100036621094,414.6499938964844,90961600,SPY
2023-05-26,415.3299865722656,420.7699890136719,415.25,420.0199890136719,93830000,SPY
2023-05-30,422.0299987792969,422.5799865722656,418.739990234375,420.17999267578125,72216000,SPY
2023-05-31,418.2799987792969,419.2200012207031,416.2200012207031,417.8500061035156,110811800,SPY
2023-06-01,418.0899963378906,422.9200134277344,416.7900085449219,421.82000732421875,88865000,SPY
2023-06-02,424.5,428.739990234375,423.95001220703125,427.9200134277344,91426200,SPY
2023-06-05,428.2799987792969,429.6199951171875,426.3699951171875,427.1000061035156,65460200,SPY
2023-06-06,426.6700134277344,428.5799865722656,425.989990234375,428.0299987792969,64022200,SPY
2023-06-07,428.44000244140625,429.6199951171875,426.1099853515625,426.54998779296875,85373300,SPY
2023-06-08,426.6199951171875,429.6000061035156,425.82000732421875,429.1300048828125,61952800,SPY
2023-06-09,429.9599914550781,431.989990234375,428.8699951171875,429.8999938964844,85742800,SPY
2023-06-12,430.9200134277344,433.8800048828125,430.1700134277344,433.79998779296875,76104300,SPY
2023-06-13,435.32000732421875,437.3299865722656,434.6300048828125,436.6600036621094,95899700,SPY
2023-06-14,437.010009765625,439.05999755859375,433.5899963378906,437.17999267578125,100612100,SPY
2023-06-15,436.3299865722656,443.8999938964844,436.2300109863281,442.6000061035156,110303100,SPY
2023-06-16,443.0199890136719,443.6099853515625,438.9700012207031,439.4599914550781,114165800,SPY
2023-06-20,437.45001220703125,438.3699951171875,435.0299987792969,437.17999267578125,76160400,SPY
2023-06-21,436.1600036621094,436.989990234375,434.3299865722656,434.94000244140625,76982300,SPY
2023-06-22,433.95001220703125,436.6199951171875,433.6000061035156,436.510009765625,70637200,SPY
2023-06-23,432.92999267578125,435.05999755859375,432.4700012207031,433.2099914550781,92074500,SPY
2023-06-26,432.6199951171875,434.6099853515625,431.19000244140625,431.44000244140625,72823600,SPY
2023-06-27,432.3500061035156,436.80999755859375,431.8800048828125,436.1700134277344,72813700,SPY
2023-06-28,435.04998779296875,437.44000244140625,434.4100036621094,436.3900146484375,75636000,SPY
2023-06-29,435.9599914550781,438.2799987792969,435.5400085449219,438.1099853515625,67882300,SPY
2023-06-30,441.44000244140625,444.29998779296875,441.1099853515625,443.2799987792969,104964000,SPY
2023-07-03,442.9200134277344,444.0799865722656,442.6300048828125,443.7900085449219,32793400,SPY
2023-07-05,441.9100036621094,443.8900146484375,441.8999938964844,443.1300048828125,58418400,SPY
2023-07-06,439.4200134277344,440.1000061035156,437.05999755859375,439.6600036621094,80658300,SPY
2023-07-07,438.6300048828125,442.6400146484375,438.29998779296875,438.54998779296875,86134200,SPY
2023-07-10,438.17999267578125,439.8399963378906,437.5899963378906,439.6600036621094,62443500,SPY
2023-07-11,440.45001220703125,442.9700012207031,439.44000244140625,442.4599914550781,64463800,SPY
2023-07-12,446.3900146484375,447.4800109863281,444.9100036621094,446.0199890136719,91924500,SPY
2023-07-13,447.8999938964844,450.3800048828125,447.45001220703125,449.55999755859375,72425200,SPY
2023-07-14,450.4800109863281,451.3599853515625,448.489990234375,449.2799987792969,69815800,SPY
2023-07-17,449.1300048828125,451.92999267578125,449.0799865722656,450.8399963378906,52680200,SPY
2023-07-18,450.5,454.8599853515625,450.04998779296875,454.19000244140625,80668200,SPY
2023-07-19,455.010009765625,456.42999267578125,454.1099853515625,455.20001220703125,65891700,SPY
2023-07-20,454.1700134277344,455.1000061035156,451.44000244140625,452.17999267578125,70591600,SPY
2023-07-21,453.9599914550781,454.1700134277344,452.1700134277344,452.17999267578125,71275600,SPY
2023-07-24,453.3699951171875,455.0400085449219,452.29998779296875,454.20001220703125,54023400,SPY
2023-07-25,453.9200134277344,456.739990234375,453.8699951171875,455.44000244140625,55191200,SPY
2023-07-26,454.4700012207031,456.989990234375,453.3800048828125,455.510009765625,71052900,SPY
2023-07-27,459.0199890136719,459.44000244140625,451.54998779296875,452.489990234375,92194400,SPY
2023-07-28,455.8800048828125,457.7799987792969,452.489990234375,456.9200134277344,80011800,SPY
2023-07-31,457.4100036621094,458.1600036621094,456.04998779296875,457.7900085449219,62040400,SPY
2023-08-01,456.2699890136719,457.25,455.489990234375,456.4800109863281,55291500,SPY
2023-08-02,453.25,453.5199890136719,449.3500061035156,450.1300048828125,93933400,SPY
2023-08-03,448.0400085449219,450.7900085449219,447.3699951171875,448.8399963378906,64276100,SPY
2023-08-04,450.7200012207031,452.8999938964844,446.2699890136719,446.80999755859375,100128900,SPY
2023-08-07,448.7099914550781,450.8699951171875,447.989990234375,450.7099914550781,58357500,SPY
2023-08-08,448.0799865722656,450.70001220703125,445.2699890136719,448.75,71361300,SPY
2023-08-09,449.0299987792969,449.20001220703125,444.9599914550781,445.75,78789600,SPY
2023-08-10,448.19000244140625,451.70001220703125,444.70001220703125,445.9100036621094,93005500,SPY
2023-08-11,443.9700012207031,446.70001220703125,443.3500061035156,445.6499938964844,68690900,SPY
2023-08-14,444.70001220703125,448.1099853515625,444.3800048828125,448.1099853515625,47867400,SPY
2023-08-15,446.2699890136719,446.6400146484375,442.29998779296875,442.8900146484375,75707500,SPY
2023-08-16,442.4599914550781,444.17999267578125,439.5299987792969,439.6400146484375,80107200,SPY
2023-08-17,441.1600036621094,441.42999267578125,435.75,436.2900085449219,95711300,SPY
2023-08-18,433.3699951171875,437.57000732421875,433.010009765625,436.5,98852000,SPY
2023-08-21,437.54998779296875,440.1099853515625,435.32000732421875,439.3399963378906,68719000,SPY
2023-08-22,441.17999267578125,441.17999267578125,437.57000732421875,438.1499938964844,64994200,SPY
2023-08-23,439.25,443.6700134277344,439.1000061035156,443.0299987792969,68441000,SPY
2023-08-24,444.69000244140625,445.2200012207031,436.8599853515625,436.8900146484375,88517300,SPY
2023-08-25,438.67999267578125,441.29998779296875,435.0,439.9700012207031,102325100,SPY
2023-08-28,442.239990234375,443.3999938964844,439.9700012207031,442.760009765625,61595400,SPY
2023-08-29,442.6499938964844,449.45001220703125,442.4599914550781,449.1600036621094,83081900,SPY
2023-08-30,449.510009765625,451.6700134277344,448.7799987792969,451.010009765625,69053900,SPY
2023-08-31,451.6499938964844,452.8299865722656,450.1600036621094,450.3500061035156,66084600,SPY
2023-09-01,453.1700134277344,453.6700134277344,449.67999267578125,451.19000244140625,58944100,SPY
2023-09-05,450.7300109863281,451.05999755859375,449.1700134277344,449.239990234375,55166200,SPY
2023-09-06,448.3999938964844,448.510009765625,443.80999755859375,446.2200012207031,70758500,SPY
2023-09-07,443.1099853515625,445.54998779296875,442.75,444.8500061035156,70355400,SPY
2023-09-08,444.8999938964844,447.1099853515625,444.5299987792969,445.5199890136719,61659700,SPY
2023-09-11,448.239990234375,448.7699890136719,446.4700012207031,448.45001220703125,60180100,SPY
2023-09-12,446.95001220703125,448.5299987792969,445.3900146484375,445.989990234375,67565400,SPY
2023-09-13,446.2200012207031,447.7099914550781,445.0799865722656,446.510009765625,60199300,SPY
2023-09-14,449.07000732421875,451.0799865722656,447.7200012207031,450.3599853515625,83430800,SPY
2023-09-15,447.1400146484375,447.4800109863281,442.9200134277344,443.3699951171875,111848900,SPY
2023-09-18,443.04998779296875,444.9700012207031,442.55999755859375,443.6300048828125,55752200,SPY
2023-09-19,442.67999267578125,443.2900085449219,439.94000244140625,442.7099914550781,66514600,SPY
2023-09-20,444.010009765625,444.44000244140625,438.42999267578125,438.6400146484375,82562600,SPY
2023-09-21,435.70001220703125,435.9700012207031,431.2300109863281,431.3900146484375,104095800,SPY
2023-09-22,432.45001220703125,434.1000061035156,429.989990234375,430.4200134277344,100829700,SPY
2023-09-25,429.1700134277344,432.2699890136719,428.7200012207031,432.2300109863281,70874500,SPY
2023-09-26,429.0899963378906,429.82000732421875,425.0199890136719,425.8800048828125,96168400,SPY
2023-09-27,427.0899963378906,427.6700134277344,422.2900085449219,426.04998779296875,104705800,SPY
2023-09-28,425.4800109863281,430.25,424.8699951171875,428.5199890136719,92258300,SPY
2023-09-29,431.6700134277344,431.8500061035156,425.9100036621094,427.4800109863281,115111300,SPY
2023-10-02,426.6199951171875,428.6000061035156,424.4599914550781,427.30999755859375,83798600,SPY
2023-10-03,425.05999755859375,427.3699951171875,420.17999267578125,421.5899963378906,103760600,SPY
2023-10-04,422.07000732421875,425.42999267578125,420.55999755859375,424.6600036621094,87453000,SPY
2023-10-05,424.3599853515625,425.3699951171875,421.1700134277344,424.5,70142700,SPY
2023-10-06,421.9700012207031,431.1300048828125,420.6000061035156,429.5400085449219,113273300,SPY
2023-10-09,427.5799865722656,432.8800048828125,427.010009765625,432.2900085449219,80374400,SPY
2023-10-10,432.94000244140625,437.2200012207031,432.5299987792969,434.5400085449219,78607300,SPY
2023-10-11,435.6400146484375,436.5799865722656,433.17999267578125,436.32000732421875,62451700,SPY
2023-10-12,436.95001220703125,437.3399963378906,431.2300109863281,433.6600036621094,81154200,SPY
2023-10-13,435.2099914550781,436.45001220703125,429.8800048828125,431.5,95143100,SPY
2023-10-16,433.82000732421875,437.1400146484375,433.57000732421875,436.0400085449219,75433200,SPY
2023-10-17,432.80999755859375,438.1400146484375,432.45001220703125,436.0199890136719,75324700,SPY
2023-10-18,434.19000244140625,435.17999267578125,429.0899963378906,430.2099914550781,93559800,SPY
2023-10-19,430.95001220703125,432.82000732421875,425.7300109863281,426.42999267578125,121323000,SPY
2023-10-20,425.9800109863281,426.5400085449219,421.0799865722656,421.19000244140625,123919900,SPY
2023-10-23,419.6099853515625,424.45001220703125,417.79998779296875,420.4599914550781,92035100,SPY
2023-10-24,422.6499938964844,424.82000732421875,420.739990234375,423.6300048828125,78564200,SPY
2023-10-25,421.8900146484375,421.9200134277344,417.0199890136719,417.54998779296875,94223200,SPY
2023-10-26,416.45001220703125,417.3299865722656,411.6000061035156,412.54998779296875,115156800,SPY
2023-10-27,414.19000244140625,414.6000061035156,409.2099914550781,410.67999267578125,107367700,SPY
2023-10-30,413.55999755859375,416.67999267578125,412.2200012207031,415.5899963378906,86562700,SPY
2023-10-31,416.17999267578125,418.5299987792969,414.2099914550781,418.20001220703125,79665200,SPY
2023-11-01,419.20001220703125,423.5,418.6499938964844,422.6600036621094,98068100,SPY
2023-11-02,426.5799865722656,430.9200134277344,426.55999755859375,430.760009765625,94938900,SPY
2023-11-03,433.1400146484375,436.2900085449219,433.010009765625,434.69000244140625,100167800,SPY
2023-11-06,435.4700012207031,436.1499938964844,433.67999267578125,435.69000244140625,67831700,SPY
2023-11-07,435.69000244140625,437.5899963378906,434.510009765625,436.92999267578125,64256100,SPY
2023-11-08,437.54998779296875,438.0899963378906,434.8699951171875,437.25,61746000,SPY
2023-11-09,438.42999267578125,438.4700012207031,433.3999938964844,433.8399963378906,83174400,SPY
2023-11-10,435.9800109863281,440.92999267578125,433.8299865722656,440.6099853515625,89462200,SPY
2023-11-13,439.2300109863281,441.3299865722656,438.4200134277344,440.19000244140625,52236100,SPY
2023-11-14,446.32000732421875,450.05999755859375,446.0899963378906,448.7300109863281,97176900,SPY
2023-11-15,450.1099853515625,451.3800048828125,448.79998779296875,449.67999267578125,77327600,SPY
2023-11-16,449.2200012207031,450.55999755859375,448.1199951171875,450.2300109863281,66665800,SPY
2023-11-17,450.239990234375,451.4200134277344,449.2900085449219,450.7900085449219,83133200,SPY
2023-11-20,450.5299987792969,455.1300048828125,450.5199890136719,454.260009765625,69936200,SPY
2023-11-21,453.17999267578125,454.1300048828125,451.9599914550781,453.2699890136719,49244600,SPY
2023-11-22,454.9800109863281,456.3800048828125,453.8900146484375,455.0199890136719,59394900,SPY
2023-11-24,455.07000732421875,455.5,454.7300109863281,455.29998779296875,29737400,SPY
2023-11-27,454.6499938964844,455.489990234375,454.0799865722656,454.4800109863281,50506000,SPY
2023-11-28,454.0799865722656,456.2699890136719,453.5,454.92999267578125,62115000,SPY
2023-11-29,457.1499938964844,458.32000732421875,454.20001220703125,454.6099853515625,63146000,SPY
2023-11-30,455.4800109863281,456.760009765625,453.3399963378906,456.3999938964844,79752700,SPY
2023-12-01,455.7699890136719,459.6499938964844,455.1600036621094,459.1000061035156,89183400,SPY
2023-12-04,455.6000061035156,459.1199951171875,454.3399963378906,456.69000244140625,72430900,SPY
2023-12-05,455.260009765625,457.5899963378906,454.8699951171875,456.6000061035156,69793500,SPY
2023-12-06,458.80999755859375,458.8399963378906,454.30999755859375,454.760009765625,69124700,SPY
2023-12-07,456.9100036621094,458.8999938964844,456.2900085449219,458.2300109863281,66995400,SPY
2023-12-08,457.4599914550781,460.75,457.2099914550781,460.20001220703125,83194400,SPY
2023-12-11,459.69000244140625,462.1700134277344,459.4700012207031,461.989990234375,65002200,SPY
2023-12-12,461.6300048828125,464.20001220703125,460.6000061035156,464.1000061035156,68327600,SPY
2023-12-13,464.489990234375,470.760009765625,464.1199951171875,470.5,93278000,SPY
2023-12-14,472.5,473.7300109863281,469.25,472.010009765625,119026000,SPY
2023-12-15,469.489990234375,470.70001220703125,467.42999267578125,469.3299865722656,141553700,SPY
2023-12-18,470.9800109863281,472.9800109863281,469.8900146484375,471.9700012207031,70375300,SPY
2023-12-19,472.5299987792969,474.9200134277344,472.45001220703125,474.8399963378906,55761800,SPY
2023-12-20,473.9599914550781,475.8999938964844,467.82000732421875,468.260009765625,102921000,SPY
2023-12-21,471.3299865722656,472.9800109863281,468.8399963378906,472.70001220703125,86667500,SPY
2023-12-22,473.8599853515625,475.3800048828125,471.70001220703125,473.6499938964844,67160400,SPY
2023-12-26,474.07000732421875,476.5799865722656,473.989990234375,475.6499938964844,55387000,SPY
2023-12-27,475.44000244140625,476.6600036621094,474.8900146484375,476.510009765625,68000300,SPY
2023-12-28,476.8800048828125,477.54998779296875,476.260009765625,476.69000244140625,77158100,SPY
2023-12-29,476.489990234375,477.0299987792969,473.29998779296875,475.30999755859375,122283100,SPY
2024-01-02,472.1600036621094,473.6700134277344,470.489990234375,472.6499938964844,123623700,SPY
2024-01-03,470.42999267578125,471.19000244140625,468.1700134277344,468.7900085449219,103585900,SPY
2024-01-04,468.29998779296875,470.9599914550781,467.04998779296875,467.2799987792969,84232200,SPY
2024-01-05,467.489990234375,470.44000244140625,466.42999267578125,467.9200134277344,86118900,SPY
2024-01-08,468.42999267578125,474.75,468.29998779296875,474.6000061035156,74879100,SPY
2024-01-09,471.8699951171875,474.92999267578125,471.3500061035156,473.8800048828125,65931400,SPY
2024-01-10,474.1600036621094,477.45001220703125,473.8699951171875,476.55999755859375,67310600,SPY
2024-01-11,477.5899963378906,478.1199951171875,472.260009765625,476.3500061035156,77940700,SPY
2024-01-12,477.8399963378906,478.6000061035156,475.2300109863281,476.67999267578125,58026400,SPY
2024-01-16,475.260009765625,476.6099853515625,473.05999755859375,474.92999267578125,85014900,SPY
2024-01-17,471.82000732421875,472.7900085449219,469.8699951171875,472.2900085449219,68843900,SPY
2024-01-18,474.010009765625,477.05999755859375,472.4200134277344,476.489990234375,91856200,SPY
2024-01-19,477.6499938964844,482.7200012207031,476.5400085449219,482.42999267578125,110834500,SPY
2024-01-22,484.010009765625,485.2200012207031,482.7799987792969,483.45001220703125,75844900,SPY
2024-01-23,484.010009765625,485.1099853515625,482.8900146484375,484.8599853515625,49945300,SPY
2024-01-24,487.80999755859375,488.7699890136719,484.8800048828125,485.3900146484375,81765000,SPY
2024-01-25,487.5799865722656,488.30999755859375,485.3900146484375,488.0299987792969,72525000,SPY
2024-01-26,487.5899963378906,489.1199951171875,486.5400085449219,487.4100036621094,76641600,SPY
2024-01-29,487.7300109863281,491.4200134277344,487.1700134277344,491.2699890136719,61322800,SPY
2024-01-30,490.55999755859375,491.6199951171875,490.1099853515625,490.8900146484375,58618400,SPY
2024-01-31,488.6199951171875,489.0799865722656,482.8599853515625,482.8800048828125,126011100,SPY
2024-02-01,484.6300048828125,489.2300109863281,483.79998779296875,489.20001220703125,91891600,SPY
2024-02-02,489.6499938964844,496.04998779296875,489.29998779296875,494.3500061035156,99228200,SPY
2024-02-05,493.70001220703125,494.3800048828125,490.2300109863281,492.54998779296875,75757100,SPY
2024-02-06,493.5199890136719,494.32000732421875,492.04998779296875,493.9800109863281,55918600,SPY
2024-02-07,496.2900085449219,498.5299987792969,495.3599853515625,498.1000061035156,70556500,SPY
2024-02-08,498.1000061035156,498.7099914550781,497.260009765625,498.32000732421875,52343600,SPY
2024-02-09,498.8399963378906,501.6499938964844,498.489990234375,501.20001220703125,63979400,SPY
2024-02-12,501.1700134277344,503.5,500.239990234375,500.9800109863281,56502300,SPY
2024-02-13,494.5299987792969,497.0899963378906,490.7200012207031,494.0799865722656,113099200,SPY
2024-02-14,496.7900085449219,499.07000732421875,494.3999938964844,498.57000732421875,68387800,SPY
2024-02-15,499.2900085449219,502.20001220703125,498.79998779296875,502.010009765625,61683000,SPY
2024-02-16,501.70001220703125,502.8699951171875,498.75,499.510009765625,75532900,SPY
2024-02-20,497.7200012207031,498.4100036621094,494.45001220703125,496.760009765625,71736700,SPY
2024-02-21,495.4200134277344,497.3699951171875,493.55999755859375,497.2099914550781,59293400,SPY
2024-02-22,504.010009765625,508.489990234375,503.0199890136719,507.5,76402500,SPY
2024-02-23,509.2699890136719,510.1300048828125,507.1000061035156,507.8500061035156,61321800,SPY
2024-02-26,508.29998779296875,508.75,505.8599853515625,505.989990234375,50386700,SPY
2024-02-27,506.70001220703125,507.1600036621094,504.75,506.92999267578125,48854500,SPY
2024-02-28,505.3299865722656,506.8599853515625,504.9599914550781,506.260009765625,56506600,SPY
2024-02-29,508.07000732421875,509.739990234375,505.3500061035156,508.0799865722656,83924800,SPY
2024-03-01,508.9800109863281,513.2899780273438,508.55999755859375,512.8499755859375,76844800,SPY
2024-03-04,512.030029296875,514.2000122070312,512.0,512.2999877929688,49799300,SPY
2024-03-05,510.239990234375,510.70001220703125,504.9100036621094,507.17999267578125,72855600,SPY
2024-03-06,510.54998779296875,512.0700073242188,508.4200134277344,509.75,68382400,SPY
2024-03-07,513.1400146484375,515.8900146484375,509.80999755859375,514.8099975585938,58652100,SPY
2024-03-08,515.4600219726562,518.219970703125,511.1300048828125,511.7200012207031,86532500,SPY
2024-03-11,510.4800109863281,511.8800048828125,508.5,511.2799987792969,62557200,SPY
2024-03-12,513.4500122070312,517.3800048828125,510.8599853515625,516.780029296875,73114400,SPY
2024-03-13,517.1099853515625,517.2899780273438,514.489990234375,515.969970703125,55104100,SPY
2024-03-14,516.969970703125,517.1300048828125,511.82000732421875,514.9500122070312,110171800,SPY
2024-03-15,510.2099914550781,511.70001220703125,508.1199951171875,509.8299865722656,107646300,SPY
2024-03-18,514.0,515.47998046875,512.4400024414062,512.8599853515625,88893300,SPY
2024-03-19,512.1500244140625,516.0,511.1199951171875,515.7100219726562,60755300,SPY
2024-03-20,515.77001953125,520.6199951171875,515.0800170898438,520.47998046875,69594600,SPY
2024-03-21,523.3900146484375,524.1099853515625,521.9099731445312,522.2000122070312,60256100,SPY
2024-03-22,522.1099853515625,522.6099853515625,520.969970703125,521.2100219726562,79070800,SPY
2024-03-25,519.7999877929688,520.9500122070312,519.6099853515625,519.77001953125,48512100,SPY
2024-03-26,521.22998046875,521.5800170898438,518.4000244140625,518.8099975585938,65463700,SPY
2024-03-27,521.7100219726562,523.2100219726562,519.489990234375,523.1699829101562,82999800,SPY
2024-03-28,523.2100219726562,524.6099853515625,522.780029296875,523.0700073242188,96294900,SPY
2024-04-01,523.8300170898438,524.3800048828125,520.969970703125,522.1599731445312,62477500,SPY
2024-04-02,518.239990234375,518.97998046875,516.47998046875,518.8400268554688,74230300,SPY
2024-04-03,517.719970703125,520.9500122070312,517.6699829101562,519.4099731445312,59155800,SPY
2024-04-04,523.52001953125,523.8699951171875,512.760009765625,513.0700073242188,96858100,SPY
2024-04-05,514.4600219726562,520.4400024414062,514.010009765625,518.4299926757812,74546500,SPY
2024-04-08,519.1500244140625,520.1799926757812,517.8900146484375,518.719970703125,48401800,SPY
2024-04-09,520.5,520.75,514.3499755859375,519.3200073242188,68049200,SPY
2024-04-10,513.47998046875,516.1599731445312,512.0900268554688,514.1199951171875,82652800,SPY
2024-04-11,515.6799926757812,519.47998046875,512.0800170898438,518.0,70099000,SPY
2024-04-12,514.3699951171875,515.8200073242188,509.0799865722656,510.8500061035156,92561100,SPY
2024-04-15,515.1300048828125,515.2999877929688,503.5799865722656,504.45001220703125,92101400,SPY
2024-04-16,504.94000244140625,506.5,502.2099914550781,503.5299987792969,73484000,SPY
2024-04-17,506.04998779296875,506.2200012207031,499.1199951171875,500.54998779296875,75910300,SPY
2024-04-18,501.9800109863281,504.1300048828125,498.55999755859375,499.5199890136719,74548100,SPY
2024-04-19,499.44000244140625,500.4599914550781,493.8599853515625,495.1600036621094,102212600,SPY
2024-04-22,497.8299865722656,502.3800048828125,495.42999267578125,499.7200012207031,67961000,SPY
2024-04-23,501.7799987792969,506.0899963378906,499.5299987792969,505.6499938964844,64633600,SPY
2024-04-24,506.55999755859375,507.3699951171875,503.1300048828125,505.4100036621094,55928100,SPY
2024-04-25,499.17999267578125,504.2699890136719,497.489990234375,503.489990234375,69122400,SPY
2024-04-26,506.3500061035156,509.8800048828125,505.70001220703125,508.260009765625,64306100,SPY
2024-04-29,510.0899963378906,510.75,507.25,510.05999755859375,46415400,SPY
2024-04-30,508.55999755859375,509.55999755859375,501.9800109863281,501.9800109863281,77483600,SPY
2024-05-01,501.3800048828125,508.19000244140625,499.8699951171875,500.3500061035156,80242800,SPY
2024-05-02,504.1499938964844,505.8900146484375,499.54998779296875,505.0299987792969,62550200,SPY
2024-05-03,511.1600036621094,512.5499877929688,508.55999755859375,511.2900085449219,72756700,SPY
2024-05-06,513.75,516.6099853515625,513.2999877929688,516.5700073242188,47264700,SPY
2024-05-07,517.5599975585938,518.5700073242188,516.4500122070312,517.1400146484375,52561300,SPY
2024-05-08,515.260009765625,517.739990234375,515.1400146484375,517.1900024414062,42047200,SPY
2024-05-09,517.3800048828125,520.2100219726562,516.7100219726562,520.1699829101562,43643700,SPY
2024-05-10,521.8099975585938,522.6400146484375,519.5900268554688,520.8400268554688,52233200,SPY
2024-05-13,522.5599975585938,522.6699829101562,519.739990234375,520.9099731445312,36716400,SPY
2024-05-14,521.1099853515625,523.8300170898438,520.5599975585938,523.2999877929688,57535900,SPY
2024-05-15,525.8300170898438,530.0800170898438,525.1799926757812,529.780029296875,59504900,SPY
2024-05-16,529.8800048828125,531.52001953125,528.5399780273438,528.6900024414062,50244800,SPY
2024-05-17,528.8099975585938,529.52001953125,527.3200073242188,529.4500122070312,59187600,SPY
2024-05-20,529.5700073242188,531.5599975585938,529.1699829101562,530.0599975585938,37764200,SPY
2024-05-21,529.280029296875,531.52001953125,529.0700073242188,531.3599853515625,33437000,SPY
2024-05-22,530.6500244140625,531.3800048828125,527.5999755859375,529.8300170898438,48390000,SPY
2024-05-23,532.9600219726562,533.0700073242188,524.719970703125,525.9600219726562,57211200,SPY
2024-05-24,527.8499755859375,530.27001953125,526.8800048828125,529.4400024414062,41291100,SPY
2024-05-28,530.27001953125,530.510009765625,527.1099853515625,529.8099975585938,36269600,SPY
2024-05-29,525.6799926757812,527.3099975585938,525.3699951171875,526.0999755859375,45190300,SPY
2024-05-30,524.52001953125,525.2000122070312,521.3300170898438,522.6099853515625,46377600,SPY
2024-05-31,523.5900268554688,527.5,518.3599853515625,527.3699951171875,90785800,SPY
2024-06-03,529.02001953125,529.3099975585938,522.5999755859375,527.7999877929688,46835700,SPY
2024-06-04,526.4600219726562,529.1500244140625,524.9600219726562,528.3900146484375,34632700,SPY
2024-06-05,530.77001953125,534.6900024414062,528.72998046875,534.6699829101562,47610400,SPY
2024-06-06,534.97998046875,535.4199829101562,532.6799926757812,534.6599731445312,30808500,SPY
2024-06-07,533.6599731445312,536.8900146484375,532.5399780273438,534.010009765625,43224500,SPY
2024-06-10,533.1799926757812,535.989990234375,532.5700073242188,535.6599731445312,35686100,SPY
2024-06-11,534.0700073242188,537.010009765625,532.0499877929688,536.9500122070312,36383400,SPY
2024-06-12,541.6300048828125,544.1199951171875,540.2999877929688,541.3599853515625,63251300,SPY
2024-06-13,543.1500244140625,543.3300170898438,539.5900268554688,542.4500122070312,44760900,SPY
2024-06-14,540.8800048828125,542.8099975585938,539.8499755859375,542.780029296875,40089900,SPY
2024-06-17,542.0800170898438,548.530029296875,541.6099853515625,547.0999755859375,55839500,SPY
2024-06-18,547.1599731445312,548.6199951171875,546.72998046875,548.489990234375,41376400,SPY
2024-06-20,549.4400024414062,550.1199951171875,545.1799926757812,547.0,70328200,SPY
2024-06-21,544.4000244140625,545.6500244140625,543.02001953125,544.510009765625,64338600,SPY
2024-06-24,544.3300170898438,546.9500122070312,542.6199951171875,542.739990234375,45528700,SPY
2024-06-25,543.989990234375,545.2000122070312,542.4400024414062,544.8300170898438,37936200,SPY
2024-06-26,543.6900024414062,546.239990234375,543.030029296875,545.510009765625,38550600,SPY
2024-06-27,545.3699951171875,546.9600219726562,544.6099853515625,546.3699951171875,35041500,SPY
2024-06-28,547.1599731445312,550.280029296875,542.9500122070312,544.219970703125,76144500,SPY
2024-07-01,545.6300048828125,545.8800048828125,542.52001953125,545.3400268554688,40297800,SPY
2024-07-02,543.7000122070312,549.010009765625,543.6500244140625,549.010009765625,40434800,SPY
2024-07-03,548.6900024414062,551.8300170898438,548.6500244140625,551.4600219726562,32789900,SPY
2024-07-05,551.77001953125,555.0499877929688,551.1199951171875,554.6400146484375,41488400,SPY
2024-07-08,555.4400024414062,556.25,554.1900024414062,555.280029296875,36110500,SPY
2024-07-09,556.260009765625,557.1799926757812,555.52001953125,555.8200073242188,27289700,SPY
2024-07-10,557.0700073242188,561.6699829101562,556.77001953125,561.3200073242188,38701200,SPY
2024-07-11,561.4400024414062,562.3300170898438,555.8300170898438,556.47998046875,53054200,SPY
2024-07-12,557.6300048828125,563.6699829101562,557.1500244140625,559.989990234375,53084400,SPY
2024-07-15,562.030029296875,564.8400268554688,559.6300048828125,561.530029296875,40584300,SPY
2024-07-16,562.8699951171875,565.1599731445312,562.0999755859375,564.8599853515625,36475300,SPY
2024-07-17,558.7999877929688,560.510009765625,556.6099853515625,556.9400024414062,57119000,SPY
2024-07-18,558.510009765625,559.52001953125,550.4299926757812,552.6599731445312,56270400,SPY
2024-07-19,552.4199829101562,554.0800170898438,547.9099731445312,548.989990234375,65509100,SPY
2024-07-22,553.0,555.27001953125,551.02001953125,554.6500244140625,43346700,SPY
2024-07-23,554.5399780273438,556.739990234375,553.280029296875,553.780029296875,34439600,SPY
2024-07-24,548.8599853515625,549.1699829101562,540.2899780273438,541.22998046875,74515300,SPY
2024-07-25,541.3499755859375,547.4600219726562,537.4500122070312,538.4099731445312,61158300,SPY
2024-07-26,542.280029296875,547.1900024414062,541.489990234375,544.4400024414062,53763800,SPY
2024-07-29,546.02001953125,547.0499877929688,542.719970703125,544.760009765625,39515800,SPY
2024-07-30,546.260009765625,547.3400268554688,538.52001953125,542.0,46853600,SPY
2024-07-31,548.97998046875,553.5,547.5800170898438,550.8099975585938,65663400,SPY
2024-08-01,552.5700073242188,554.8699951171875,539.4299926757812,543.010009765625,76428700,SPY
2024-08-02,535.75,536.989990234375,528.5999755859375,532.9000244140625,82789100,SPY
2024-08-05,511.6400146484375,523.5800170898438,510.2699890136719,517.3800048828125,146267400,SPY
2024-08-06,519.219970703125,529.75,517.8699951171875,522.1500244140625,84826300,SPY
2024-08-07,528.469970703125,531.5900268554688,518.0499877929688,518.6599731445312,70698300,SPY
2024-08-08,523.9099731445312,531.2899780273438,521.8400268554688,530.6500244140625,63276600,SPY
2024-08-09,529.8099975585938,534.510009765625,528.5599975585938,532.989990234375,45619600,SPY
2024-08-12,534.2100219726562,535.72998046875,530.9500122070312,533.27001953125,42542100,SPY
2024-08-13,536.530029296875,542.280029296875,536.280029296875,542.0399780273438,52333100,SPY
2024-08-14,542.8499755859375,544.9600219726562,540.1199951171875,543.75,42446900,SPY
2024-08-15,549.5,553.3599853515625,548.8800048828125,553.0700073242188,60846800,SPY
2024-08-16,551.4199829101562,555.02001953125,551.260009765625,554.3099975585938,44430700,SPY
2024-08-19,554.72998046875,559.6099853515625,553.8599853515625,559.6099853515625,39121800,SPY
2024-08-20,559.1500244140625,560.8400268554688,557.3300170898438,558.7000122070312,33732300,SPY
2024-08-21,559.77001953125,562.1099853515625,554.72998046875,560.6199951171875,41514600,SPY
2024-08-22,562.5599975585938,563.1799926757812,554.97998046875,556.219970703125,56121500,SPY
2024-08-23,559.530029296875,563.0900268554688,557.2899780273438,562.1300048828125,50639400,SPY
2024-08-26,563.1799926757812,563.9099731445312,559.0499877929688,560.7899780273438,35788600,SPY
2024-08-27,559.489990234375,562.0599975585938,558.3200073242188,561.5599975585938,32693900,SPY
2024-08-28,561.2100219726562,561.6500244140625,555.0399780273438,558.2999877929688,41066000,SPY
2024-08-29,560.3099975585938,563.6799926757812,557.1799926757812,558.3499755859375,38715200,SPY
2024-08-30,560.77001953125,564.2000122070312,557.1400146484375,563.6799926757812,62700100,SPY
2024-09-03,560.469970703125,560.8099975585938,549.510009765625,552.0800170898438,60600100,SPY
2024-09-04,550.2000122070312,554.4299926757812,549.4600219726562,550.9500122070312,47224900,SPY
2024-09-05,550.8900146484375,553.7999877929688,547.0999755859375,549.6099853515625,44264300,SPY
2024-09-06,549.9400024414062,551.5999755859375,539.4400024414062,540.3599853515625,68493800,SPY
2024-09-09,544.6500244140625,547.7100219726562,542.6799926757812,546.4099731445312,40445800,SPY
2024-09-10,548.3599853515625,549.1500244140625,543.3800048828125,548.7899780273438,36394600,SPY
2024-09-11,548.7000122070312,555.3599853515625,539.9600219726562,554.4199829101562,75248600,SPY
2024-09-12,555.010009765625,559.4000244140625,552.739990234375,559.0900268554688,51819600,SPY
2024-09-13,559.7100219726562,563.030029296875,559.4500122070312,562.010009765625,39310500,SPY
2024-09-16,561.739990234375,563.1099853515625,559.9000244140625,562.8400268554688,36656100,SPY
2024-09-17,565.0999755859375,566.5800170898438,560.7899780273438,563.0700073242188,49321000,SPY
2024-09-18,563.739990234375,568.6900024414062,560.8300170898438,561.4000244140625,59044900,SPY
2024-09-19,571.010009765625,572.8800048828125,568.0800170898438,570.97998046875,75315500,SPY
2024-09-20,567.8400268554688,569.3099975585938,565.1699829101562,568.25,77503100,SPY
2024-09-23,569.3400268554688,570.3300170898438,568.0999755859375,569.6699829101562,44116900,SPY
2024-09-24,570.47998046875,571.3599853515625,567.5999755859375,571.2999877929688,46805700,SPY
2024-09-25,571.1400146484375,571.8900146484375,568.9099731445312,570.0399780273438,38428600,SPY
2024-09-26,574.3800048828125,574.7100219726562,569.9000244140625,572.2999877929688,48336000,SPY
2024-09-27,573.3900146484375,574.219970703125,570.4199829101562,571.469970703125,42100900,SPY
2024-09-30,570.4199829101562,574.3800048828125,568.0800170898438,573.760009765625,63557400,SPY
2024-10-01,573.4000244140625,574.0599975585938,566.0,568.6199951171875,72668800,SPY
2024-10-02,567.7100219726562,569.9000244140625,565.27001953125,568.8599853515625,38097800,SPY
2024-10-03,567.3599853515625,569.7999877929688,565.489990234375,567.8200073242188,40846500,SPY
2024-10-04,572.3499755859375,573.3599853515625,568.0999755859375,572.97998046875,42939100,SPY
2024-10-07,571.2999877929688,571.9600219726562,566.6300048828125,567.7999877929688,49964700,SPY
2024-10-08,570.4199829101562,573.780029296875,569.530029296875,573.1699829101562,37398700,SPY
2024-10-09,573.1599731445312,577.7100219726562,572.5499877929688,577.1400146484375,37912200,SPY
2024-10-10,575.77001953125,577.5800170898438,574.489990234375,576.1300048828125,44138100,SPY
2024-10-11,576.0499877929688,580.3300170898438,575.9099731445312,579.5800170898438,42268000,SPY
2024-10-14,581.219970703125,585.27001953125,580.72998046875,584.3200073242188,36217200,SPY
2024-10-15,584.5900268554688,584.9000244140625,578.5399780273438,579.780029296875,54203600,SPY
2024-10-16,579.780029296875,582.8300170898438,578.9600219726562,582.2999877929688,30725400,SPY
2024-10-17,585.9099731445312,586.1199951171875,582.1599731445312,582.3499755859375,34393700,SPY
2024-10-18,584.0700073242188,585.3900146484375,582.5800170898438,584.5900268554688,37416800,SPY
2024-10-21,583.8499755859375,584.8499755859375,580.5999755859375,583.6300048828125,36439000,SPY
2024-10-22,581.0499877929688,584.5,580.3800048828125,583.3200073242188,34183800,SPY
2024-10-23,581.260009765625,581.7100219726562,574.4199829101562,577.989990234375,49314600,SPY
2024-10-24,579.97998046875,580.0599975585938,576.5700073242188,579.239990234375,34979900,SPY
2024-10-25,581.510009765625,584.4600219726562,578.0800170898438,579.0399780273438,47268200,SPY
2024-10-28,582.5800170898438,582.7100219726562,580.52001953125,580.8300170898438,30174700,SPY
2024-10-29,579.8499755859375,582.9099731445312,578.4299926757812,581.77001953125,42899700,SPY
2024-10-30,581.2899780273438,583.3200073242188,579.2899780273438,580.010009765625,41435800,SPY
2024-10-31,575.5599975585938,575.6300048828125,568.4400024414062,568.6400146484375,60182500,SPY
2024-11-01,571.3200073242188,575.5499877929688,570.6199951171875,571.0399780273438,45667500,SPY
2024-11-04,571.1799926757812,572.5,567.8900146484375,569.8099975585938,38217000,SPY
2024-11-05,570.739990234375,576.739990234375,570.52001953125,576.7000122070312,39478300,SPY
2024-11-06,589.2000122070312,591.9299926757812,585.3900146484375,591.0399780273438,68182000,SPY
2024-11-07,593.0800170898438,596.6500244140625,593.0,595.6099853515625,47233200,SPY
2024-11-08,596.1699829101562,599.6400146484375,596.1699829101562,598.1900024414062,46444900,SPY
2024-11-11,599.8099975585938,600.1699829101562,597.0,598.760009765625,37586800,SPY
2024-11-12,598.6799926757812,599.2899780273438,594.3699951171875,596.9000244140625,43006100,SPY
2024-11-13,597.3699951171875,599.22998046875,594.9600219726562,597.1900024414062,47388600,SPY
2024-11-14,597.3200073242188,597.8099975585938,592.6500244140625,593.3499755859375,38904100,SPY
2024-11-15,589.719970703125,590.2000122070312,583.8599853515625,585.75,75988800,SPY
2024-11-18,586.219970703125,589.489990234375,585.3400268554688,588.1500244140625,37001700,SPY
2024-11-19,584.7100219726562,591.0399780273438,584.030029296875,590.2999877929688,49412000,SPY
2024-11-20,590.3800048828125,590.7899780273438,584.6300048828125,590.5,50032600,SPY
2024-11-21,593.4000244140625,595.1199951171875,587.4500122070312,593.6699829101562,46750300,SPY
2024-11-22,593.6599731445312,596.1500244140625,593.1500244140625,595.510009765625,38226400,SPY
2024-11-25,599.52001953125,600.8599853515625,595.2000122070312,597.530029296875,42441400,SPY
2024-11-26,598.7999877929688,601.3300170898438,598.0700073242188,600.6500244140625,45621300,SPY
2024-11-27,600.4600219726562,600.8499755859375,597.280029296875,598.8300170898438,34000200,SPY
2024-11-29,599.6599731445312,603.3499755859375,599.3800048828125,602.5499877929688,30177400,SPY
2024-12-02,602.969970703125,604.3200073242188,602.469970703125,603.6300048828125,31746000,SPY
2024-12-03,603.3900146484375,604.1599731445312,602.3400268554688,603.9099731445312,26906600,SPY
2024-12-04,605.6300048828125,607.9099731445312,604.9500122070312,607.6599731445312,42787600,SPY
2024-12-05,607.6599731445312,608.47998046875,606.2999877929688,606.6599731445312,28762200,SPY
2024-12-06,607.4400024414062,609.0700073242188,607.02001953125,607.8099975585938,31241500,SPY
2024-12-09,607.6900024414062,607.8599853515625,604.0800170898438,604.6799926757812,34742700,SPY
2024-12-10,605.3699951171875,605.7999877929688,602.1300048828125,602.7999877929688,37234500,SPY
2024-12-11,605.780029296875,608.4299926757812,605.5,607.4600219726562,28677700,SPY
2024-12-12,606.5800170898438,607.1599731445312,604.3300170898438,604.3300170898438,31543800,SPY
2024-12-13,606.4000244140625,607.1300048828125,602.8099975585938,604.2100219726562,35904700,SPY
2024-12-16,606.0,607.780029296875,605.2100219726562,606.7899780273438,43695200,SPY
2024-12-17,604.1900024414062,605.1699829101562,602.8900146484375,604.2899780273438,55773500,SPY
2024-12-18,603.97998046875,606.4099731445312,585.8900146484375,586.280029296875,108248700,SPY
2024-12-19,591.3599853515625,593.0,585.8499755859375,586.0999755859375,85919500,SPY
2024-12-20,581.77001953125,595.75,580.9099731445312,591.1500244140625,125716700,SPY
2024-12-23,590.8900146484375,595.2999877929688,587.6599731445312,594.6900024414062,57635800,SPY
2024-12-24,596.0599975585938,601.3400268554688,595.469970703125,601.2999877929688,33160100,SPY
2024-12-26,599.5,602.47998046875,598.0800170898438,601.3400268554688,41219100,SPY
2024-12-27,597.5399780273438,597.780029296875,590.760009765625,595.010009765625,64969300,SPY
2024-12-30,587.8900146484375,591.739990234375,584.4099731445312,588.219970703125,56578800,SPY
2024-12-31,589.9099731445312,590.6400146484375,584.4199829101562,586.0800170898438,57052700,SPY
2025-01-02,589.3900146484375,591.1300048828125,580.5,584.6400146484375,50204000,SPY
2025-01-03,587.530029296875,592.5999755859375,586.4299926757812,591.9500122070312,37888500,SPY
2025-01-06,596.27001953125,599.7000122070312,593.5999755859375,595.3599853515625,47679400,SPY
2025-01-07,597.4199829101562,597.75,586.780029296875,588.6300048828125,60393100,SPY
2025-01-08,588.7000122070312,590.5800170898438,585.2000122070312,589.489990234375,47304700,SPY
2025-01-10,585.8800048828125,585.9500122070312,578.5499877929688,580.489990234375,73105000,SPY
2025-01-13,575.77001953125,581.75,575.3499755859375,581.3900146484375,47910100,SPY
2025-01-14,584.3599853515625,585.0,578.3499755859375,582.1900024414062,48420600,SPY
2025-01-15,590.3300170898438,593.9400024414062,589.2000122070312,592.780029296875,56900200,SPY
2025-01-16,594.1699829101562,594.3499755859375,590.9299926757812,591.6400146484375,43319700,SPY
2025-01-17,596.9600219726562,599.3599853515625,595.6099853515625,597.5800170898438,58070600,SPY
2025-01-21,600.6699829101562,603.0599975585938,598.6699829101562,603.0499877929688,42532900,SPY
2025-01-22,605.9199829101562,607.8200073242188,605.3599853515625,606.4400024414062,48196000,SPY
2025-01-23,605.7999877929688,609.75,605.52001953125,609.75,41152100,SPY
2025-01-24,609.8099975585938,610.780029296875,606.7999877929688,607.969970703125,34604700,SPY
2025-01-27,594.8099975585938,599.6900024414062,594.6400146484375,599.3699951171875,70361100,SPY
2025-01-28,600.6199951171875,605.3699951171875,597.25,604.52001953125,44433300,SPY
2025-01-29,603.719970703125,604.1300048828125,599.219970703125,601.8099975585938,37177400,SPY
2025-01-30,603.9600219726562,606.5999755859375,600.719970703125,605.0399780273438,39281300,SPY
2025-01-31,607.5,609.9600219726562,601.0499877929688,601.8200073242188,66566900,SPY
2025-02-03,592.6699829101562,600.2899780273438,590.489990234375,597.77001953125,65857200,SPY
2025-02-04,597.8300170898438,602.2999877929688,597.280029296875,601.780029296875,33457800,SPY
2025-02-05,600.6400146484375,604.3699951171875,598.5800170898438,604.219970703125,30653100,SPY
2025-02-06,605.989990234375,606.4500122070312,602.6300048828125,606.3200073242188,35771500,SPY
2025-02-07,606.8900146484375,608.1300048828125,600.0499877929688,600.77001953125,50788500,SPY
2025-02-10,604.030029296875,605.5,602.739990234375,604.8499755859375,26048700,SPY
2025-02-11,602.5499877929688,605.8599853515625,602.4299926757812,605.3099975585938,30056700,SPY
2025-02-12,599.2000122070312,604.5499877929688,598.510009765625,603.3599853515625,45076100,SPY
2025-02-13,604.47998046875,609.9400024414062,603.2000122070312,609.72998046875,40921300,SPY
2025-02-14,609.9400024414062,610.989990234375,609.0700073242188,609.7000122070312,26910400,SPY
2025-02-18,610.8800048828125,611.489990234375,608.3800048828125,611.489990234375,26749000,SPY
2025-02-19,610.0800170898438,613.22998046875,609.5599975585938,612.9299926757812,31011100,SPY
2025-02-20,611.5399780273438,611.6799926757812,607.02001953125,610.3800048828125,36554000,SPY
2025-02-21,610.1599731445312,610.2999877929688,599.469970703125,599.9400024414062,76519800,SPY
2025-02-24,602.02001953125,603.030029296875,596.489990234375,597.2100219726562,50737200,SPY
2025-02-25,597.1500244140625,597.8900146484375,589.5599975585938,594.239990234375,58266500,SPY
2025-02-26,595.9299926757812,599.5800170898438,591.8599853515625,594.5399780273438,43321600,SPY
2025-02-27,596.8499755859375,598.02001953125,584.6500244140625,585.0499877929688,74196700,SPY
2025-02-28,585.5599975585938,594.719970703125,582.4400024414062,594.1799926757812,88744100,SPY
2025-03-03,596.1799926757812,597.3400268554688,579.9000244140625,583.77001953125,74249200,SPY
2025-03-04,579.7100219726562,585.3900146484375,572.25,576.8599853515625,109648200,SPY
2025-03-05,576.6900024414062,584.8800048828125,573.0800170898438,583.0599975585938,71230500,SPY
2025-03-06,575.47998046875,580.1699829101562,570.1199951171875,572.7100219726562,80094900,SPY
2025-03-07,570.9000244140625,577.3900146484375,565.6300048828125,575.9199829101562,81158800,SPY
2025-03-10,567.5900268554688,569.5399780273438,555.5900268554688,560.5800170898438,99326600,SPY
2025-03-11,559.4000244140625,564.02001953125,552.02001953125,555.9199829101562,88102100,SPY
2025-03-12,562.1699829101562,563.1099853515625,553.6900024414062,558.8699951171875,69588200,SPY
2025-03-13,558.489990234375,559.1099853515625,549.6799926757812,551.4199829101562,74079400,SPY
2025-03-14,556.1099853515625,563.8300170898438,551.489990234375,562.8099975585938,62660300,SPY
2025-03-17,562.7899780273438,569.7100219726562,562.3499755859375,567.1500244140625,49008700,SPY
2025-03-18,564.7999877929688,565.02001953125,559.0599975585938,561.02001953125,66041400,SPY
2025-03-19,562.8300170898438,570.9500122070312,561.6300048828125,567.1300048828125,66556000,SPY
2025-03-20,563.3300170898438,570.5700073242188,562.5999755859375,565.489990234375,62958200,SPY
2025-03-21,559.280029296875,564.8900146484375,558.030029296875,563.97998046875,83763000,SPY
2025-03-24,570.7999877929688,575.1500244140625,570.2000122070312,574.0800170898438,58766800,SPY
2025-03-25,575.2999877929688,576.4099731445312,573.6900024414062,575.4600219726562,38355700,SPY
2025-03-26,575.1900024414062,576.3300170898438,567.1900024414062,568.5900268554688,51848300,SPY
2025-03-27,567.1799926757812,570.9000244140625,564.9400024414062,567.0800170898438,42164200,SPY
2025-03-28,565.530029296875,566.27001953125,555.0700073242188,555.6599731445312,71662700,SPY
2025-03-31,549.8300170898438,560.7100219726562,546.8699951171875,559.3900146484375,95328200,SPY
2025-04-01,557.4500122070312,562.9400024414062,553.6799926757812,560.969970703125,54609600,SPY
2025-04-02,555.0499877929688,567.4199829101562,554.8099975585938,564.52001953125,76014500,SPY
2025-04-03,545.1099853515625,547.969970703125,536.7000122070312,536.7000122070312,125986000,SPY
2025-04-04,523.6699829101562,525.8699951171875,505.05999755859375,505.2799987792969,217965100,SPY
2025-04-07,489.19000244140625,523.1699829101562,481.79998779296875,504.3800048828125,256611400,SPY
2025-04-08,521.8599853515625,524.97998046875,489.1600036621094,496.4800109863281,165816600,SPY
2025-04-09,493.44000244140625,548.6199951171875,493.04998779296875,548.6199951171875,241867300,SPY
2025-04-10,532.1699829101562,533.5,509.32000732421875,524.5800170898438,162331200,SPY
2025-04-11,523.010009765625,536.4299926757812,520.0700073242188,533.9400024414062,97866300,SPY
2025-04-14,544.0499877929688,544.280029296875,533.8599853515625,539.1199951171875,68034000,SPY
2025-04-15,539.6699829101562,543.22998046875,536.8099975585938,537.6099853515625,56892900,SPY
2025-04-16,531.6799926757812,537.8900146484375,520.2899780273438,525.6599731445312,83484800,SPY
2025-04-17,527.6400146484375,531.1699829101562,523.9099731445312,526.4099731445312,79868100,SPY
2025-04-21,521.1599731445312,521.7000122070312,508.4599914550781,513.8800048828125,69368100,SPY
2025-04-22,520.1400146484375,529.2999877929688,519.1900024414062,527.25,75948100,SPY
2025-04-23,540.4299926757812,545.4299926757812,533.8800048828125,535.4199829101562,90590700,SPY
2025-04-24,536.719970703125,547.4299926757812,535.4500122070312,546.6900024414062,64150400,SPY
2025-04-25,546.6500244140625,551.0499877929688,543.6900024414062,550.6400146484375,61119600,SPY
2025-04-28,551.3900146484375,553.5499877929688,545.02001953125,550.8499755859375,47613800,SPY
2025-04-29,548.9099731445312,555.4500122070312,548.5499877929688,554.3200073242188,47775100,SPY
2025-04-30,547.5700073242188,556.52001953125,541.52001953125,554.5399780273438,93101500,SPY
2025-05-01,560.3699951171875,564.0700073242188,557.8599853515625,558.469970703125,63186100,SPY
2025-05-02,564.72998046875,568.3800048828125,562.3800048828125,566.760009765625,60717300,SPY
2025-05-05,562.5700073242188,566.6500244140625,561.7000122070312,563.510009765625,38659200,SPY
2025-05-06,557.9299926757812,563.3499755859375,556.9600219726562,558.7999877929688,48264700,SPY
2025-05-07,560.1500244140625,563.8200073242188,556.0399780273438,561.1500244140625,55588000,SPY
2025-05-08,565.239990234375,570.3099975585938,561.7000122070312,565.0599975585938,65130800,SPY
2025-05-09,566.47998046875,567.5,562.760009765625,564.3400268554688,37603400,SPY
2025-05-12,581.469970703125,583.0,577.0399780273438,582.989990234375,78993600,SPY
2025-05-13,583.4099731445312,589.0800170898438,582.8400268554688,586.8400268554688,67947200,SPY
2025-05-14,587.8099975585938,588.97998046875,585.5399780273438,587.5900268554688,66283500,SPY
2025-05-15,585.5599975585938,590.969970703125,585.0999755859375,590.4600219726562,71268100,SPY
2025-05-16,591.25,594.5,589.280029296875,594.2000122070312,76052100,SPY
2025-05-19,588.0999755859375,595.5399780273438,588.0999755859375,594.8499755859375,68168500,SPY
2025-05-20,593.0900268554688,594.0499877929688,589.5999755859375,592.8499755859375,60614500,SPY
2025-05-21,588.4400024414062,592.5800170898438,581.8200073242188,582.8599853515625,95197700,SPY
2025-05-22,582.6599731445312,586.6199951171875,581.4099731445312,583.0900268554688,70860400,SPY
2025-05-23,575.97998046875,581.8099975585938,575.5999755859375,579.1099853515625,76029000,SPY
2025-05-27,586.0700073242188,591.3099975585938,578.4299926757812,591.1500244140625,72588500,SPY
2025-05-28,591.5599975585938,592.77001953125,586.989990234375,587.72998046875,68445500,SPY
2025-05-29,593.0599975585938,593.2000122070312,586.0700073242188,590.0499877929688,69973300,SPY
2025-05-30,588.9299926757812,591.1300048828125,583.239990234375,589.3900146484375,90601200,SPY
2025-06-02,587.760009765625,592.7899780273438,585.0599975585938,592.7100219726562,61630500,SPY
2025-06-03,592.3400268554688,597.0800170898438,591.8499755859375,596.0900268554688,63606200,SPY
2025-06-04,596.9600219726562,597.9500122070312,595.489990234375,595.9299926757812,57314200,SPY
2025-06-05,597.6300048828125,599.0,591.0499877929688,593.0499877929688,92278700,SPY
2025-06-06,598.6599731445312,600.8300170898438,596.8599853515625,599.1400146484375,66588700,SPY
2025-06-09,599.719970703125,601.25,598.489990234375,599.6799926757812,53016400,SPY
2025-06-10,600.219970703125,603.469970703125,599.0900268554688,603.0800170898438,66247000,SPY
2025-06-11,604.1900024414062,605.0599975585938,599.27001953125,601.3599853515625,73658200,SPY
2025-06-12,600.010009765625,603.75,599.52001953125,603.75,64129000,SPY
2025-06-13,598.5,601.8499755859375,595.47998046875,597.0,89506000,SPY
2025-06-16,600.4000244140625,604.4500122070312,600.219970703125,602.6799926757812,79984100,SPY
2025-06-17,600.2100219726562,601.75,596.760009765625,597.530029296875,82209400,SPY
2025-06-18,598.4400024414062,601.219970703125,596.469970703125,597.4400024414062,76605000,SPY
2025-06-20,598.3800048828125,599.4600219726562,592.8599853515625,594.280029296875,94051400,SPY
2025-06-23,595.0399780273438,600.5399780273438,591.8900146484375,600.1500244140625,87426000,SPY
2025-06-24,604.3300170898438,607.8499755859375,603.4099731445312,606.780029296875,67735300,SPY
2025-06-25,607.9099731445312,608.6099853515625,605.5399780273438,607.1199951171875,62114800,SPY
2025-06-26,608.989990234375,612.3099975585938,608.3699951171875,611.8699951171875,78548400,SPY
2025-06-27,612.8800048828125,616.3900146484375,610.8300170898438,614.9099731445312,86258400,SPY
2025-06-30,617.3800048828125,619.219970703125,615.0399780273438,617.8499755859375,92502500,SPY
2025-07-01,616.3599853515625,618.8300170898438,615.52001953125,617.6500244140625,70030100,SPY
2025-07-02,617.239990234375,620.489990234375,616.6099853515625,620.4500122070312,66510400,SPY
2025-07-03,622.4500122070312,626.280029296875,622.4299926757812,625.3400268554688,51065800,SPY
2025-07-07,623.3599853515625,624.030029296875,617.8699951171875,620.6799926757812,74814500,SPY
2025-07-08,621.3499755859375,622.1099853515625,619.52001953125,620.3400268554688,59024600,SPY
2025-07-09,622.77001953125,624.719970703125,620.9099731445312,624.0599975585938,66113300,SPY
2025-07-10,624.2000122070312,626.8699951171875,623.010009765625,625.8200073242188,57529000,SPY
2025-07-11,622.739990234375,624.8599853515625,621.530029296875,623.6199951171875,63670200,SPY
2025-07-14,623.1599731445312,625.1599731445312,621.7999877929688,624.8099975585938,51898500,SPY
2025-07-15,627.52001953125,627.8599853515625,622.0599975585938,622.1400146484375,74317300,SPY
2025-07-16,623.739990234375,624.72998046875,618.0499877929688,624.219970703125,88987500,SPY
2025-07-17,624.4000244140625,628.4000244140625,624.1799926757812,628.0399780273438,68885700,SPY
2025-07-18,629.2999877929688,629.469970703125,626.4600219726562,627.5800170898438,65621600,SPY
2025-07-21,628.77001953125,631.5399780273438,628.3400268554688,628.77001953125,63375000,SPY
2025-07-22,629.0999755859375,629.72998046875,626.1900024414062,628.8599853515625,60046300,SPY
2025-07-23,631.5499877929688,634.2100219726562,629.72998046875,634.2100219726562,70511000,SPY
2025-07-24,634.5999755859375,636.1500244140625,633.989990234375,634.4199829101562,71307100,SPY
2025-07-25,635.0900268554688,637.5800170898438,634.8400268554688,637.0999755859375,56865400,SPY
2025-07-28,637.47998046875,638.0399780273438,635.5399780273438,636.9400024414062,54917100,SPY
2025-07-29,638.3499755859375,638.6699829101562,634.3400268554688,635.260009765625,60556300,SPY
2025-07-30,635.9199829101562,637.6799926757812,631.5399780273438,634.4600219726562,80418900,SPY
2025-07-31,639.4600219726562,639.8499755859375,630.77001953125,632.0800170898438,103385200,SPY
2025-08-01,626.2999877929688,626.3400268554688,619.2899780273438,621.719970703125,140103600,SPY
2025-08-04,625.6699829101562,631.219970703125,625.5800170898438,631.1699829101562,73218000,SPY
2025-08-05,631.7899780273438,632.6099853515625,627.0399780273438,627.969970703125,68051400,SPY
2025-08-06,629.0499877929688,633.4400024414062,628.1300048828125,632.780029296875,64357500,SPY
2025-08-07,636.239990234375,636.97998046875,629.1099853515625,632.25,74205800,SPY
2025-08-08,634.0599975585938,637.6500244140625,633.739990234375,637.1799926757812,64051600,SPY
2025-08-11,637.4600219726562,638.9500122070312,634.6599731445312,635.9199829101562,58742300,SPY
2025-08-12,638.2899780273438,642.8499755859375,636.7899780273438,642.6900024414062,64730800,SPY
2025-08-13,644.9099731445312,646.1900024414062,642.6799926757812,644.8900146484375,60092800,SPY
2025-08-14,642.7899780273438,645.6199951171875,642.3400268554688,644.9500122070312,59327500,SPY
2025-08-15,645.989990234375,646.0900268554688,642.52001953125,643.4400024414062,68592500,SPY
2025-08-18,642.8599853515625,644.0,642.1799926757812,643.2999877929688,43804900,SPY
2025-08-19,643.1199951171875,644.1099853515625,638.47998046875,639.8099975585938,69750700,SPY
2025-08-20,639.4000244140625,639.6599731445312,632.9500122070312,638.1099853515625,88890300,SPY
2025-08-21,636.280029296875,637.969970703125,633.8099975585938,635.5499877929688,54805800,SPY
2025-08-22,637.760009765625,646.5,637.25,645.3099975585938,84083200,SPY
2025-08-25,644.0399780273438,645.2899780273438,642.3499755859375,642.469970703125,51274300,SPY
2025-08-26,642.2000122070312,645.510009765625,641.5700073242188,645.1599731445312,51581600,SPY
2025-08-27,644.5700073242188,647.3699951171875,644.4199829101562,646.6300048828125,48341100,SPY
2025-08-28,647.239990234375,649.47998046875,645.3400268554688,648.9199829101562,61519500,SPY
2025-08-29,647.469970703125,647.8400268554688,643.1400146484375,645.0499877929688,74522200,SPY
2025-09-02,637.5,640.489990234375,634.9199829101562,640.27001953125,81983500,SPY
2025-09-03,642.6699829101562,644.2100219726562,640.4600219726562,643.739990234375,70820900,SPY
2025-09-04,644.4199829101562,649.1500244140625,643.510009765625,649.1199951171875,65219200,SPY
2025-09-05,651.47998046875,652.2100219726562,643.3300170898438,647.239990234375,85178900,SPY
2025-09-08,648.6199951171875,649.8400268554688,647.22998046875,648.8300170898438,63133100,SPY
2025-09-09,648.969970703125,650.8599853515625,647.219970703125,650.3300170898438,66133900,SPY
2025-09-10,653.6199951171875,654.5499877929688,650.6300048828125,652.2100219726562,78034500,SPY
2025-09-11,654.1799926757812,658.3300170898438,653.5900268554688,657.6300048828125,69934400,SPY
2025-09-12,657.5999755859375,659.1099853515625,656.9000244140625,657.4099731445312,72780100,SPY
2025-09-15,659.6400146484375,661.0399780273438,659.3400268554688,660.9099731445312,63772400,SPY
2025-09-16,661.469970703125,661.780029296875,659.2100219726562,660.0,61169000,SPY
2025-09-17,660.010009765625,661.719970703125,654.2999877929688,659.1799926757812,101952200,SPY
2025-09-18,661.8900146484375,664.8900146484375,660.27001953125,662.260009765625,90459200,SPY
2025-09-19,662.3300170898438,664.5499877929688,660.3699951171875,663.7000122070312,97945600,SPY
2025-09-22,662.2000122070312,667.2899780273438,662.1699829101562,666.8400268554688,69452200,SPY
2025-09-23,666.719970703125,667.3400268554688,661.97998046875,663.2100219726562,81708900,SPY
2025-09-24,664.510009765625,664.6099853515625,659.6699829101562,661.0999755859375,68082200,SPY
2025-09-25,657.9400024414062,659.4099731445312,654.4099731445312,658.0499877929688,89622100,SPY
2025-09-26,659.510009765625,662.3699951171875,657.8800048828125,661.8200073242188,69179200,SPY
2025-09-29,664.3599853515625,665.280029296875,661.8599853515625,663.6799926757812,73499000,SPY
2025-09-30,662.9299926757812,666.6500244140625,661.6099853515625,666.1799926757812,86288000,SPY
2025-10-01,663.1699829101562,669.3699951171875,663.0599975585938,668.4500122070312,72545400,SPY
2025-10-02,670.4500122070312,670.5700073242188,666.780029296875,669.219970703125,56896000,SPY
2025-10-03,669.989990234375,672.6799926757812,668.1599731445312,669.2100219726562,70494400,SPY
2025-10-06,671.6199951171875,672.510009765625,669.4600219726562,671.6099853515625,54623300,SPY
2025-10-07,672.5399780273438,672.989990234375,667.6699829101562,669.1199951171875,72020100,SPY
2025-10-08,670.25,673.2100219726562,669.4199829101562,673.1099853515625,60702200,SPY
2025-10-09,673.530029296875,673.9400024414062,669.2100219726562,671.1599731445312,66501900,SPY
2025-10-10,672.1300048828125,673.9500122070312,652.8400268554688,653.02001953125,159422600,SPY
2025-10-13,660.6500244140625,665.1300048828125,659.77001953125,663.0399780273438,79560500,SPY
2025-10-14,657.1699829101562,665.8300170898438,653.1699829101562,662.22998046875,88779600,SPY
2025-10-15,666.8200073242188,670.22998046875,658.9299926757812,665.1699829101562,81702600,SPY
2025-10-16,666.8200073242188,668.7100219726562,657.1099853515625,660.6400146484375,110563300,SPY
2025-10-17,659.5,665.760009765625,658.1400146484375,664.3900146484375,96500900,SPY
2025-10-20,667.3200073242188,672.2100219726562,667.27001953125,671.2999877929688,60493400,SPY
2025-10-21,671.4400024414062,672.989990234375,669.97998046875,671.2899780273438,56249000,SPY
2025-10-22,672.0,672.0,663.2999877929688,667.7999877929688,80564000,SPY
2025-10-23,668.1199951171875,672.7100219726562,667.7999877929688,671.760009765625,65604500,SPY
2025-10-24,676.4600219726562,678.469970703125,675.6500244140625,677.25,74356500,SPY
2025-10-27,682.72998046875,685.5399780273438,682.1199951171875,685.239990234375,63339800,SPY
2025-10-28,687.0499877929688,688.9099731445312,684.8300170898438,687.0599975585938,61738100,SPY
2025-10-29,688.719970703125,689.7000122070312,682.8699951171875,687.3900146484375,85657100,SPY
2025-10-30,683.9000244140625,685.9400024414062,679.8300170898438,679.8300170898438,76335800,SPY
2025-10-31,685.0399780273438,685.0800170898438,679.239990234375,682.0599975585938,87164100,SPY
2025-11-03,685.6699829101562,685.7999877929688,679.9400024414062,683.3400268554688,57315000,SPY
2025-11-04,676.1099853515625,679.9600219726562,674.5800170898438,675.239990234375,78427000,SPY
2025-11-05,674.97998046875,680.8599853515625,674.1699829101562,677.5800170898438,74402400,SPY
2025-11-06,676.469970703125,677.3800048828125,668.719970703125,670.3099975585938,85035300,SPY
2025-11-07,667.9099731445312,671.0800170898438,661.2100219726562,670.969970703125,100592400,SPY
2025-11-10,677.239990234375,682.1799926757812,675.030029296875,681.4400024414062,75842900,SPY
2025-11-11,679.9500122070312,683.5700073242188,678.72998046875,683.0,58953400,SPY
2025-11-12,684.7899780273438,684.9600219726562,680.9500122070312,683.3800048828125,62312500,SPY
2025-11-13,680.5,680.8599853515625,670.52001953125,672.0399780273438,103457800,SPY
2025-11-14,665.3800048828125,675.6599731445312,663.27001953125,671.9299926757812,96846700,SPY
2025-11-17,669.7000122070312,673.7100219726562,662.1699829101562,665.6699829101562,90456100,SPY
2025-11-18,662.0999755859375,665.1199951171875,655.8599853515625,660.0800170898438,114467500,SPY
2025-11-19,660.780029296875,667.3400268554688,658.75,662.6300048828125,94703000,SPY
2025-11-20,672.9099731445312,675.5599975585938,651.8900146484375,652.530029296875,165293500,SPY
2025-11-21,655.0499877929688,664.5499877929688,650.8499755859375,659.030029296875,123956200,SPY
2025-11-24,662.6900024414062,670.0599975585938,661.5900268554688,668.72998046875,80437900,SPY
2025-11-25,668.6300048828125,676.2100219726562,664.47998046875,675.02001953125,81077100,SPY
2025-11-26,677.6300048828125,681.7000122070312,676.719970703125,679.6799926757812,71879600,SPY
2025-11-28,680.8599853515625,683.6699829101562,680.5,683.3900146484375,49212000,SPY
2025-12-01,678.8099975585938,682.989990234375,678.739990234375,680.27001953125,61201200,SPY
2025-12-02,681.9199829101562,683.8200073242188,679.3300170898438,681.530029296875,62953800,SPY
2025-12-03,680.5700073242188,684.9099731445312,679.6900024414062,683.8900146484375,57238500,SPY
2025-12-04,685.2999877929688,685.3699951171875,681.3400268554688,684.3900146484375,61970300,SPY
2025-12-05,685.469970703125,688.3900146484375,684.5800170898438,685.6900024414062,79241000,SPY
2025-12-08,686.5900268554688,686.6400146484375,681.5700073242188,683.6300048828125,55231500,SPY
2025-12-09,683.1500244140625,685.3900146484375,682.5900268554688,683.0399780273438,58310100,SPY
2025-12-10,682.5599975585938,688.969970703125,681.3099975585938,687.5700073242188,85671300,SPY
2025-12-11,685.1400146484375,689.25,682.1699829101562,689.1699829101562,86173700,SPY
2025-12-12,688.1699829101562,688.8800048828125,679.1699829101562,681.760009765625,113160300,SPY
2025-12-15,685.739990234375,685.760009765625,679.25,680.72998046875,90811000,SPY
2025-12-16,679.22998046875,681.0800170898438,674.97998046875,678.8699951171875,122030600,SPY
2025-12-17,679.8900146484375,680.4400024414062,671.2000122070312,671.4000244140625,110625200,SPY
2025-12-18,677.5999755859375,680.739990234375,674.9000244140625,676.469970703125,108650100,SPY
2025-12-19,676.5900268554688,681.0900268554688,676.469970703125,680.5900268554688,103599500,SPY
2025-12-22,683.9400024414062,685.3599853515625,680.5900268554688,684.8300170898438,69556700,SPY
2025-12-23,683.9199829101562,688.2000122070312,683.8699951171875,687.9600219726562,64840000,SPY
2025-12-24,687.9500122070312,690.8300170898438,687.7999877929688,690.3800048828125,39445600,SPY
2025-12-26,690.6400146484375,691.6599731445312,689.27001953125,690.3099975585938,41613300,SPY
2025-12-29,687.5399780273438,689.2000122070312,686.0700073242188,687.8499755859375,62559500,SPY
2025-12-30,687.4500122070312,688.5599975585938,686.5800170898438,687.010009765625,47160700,SPY
2025-12-31,687.1400146484375,687.3599853515625,681.7100219726562,681.9199829101562,74144800,SPY
2026-01-02,685.7100219726562,686.8699951171875,679.8200073242188,683.1699829101562,89377200,SPY
2026-01-05,686.5399780273438,689.4299926757812,686.3800048828125,687.719970703125,71927200,SPY
2026-01-06,687.9299926757812,692.3200073242188,687.780029296875,691.8099975585938,69273800,SPY
2026-01-07,692.1900024414062,693.9600219726562,689.3200073242188,689.5800170898438,75588300,SPY
2026-01-08,688.8200073242188,690.6199951171875,687.489990234375,689.510009765625,64019200,SPY
2026-01-09,690.6300048828125,695.3099975585938,689.1799926757812,694.0700073242188,80125500,SPY
2026-01-12,690.6799926757812,696.0900268554688,690.6300048828125,695.1599731445312,63976000,SPY
2026-01-13,695.489990234375,696.0900268554688,691.3499755859375,693.77001953125,78309700,SPY
2026-01-14,691.0,691.719970703125,686.0399780273438,690.3599853515625,94676700,SPY
2026-01-15,694.5700073242188,695.4500122070312,691.25,692.239990234375,77862000,SPY
2026-01-16,693.6599731445312,694.25,690.0999755859375,691.6599731445312,79289200,SPY
2026-01-20,681.489990234375,684.77001953125,676.5700073242188,677.5800170898438,111623300,SPY
2026-01-21,679.6500244140625,688.739990234375,678.1300048828125,685.4000244140625,127844500,SPY
2026-01-22,689.8499755859375,691.1300048828125,686.9199829101562,688.97998046875,77112200,SPY
2026-01-23,688.1500244140625,690.9600219726562,687.1599731445312,689.22998046875,63059600,SPY
2026-01-26,690.489990234375,694.1300048828125,689.9199829101562,692.72998046875,60473800,SPY
2026-01-27,694.1799926757812,696.530029296875,693.5700073242188,695.489990234375,55506100,SPY
2026-01-28,697.0499877929688,697.8400268554688,693.9400024414062,695.4199829101562,61172200,SPY
2026-01-29,696.3900146484375,697.0599975585938,684.8300170898438,694.0399780273438,97486200,SPY
2026-01-30,691.7899780273438,694.2100219726562,687.1199951171875,691.969970703125,101835100,SPY
2026-02-02,689.5800170898438,696.9299926757812,689.4199829101562,695.4099731445312,79286500,SPY
2026-02-03,696.2100219726562,696.9600219726562,684.030029296875,689.530029296875,107904600,SPY
2026-02-04,690.3499755859375,691.4500122070312,681.760009765625,686.1900024414062,105204600,SPY
2026-02-05,680.9400024414062,683.6900024414062,675.7899780273438,677.6199951171875,113610800,SPY
2026-02-06,681.4600219726562,692.3099975585938,680.8499755859375,690.6199951171875,89127600,SPY
2026-02-09,689.4199829101562,695.8699951171875,688.3400268554688,693.9500122070312,73885200,SPY
2026-02-10,694.9500122070312,696.5399780273438,691.6599731445312,692.1199951171875,65185700,SPY
2026-02-11,696.3900146484375,697.1400146484375,689.1799926757812,691.9600219726562,76353900,SPY
2026-02-12,694.239990234375,695.3499755859375,680.3699951171875,681.27001953125,118829000,SPY
2026-02-13,681.6900024414062,686.280029296875,677.52001953125,681.75,96267500,SPY
2026-02-17,680.1400146484375,684.9400024414062,675.780029296875,682.8499755859375,81354700,SPY
2026-02-18,684.02001953125,689.1500244140625,682.8300170898438,686.2899780273438,73570300,SPY
2026-02-19,683.8400268554688,686.1799926757812,681.5499877929688,684.47998046875,58649400,SPY
2026-02-20,682.3200073242188,690.0599975585938,681.72998046875,689.4299926757812,100034000,SPY
2026-02-23,687.8300170898438,690.0,680.3699951171875,682.3900146484375,90558100,SPY
2026-02-24,681.9000244140625,688.3499755859375,680.0,687.3499755859375,73798700,SPY
2026-02-25,690.1799926757812,693.6799926757812,690.0999755859375,693.1500244140625,56369500,SPY
2026-02-26,693.280029296875,693.2999877929688,684.3499755859375,689.2999877929688,71671000,SPY
2026-02-27,683.0900268554688,686.8599853515625,681.6400146484375,685.989990234375,83308900,SPY
2026-03-02,678.7000122070312,688.6199951171875,678.02001953125,686.3800048828125,87477200,SPY
2026-03-03,675.0599975585938,682.6099853515625,669.6599731445312,680.3300170898438,105003100,SPY
2026-03-04,681.6300048828125,687.0900268554688,679.6199951171875,685.1300048828125,79182200,SPY
2026-03-05,682.0800170898438,685.530029296875,675.6099853515625,681.3099975585938,106606500,SPY
2026-03-06,673.4099731445312,676.1099853515625,669.760009765625,672.3800048828125,100687000,SPY
2026-03-09,666.3900146484375,679.9199829101562,662.3900146484375,678.27001953125,102667700,SPY
2026-03-10,677.719970703125,683.3599853515625,674.760009765625,677.1799926757812,81505300,SPY
2026-03-11,677.5800170898438,680.0800170898438,673.3400268554688,676.3300170898438,68441700,SPY
2026-03-12,671.1599731445312,671.6500244140625,665.8699951171875,666.0599975585938,108882200,SPY
2026-03-13,669.27001953125,672.3400268554688,661.3599853515625,662.2899780273438,97200200,SPY
2026-03-16,668.3800048828125,672.0700073242188,667.1199951171875,669.030029296875,82023100,SPY
2026-03-17,672.3900146484375,674.4400024414062,669.7000122070312,670.7899780273438,87128000,SPY
2026-03-18,668.3599853515625,669.719970703125,661.1900024414062,661.4299926757812,82062600,SPY
2026-03-19,656.969970703125,662.97998046875,655.1699829101562,659.7999877929688,111272500,SPY
2026-03-20,656.510009765625,656.6900024414062,644.719970703125,648.5700073242188,163617500,SPY
2026-03-23,658.0700073242188,662.6199951171875,653.9400024414062,655.3800048828125,134802700,SPY
2026-03-24,651.3200073242188,657.030029296875,649.8800048828125,653.1799926757812,96457500,SPY
2026-03-25,658.6699829101562,660.8900146484375,654.239990234375,656.8200073242188,90653800,SPY
2026-03-26,652.0599975585938,654.8499755859375,644.8200073242188,645.0900268554688,96494400,SPY
2026-03-27,642.5,642.6599731445312,633.1099853515625,634.0900268554688,103649400,SPY
2026-03-30,640.1099853515625,640.3699951171875,629.280029296875,631.969970703125,99275900,SPY
2026-03-31,638.9400024414062,651.5399780273438,637.97998046875,650.3400268554688,152534100,SPY
2026-04-01,653.9000244140625,658.52001953125,653.0,655.239990234375,97841500,SPY
2026-04-02,646.4199829101562,658.2000122070312,645.1099853515625,655.8300170898438,68358700,SPY
2026-04-06,655.8599853515625,659.719970703125,655.52001953125,658.9299926757812,39105800,SPY
2026-04-07,656.6500244140625,659.6099853515625,651.0599975585938,659.219970703125,69980400,SPY
2026-04-08,676.3900146484375,677.0800170898438,671.4600219726562,676.010009765625,93606100,SPY
2026-04-09,674.8400268554688,681.1599731445312,673.77001953125,679.9099731445312,57134400,SPY
2026-04-10,681.3200073242188,682.030029296875,678.4500122070312,679.4600219726562,42253500,SPY
2026-04-13,677.4099731445312,686.2999877929688,676.5800170898438,686.0999755859375,54185800,SPY
2026-04-14,687.6900024414062,694.5800170898438,687.6599731445312,694.4600219726562,63480500,SPY
2026-04-15,695.260009765625,700.280029296875,694.2000122070312,699.9400024414062,58240400,SPY
2026-04-16,701.0599975585938,702.780029296875,698.530029296875,701.6599731445312,49972400,SPY
2026-04-17,706.1400146484375,712.3900146484375,705.760009765625,710.1400146484375,70661900,SPY
2026-04-20,708.780029296875,709.9099731445312,706.1400146484375,708.719970703125,43546800,SPY
2026-04-21,710.280029296875,711.280029296875,702.6400146484375,704.0800170898438,58941400,SPY
2026-04-22,709.1500244140625,711.4500122070312,708.219970703125,711.2100219726562,42518500,SPY
2026-04-23,709.5,712.3599853515625,702.280029296875,708.4500122070312,56174000,SPY
2026-04-24,710.75,714.469970703125,709.010009765625,713.9400024414062,45182000,SPY
2026-04-27,713.1699829101562,715.6300048828125,712.2999877929688,715.1699829101562,33135900,SPY
2026-04-28,711.8200073242188,712.8800048828125,709.25,711.6900024414062,43117400,SPY
2026-04-29,711.0,712.2000122070312,708.3699951171875,711.5800170898438,41859200,SPY
2026-04-30,714.6300048828125,719.7899780273438,710.4500122070312,718.6599731445312,67240900,SPY
2026-05-01,721.25,724.8699951171875,720.469970703125,720.6500244140625,43049800,SPY
2026-05-04,720.0700073242188,722.1199951171875,714.989990234375,718.010009765625,51950600,SPY
2026-05-05,721.77001953125,725.0399780273438,721.489990234375,723.77001953125,36933200,SPY
2026-05-06,728.1599731445312,734.5900268554688,727.8200073242188,733.8300170898438,53288900,SPY
2026-05-07,735.0499877929688,736.1300048828125,729.75,731.5800170898438,51724600,SPY
2026-05-08,734.9299926757812,738.0800170898438,734.5700073242188,737.6199951171875,47227100,SPY
2026-05-11,736.4500122070312,740.7899780273438,736.4500122070312,739.2999877929688,44024000,SPY
2026-05-12,736.8900146484375,738.8400268554688,731.8300170898438,738.1799926757812,54185300,SPY
2026-05-13,738.469970703125,743.9099731445312,735.469970703125,742.3099975585938,44200200,SPY
2026-05-14,743.6500244140625,749.530029296875,743.5599975585938,748.1699829101562,45307600,SPY
2026-05-15,741.7899780273438,743.4600219726562,737.9600219726562,739.1699829101562,60410800,SPY
2026-05-18,739.8300170898438,741.4199829101562,733.3900146484375,738.6500244140625,47843900,SPY
2026-05-19,734.780029296875,737.6500244140625,731.530029296875,733.72998046875,54255900,SPY
2026-05-20,735.7100219726562,741.8699951171875,733.8900146484375,741.25,45768000,SPY
2026-05-21,738.6400146484375,744.8699951171875,737.030029296875,742.719970703125,43332200,SPY
2026-05-22,746.239990234375,748.9400024414062,744.47998046875,745.6400146484375,41762000,SPY
2026-05-26,750.010009765625,752.1300048828125,748.3699951171875,750.5900268554688,41123600,SPY
2026-05-27,750.8800048828125,751.3800048828125,748.219970703125,750.4600219726562,42106300,SPY
2026-05-28,750.25,755.1500244140625,749.22998046875,754.5999755859375,41562600,SPY
2026-05-29,755.9000244140625,758.0800170898438,754.6900024414062,756.47998046875,55075700,SPY
2026-06-01,755.3599853515625,760.280029296875,754.6900024414062,758.5399780273438,43634900,SPY
2026-06-02,757.030029296875,760.4000244140625,756.75,759.5700073242188,31581900,SPY
2026-06-03,758.1500244140625,758.7999877929688,753.5700073242188,754.239990234375,51402500,SPY
2026-06-04,752.0999755859375,758.3099975585938,751.469970703125,757.0900268554688,49923000,SPY
2026-06-05,752.3099975585938,752.8200073242188,735.530029296875,737.5499877929688,93989400,SPY
2026-06-08,743.3599853515625,745.3400268554688,738.1900024414062,739.219970703125,49319100,SPY
2026-06-09,743.6300048828125,746.9000244140625,722.5900268554688,737.0499877929688,87683500,SPY
2026-06-10,733.3900146484375,738.3800048828125,725.3300170898438,725.4299926757812,60341300,SPY
2026-06-11,728.760009765625,740.0,724.4099731445312,737.760009765625,86330500,SPY
2026-06-12,740.7100219726562,744.4400024414062,735.030029296875,741.75,57079500,SPY
2026-06-15,751.8499755859375,756.6799926757812,751.760009765625,754.8300170898438,60176400,SPY
2026-06-16,754.5499877929688,755.4400024414062,749.8800048828125,750.3300170898438,67093100,SPY
2026-06-17,751.2899780273438,752.1500244140625,739.219970703125,740.9600219726562,85945200,SPY
2026-06-18,747.760009765625,748.22998046875,743.8599853515625,746.739990234375,80875700,SPY
2026-06-22,747.7000122070312,750.1799926757812,743.1300048828125,744.3900146484375,46628100,SPY
2026-06-23,733.8099975585938,739.6300048828125,732.2999877929688,733.5800170898438,66846800,SPY
2026-06-24,735.1699829101562,739.9500122070312,730.8400268554688,733.239990234375,57439500,SPY
2026-06-25,738.9099731445312,739.3699951171875,729.5999755859375,734.2999877929688,53934400,SPY
2026-06-26,728.9500122070312,736.530029296875,716.5800170898438,728.989990234375,71034000,SPY
2026-06-29,736.530029296875,741.5599975585938,732.0900268554688,741.0,58035200,SPY
2026-06-30,741.2899780273438,748.02001953125,740.8900146484375,746.77001953125,55626000,SPY
2026-07-01,745.0,749.4400024414062,742.3800048828125,745.760009765625,47100900,SPY
2026-07-02,747.4000244140625,751.3099975585938,740.030029296875,744.780029296875,57447800,SPY
2026-07-06,748.739990234375,752.4099731445312,747.4099731445312,751.280029296875,50673300,SPY
2026-07-07,750.219970703125,750.9600219726562,745.2100219726562,747.7100219726562,43721500,SPY
2026-07-08,743.1599731445312,746.1500244140625,739.510009765625,745.4000244140625,43767400,SPY
2026-07-09,747.3499755859375,751.969970703125,745.5900268554688,751.7100219726562,41441700,SPY
2026-07-10,752.0499877929688,755.4199829101562,748.0999755859375,754.9500122070312,42191300,SPY
2026-07-13,752.469970703125,753.9099731445312,748.0,749.1699829101562,44013600,SPY
2026-07-14,750.9099731445312,753.3400268554688,748.6599731445312,751.8300170898438,35143100,SPY
2026-07-15,754.239990234375,755.5800170898438,750.2000122070312,754.8099975585938,43844800,SPY
2026-07-16,752.760009765625,754.5700073242188,747.8800048828125,750.719970703125,46409800,SPY
2026-07-17,742.0800170898438,747.2899780273438,740.7999877929688,743.2899780273438,62651000,SPY
2026-07-20,747.0599975585938,748.72998046875,741.510009765625,742.0900268554688,50422300,SPY
2026-07-21,746.2899780273438,749.0399780273438,744.1799926757812,748.280029296875,34324300,SPY
2026-07-22,746.6199951171875,750.02001953125,746.3699951171875,747.4099731445312,32836200,SPY
2026-07-23,739.3699951171875,742.5599975585938,735.2100219726562,738.1799926757812,55437300,SPY
2026-07-24,738.510009765625,743.719970703125,737.2899780273438,738.9299926757812,44782000,SPY
2026-07-27,744.9099731445312,745.530029296875,735.8699951171875,739.0900268554688,41461200,SPY
2026-07-28,739.1900024414062,742.7899780273438,735.97998046875,740.8599853515625,47322200,SPY
2026-07-29,739.969970703125,742.6799926757812,729.0999755859375,729.4600219726562,70697200,SPY
2026-07-30,736.0499877929688,742.4500122070312,734.5900268554688,741.6900024414062,66811300,SPY
2026-07-31,744.6799926757812,748.9000244140625,737.6799926757812,747.030029296875,62445900,SPY
2026-08-03,749.4400024414062,758.5800170898438,748.7999877929688,757.6699829101562,59927500,SPY
2026-08-04,760.6300048828125,773.4099731445312,760.52001953125,771.3300170898438,69154800,SPY
2026-08-05,775.8499755859375,776.8499755859375,769.510009765625,769.7899780273438,44689100,SPY
2026-08-06,770.2100219726562,771.8200073242188,767.4600219726562,768.5599975585938,38416900,SPY
2026-08-07,771.02001953125,773.9199829101562,769.6099853515625,773.260009765625,43586300,SPY
2026-08-10,772.5999755859375,775.0499877929688,771.6199951171875,773.030029296875,39249500,SPY
2026-08-11,774.530029296875,774.6099853515625,769.2000122070312,770.5599975585938,36740600,SPY
2026-08-12,774.7100219726562,774.9000244140625,771.280029296875,772.489990234375,33179100,SPY
2026-08-13,774.8699951171875,779.3699951171875,774.1099853515625,777.8800048828125,35634500,SPY
2026-08-14,778.5399780273438,778.7999877929688,775.4299926757812,776.3400268554688,31367900,SPY
2026-08-17,776.1799926757812,776.780029296875,772.510009765625,772.6699829101562,34356600,SPY
2026-08-18,768.7000122070312,769.5,766.9199829101562,767.4500122070312,43920900,SPY
2026-08-19,770.3599853515625,772.469970703125,768.0999755859375,769.0599975585938,40306000,SPY
2026-08-20,765.9600219726562,768.1500244140625,762.0399780273438,762.5999755859375,45520300,SPY
2026-08-21,766.0499877929688,767.8499755859375,764.1699829101562,765.719970703125,39188700,SPY
2026-08-24,764.780029296875,765.219970703125,762.0800170898438,763.469970703125,32430900,SPY
2026-08-25,766.1599731445312,766.780029296875,763.0499877929688,765.9099731445312,27422300,SPY
2026-08-26,764.72998046875,767.3499755859375,763.9299926757812,766.0800170898438,28751600,SPY
2026-08-27,768.5,772.3599853515625,767.1599731445312,771.0999755859375,34557100,SPY
2026-08-28,771.760009765625,775.2999877929688,768.3099975585938,769.3499755859375,36744300,SPY
2026-08-31,767.3300170898438,768.0,764.719970703125,767.0499877929688,38810800,SPY
2026-09-01,762.010009765625,764.6699829101562,759.47998046875,761.780029296875,41126300,SPY
2026-09-02,762.4500122070312,766.4299926757812,761.72998046875,765.1599731445312,29566200,SPY
2026-09-03,767.9000244140625,774.030029296875,767.4500122070312,773.1699829101562,43531600,SPY
2026-09-04,772.010009765625,772.8699951171875,769.0,770.1900024414062,34054200,SPY
2026-09-08,769.0700073242188,769.7000122070312,765.1400146484375,765.9600219726562,44746100,SPY
2026-09-09,764.0800170898438,764.469970703125,760.9400024414062,762.4000244140625,32812400,SPY
2026-09-10,758.030029296875,760.1099853515625,756.6400146484375,757.8300170898438,42740400,SPY
2026-09-11,764.719970703125,766.3800048828125,763.5999755859375,764.2899780273438,45512700,SPY
2026-09-14,759.0,763.52001953125,757.9299926757812,760.8800048828125,43992400,SPY
2026-09-15,760.1199951171875,760.3499755859375,756.1500244140625,757.3900146484375,46195000,SPY
2026-09-16,759.5,761.6699829101562,749.5999755859375,754.0499877929688,59217700,SPY
2026-09-17,763.1500244140625,763.5700073242188,759.9600219726562,762.5999755859375,49652800,SPY
2026-09-18,761.3099975585938,762.0,757.969970703125,761.6900024414062,65395100,SPY
2026-09-21,766.25,774.8900146484375,766.030029296875,773.5,50484700,SPY
2026-09-22,774.030029296875,775.1400146484375,772.5700073242188,773.3800048828125,34802300,SPY
2026-09-23,772.7899780273438,773.0499877929688,766.5,767.8099975585938,54931700,SPY
2026-09-24,764.0700073242188,768.9500122070312,763.25,767.1799926757812,43983700,SPY
2026-09-25,768.780029296875,772.280029296875,766.2899780273438,771.3499755859375,36666700,SPY
2026-09-28,768.3499755859375,769.5399780273438,763.719970703125,765.6099853515625,42694500,SPY
2026-09-29,766.8300170898438,766.97998046875,762.3499755859375,764.2000122070312,36910500,SPY
2026-09-30,766.4500122070312,769.4099731445312,762.1799926757812,762.6300048828125,62110000,SPY
2026-10-01,764.3599853515625,765.6500244140625,758.7899780273438,763.989990234375,47708100,SPY
2026-10-02,770.5800170898438,772.6500244140625,767.1500244140625,769.6400146484375,46306400,SPY
