time,open,high,low,close,volume,symbol
2010-01-04,22.0,22.1924991607666,21.864999771118164,22.03499984741211,20180000,V
2010-01-05,21.825000762939453,21.88249969482422,21.5,21.782499313354492,25833600,V
2010-01-06,21.752500534057617,21.770000457763672,21.475000381469727,21.489999771118164,16254000,V
2010-01-07,21.49250030517578,21.75,21.387500762939453,21.690000534057617,27841200,V
2010-01-08,21.704999923706055,21.84749984741211,21.5575008392334,21.75,11907200,V
2010-01-11,21.877500534057617,21.985000610351562,21.542499542236328,21.6875,12912000,V
2010-01-12,21.645000457763672,21.762500762939453,21.462499618530273,21.584999084472656,12842000,V
2010-01-13,21.614999771118164,21.799999237060547,21.487499237060547,21.78499984741211,13428800,V
2010-01-14,21.74250030517578,21.88249969482422,21.625,21.860000610351562,18379600,V
2010-01-15,21.8700008392334,21.885000228881836,21.479999542236328,21.53499984741211,21295200,V
2010-01-19,21.542499542236328,22.102500915527344,21.424999237060547,21.962499618530273,15239600,V
2010-01-20,21.920000076293945,21.934999465942383,21.577499389648438,21.854999542236328,12771200,V
2010-01-21,21.862499237060547,21.975000381469727,21.030000686645508,21.112499237060547,28140800,V
2010-01-22,21.00749969482422,21.09749984741211,20.40999984741211,20.6825008392334,29776400,V
2010-01-25,20.850000381469727,20.952499389648438,20.352500915527344,20.50749969482422,16147200,V
2010-01-26,20.337499618530273,20.635000228881836,20.247499465942383,20.287500381469727,12437600,V
2010-01-27,20.219999313354492,21.032499313354492,20.15250015258789,20.977500915527344,19335200,V
2010-01-28,21.09000015258789,21.1200008392334,20.352500915527344,20.662500381469727,13070800,V
2010-01-29,20.649999618530273,21.2450008392334,20.467500686645508,20.50749969482422,20281600,V
2010-02-01,20.572500228881836,21.1875,20.549999237060547,20.915000915527344,16098000,V
2010-02-02,21.065000534057617,21.11750030517578,20.875,21.002500534057617,14441600,V
2010-02-03,21.059999465942383,21.122499465942383,20.524999618530273,20.8799991607666,32197600,V
2010-02-04,21.3125,21.545000076293945,20.700000762939453,20.762500762939453,66486800,V
2010-02-05,20.829999923706055,20.96500015258789,20.135000228881836,20.639999389648438,38687200,V
2010-02-08,20.725000381469727,21.094999313354492,20.639999389648438,20.762500762939453,23966800,V
2010-02-09,20.922500610351562,21.032499313354492,20.674999237060547,20.8174991607666,17968000,V
2010-02-10,20.872499465942383,20.977500915527344,20.72249984741211,20.90999984741211,14572800,V
2010-02-11,20.947500228881836,21.302499771118164,20.8125,21.28499984741211,18044800,V
2010-02-12,21.125,21.235000610351562,20.912500381469727,21.19499969482422,22114800,V
2010-02-16,21.3075008392334,21.485000610351562,21.299999237060547,21.469999313354492,16065600,V
2010-02-17,21.502500534057617,21.635000228881836,21.440000534057617,21.604999542236328,14976800,V
2010-02-18,21.5,21.862499237060547,21.5,21.739999771118164,15289200,V
2010-02-19,21.5,21.7450008392334,21.372499465942383,21.702499389648438,13672000,V
2010-02-22,21.762500762939453,21.940000534057617,21.702499389648438,21.727500915527344,11572800,V
2010-02-23,21.7549991607666,21.897499084472656,21.514999389648438,21.530000686645508,19129200,V
2010-02-24,21.55500030517578,21.65250015258789,21.1875,21.407499313354492,16210000,V
2010-02-25,21.1875,21.360000610351562,20.934999465942383,21.3075008392334,14140800,V
2010-02-26,21.395000457763672,21.43000030517578,21.2549991607666,21.31999969482422,12476400,V
2010-03-01,21.375,21.735000610351562,21.31999969482422,21.704999923706055,13495200,V
2010-03-02,21.704999923706055,21.7450008392334,21.5625,21.612499237060547,12901200,V
2010-03-03,21.649999618530273,21.802499771118164,21.559999465942383,21.700000762939453,13658000,V
2010-03-04,21.75,21.862499237060547,21.532499313354492,21.760000228881836,14576800,V
2010-03-05,21.850000381469727,22.139999389648438,21.774999618530273,22.127500534057617,19503600,V
2010-03-08,22.112499237060547,22.732500076293945,22.022499084472656,22.657499313354492,31258400,V
2010-03-09,22.5625,22.917499542236328,22.46500015258789,22.537500381469727,36690800,V
2010-03-10,22.434999465942383,22.952499389648438,22.387500762939453,22.8799991607666,28438800,V
2010-03-11,22.74250030517578,23.31999969482422,22.700000762939453,23.184999465942383,55125200,V
2010-03-12,23.292499542236328,23.407499313354492,23.162500381469727,23.3125,28641200,V
2010-03-15,23.217500686645508,23.287500381469727,22.780000686645508,23.102500915527344,20734000,V
2010-03-16,23.170000076293945,23.227500915527344,22.837499618530273,22.912500381469727,19068000,V
2010-03-17,23.030000686645508,23.102500915527344,22.809999465942383,22.877500534057617,14785200,V
2010-03-18,22.875,22.954999923706055,22.520000457763672,22.532499313354492,18766000,V
2010-03-19,22.209999084472656,22.6875,22.172500610351562,22.209999084472656,24224000,V
2010-03-22,22.09749984741211,22.4375,22.045000076293945,22.309999465942383,16674400,V
2010-03-23,22.375,22.575000762939453,22.3125,22.4950008392334,13516400,V
2010-03-24,22.399999618530273,22.485000610351562,22.147499084472656,22.1875,15611600,V
2010-03-25,22.420000076293945,22.94499969482422,22.372499465942383,22.602500915527344,20353600,V
2010-03-26,22.6825008392334,22.8125,22.412500381469727,22.5625,13536000,V
2010-03-29,22.642499923706055,22.790000915527344,22.53499984741211,22.559999465942383,11134400,V
2010-03-30,22.61750030517578,22.959999084472656,22.584999084472656,22.75,16330800,V
2010-03-31,22.674999237060547,23.049999237060547,22.6299991607666,22.75749969482422,12504400,V
2010-04-01,22.920000076293945,23.145000457763672,22.827499389648438,23.137500762939453,17464400,V
2010-04-05,23.262500762939453,23.299999237060547,23.024999618530273,23.11750030517578,15363200,V
2010-04-06,23.00749969482422,23.332500457763672,22.952499389648438,23.100000381469727,13813600,V
2010-04-07,23.125,23.125,22.657499313354492,22.677499771118164,14750400,V
2010-04-08,22.665000915527344,23.020000457763672,22.625,22.872499465942383,10770000,V
2010-04-09,22.985000610351562,23.15250015258789,22.912500381469727,23.1299991607666,9567200,V
2010-04-12,23.262500762939453,23.372499465942383,23.125,23.297500610351562,9323200,V
2010-04-13,23.352500915527344,23.447500228881836,23.040000915527344,23.197500228881836,11436000,V
2010-04-14,23.290000915527344,23.610000610351562,23.21500015258789,23.565000534057617,17329200,V
2010-04-15,23.59000015258789,23.815000534057617,23.482500076293945,23.612499237060547,20639200,V
2010-04-16,23.520000457763672,23.727500915527344,23.200000762939453,23.462499618530273,18766400,V
2010-04-19,23.299999237060547,23.545000076293945,23.020000457763672,23.280000686645508,12586400,V
2010-04-20,23.412500381469727,23.522499084472656,23.125,23.512500762939453,9090400,V
2010-04-21,23.587499618530273,23.594999313354492,23.21500015258789,23.282499313354492,11365600,V
2010-04-22,23.204999923706055,23.799999237060547,23.114999771118164,23.78499984741211,14658400,V
2010-04-23,24.049999237060547,24.204999923706055,23.8075008392334,24.147499084472656,12498800,V
2010-04-26,24.25749969482422,24.297500610351562,23.885000228881836,24.0,18274800,V
2010-04-27,23.987499237060547,24.0575008392334,23.22249984741211,23.237499237060547,17868400,V
2010-04-28,23.43000030517578,23.514999389648438,23.075000762939453,23.40250015258789,20395200,V
2010-04-29,23.4424991607666,23.649999618530273,23.024999618530273,23.204999923706055,29408000,V
2010-04-30,23.31999969482422,23.342500686645508,22.5049991607666,22.5575008392334,25059600,V
2010-05-03,22.637500762939453,22.8174991607666,22.104999542236328,22.3174991607666,31020000,V
2010-05-04,22.334999084472656,22.737499237060547,22.030000686645508,22.092500686645508,30622800,V
2010-05-05,21.690000534057617,21.987499237060547,21.0,21.607500076293945,37174400,V
2010-05-06,21.462499618530273,21.639999389648438,18.977500915527344,20.729999542236328,63938000,V
2010-05-07,20.764999389648438,21.042499542236328,20.1875,20.572500228881836,45519200,V
2010-05-10,21.5625,21.799999237060547,21.482500076293945,21.497499465942383,35106800,V
2010-05-11,21.282499313354492,21.3125,20.78499984741211,21.040000915527344,47244000,V
2010-05-12,21.260000228881836,21.887500762939453,21.1875,21.420000076293945,37131600,V
2010-05-13,21.469999313354492,21.9950008392334,21.1299991607666,21.4325008392334,31835600,V
2010-05-14,19.667499542236328,19.97249984741211,18.979999542236328,19.315000534057617,169829200,V
2010-05-17,19.6924991607666,19.809999465942383,18.417499542236328,18.677499771118164,90552000,V
2010-05-18,18.770000457763672,19.002500534057617,17.072500228881836,17.522499084472656,189331200,V
2010-05-19,17.677499771118164,18.549999237060547,17.677499771118164,18.24250030517578,131631200,V
2010-05-20,18.0,18.854999542236328,17.77750015258789,18.204999923706055,101612800,V
2010-05-21,18.002500534057617,19.0,18.002500534057617,18.549999237060547,79601200,V
2010-05-24,18.860000610351562,19.049999237060547,18.4375,18.637500762939453,41148000,V
2010-05-25,18.264999389648438,18.462499618530273,17.9424991607666,18.24250030517578,45448000,V
2010-05-26,18.53499984741211,18.797500610351562,18.34000015258789,18.350000381469727,44406000,V
2010-05-27,18.75,18.797500610351562,18.227500915527344,18.422500610351562,39094800,V
2010-05-28,18.342500686645508,18.375,18.0,18.114999771118164,26581200,V
2010-06-01,18.122499465942383,18.399999618530273,17.84000015258789,17.872499465942383,25082000,V
2010-06-02,17.864999771118164,17.967500686645508,17.5049991607666,17.8125,37608800,V
2010-06-03,17.982500076293945,18.302499771118164,17.915000915527344,18.209999084472656,39125600,V
2010-06-04,17.762500762939453,18.350000381469727,17.762500762939453,18.032499313354492,42138400,V
2010-06-07,18.0,18.44499969482422,17.887500762939453,17.97249984741211,30615200,V
2010-06-08,18.02750015258789,18.372499465942383,17.772499084472656,18.337499618530273,30502800,V
2010-06-09,18.530000686645508,18.8700008392334,18.295000076293945,18.450000762939453,35586800,V
2010-06-10,18.907499313354492,19.372499465942383,18.75,19.362499237060547,36380000,V
2010-06-11,19.127500534057617,19.22249984741211,18.837499618530273,19.020000457763672,30177200,V
2010-06-14,19.237499237060547,19.247499465942383,18.424999237060547,18.44499969482422,37456800,V
2010-06-15,18.61750030517578,19.239999771118164,18.475000381469727,19.232500076293945,31226400,V
2010-06-16,19.045000076293945,19.3125,18.90250015258789,19.292499542236328,28142000,V
2010-06-17,19.452499389648438,19.782499313354492,19.315000534057617,19.559999465942383,29133200,V
2010-06-18,19.627500534057617,19.8125,19.065000534057617,19.260000228881836,29732800,V
2010-06-21,19.489999771118164,20.947500228881836,18.854999542236328,20.225000381469727,115862800,V
2010-06-22,20.25,20.25,19.657499313354492,19.690000534057617,46870800,V
2010-06-23,19.739999771118164,19.739999771118164,19.202499389648438,19.440000534057617,27933600,V
2010-06-24,19.282499313354492,19.489999771118164,18.940000534057617,19.1200008392334,26277600,V
2010-06-25,19.25749969482422,19.352500915527344,18.912500381469727,19.165000915527344,24130400,V
2010-06-28,19.247499465942383,19.322500228881836,18.787500381469727,18.80500030517578,20523600,V
2010-06-29,18.56999969482422,18.61750030517578,17.774999618530273,17.862499237060547,39851600,V
2010-06-30,17.915000915527344,18.024999618530273,17.677499771118164,17.6875,24716400,V
2010-07-01,17.75,18.252500534057617,17.52750015258789,18.21500015258789,30360000,V
2010-07-02,18.309999465942383,18.447500228881836,18.145000457763672,18.295000076293945,18801200,V
2010-07-06,18.457500457763672,18.579999923706055,17.947500228881836,18.0674991607666,23726000,V
2010-07-07,18.170000076293945,18.729999542236328,18.037500381469727,18.704999923706055,20873600,V
2010-07-08,18.875,18.950000762939453,18.510000228881836,18.770000457763672,16231600,V
2010-07-09,19.059999465942383,19.399999618530273,18.905000686645508,19.344999313354492,22479600,V
2010-07-12,18.997499465942383,19.342500686645508,18.969999313354492,19.127500534057617,15832800,V
2010-07-13,19.450000762939453,19.450000762939453,18.86750030517578,19.147499084472656,19931600,V
2010-07-14,19.142499923706055,19.25,18.912500381469727,19.06999969482422,12814800,V
2010-07-15,19.09749984741211,19.15999984741211,18.565000534057617,18.81999969482422,16489200,V
2010-07-16,18.399999618530273,18.4375,17.8174991607666,17.862499237060547,39060000,V
2010-07-19,18.052499771118164,18.0625,17.717500686645508,17.80500030517578,20019200,V
2010-07-20,17.677499771118164,18.415000915527344,17.625,18.399999618530273,19106400,V
2010-07-21,18.497499465942383,18.502500534057617,17.982500076293945,18.09000015258789,15907600,V
2010-07-22,18.287500381469727,18.637500762939453,18.2549991607666,18.614999771118164,19493200,V
2010-07-23,18.61750030517578,18.99250030517578,18.512500762939453,18.897499084472656,12660800,V
2010-07-26,18.922500610351562,19.125,18.837499618530273,19.020000457763672,15792800,V
2010-07-27,19.25,19.3174991607666,18.967500686645508,19.15250015258789,17352400,V
2010-07-28,19.037500381469727,19.209999084472656,18.774999618530273,18.795000076293945,25205200,V
2010-07-29,18.690000534057617,18.719999313354492,17.837499618530273,17.9950008392334,58866800,V
2010-07-30,17.897499084472656,18.407499313354492,17.842500686645508,18.337499618530273,30784800,V
2010-08-02,17.7450008392334,18.09749984741211,17.74250030517578,18.0575008392334,53846800,V
2010-08-03,17.907499313354492,18.3799991607666,17.857500076293945,18.25,34164800,V
2010-08-04,18.302499771118164,18.350000381469727,18.094999313354492,18.112499237060547,20499200,V
2010-08-05,18.032499313354492,18.100000381469727,17.829999923706055,17.875,30787600,V
2010-08-06,17.787500381469727,18.049999237060547,17.71500015258789,18.03499984741211,19362800,V
2010-08-09,18.280000686645508,18.717500686645508,18.202499389648438,18.684999465942383,28612400,V
2010-08-10,18.514999389648438,18.9325008392334,18.514999389648438,18.8174991607666,31068400,V
2010-08-11,18.5,18.587499618530273,18.25,18.377500534057617,23113600,V
2010-08-12,18.19499969482422,18.547500610351562,18.13249969482422,18.2450008392334,24677200,V
2010-08-13,18.235000610351562,18.280000686645508,18.037500381469727,18.05500030517578,14566800,V
2010-08-16,18.020000457763672,18.309999465942383,17.950000762939453,18.207500457763672,10700800,V
2010-08-17,18.362499237060547,18.4424991607666,18.110000610351562,18.34000015258789,13334000,V
2010-08-18,18.270000457763672,18.344999313354492,18.1299991607666,18.219999313354492,12232000,V
2010-08-19,18.104999542236328,18.1825008392334,17.875,17.907499313354492,18442400,V
2010-08-20,17.822500228881836,17.897499084472656,17.395000457763672,17.524999618530273,31538400,V
2010-08-23,17.637500762939453,17.825000762939453,17.399999618530273,17.530000686645508,18389600,V
2010-08-24,17.377500534057617,17.74250030517578,17.25,17.665000915527344,26747600,V
2010-08-25,17.577499389648438,18.03499984741211,17.5674991607666,17.71500015258789,22398800,V
2010-08-26,17.802499771118164,17.850000381469727,17.469999313354492,17.477500915527344,14099200,V
2010-08-27,17.59749984741211,17.782499313354492,17.399999618530273,17.77750015258789,15654000,V
2010-08-30,17.74250030517578,17.850000381469727,17.385000228881836,17.385000228881836,14000000,V
2010-08-31,17.385000228881836,17.524999618530273,17.002500534057617,17.2450008392334,23217200,V
2010-09-01,17.457500457763672,17.684999465942383,17.267499923706055,17.63249969482422,17290400,V
2010-09-02,17.7450008392334,18.0625,17.665000915527344,17.9950008392334,16776800,V
2010-09-03,18.25,18.28499984741211,18.020000457763672,18.125,14072000,V
2010-09-07,17.967500686645508,18.2450008392334,17.834999084472656,17.875,14419200,V
2010-09-08,17.587499618530273,17.667499542236328,17.075000762939453,17.137500762939453,45012000,V
2010-09-09,17.19499969482422,17.24250030517578,16.517499923706055,16.69499969482422,53064000,V
2010-09-10,16.709999084472656,17.1200008392334,16.670000076293945,17.022499084472656,31392000,V
2010-09-13,17.0,17.0,16.225000381469727,16.3700008392334,60549200,V
2010-09-14,16.407499313354492,16.987499237060547,16.387500762939453,16.780000686645508,39616000,V
2010-09-15,16.93000030517578,17.375,16.899999618530273,17.232500076293945,43076400,V
2010-09-16,17.202499389648438,17.302499771118164,17.014999389648438,17.094999313354492,29800400,V
2010-09-17,17.1924991607666,17.25,17.047500610351562,17.122499465942383,41961600,V
2010-09-20,17.125,17.579999923706055,17.017499923706055,17.577499389648438,29386800,V
2010-09-21,17.612499237060547,17.77750015258789,17.3799991607666,17.485000610351562,25300000,V
2010-09-22,17.520000457763672,17.717500686645508,17.487499237060547,17.655000686645508,25826400,V
2010-09-23,17.512500762939453,17.864999771118164,17.475000381469727,17.7450008392334,26984000,V
2010-09-24,17.9375,18.092500686645508,17.84000015258789,18.092500686645508,21028800,V
2010-09-27,18.1924991607666,18.372499465942383,17.975000381469727,18.25,20098400,V
2010-09-28,18.232500076293945,18.399999618530273,18.137500762939453,18.3174991607666,29212800,V
2010-09-29,18.252500534057617,18.625,18.219999313354492,18.602500915527344,27882000,V
2010-09-30,18.684999465942383,18.74250030517578,18.452499389648438,18.565000534057617,23144000,V
2010-10-01,18.684999465942383,18.6924991607666,18.292499542236328,18.329999923706055,18121600,V
2010-10-04,18.315000534057617,18.59000015258789,18.145000457763672,18.309999465942383,23152000,V
2010-10-05,18.530000686645508,18.747499465942383,18.415000915527344,18.747499465942383,20658000,V
2010-10-06,18.764999389648438,18.875,18.450000762939453,18.5575008392334,15120800,V
2010-10-07,18.56999969482422,18.697500228881836,18.385000228881836,18.40250015258789,9975200,V
2010-10-08,18.422500610351562,18.512500762939453,18.292499542236328,18.5,9381600,V
2010-10-11,18.462499618530273,18.697500228881836,18.457500457763672,18.572500228881836,10399200,V
2010-10-12,18.530000686645508,18.63249969482422,18.389999389648438,18.5625,13899200,V
2010-10-13,18.677499771118164,19.25,18.575000762939453,19.235000610351562,29848000,V
2010-10-14,19.165000915527344,19.4325008392334,19.072500228881836,19.292499542236328,21303200,V
2010-10-15,19.440000534057617,19.475000381469727,19.155000686645508,19.399999618530273,14348000,V
2010-10-18,19.377500534057617,19.592500686645508,19.1875,19.59000015258789,20168800,V
2010-10-19,19.40250015258789,19.889999389648438,19.309999465942383,19.387500762939453,28970400,V
2010-10-20,19.440000534057617,19.982500076293945,19.315000534057617,19.8799991607666,19824000,V
2010-10-21,19.862499237060547,20.219999313354492,19.645000457763672,19.799999237060547,19506400,V
2010-10-22,19.787500381469727,19.967500686645508,19.677499771118164,19.822500228881836,14815600,V
2010-10-25,20.002500534057617,20.177499771118164,19.912500381469727,20.157499313354492,16515600,V
2010-10-26,20.045000076293945,20.082500457763672,19.844999313354492,20.00749969482422,15630400,V
2010-10-27,20.072500228881836,20.149999618530273,19.790000915527344,19.979999542236328,20665600,V
2010-10-28,19.834999084472656,19.875,18.829999923706055,19.112499237060547,44460800,V
2010-10-29,19.100000381469727,19.607500076293945,19.084999084472656,19.540000915527344,22865200,V
2010-11-01,19.645000457763672,19.69499969482422,19.174999237060547,19.329999923706055,13677200,V
2010-11-02,19.540000915527344,19.667499542236328,19.3700008392334,19.604999542236328,15381600,V
2010-11-03,19.642499923706055,19.80500030517578,19.5,19.75,14124400,V
2010-11-04,19.927499771118164,20.024999618530273,19.764999389648438,19.997499465942383,20202000,V
2010-11-05,20.0674991607666,20.11750030517578,19.787500381469727,19.950000762939453,23766400,V
2010-11-08,19.850000381469727,19.957500457763672,19.649999618530273,19.677499771118164,12224800,V
2010-11-09,19.747499465942383,19.875,19.510000228881836,19.579999923706055,10806400,V
2010-11-10,19.625,19.827499389648438,19.502500534057617,19.822500228881836,11910800,V
2010-11-11,19.727500915527344,19.872499465942383,19.510000228881836,19.80500030517578,9205200,V
2010-11-12,19.642499923706055,19.702499389648438,19.227500915527344,19.235000610351562,13316000,V
2010-11-15,19.3799991607666,19.46500015258789,19.079999923706055,19.09000015258789,13310000,V
2010-11-16,18.889999389648438,19.075000762939453,18.565000534057617,18.747499465942383,20359200,V
2010-11-17,18.725000381469727,19.087499618530273,18.71500015258789,18.9325008392334,14880000,V
2010-11-18,19.0674991607666,19.274999618530273,19.042499542236328,19.235000610351562,17200800,V
2010-11-19,19.200000762939453,19.389999389648438,19.190000534057617,19.262500762939453,10312000,V
2010-11-22,19.167499542236328,19.2450008392334,18.81999969482422,18.864999771118164,19955600,V
2010-11-23,18.75,18.787500381469727,18.627500534057617,18.662500381469727,14625600,V
2010-11-24,18.877500534057617,19.0,18.787500381469727,18.954999923706055,17354800,V
2010-11-26,18.825000762939453,18.947500228881836,18.8075008392334,18.8700008392334,4349600,V
2010-11-29,18.8075008392334,18.8075008392334,18.229999542236328,18.547500610351562,21576400,V
2010-11-30,18.385000228881836,18.56999969482422,18.3125,18.462499618530273,18542000,V
2010-12-01,18.735000610351562,18.8700008392334,18.612499237060547,18.80500030517578,22343200,V
2010-12-02,18.892499923706055,19.267499923706055,18.877500534057617,19.25,26758800,V
2010-12-03,19.1825008392334,19.385000228881836,19.05500030517578,19.337499618530273,20678400,V
2010-12-06,19.325000762939453,19.587499618530273,19.287500381469727,19.577499389648438,18351200,V
2010-12-07,19.747499465942383,19.9424991607666,19.202499389648438,19.219999313354492,25374800,V
2010-12-08,19.25,19.537500381469727,19.25,19.485000610351562,14308800,V
2010-12-09,19.537500381469727,19.797500610351562,19.325000762939453,19.780000686645508,14858400,V
2010-12-10,19.75749969482422,20.059999465942383,19.75749969482422,20.049999237060547,23734800,V
2010-12-13,20.075000762939453,20.4375,19.875,20.22249984741211,40988400,V
2010-12-14,20.1924991607666,20.297500610351562,20.037500381469727,20.15999984741211,24787600,V
2010-12-15,20.047500610351562,20.094999313354492,19.1875,19.235000610351562,45802000,V
2010-12-16,19.295000076293945,19.875,16.647499084472656,16.797500610351562,202230800,V
2010-12-17,17.075000762939453,17.145000457763672,16.625,16.725000381469727,167890800,V
2010-12-20,16.875,17.05500030517578,16.75,16.997499465942383,64190800,V
2010-12-21,17.170000076293945,17.212499618530273,16.969999313354492,17.012500762939453,43468400,V
2010-12-22,17.0674991607666,17.1924991607666,17.014999389648438,17.137500762939453,23286800,V
2010-12-23,17.082500457763672,17.232500076293945,17.065000534057617,17.1825008392334,16600800,V
2010-12-27,17.170000076293945,17.792499542236328,17.162500381469727,17.702499389648438,31037600,V
2010-12-28,17.84000015258789,17.950000762939453,17.625,17.6825008392334,19129600,V
2010-12-29,17.727500915527344,17.795000076293945,17.582500457763672,17.649999618530273,12998000,V
2010-12-30,17.68000030517578,17.6875,17.530000686645508,17.572500228881836,11019200,V
2010-12-31,17.56999969482422,17.61750030517578,17.487499237060547,17.594999313354492,11102000,V
2011-01-03,17.600000381469727,17.729999542236328,17.547500610351562,17.6299991607666,25710000,V
2011-01-04,17.732500076293945,17.737499237060547,17.565000534057617,17.649999618530273,18138000,V
2011-01-05,17.709999084472656,18.082500457763672,17.670000076293945,18.022499084472656,38512800,V
2011-01-06,18.1825008392334,18.387500762939453,18.127500534057617,18.292499542236328,28358800,V
2011-01-07,18.360000610351562,18.387500762939453,18.125,18.239999771118164,28248400,V
2011-01-10,18.174999237060547,18.309999465942383,17.94499969482422,17.952499389648438,18202400,V
2011-01-11,18.012500762939453,18.1299991607666,17.887500762939453,17.969999313354492,20593600,V
2011-01-12,18.0,18.157499313354492,17.997499465942383,18.15250015258789,18545200,V
2011-01-13,18.282499313354492,18.31999969482422,17.729999542236328,17.78499984741211,28109600,V
2011-01-14,17.8174991607666,17.887500762939453,17.684999465942383,17.780000686645508,25165600,V
2011-01-18,17.8174991607666,17.837499618530273,17.684999465942383,17.802499771118164,19341600,V
2011-01-19,17.739999771118164,17.760000228881836,17.112499237060547,17.280000686645508,42852800,V
2011-01-20,17.172500610351562,17.885000228881836,16.877500534057617,17.672500610351562,81365200,V
2011-01-21,17.627500534057617,17.75,17.477500915527344,17.537500381469727,24783600,V
2011-01-24,17.5575008392334,17.957500457763672,17.545000076293945,17.947500228881836,22922000,V
2011-01-25,17.792499542236328,18.094999313354492,17.577499389648438,17.895000457763672,30279600,V
2011-01-26,17.975000381469727,18.03499984741211,17.737499237060547,17.75,17839600,V
2011-01-27,17.764999389648438,17.80500030517578,17.627500534057617,17.649999618530273,19417200,V
2011-01-28,17.700000762939453,17.732500076293945,17.354999542236328,17.364999771118164,25048400,V
2011-01-31,17.475000381469727,17.59000015258789,17.337499618530273,17.462499618530273,24602800,V
2011-02-01,17.552499771118164,17.9325008392334,17.552499771118164,17.674999237060547,25448800,V
2011-02-02,17.767499923706055,18.022499084472656,17.6875,18.022499084472656,27162400,V
2011-02-03,17.9325008392334,18.1200008392334,17.75,17.907499313354492,33462800,V
2011-02-04,17.9950008392334,18.25,17.899999618530273,18.225000381469727,28833600,V
2011-02-07,18.2450008392334,18.53499984741211,18.229999542236328,18.482500076293945,22240400,V
2011-02-08,18.49250030517578,18.645000457763672,18.454999923706055,18.642499923706055,15376000,V
2011-02-09,18.44499969482422,18.68000030517578,18.274999618530273,18.31999969482422,18674400,V
2011-02-10,18.225000381469727,18.787500381469727,18.225000381469727,18.684999465942383,24752400,V
2011-02-11,18.649999618530273,18.782499313354492,18.56999969482422,18.732500076293945,17280400,V
2011-02-14,18.747499465942383,19.235000610351562,18.625,18.934999465942383,28970800,V
2011-02-15,18.927499771118164,18.977500915527344,18.772499084472656,18.90250015258789,15855200,V
2011-02-16,18.934999465942383,19.052499771118164,18.864999771118164,18.989999771118164,20147200,V
2011-02-17,18.9375,19.18000030517578,18.862499237060547,19.03499984741211,23475600,V
2011-02-18,19.145000457763672,19.270000457763672,18.892499923706055,18.957500457763672,26009600,V
2011-02-22,18.584999084472656,18.774999618530273,18.27750015258789,18.434999465942383,31588800,V
2011-02-23,18.40999984741211,18.637500762939453,18.19499969482422,18.219999313354492,28714800,V
2011-02-24,18.165000915527344,18.559999465942383,18.157499313354492,18.477500915527344,19613200,V
2011-02-25,18.545000076293945,18.850000381469727,18.545000076293945,18.670000076293945,24869600,V
2011-02-28,18.71500015258789,18.8174991607666,18.25749969482422,18.262500762939453,24857200,V
2011-03-01,18.467500686645508,18.719999313354492,18.127500534057617,18.174999237060547,26993600,V
2011-03-02,18.145000457763672,18.55500030517578,18.127500534057617,18.49250030517578,21544000,V
2011-03-03,18.674999237060547,18.975000381469727,18.639999389648438,18.957500457763672,20388000,V
2011-03-04,18.96500015258789,18.985000610351562,18.5049991607666,18.672500610351562,19520000,V
2011-03-07,18.649999618530273,18.80500030517578,18.5,18.537500381469727,18637200,V
2011-03-08,18.612499237060547,18.727500915527344,18.327499389648438,18.542499542236328,33497600,V
2011-03-09,18.600000381469727,18.665000915527344,18.325000762939453,18.427499771118164,17861600,V
2011-03-10,18.329999923706055,18.329999923706055,17.8075008392334,17.850000381469727,28557600,V
2011-03-11,17.844999313354492,18.19499969482422,17.80500030517578,18.127500534057617,17335600,V
2011-03-14,17.975000381469727,18.1825008392334,17.907499313354492,17.96500015258789,13971600,V
2011-03-15,17.725000381469727,17.950000762939453,17.612499237060547,17.799999237060547,24180400,V
2011-03-16,17.854999542236328,17.987499237060547,17.670000076293945,17.739999771118164,24056800,V
2011-03-17,17.897499084472656,18.0,17.782499313354492,17.857500076293945,13790400,V
2011-03-18,18.030000686645508,18.03499984741211,17.729999542236328,17.854999542236328,25268400,V
2011-03-21,17.959999084472656,18.079999923706055,17.907499313354492,17.989999771118164,14807600,V
2011-03-22,17.950000762939453,17.989999771118164,17.799999237060547,17.899999618530273,15354400,V
2011-03-23,17.837499618530273,18.092500686645508,17.837499618530273,17.997499465942383,17580000,V
2011-03-24,18.05500030517578,18.212499618530273,17.885000228881836,18.165000915527344,20558800,V
2011-03-25,18.1200008392334,18.227500915527344,18.012500762939453,18.022499084472656,29466800,V
2011-03-28,18.09749984741211,18.274999618530273,17.989999771118164,18.1875,23174800,V
2011-03-29,18.09000015258789,18.11750030517578,17.9375,18.049999237060547,23558400,V
2011-03-30,18.485000610351562,18.834999084472656,18.417499542236328,18.5575008392334,59673200,V
2011-03-31,18.627500534057617,18.729999542236328,18.399999618530273,18.405000686645508,18555200,V
2011-04-01,18.497499465942383,18.61750030517578,18.315000534057617,18.55500030517578,17270000,V
2011-04-04,18.547500610351562,18.8125,18.510000228881836,18.809999465942383,15529200,V
2011-04-05,18.795000076293945,18.979999542236328,18.700000762939453,18.905000686645508,18078800,V
2011-04-06,18.927499771118164,19.0,18.88249969482422,19.0,18132000,V
2011-04-07,19.02750015258789,19.137500762939453,18.93000030517578,19.102500915527344,22079200,V
2011-04-08,19.204999923706055,19.43000030517578,19.079999923706055,19.18000030517578,23977200,V
2011-04-11,19.200000762939453,19.440000534057617,19.174999237060547,19.427499771118164,19004400,V
2011-04-12,19.229999542236328,19.395000457763672,19.1924991607666,19.25749969482422,20512000,V
2011-04-13,19.34000015258789,19.497499465942383,19.299999237060547,19.375,18258400,V
2011-04-14,19.28499984741211,19.315000534057617,19.040000915527344,19.077499389648438,18609200,V
2011-04-15,19.11750030517578,19.25,19.014999389648438,19.11750030517578,20256000,V
2011-04-18,18.895000457763672,19.075000762939453,18.862499237060547,18.920000076293945,15332000,V
2011-04-19,18.872499465942383,18.9950008392334,18.790000915527344,18.979999542236328,14261200,V
2011-04-20,19.15250015258789,19.477500915527344,19.102500915527344,19.342500686645508,14838400,V
2011-04-21,19.34000015258789,19.4950008392334,19.262500762939453,19.4424991607666,10989600,V
2011-04-25,19.4424991607666,19.467500686645508,19.325000762939453,19.440000534057617,7126400,V
2011-04-26,19.450000762939453,19.75,19.350000381469727,19.6924991607666,15200000,V
2011-04-27,19.700000762939453,19.74250030517578,19.47249984741211,19.72249984741211,8982400,V
2011-04-28,19.709999084472656,19.709999084472656,19.387500762939453,19.415000915527344,11416000,V
2011-04-29,19.424999237060547,19.612499237060547,19.389999389648438,19.530000686645508,10877600,V
2011-05-02,19.614999771118164,19.917499542236328,19.614999771118164,19.78499984741211,13503600,V
2011-05-03,19.907499313354492,20.042499542236328,19.825000762939453,20.0,18944800,V
2011-05-04,19.962499618530273,20.037500381469727,19.762500762939453,19.9424991607666,17334400,V
2011-05-05,19.774999618530273,19.842500686645508,19.549999237060547,19.674999237060547,20991600,V
2011-05-06,19.625,19.96500015258789,19.5674991607666,19.852500915527344,29754400,V
2011-05-09,19.782499313354492,19.9950008392334,19.760000228881836,19.96500015258789,19093200,V
2011-05-10,19.99250030517578,20.174999237060547,19.93000030517578,20.087499618530273,19706400,V
2011-05-11,20.05500030517578,20.0625,19.737499237060547,19.834999084472656,17667600,V
2011-05-12,19.772499084472656,20.012500762939453,19.770000457763672,19.982500076293945,25078400,V
2011-05-13,20.0,20.045000076293945,19.924999237060547,19.977500915527344,21474000,V
2011-05-16,19.787500381469727,20.325000762939453,19.780000686645508,19.985000610351562,18763200,V
2011-05-17,19.950000762939453,20.200000762939453,19.9375,20.149999618530273,22112000,V
2011-05-18,20.107500076293945,20.107500076293945,19.8700008392334,20.002500534057617,20127200,V
2011-05-19,20.032499313354492,20.03499984741211,19.852500915527344,19.90999984741211,14941200,V
2011-05-20,19.834999084472656,19.959999084472656,19.5575008392334,19.5575008392334,17216000,V
2011-05-23,19.272499084472656,19.434999465942383,19.149999618530273,19.229999542236328,18258400,V
2011-05-24,19.252500534057617,19.44499969482422,19.165000915527344,19.399999618530273,14828400,V
2011-05-25,19.239999771118164,19.770000457763672,19.15250015258789,19.6875,18002800,V
2011-05-26,19.642499923706055,19.84000015258789,19.40999984741211,19.822500228881836,21110800,V
2011-05-27,19.665000915527344,19.959999084472656,19.592500686645508,19.950000762939453,15344800,V
2011-05-31,20.0049991607666,20.27750015258789,20.002500534057617,20.264999389648438,15274400,V
2011-06-01,20.190000534057617,20.190000534057617,19.795000076293945,19.795000076293945,17732800,V
2011-06-02,19.797500610351562,20.204999923706055,19.787500381469727,20.174999237060547,19466400,V
2011-06-03,19.952499389648438,20.09000015258789,19.739999771118164,19.782499313354492,18954400,V
2011-06-06,19.75,19.892499923706055,19.537500381469727,19.549999237060547,17628000,V
2011-06-07,19.700000762939453,20.032499313354492,19.6299991607666,19.954999923706055,27764800,V
2011-06-08,19.672500610351562,19.672500610351562,18.592500686645508,19.177499771118164,80785200,V
2011-06-09,19.06999969482422,19.1825008392334,18.969999313354492,19.107500076293945,32074000,V
2011-06-10,19.052499771118164,19.077499389648438,18.637500762939453,18.672500610351562,29456800,V
2011-06-13,18.712499618530273,18.78499984741211,18.575000762939453,18.71500015258789,20820000,V
2011-06-14,18.77750015258789,19.0674991607666,18.707500457763672,18.982500076293945,30033600,V
2011-06-15,18.885000228881836,19.00749969482422,18.702499389648438,18.709999084472656,22775600,V
2011-06-16,18.700000762939453,18.844999313354492,18.594999313354492,18.719999313354492,21041600,V
2011-06-17,18.852500915527344,18.872499465942383,18.549999237060547,18.607500076293945,25859200,V
2011-06-20,18.56999969482422,18.584999084472656,18.40999984741211,18.512500762939453,22546800,V
2011-06-21,18.639999389648438,18.797500610351562,18.537500381469727,18.747499465942383,25295200,V
2011-06-22,18.735000610351562,18.99250030517578,18.642499923706055,18.665000915527344,17722000,V
2011-06-23,18.547500610351562,18.850000381469727,18.5,18.827499389648438,20405600,V
2011-06-24,18.827499389648438,18.837499618530273,18.332500457763672,18.342500686645508,39700800,V
2011-06-27,18.447500228881836,18.512500762939453,18.27750015258789,18.47249984741211,20880000,V
2011-06-28,18.56999969482422,18.862499237060547,18.552499771118164,18.81999969482422,23297600,V
2011-06-29,18.979999542236328,21.829999923706055,18.697500228881836,21.642499923706055,132109200,V
2011-06-30,21.532499313354492,21.84000015258789,20.982500076293945,21.065000534057617,119880400,V
2011-07-01,21.024999618530273,22.232500076293945,20.940000534057617,21.99250030517578,61742400,V
2011-07-05,21.739999771118164,22.200000762939453,21.584999084472656,22.079999923706055,33089600,V
2011-07-06,21.959999084472656,22.3075008392334,21.712499618530273,22.049999237060547,33615200,V
2011-07-07,22.049999237060547,22.707500457763672,22.0,22.537500381469727,48524000,V
2011-07-08,22.24250030517578,22.537500381469727,22.100000381469727,22.4325008392334,20818800,V
2011-07-11,22.15250015258789,22.309999465942383,21.920000076293945,21.975000381469727,25733600,V
2011-07-12,22.0049991607666,22.200000762939453,21.897499084472656,21.924999237060547,18421200,V
2011-07-13,22.03499984741211,22.489999771118164,22.0049991607666,22.184999465942383,18855600,V
2011-07-14,22.0625,22.34749984741211,21.94499969482422,21.985000610351562,17211600,V
2011-07-15,22.172500610351562,22.219999313354492,21.927499771118164,22.1875,15998000,V
2011-07-18,22.079999923706055,22.225000381469727,21.927499771118164,22.017499923706055,13515200,V
2011-07-19,22.122499465942383,22.3174991607666,22.049999237060547,22.302499771118164,21594800,V
2011-07-20,22.372499465942383,22.372499465942383,22.05500030517578,22.15999984741211,9474400,V
2011-07-21,22.262500762939453,22.594999313354492,22.010000228881836,22.012500762939453,21060400,V
2011-07-22,22.024999618530273,22.44499969482422,22.024999618530273,22.3799991607666,9035200,V
2011-07-25,22.15999984741211,22.5575008392334,22.092500686645508,22.270000457763672,13357200,V
2011-07-26,22.2549991607666,22.497499465942383,22.174999237060547,22.299999237060547,10704000,V
2011-07-27,22.079999923706055,22.25,21.8125,21.9375,24094800,V
2011-07-28,22.032499313354492,22.24250030517578,21.665000915527344,21.729999542236328,19224800,V
2011-07-29,21.459999084472656,21.559999465942383,20.899999618530273,21.385000228881836,16708400,V
2011-08-01,21.75,21.832500457763672,21.264999389648438,21.420000076293945,13512800,V
2011-08-02,21.25,21.59749984741211,20.889999389648438,20.889999389648438,17327200,V
2011-08-03,21.13249969482422,21.9375,20.952499389648438,21.8700008392334,35308800,V
2011-08-04,21.6924991607666,21.702499389648438,21.219999313354492,21.247499465942383,38827200,V
2011-08-05,21.334999084472656,21.417499542236328,20.219999313354492,20.852500915527344,33626800,V
2011-08-08,20.045000076293945,20.452499389648438,19.520000457763672,19.809999465942383,58529200,V
2011-08-09,20.087499618530273,20.717500686645508,19.02750015258789,20.690000534057617,58702000,V
2011-08-10,20.322500228881836,20.40999984741211,19.7549991607666,19.81999969482422,38429600,V
2011-08-11,20.037500381469727,21.422500610351562,19.924999237060547,21.1299991607666,37359600,V
2011-08-12,21.27750015258789,21.447500228881836,20.857500076293945,20.957500457763672,16598800,V
2011-08-15,21.27750015258789,21.5575008392334,21.127500534057617,21.467500686645508,18328800,V
2011-08-16,21.25,21.592500686645508,21.15250015258789,21.457500457763672,20360000,V
2011-08-17,21.46500015258789,21.53499984741211,20.832500457763672,20.997499465942383,19090000,V
2011-08-18,20.377500534057617,20.6875,19.987499237060547,20.072500228881836,32999600,V
2011-08-19,19.832500457763672,20.420000076293945,19.832500457763672,19.899999618530273,31170000,V
2011-08-22,20.3075008392334,20.375,19.8125,19.947500228881836,19341200,V
2011-08-23,20.05500030517578,20.947500228881836,19.94499969482422,20.9424991607666,20076000,V
2011-08-24,20.899999618530273,21.645000457763672,20.77750015258789,21.594999313354492,29150800,V
2011-08-25,21.61750030517578,21.732500076293945,20.985000610351562,21.02750015258789,24273200,V
2011-08-26,20.877500534057617,21.487499237060547,20.667499542236328,21.462499618530273,21498800,V
2011-08-29,21.7450008392334,21.982500076293945,21.517499923706055,21.645000457763672,18568800,V
2011-08-30,21.655000686645508,22.082500457763672,21.575000762939453,21.982500076293945,16622800,V
2011-08-31,22.125,22.212499618530273,21.6875,21.969999313354492,24092800,V
2011-09-01,21.93000030517578,22.239999771118164,21.75749969482422,21.9325008392334,20800800,V
2011-09-02,21.43000030517578,21.780000686645508,21.274999618530273,21.387500762939453,15807200,V
2011-09-06,20.8125,21.5625,20.8125,21.46500015258789,15809200,V
2011-09-07,21.704999923706055,22.13249969482422,21.674999237060547,22.1200008392334,16552800,V
2011-09-08,21.940000534057617,22.274999618530273,21.860000610351562,21.864999771118164,18386400,V
2011-09-09,21.719999313354492,22.102500915527344,21.489999771118164,21.587499618530273,26492400,V
2011-09-12,21.43000030517578,21.8700008392334,21.372499465942383,21.862499237060547,19608400,V
2011-09-13,21.915000915527344,21.977500915527344,21.665000915527344,21.9424991607666,17469600,V
2011-09-14,22.0575008392334,22.549999237060547,21.889999389648438,22.395000457763672,26147200,V
2011-09-15,22.502500534057617,22.649999618530273,22.087499618530273,22.625,21478400,V
2011-09-16,22.655000686645508,22.8799991607666,22.407499313354492,22.712499618530273,50275200,V
2011-09-19,22.36750030517578,22.667499542236328,22.167499542236328,22.50749969482422,22088000,V
2011-09-20,22.600000381469727,23.6875,22.565000534057617,23.209999084472656,36064000,V
2011-09-21,23.15999984741211,23.532499313354492,22.850000381469727,22.854999542236328,28070400,V
2011-09-22,22.184999465942383,22.5,21.547500610351562,22.075000762939453,35689200,V
2011-09-23,21.989999771118164,22.732500076293945,21.989999771118164,22.520000457763672,21526000,V
2011-09-26,22.747499465942383,22.8799991607666,22.042499542236328,22.56999969482422,19095600,V
2011-09-27,22.782499313354492,22.924999237060547,22.280000686645508,22.3700008392334,20066800,V
2011-09-28,22.450000762939453,22.462499618530273,21.864999771118164,21.907499313354492,17090400,V
2011-09-29,22.24250030517578,22.24250030517578,21.5,21.922500610351562,15552000,V
2011-09-30,21.55500030517578,21.905000686645508,21.3125,21.43000030517578,17952400,V
2011-10-03,21.24250030517578,21.65999984741211,21.05500030517578,21.065000534057617,26223600,V
2011-10-04,20.760000228881836,21.272499084472656,20.427499771118164,21.19499969482422,31600000,V
2011-10-05,21.149999618530273,21.362499237060547,20.80500030517578,21.247499465942383,25114000,V
2011-10-06,21.219999313354492,21.81999969482422,21.104999542236328,21.782499313354492,19486000,V
2011-10-07,21.857500076293945,22.0,21.4424991607666,21.5625,17553200,V
2011-10-10,21.947500228881836,22.322500228881836,21.850000381469727,22.3125,13322400,V
2011-10-11,22.177499771118164,22.71500015258789,22.112499237060547,22.627500534057617,17626800,V
2011-10-12,22.7450008392334,23.082500457763672,22.677499771118164,22.792499542236328,19065200,V
2011-10-13,22.625,23.232500076293945,22.614999771118164,23.149999618530273,13193600,V
2011-10-14,23.354999542236328,23.662500381469727,23.292499542236328,23.479999542236328,15800400,V
2011-10-17,23.282499313354492,23.479999542236328,22.75749969482422,22.797500610351562,13842800,V
2011-10-18,22.77750015258789,23.625,22.647499084472656,23.477500915527344,14400000,V
2011-10-19,23.552499771118164,23.6200008392334,22.469999313354492,22.520000457763672,21662400,V
2011-10-20,22.700000762939453,22.99250030517578,22.5674991607666,22.837499618530273,17646400,V
2011-10-21,23.122499465942383,23.357500076293945,22.975000381469727,23.357500076293945,14128800,V
2011-10-24,23.322500228881836,23.602500915527344,23.297500610351562,23.552499771118164,12138400,V
2011-10-25,23.375,23.407499313354492,22.637500762939453,22.670000076293945,16824000,V
2011-10-26,23.03499984741211,23.1825008392334,22.399999618530273,23.0049991607666,26746400,V
2011-10-27,22.75,23.622499465942383,22.649999618530273,23.600000381469727,41568000,V
2011-10-28,23.3125,23.9375,23.3125,23.774999618530273,23299600,V
2011-10-31,23.56999969482422,23.967500686645508,23.309999465942383,23.315000534057617,17826000,V
2011-11-01,22.790000915527344,23.114999771118164,22.5,22.50749969482422,30528400,V
2011-11-02,23.260000228881836,23.497499465942383,22.780000686645508,22.875,24565200,V
2011-11-03,23.014999389648438,23.450000762939453,22.56999969482422,23.295000076293945,18410800,V
2011-11-04,23.082500457763672,23.407499313354492,22.912500381469727,23.15999984741211,13608400,V
2011-11-07,23.200000762939453,23.332500457763672,22.8799991607666,23.239999771118164,9647200,V
2011-11-08,23.357500076293945,23.665000915527344,23.350000381469727,23.635000228881836,19602000,V
2011-11-09,23.072500228881836,23.524999618530273,23.072500228881836,23.282499313354492,19594800,V
2011-11-10,23.587499618530273,23.587499618530273,23.147499084472656,23.260000228881836,11248800,V
2011-11-11,23.447500228881836,23.912500381469727,23.427499771118164,23.790000915527344,13648400,V
2011-11-14,23.65250015258789,23.93000030517578,23.392499923706055,23.454999923706055,10432000,V
2011-11-15,23.5049991607666,23.954999923706055,23.462499618530273,23.907499313354492,14153200,V
2011-11-16,23.637500762939453,23.75,23.292499542236328,23.350000381469727,12999600,V
2011-11-17,23.422500610351562,23.502500534057617,22.71500015258789,22.850000381469727,17227200,V
2011-11-18,22.8799991607666,22.912500381469727,22.607500076293945,22.702499389648438,12906000,V
2011-11-21,22.415000915527344,22.967500686645508,22.274999618530273,22.802499771118164,15844400,V
2011-11-22,22.737499237060547,23.047500610351562,22.657499313354492,22.709999084472656,13469600,V
2011-11-23,22.59000015258789,22.940000534057617,22.299999237060547,22.322500228881836,21064400,V
2011-11-25,22.260000228881836,22.59749984741211,22.19499969482422,22.2549991607666,6933600,V
2011-11-28,22.917499542236328,23.4375,22.782499313354492,23.36750030517578,14792400,V
2011-11-29,23.36750030517578,23.375,23.135000228881836,23.225000381469727,14513600,V
2011-11-30,23.712499618530273,24.25749969482422,23.65999984741211,24.24250030517578,21504000,V
2011-12-01,23.979999542236328,24.565000534057617,23.9375,24.440000534057617,19042400,V
2011-12-02,24.59749984741211,24.649999618530273,24.200000762939453,24.299999237060547,12928000,V
2011-12-05,24.56999969482422,24.572500228881836,23.799999237060547,24.014999389648438,16731600,V
2011-12-06,24.010000228881836,24.06999969482422,23.770000457763672,23.842500686645508,14135200,V
2011-12-07,23.8174991607666,24.362499237060547,23.762500762939453,24.267499923706055,16055200,V
2011-12-08,24.235000610351562,24.467500686645508,23.897499084472656,23.950000762939453,14238000,V
2011-12-09,24.157499313354492,24.364999771118164,23.877500534057617,24.297500610351562,11974000,V
2011-12-12,24.15999984741211,24.350000381469727,23.957500457763672,24.229999542236328,13644400,V
2011-12-13,24.360000610351562,24.385000228881836,23.88249969482422,23.977500915527344,13564000,V
2011-12-14,23.927499771118164,24.184999465942383,23.762500762939453,24.09000015258789,19150800,V
2011-12-15,24.329999923706055,24.329999923706055,23.892499923706055,23.954999923706055,21020000,V
2011-12-16,24.167499542236328,24.4375,24.102500915527344,24.360000610351562,17556800,V
2011-12-19,24.377500534057617,24.842500686645508,24.377500534057617,24.645000457763672,23541200,V
2011-12-20,24.88249969482422,25.375,24.84000015258789,25.337499618530273,27454400,V
2011-12-21,25.27750015258789,25.315000534057617,24.875,25.18000030517578,15244000,V
2011-12-22,25.15250015258789,25.49250030517578,25.024999618530273,25.135000228881836,13439200,V
2011-12-23,25.232500076293945,25.625,25.127500534057617,25.6200008392334,7803200,V
2011-12-27,25.622499465942383,25.862499237060547,25.477500915527344,25.477500915527344,8719200,V
2011-12-28,25.422500610351562,25.5,25.149999618530273,25.18000030517578,9969600,V
2011-12-29,25.25,25.8125,25.204999923706055,25.787500381469727,8637600,V
2011-12-30,25.792499542236328,25.799999237060547,25.372499465942383,25.38249969482422,8586800,V
2012-01-03,25.850000381469727,25.850000381469727,25.462499618530273,25.747499465942383,16829200,V
2012-01-04,25.422500610351562,25.614999771118164,25.0,25.287500381469727,16522000,V
2012-01-05,25.177499771118164,25.552499771118164,24.915000915527344,25.477500915527344,12096400,V
2012-01-06,25.489999771118164,25.55500030517578,25.05500030517578,25.177499771118164,13089200,V
2012-01-09,25.252500534057617,25.295000076293945,24.69499969482422,24.975000381469727,18002400,V
2012-01-10,25.217500686645508,25.237499237060547,24.862499237060547,24.950000762939453,18711600,V
2012-01-11,24.7450008392334,24.875,24.582500457763672,24.77750015258789,19016000,V
2012-01-12,24.844999313354492,25.420000076293945,24.844999313354492,25.334999084472656,16708800,V
2012-01-13,25.18000030517578,25.447500228881836,25.06999969482422,25.184999465942383,16623200,V
2012-01-17,25.325000762939453,25.735000610351562,25.297500610351562,25.63249969482422,17018800,V
2012-01-18,25.540000915527344,25.969999313354492,25.52750015258789,25.94499969482422,11752400,V
2012-01-19,26.040000915527344,26.049999237060547,25.5625,25.592500686645508,14567600,V
2012-01-20,25.59749984741211,25.6299991607666,24.950000762939453,25.145000457763672,20032800,V
2012-01-23,25.1875,25.22249984741211,24.700000762939453,24.899999618530273,16166400,V
2012-01-24,24.762500762939453,25.3174991607666,24.747499465942383,25.252500534057617,12140800,V
2012-01-25,25.15250015258789,25.24250030517578,24.950000762939453,25.139999389648438,15088400,V
2012-01-26,25.18000030517578,25.537500381469727,24.9950008392334,25.21500015258789,13939200,V
2012-01-27,25.102500915527344,25.38249969482422,24.975000381469727,25.262500762939453,11362800,V
2012-01-30,25.03499984741211,25.1299991607666,24.875,24.969999313354492,12476000,V
2012-01-31,25.122499465942383,25.19499969482422,24.957500457763672,25.15999984741211,13240400,V
2012-02-01,25.295000076293945,25.674999237060547,25.149999618530273,25.627500534057617,15376800,V
2012-02-02,25.94499969482422,26.780000686645508,25.897499084472656,26.514999389648438,33740400,V
2012-02-03,26.697500228881836,26.954999923706055,26.647499084472656,26.75749969482422,16533200,V
2012-02-06,26.735000610351562,27.0674991607666,26.700000762939453,26.84000015258789,13349600,V
2012-02-07,26.864999771118164,26.887500762939453,26.514999389648438,26.7450008392334,13045600,V
2012-02-08,26.9424991607666,27.15999984741211,26.7549991607666,27.087499618530273,22742000,V
2012-02-09,28.264999389648438,28.725000381469727,28.012500762939453,28.104999542236328,39601200,V
2012-02-10,27.947500228881836,28.5,27.850000381469727,28.475000381469727,21888800,V
2012-02-13,28.5625,28.792499542236328,28.09000015258789,28.177499771118164,22078400,V
2012-02-14,28.02750015258789,28.8125,28.022499084472656,28.809999465942383,17960800,V
2012-02-15,29.05500030517578,29.287500381469727,28.65999984741211,28.774999618530273,21701200,V
2012-02-16,28.864999771118164,28.9325008392334,28.399999618530273,28.450000762939453,15971600,V
2012-02-17,28.602500915527344,28.8125,28.450000762939453,28.752500534057617,15512800,V
2012-02-21,28.815000534057617,29.0,28.462499618530273,28.549999237060547,10819600,V
2012-02-22,28.447500228881836,29.1875,28.325000762939453,29.09000015258789,14381200,V
2012-02-23,29.09000015258789,29.200000762939453,28.915000915527344,29.1200008392334,10890800,V
2012-02-24,29.122499465942383,29.4424991607666,28.975000381469727,29.385000228881836,11094000,V
2012-02-27,29.267499923706055,29.325000762939453,29.075000762939453,29.21500015258789,15812800,V
2012-02-28,29.290000915527344,29.74250030517578,29.262500762939453,29.737499237060547,11937200,V
2012-02-29,29.7549991607666,29.84000015258789,29.002500534057617,29.092500686645508,15217600,V
2012-03-01,29.362499237060547,29.497499465942383,29.137500762939453,29.295000076293945,11174000,V
2012-03-02,29.127500534057617,29.24250030517578,28.899999618530273,29.040000915527344,12213600,V
2012-03-05,29.040000915527344,29.207500457763672,28.975000381469727,29.059999465942383,10153600,V
2012-03-06,28.80500030517578,28.875,28.385000228881836,28.709999084472656,13302000,V
2012-03-07,28.93000030517578,29.024999618530273,28.739999771118164,28.90999984741211,10694000,V
2012-03-08,29.170000076293945,29.545000076293945,29.010000228881836,29.49250030517578,9520400,V
2012-03-09,29.517499923706055,29.59749984741211,29.252500534057617,29.292499542236328,8457600,V
2012-03-12,29.2549991607666,29.387500762939453,29.017499923706055,29.13249969482422,7709200,V
2012-03-13,29.227500915527344,29.352500915527344,28.920000076293945,29.3174991607666,12785600,V
2012-03-14,29.327499389648438,29.47249984741211,29.11750030517578,29.1875,14996000,V
2012-03-15,29.155000686645508,29.36750030517578,29.075000762939453,29.25,13293200,V
2012-03-16,29.357500076293945,29.375,29.0674991607666,29.170000076293945,16006400,V
2012-03-19,29.110000610351562,29.93000030517578,29.037500381469727,29.709999084472656,15918400,V
2012-03-20,29.537500381469727,29.649999618530273,29.0,29.1299991607666,10588000,V
2012-03-21,29.272499084472656,29.412500381469727,29.145000457763672,29.1875,8427200,V
2012-03-22,29.037500381469727,29.375,29.0,29.31999969482422,9368000,V
2012-03-23,29.377500534057617,29.75,29.225000381469727,29.69499969482422,10151200,V
2012-03-26,29.84000015258789,30.174999237060547,29.3125,30.014999389648438,16363600,V
2012-03-27,29.9950008392334,30.06999969482422,29.887500762939453,29.952499389648438,10662000,V
2012-03-28,29.920000076293945,30.075000762939453,29.627500534057617,29.837499618530273,8992000,V
2012-03-29,29.635000228881836,29.795000076293945,29.387500762939453,29.75,8691200,V
2012-03-30,29.772499084472656,29.799999237060547,29.399999618530273,29.5,12002000,V
2012-04-02,29.5,29.975000381469727,29.274999618530273,29.7450008392334,11777600,V
2012-04-03,29.709999084472656,30.147499084472656,29.592500686645508,30.09000015258789,15691600,V
2012-04-04,29.872499465942383,29.920000076293945,29.549999237060547,29.7450008392334,10308800,V
2012-04-05,29.579999923706055,30.287500381469727,29.517499923706055,30.252500534057617,13395600,V
2012-04-09,29.915000915527344,30.087499618530273,29.677499771118164,29.875,13295600,V
2012-04-10,29.8700008392334,29.9424991607666,29.147499084472656,29.184999465942383,10679200,V
2012-04-11,29.5049991607666,29.737499237060547,29.24250030517578,29.344999313354492,14171200,V
2012-04-12,29.36750030517578,30.290000915527344,29.297500610351562,30.2549991607666,17164000,V
2012-04-13,30.100000381469727,30.920000076293945,30.077499389648438,30.790000915527344,21497200,V
2012-04-16,30.760000228881836,30.762500762939453,30.010000228881836,30.207500457763672,18308400,V
2012-04-17,30.407499313354492,30.625,30.3125,30.520000457763672,10328800,V
2012-04-18,30.40250015258789,30.6200008392334,30.329999923706055,30.44499969482422,8480000,V
2012-04-19,30.3174991607666,30.565000534057617,30.127500534057617,30.297500610351562,8522400,V
2012-04-20,30.454999923706055,30.537500381469727,30.145000457763672,30.252500534057617,7841200,V
2012-04-23,30.0625,30.202499389648438,29.1200008392334,29.524999618530273,17347200,V
2012-04-24,29.587499618530273,29.809999465942383,29.372499465942383,29.732500076293945,9430800,V
2012-04-25,29.934999465942383,30.600000381469727,29.889999389648438,30.447500228881836,12150800,V
2012-04-26,30.47249984741211,30.875,30.377500534057617,30.797500610351562,11107600,V
2012-04-27,30.934999465942383,31.052499771118164,30.71500015258789,30.8799991607666,9787200,V
2012-04-30,31.02750015258789,31.037500381469727,30.577499389648438,30.7450008392334,9375200,V
2012-05-01,30.86750030517578,31.337499618530273,30.760000228881836,30.772499084472656,17178000,V
2012-05-02,30.40250015258789,30.797500610351562,30.167499542236328,30.547500610351562,25366800,V
2012-05-03,30.502500534057617,30.627500534057617,28.844999313354492,29.102500915527344,47838000,V
2012-05-04,29.05500030517578,29.72249984741211,28.827499389648438,29.447500228881836,23403600,V
2012-05-07,29.239999771118164,29.772499084472656,29.239999771118164,29.627500534057617,13476800,V
2012-05-08,29.524999618530273,29.770000457763672,29.037500381469727,29.53499984741211,14596800,V
2012-05-09,29.327499389648438,29.7450008392334,29.142499923706055,29.354999542236328,17672800,V
2012-05-10,29.575000762939453,29.872499465942383,29.40999984741211,29.542499542236328,13468000,V
2012-05-11,29.34000015258789,29.74250030517578,29.315000534057617,29.479999542236328,8139600,V
2012-05-14,29.207500457763672,29.59000015258789,28.957500457763672,29.18000030517578,16246400,V
2012-05-15,29.112499237060547,29.475000381469727,29.112499237060547,29.15250015258789,12589200,V
2012-05-16,29.200000762939453,29.549999237060547,29.075000762939453,29.38249969482422,17339600,V
2012-05-17,29.25,29.565000534057617,28.752500534057617,28.752500534057617,17814800,V
2012-05-18,28.712499618530273,28.8125,28.125,28.15999984741211,25934800,V
2012-05-21,28.3174991607666,29.079999923706055,28.165000915527344,29.05500030517578,13272000,V
2012-05-22,29.102500915527344,29.8125,29.102500915527344,29.59749984741211,18594400,V
2012-05-23,29.405000686645508,29.864999771118164,29.34749984741211,29.792499542236328,16558000,V
2012-05-24,29.93000030517578,30.25,29.6924991607666,29.9424991607666,12749600,V
2012-05-25,29.84749984741211,30.100000381469727,29.737499237060547,29.842500686645508,11780000,V
2012-05-29,30.037500381469727,30.237499237060547,29.75,30.06999969482422,18006400,V
2012-05-30,29.677499771118164,29.934999465942383,29.364999771118164,29.372499465942383,18346400,V
2012-05-31,29.4375,29.59000015258789,28.68000030517578,28.799999237060547,21004000,V
2012-06-01,28.40999984741211,28.72249984741211,27.985000610351562,28.0625,18650400,V
2012-06-04,28.00749969482422,28.610000610351562,28.0049991607666,28.540000915527344,16646400,V
2012-06-05,28.440000534057617,28.63249969482422,28.28499984741211,28.452499389648438,11374800,V
2012-06-06,28.74250030517578,29.125,28.707500457763672,29.084999084472656,12384000,V
2012-06-07,29.457500457763672,29.5,29.137500762939453,29.202499389648438,9158000,V
2012-06-08,29.09749984741211,29.149999618530273,28.862499237060547,29.145000457763672,10376800,V
2012-06-11,29.3174991607666,29.482500076293945,29.05500030517578,29.087499618530273,10942800,V
2012-06-12,29.102500915527344,29.290000915527344,28.93000030517578,29.290000915527344,10398800,V
2012-06-13,28.950000762939453,29.24250030517578,28.662500381469727,28.725000381469727,14891200,V
2012-06-14,28.815000534057617,29.252500534057617,28.565000534057617,29.122499465942383,13152800,V
2012-06-15,29.342500686645508,29.625,29.232500076293945,29.600000381469727,12551600,V
2012-06-18,29.502500534057617,30.1200008392334,29.364999771118164,30.024999618530273,10931600,V
2012-06-19,30.21500015258789,30.399999618530273,30.125,30.337499618530273,10270400,V
2012-06-20,30.274999618530273,30.647499084472656,30.25749969482422,30.647499084472656,12702800,V
2012-06-21,30.645000457763672,30.717500686645508,29.827499389648438,29.8700008392334,13061200,V
2012-06-22,30.0625,31.237499237060547,29.832500457763672,31.237499237060547,37216000,V
2012-06-25,30.71500015258789,30.822500228881836,30.287500381469727,30.3174991607666,16164000,V
2012-06-26,30.440000534057617,30.979999542236328,30.417499542236328,30.790000915527344,13128800,V
2012-06-27,30.84000015258789,31.030000686645508,30.63249969482422,30.860000610351562,13768400,V
2012-06-28,30.75,30.852500915527344,29.892499923706055,30.3799991607666,11514800,V
2012-06-29,30.815000534057617,31.010000228881836,30.38249969482422,30.907499313354492,15931200,V
2012-07-02,31.065000534057617,31.700000762939453,31.0,31.655000686645508,17042400,V
2012-07-03,31.622499465942383,31.75,31.415000915527344,31.584999084472656,6364400,V
2012-07-05,31.434999465942383,31.86750030517578,31.417499542236328,31.752500534057617,11298000,V
2012-07-06,31.520000457763672,31.6825008392334,31.19499969482422,31.31999969482422,9631200,V
2012-07-09,30.787500381469727,31.012500762939453,30.260000228881836,30.912500381469727,17684000,V
2012-07-10,31.082500457763672,31.1875,30.452499389648438,30.56999969482422,18204000,V
2012-07-11,30.477500915527344,30.5625,29.895000457763672,30.184999465942383,11644000,V
2012-07-12,29.77750015258789,30.857500076293945,29.774999618530273,30.65999984741211,15067600,V
2012-07-13,30.625,31.15999984741211,30.537500381469727,31.022499084472656,12112800,V
2012-07-16,32.04999923706055,32.75,31.467500686645508,31.787500381469727,30607600,V
2012-07-17,32.032501220703125,32.060001373291016,31.510000228881836,32.057498931884766,10766800,V
2012-07-18,31.875,32.20000076293945,31.850000381469727,31.954999923706055,11903600,V
2012-07-19,32.07500076293945,32.157501220703125,31.332500457763672,31.34749984741211,13832400,V
2012-07-20,31.15250015258789,31.545000076293945,30.912500381469727,31.4375,11816800,V
2012-07-23,31.012500762939453,31.264999389648438,30.8125,31.11750030517578,11391200,V
2012-07-24,31.125,31.190000534057617,30.31999969482422,30.662500381469727,13504000,V
2012-07-25,30.844999313354492,31.022499084472656,30.385000228881836,30.549999237060547,15305200,V
2012-07-26,31.24250030517578,32.04750061035156,31.049999237060547,31.6924991607666,21036000,V
2012-07-27,31.732500076293945,32.375,31.424999237060547,32.28499984741211,13937600,V
2012-07-30,32.212501525878906,33.087501525878906,32.1775016784668,32.709999084472656,12652800,V
2012-07-31,32.60749816894531,32.66999816894531,32.125,32.26750183105469,8961600,V
2012-08-01,32.125,32.352500915527344,31.75,31.864999771118164,11612000,V
2012-08-02,31.700000762939453,32.3224983215332,31.547500610351562,32.317501068115234,11112400,V
2012-08-03,32.59000015258789,32.8849983215332,32.21500015258789,32.744998931884766,12934400,V
2012-08-06,32.75,33.14500045776367,32.654998779296875,32.75749969482422,9227600,V
2012-08-07,32.70750045776367,32.85749816894531,32.334999084472656,32.599998474121094,13179200,V
2012-08-08,32.69499969482422,32.880001068115234,32.599998474121094,32.787498474121094,7962800,V
2012-08-09,32.720001220703125,32.74250030517578,31.9375,32.127498626708984,14203600,V
2012-08-10,32.04750061035156,32.3224983215332,32.0,32.272499084472656,5984800,V
2012-08-13,32.15999984741211,32.25,31.850000381469727,32.08000183105469,6454000,V
2012-08-14,32.279998779296875,32.54499816894531,32.1349983215332,32.47249984741211,8732400,V
2012-08-15,32.29499816894531,32.57500076293945,32.147499084472656,32.26499938964844,7735600,V
2012-08-16,32.17499923706055,32.48749923706055,32.17499923706055,32.41999816894531,9121200,V
2012-08-17,32.497501373291016,32.5099983215332,32.0724983215332,32.17250061035156,9582400,V
2012-08-20,32.15250015258789,32.18000030517578,32.0,32.040000915527344,8674400,V
2012-08-21,32.1775016784668,32.3125,31.75,31.8799991607666,7605200,V
2012-08-22,31.717500686645508,32.125,31.6299991607666,32.025001525878906,8866000,V
2012-08-23,31.982500076293945,32.125,31.6875,31.787500381469727,7000000,V
2012-08-24,31.647499084472656,31.7549991607666,31.452499389648438,31.665000915527344,10650800,V
2012-08-27,31.822500228881836,32.03499984741211,31.760000228881836,31.915000915527344,8820400,V
2012-08-28,31.96500015258789,32.060001373291016,31.80500030517578,31.850000381469727,7862800,V
2012-08-29,31.887500762939453,32.01250076293945,31.68000030517578,32.005001068115234,8583600,V
2012-08-30,31.774999618530273,31.774999618530273,31.545000076293945,31.674999237060547,8573600,V
2012-08-31,31.877500534057617,32.092498779296875,31.565000534057617,32.0625,13784000,V
2012-09-04,32.09000015258789,32.287498474121094,31.905000686645508,32.130001068115234,10200800,V
2012-09-05,32.21500015258789,32.25,31.737499237060547,31.90250015258789,12698800,V
2012-09-06,32.04499816894531,32.375,31.950000762939453,32.375,15698400,V
2012-09-07,32.377498626708984,32.4900016784668,32.16749954223633,32.4275016784668,10789200,V
2012-09-10,32.10499954223633,32.470001220703125,32.10499954223633,32.16999816894531,11633600,V
2012-09-11,32.220001220703125,33.11000061035156,32.20249938964844,32.872501373291016,15890400,V
2012-09-12,32.912498474121094,33.369998931884766,32.89500045776367,33.3650016784668,14656000,V
2012-09-13,33.23749923706055,34.162498474121094,33.14500045776367,33.744998931884766,15745200,V
2012-09-14,33.8125,33.82500076293945,33.4375,33.5625,13289600,V
2012-09-17,33.6150016784668,33.712501525878906,33.404998779296875,33.467498779296875,10649200,V
2012-09-18,33.272499084472656,33.462501525878906,33.13249969482422,33.415000915527344,13192400,V
2012-09-19,33.467498779296875,33.880001068115234,33.432498931884766,33.6974983215332,11976800,V
2012-09-20,33.5724983215332,33.709999084472656,33.36750030517578,33.65250015258789,12779600,V
2012-09-21,33.82500076293945,33.98749923706055,33.724998474121094,33.75,29225600,V
2012-09-24,33.52750015258789,33.74250030517578,33.377498626708984,33.435001373291016,10530000,V
2012-09-25,33.459999084472656,33.849998474121094,33.404998779296875,33.63999938964844,15398400,V
2012-09-26,33.53499984741211,33.63999938964844,33.095001220703125,33.130001068115234,10637200,V
2012-09-27,33.1775016784668,33.560001373291016,33.130001068115234,33.477500915527344,8432800,V
2012-09-28,33.494998931884766,33.654998779296875,33.310001373291016,33.56999969482422,9431600,V
2012-10-01,33.717498779296875,34.474998474121094,33.717498779296875,34.182498931884766,14700800,V
2012-10-02,34.147499084472656,34.275001525878906,33.869998931884766,34.0,10041600,V
2012-10-03,34.162498474121094,34.650001525878906,33.997501373291016,34.630001068115234,11717600,V
2012-10-04,34.70000076293945,34.95500183105469,34.54999923706055,34.91749954223633,8475600,V
2012-10-05,35.185001373291016,35.397499084472656,34.875,35.064998626708984,11280800,V
2012-10-08,34.75,34.875,34.63999938964844,34.6775016784668,6803600,V
2012-10-09,34.79249954223633,34.845001220703125,34.18000030517578,34.185001373291016,9978000,V
2012-10-10,34.157501220703125,34.494998931884766,34.08000183105469,34.35499954223633,8050400,V
2012-10-11,34.54999923706055,34.95750045776367,34.54750061035156,34.76250076293945,14057600,V
2012-10-12,34.842498779296875,34.997501373291016,34.60749816894531,34.779998779296875,8116000,V
2012-10-15,34.84000015258789,35.060001373291016,34.650001525878906,34.97249984741211,9694400,V
2012-10-16,35.04999923706055,35.442501068115234,35.005001068115234,35.290000915527344,8324400,V
2012-10-17,35.290000915527344,35.692501068115234,35.20000076293945,35.63999938964844,10126000,V
2012-10-18,35.59000015258789,35.775001525878906,35.282501220703125,35.470001220703125,11241600,V
2012-10-19,35.57749938964844,35.59000015258789,34.939998626708984,34.99250030517578,10134400,V
2012-10-22,34.95249938964844,35.01250076293945,34.50749969482422,34.75,9782800,V
2012-10-23,34.48749923706055,34.494998931884766,33.98249816894531,34.15999984741211,11923200,V
2012-10-24,34.375,34.592498779296875,34.11000061035156,34.122501373291016,11478000,V
2012-10-25,34.45750045776367,34.67499923706055,34.130001068115234,34.38750076293945,15875600,V
2012-10-26,34.45750045776367,34.72249984741211,34.217498779296875,34.57749938964844,12148800,V
2012-10-31,34.400001525878906,34.99250030517578,34.349998474121094,34.689998626708984,14271200,V
2012-11-01,35.20500183105469,36.09000015258789,35.07500076293945,35.970001220703125,21310000,V
2012-11-02,36.01499938964844,36.602500915527344,35.849998474121094,35.849998474121094,18498000,V
2012-11-05,35.6875,35.97249984741211,35.30500030517578,35.375,13864000,V
2012-11-06,35.619998931884766,36.209999084472656,35.474998474121094,35.96500015258789,9089200,V
2012-11-07,35.6349983215332,35.897499084472656,35.38249969482422,35.63999938964844,10431600,V
2012-11-08,35.537498474121094,35.8125,35.470001220703125,35.51499938964844,10133200,V
2012-11-09,35.22999954223633,35.95249938964844,35.06999969482422,35.73249816894531,11799600,V
2012-11-12,35.505001068115234,35.94499969482422,35.505001068115234,35.810001373291016,8943600,V
2012-11-13,35.650001525878906,36.1974983215332,35.61249923706055,35.61249923706055,10149200,V
2012-11-14,35.650001525878906,35.807498931884766,34.912498474121094,34.98749923706055,13608000,V
2012-11-15,35.0,35.119998931884766,34.63249969482422,35.0,13717600,V
2012-11-16,35.005001068115234,35.88750076293945,35.005001068115234,35.6775016784668,16632400,V
2012-11-19,36.0,36.415000915527344,35.915000915527344,36.412498474121094,15120400,V
2012-11-20,36.3849983215332,36.845001220703125,36.290000915527344,36.584999084472656,9566400,V
2012-11-21,36.55500030517578,36.724998474121094,36.435001373291016,36.665000915527344,6565200,V
2012-11-23,36.82500076293945,37.029998779296875,36.599998474121094,37.029998779296875,4454400,V
2012-11-26,36.90250015258789,36.90250015258789,36.60499954223633,36.8125,8623600,V
2012-11-27,36.779998779296875,36.959999084472656,36.58250045776367,36.69499969482422,9981600,V
2012-11-28,36.50749969482422,36.837501525878906,36.47249984741211,36.8224983215332,10358400,V
2012-11-29,36.98249816894531,37.08250045776367,36.810001373291016,37.04499816894531,12572800,V
2012-11-30,37.08000183105469,37.48249816894531,37.002498626708984,37.4275016784668,14048000,V
2012-12-03,37.5,37.68000030517578,37.11000061035156,37.15999984741211,11736800,V
2012-12-04,37.244998931884766,37.3125,36.79999923706055,36.897499084472656,9100800,V
2012-12-05,37.127498626708984,37.127498626708984,36.525001525878906,37.01499938964844,11971200,V
2012-12-06,37.11249923706055,37.224998474121094,36.76499938964844,37.11750030517578,9124000,V
2012-12-07,37.279998779296875,37.31999969482422,36.9474983215332,37.13750076293945,7557200,V
2012-12-10,37.1875,37.317501068115234,37.067501068115234,37.165000915527344,9288800,V
2012-12-11,37.099998474121094,37.58250045776367,37.099998474121094,37.224998474121094,14492800,V
2012-12-12,37.42250061035156,37.45000076293945,36.95750045776367,36.970001220703125,18319600,V
2012-12-13,37.02750015258789,37.275001525878906,36.72249984741211,36.79999923706055,13042800,V
2012-12-14,36.720001220703125,36.92250061035156,36.5625,36.70500183105469,9579200,V
2012-12-17,36.74250030517578,37.282501220703125,36.724998474121094,37.282501220703125,13903200,V
2012-12-18,37.252498626708984,37.88750076293945,37.17499923706055,37.68000030517578,11869600,V
2012-12-19,37.70000076293945,37.709999084472656,37.287498474121094,37.290000915527344,8640400,V
2012-12-20,37.470001220703125,38.127498626708984,37.33000183105469,38.1150016784668,10863200,V
2012-12-21,37.74250030517578,37.994998931884766,37.4900016784668,37.692501068115234,13930400,V
2012-12-24,37.557498931884766,37.904998779296875,37.557498931884766,37.79499816894531,3272000,V
2012-12-26,37.81999969482422,37.8224983215332,37.29999923706055,37.439998626708984,7614400,V
2012-12-27,37.42250061035156,37.662498474121094,36.974998474121094,37.349998474121094,11976800,V
2012-12-28,37.1150016784668,37.48249816894531,37.0625,37.162498474121094,6973600,V
2012-12-31,37.087501525878906,37.90250015258789,37.087501525878906,37.89500045776367,12868000,V
2013-01-02,38.540000915527344,38.98500061035156,38.48249816894531,38.845001220703125,15826400,V
2013-01-03,39.27750015258789,39.52000045776367,38.70500183105469,38.875,14937200,V
2013-01-04,38.900001525878906,39.29750061035156,38.69499969482422,39.192501068115234,10376000,V
2013-01-07,39.23500061035156,39.692501068115234,39.20000076293945,39.47249984741211,10242400,V
2013-01-08,39.412498474121094,39.84000015258789,39.252498626708984,39.84000015258789,11800400,V
2013-01-09,40.349998474121094,40.63750076293945,39.9275016784668,40.4474983215332,17552800,V
2013-01-10,40.50749969482422,40.692501068115234,39.817501068115234,40.127498626708984,16313600,V
2013-01-11,39.94499969482422,40.3125,39.875,40.290000915527344,9578000,V
2013-01-14,40.31999969482422,40.45249938964844,39.88750076293945,40.162498474121094,8877600,V
2013-01-15,39.95500183105469,40.162498474121094,39.772499084472656,40.11249923706055,6696000,V
2013-01-16,40.02750015258789,40.19499969482422,39.82749938964844,40.04999923706055,5464400,V
2013-01-17,40.25,40.272499084472656,39.90250015258789,39.970001220703125,7833600,V
2013-01-18,39.630001068115234,39.63249969482422,39.125,39.567501068115234,13812400,V
2013-01-22,39.66999816894531,39.91999816894531,39.44499969482422,39.76250076293945,6918000,V
2013-01-23,39.5724983215332,39.9900016784668,39.52000045776367,39.76250076293945,7108800,V
2013-01-24,39.82500076293945,40.04249954223633,39.724998474121094,39.88999938964844,6794000,V
2013-01-25,39.97999954223633,40.03499984741211,39.75749969482422,39.959999084472656,6701600,V
2013-01-28,40.06999969482422,40.14500045776367,39.07500076293945,39.087501525878906,13532000,V
2013-01-29,38.935001373291016,39.272499084472656,38.779998779296875,39.165000915527344,11664000,V
2013-01-30,39.247501373291016,39.772499084472656,38.6875,38.752498626708984,18708000,V
2013-01-31,39.75,39.875,39.087501525878906,39.477500915527344,16685600,V
2013-02-01,39.75,39.869998931884766,39.337501525878906,39.63999938964844,12738400,V
2013-02-04,39.442501068115234,39.599998474121094,39.13999938964844,39.162498474121094,10532000,V
2013-02-05,39.404998779296875,39.900001525878906,39.20000076293945,39.88249969482422,11105200,V
2013-02-06,39.80500030517578,40.220001220703125,39.654998779296875,40.20500183105469,15056800,V
2013-02-07,39.744998931884766,39.9474983215332,39.2400016784668,39.26499938964844,20182800,V
2013-02-08,39.349998474121094,39.73500061035156,39.275001525878906,39.45000076293945,12914000,V
2013-02-11,39.39500045776367,39.54249954223633,38.98500061035156,39.08250045776367,11032400,V
2013-02-12,39.209999084472656,39.42499923706055,39.10499954223633,39.20000076293945,9805600,V
2013-02-13,39.11249923706055,39.34749984741211,38.53499984741211,38.692501068115234,13917600,V
2013-02-14,38.650001525878906,39.162498474121094,38.57500076293945,38.994998931884766,12760000,V
2013-02-15,39.087501525878906,39.52000045776367,38.935001373291016,39.497501373291016,17884400,V
2013-02-19,39.502498626708984,39.6974983215332,39.165000915527344,39.40250015258789,13210000,V
2013-02-20,39.279998779296875,39.40250015258789,38.79750061035156,38.85499954223633,15688800,V
2013-02-21,38.779998779296875,39.5724983215332,38.6974983215332,39.36000061035156,14220800,V
2013-02-22,39.57500076293945,39.89500045776367,39.17250061035156,39.85749816894531,11738000,V
2013-02-25,39.79999923706055,40.087501525878906,38.97249984741211,38.97249984741211,11183200,V
2013-02-26,39.002498626708984,39.647499084472656,39.002498626708984,39.45750045776367,11354000,V
2013-02-27,39.36249923706055,40.025001525878906,39.32500076293945,39.967498779296875,8318000,V
2013-02-28,40.084999084472656,40.084999084472656,39.57749938964844,39.65999984741211,11228000,V
2013-03-01,39.48249816894531,39.71500015258789,39.162498474121094,39.52000045776367,13212000,V
2013-03-04,39.439998626708984,39.8849983215332,39.38750076293945,39.875,6570000,V
2013-03-05,40.022499084472656,40.44499969482422,39.96500015258789,40.0724983215332,10267600,V
2013-03-06,40.21500015258789,40.42499923706055,40.04999923706055,40.26499938964844,7516000,V
2013-03-07,40.217498779296875,40.44499969482422,39.912498474121094,40.127498626708984,8687200,V
2013-03-08,40.334999084472656,40.349998474121094,39.97249984741211,40.16749954223633,9571600,V
2013-03-11,40.342498779296875,40.400001525878906,40.102500915527344,40.29499816894531,6742000,V
2013-03-12,40.16999816894531,40.24250030517578,39.75749969482422,39.95000076293945,8340800,V
2013-03-13,39.875,40.099998474121094,39.712501525878906,39.842498779296875,11021600,V
2013-03-14,39.849998474121094,40.26750183105469,39.82500076293945,40.165000915527344,14853600,V
2013-03-15,40.00749969482422,40.15999984741211,39.63249969482422,39.63750076293945,17599600,V
2013-03-18,39.31999969482422,39.79499816894531,39.099998474121094,39.51750183105469,15162800,V
2013-03-19,39.5,39.837501525878906,38.91999816894531,39.0,17652400,V
2013-03-20,39.25,39.99250030517578,39.18000030517578,39.83250045776367,16070400,V
2013-03-21,39.61249923706055,39.932498931884766,39.45000076293945,39.45000076293945,14883200,V
2013-03-22,39.5525016784668,40.040000915527344,39.43000030517578,40.022499084472656,18790400,V
2013-03-25,40.1875,41.06999969482422,40.125,41.0,19336800,V
2013-03-26,41.224998474121094,41.94499969482422,41.1349983215332,41.8650016784668,17264800,V
2013-03-27,41.65250015258789,42.307498931884766,41.377498626708984,42.165000915527344,13371200,V
2013-03-28,42.1875,42.7400016784668,42.032501220703125,42.459999084472656,12456400,V
2013-04-01,42.4375,42.747501373291016,41.724998474121094,41.837501525878906,13235200,V
2013-04-02,42.10499954223633,42.224998474121094,41.82749938964844,41.98749923706055,9582000,V
2013-04-03,42.10499954223633,42.13249969482422,41.06999969482422,41.1875,16624800,V
2013-04-04,41.35499954223633,41.63249969482422,41.252498626708984,41.619998931884766,8903600,V
2013-04-05,41.0525016784668,41.35499954223633,40.897499084472656,41.290000915527344,7962400,V
2013-04-08,41.40999984741211,41.592498779296875,41.119998931884766,41.5724983215332,6125600,V
2013-04-09,41.70750045776367,41.720001220703125,41.002498626708984,41.1875,6004400,V
2013-04-10,41.24250030517578,41.82500076293945,41.24250030517578,41.747501373291016,8996400,V
2013-04-11,41.75,41.974998474121094,41.55500030517578,41.904998779296875,6590000,V
2013-04-12,41.477500915527344,41.70750045776367,41.275001525878906,41.4375,7076800,V
2013-04-15,41.154998779296875,41.220001220703125,40.3224983215332,40.3224983215332,10774000,V
2013-04-16,40.662498474121094,41.20000076293945,40.625,41.1775016784668,10092000,V
2013-04-17,40.935001373291016,41.00749969482422,40.48500061035156,40.557498931884766,9543600,V
2013-04-18,40.647499084472656,40.84749984741211,40.317501068115234,40.352500915527344,21010800,V
2013-04-19,40.52000045776367,41.02750015258789,40.4375,40.9900016784668,7620400,V
2013-04-22,40.89250183105469,41.087501525878906,40.622501373291016,40.88249969482422,5403600,V
2013-04-23,41.067501068115234,41.41999816894531,40.88249969482422,41.415000915527344,6324000,V
2013-04-24,41.415000915527344,41.89250183105469,41.400001525878906,41.76499938964844,7447200,V
2013-04-25,41.977500915527344,42.619998931884766,41.86000061035156,42.189998626708984,9322800,V
2013-04-26,42.189998626708984,42.400001525878906,41.78499984741211,41.807498931884766,6127200,V
2013-04-29,41.932498931884766,42.125,41.790000915527344,41.974998474121094,10694400,V
2013-04-30,42.147499084472656,42.474998474121094,42.0099983215332,42.1150016784668,12161600,V
2013-05-01,41.747501373291016,42.064998626708984,40.900001525878906,41.505001068115234,12252400,V
2013-05-02,42.5,44.915000915527344,42.5,43.849998474121094,30677200,V
2013-05-03,44.2400016784668,45.209999084472656,44.10749816894531,44.8849983215332,15026400,V
2013-05-06,44.834999084472656,45.192501068115234,44.532501220703125,44.72249984741211,13084000,V
2013-05-07,44.872501373291016,44.96500015258789,44.30500030517578,44.9474983215332,11876400,V
2013-05-08,44.8650016784668,44.875,44.42499923706055,44.814998626708984,14449200,V
2013-05-09,44.807498931884766,44.970001220703125,44.557498931884766,44.64500045776367,11501200,V
2013-05-10,44.66999816894531,44.755001068115234,44.38750076293945,44.6875,13837600,V
2013-05-13,44.64500045776367,45.11000061035156,44.532501220703125,44.73249816894531,12480000,V
2013-05-14,44.744998931884766,45.372501373291016,44.65999984741211,45.08000183105469,16074800,V
2013-05-15,45.0,45.4474983215332,44.91999816894531,45.439998626708984,13624400,V
2013-05-16,45.435001373291016,45.435001373291016,44.94499969482422,44.95000076293945,9913600,V
2013-05-17,45.220001220703125,46.14500045776367,45.130001068115234,46.14250183105469,13248800,V
2013-05-20,45.977500915527344,46.224998474121094,45.20000076293945,45.40250015258789,21192000,V
2013-05-21,45.3849983215332,45.67250061035156,45.09749984741211,45.38750076293945,13422800,V
2013-05-22,45.52000045776367,46.10499954223633,45.025001525878906,45.03499984741211,19563200,V
2013-05-23,44.595001220703125,44.877498626708984,44.27750015258789,44.525001525878906,16906000,V
2013-05-24,44.470001220703125,45.275001525878906,44.224998474121094,45.11249923706055,12306400,V
2013-05-28,45.61000061035156,45.6349983215332,44.91749954223633,45.00749969482422,9937200,V
2013-05-29,44.80500030517578,45.04999923706055,44.51750183105469,44.53499984741211,7490400,V
2013-05-30,44.584999084472656,45.497501373291016,44.584999084472656,45.25749969482422,9628000,V
2013-05-31,45.14250183105469,45.349998474121094,44.525001525878906,44.53499984741211,12514400,V
2013-06-03,44.6875,45.16999816894531,44.377498626708984,45.04750061035156,15232400,V
2013-06-04,44.849998474121094,45.4375,44.67499923706055,45.04999923706055,13528400,V
2013-06-05,44.967498779296875,45.04750061035156,44.21500015258789,44.30500030517578,12176800,V
2013-06-06,44.17250061035156,44.85499954223633,44.099998474121094,44.837501525878906,14664800,V
2013-06-07,45.162498474121094,45.25,44.88750076293945,44.98500061035156,13899200,V
2013-06-10,45.1349983215332,45.78499984741211,44.907501220703125,45.58250045776367,13779200,V
2013-06-11,45.13750076293945,45.48749923706055,44.88999938964844,44.915000915527344,7856400,V
2013-06-12,45.15999984741211,45.15999984741211,44.6775016784668,44.787498474121094,9994800,V
2013-06-13,44.787498474121094,45.689998626708984,44.6775016784668,45.5625,9760400,V
2013-06-14,45.51250076293945,45.619998931884766,45.02750015258789,45.23249816894531,7427200,V
2013-06-17,45.58000183105469,45.93000030517578,45.375,45.587501525878906,14779200,V
2013-06-18,45.43000030517578,46.307498931884766,45.43000030517578,46.002498626708984,7579200,V
2013-06-19,46.0625,46.282501220703125,45.63249969482422,45.657501220703125,12220800,V
2013-06-20,45.38249969482422,45.619998931884766,44.6150016784668,44.6150016784668,15534000,V
2013-06-21,45.0,45.375,44.70000076293945,44.875,17923200,V
2013-06-24,44.52750015258789,44.869998931884766,43.91999816894531,44.567501068115234,15527600,V
2013-06-25,44.95000076293945,45.345001220703125,44.625,45.11750030517578,12721600,V
2013-06-26,45.47249984741211,45.78499984741211,45.119998931884766,45.662498474121094,10392800,V
2013-06-27,45.86000061035156,46.25,45.625,46.064998626708984,11102400,V
2013-06-28,46.064998626708984,46.18000030517578,45.55500030517578,45.6875,12656400,V
2013-07-01,45.974998474121094,46.8650016784668,45.907501220703125,46.30500030517578,11616000,V
2013-07-02,46.27000045776367,46.7599983215332,46.064998626708984,46.310001373291016,8749200,V
2013-07-03,46.04499816894531,46.86000061035156,45.98249816894531,46.7599983215332,4533200,V
2013-07-05,47.217498779296875,47.71500015258789,46.875,47.6974983215332,8495600,V
2013-07-08,47.900001525878906,48.192501068115234,47.01499938964844,47.025001525878906,19588000,V
2013-07-09,47.23749923706055,47.38249969482422,46.650001525878906,46.79999923706055,23330400,V
2013-07-10,46.837501525878906,46.95249938964844,46.45249938964844,46.67499923706055,15523200,V
2013-07-11,47.334999084472656,47.51499938964844,46.880001068115234,47.4900016784668,14235200,V
2013-07-12,47.474998474121094,47.682498931884766,47.287498474121094,47.68000030517578,7782800,V
2013-07-15,47.875,47.95750045776367,47.45000076293945,47.5625,14529200,V
2013-07-16,47.54750061035156,47.682498931884766,47.17499923706055,47.345001220703125,7515200,V
2013-07-17,47.11000061035156,47.48749923706055,47.03499984741211,47.40999984741211,11118000,V
2013-07-18,47.5525016784668,47.849998474121094,47.48749923706055,47.752498626708984,5938400,V
2013-07-19,47.77000045776367,47.997501373291016,47.349998474121094,47.47999954223633,9048400,V
2013-07-22,47.5525016784668,47.82749938964844,47.3125,47.80500030517578,7930400,V
2013-07-23,47.682498931884766,47.86750030517578,47.1349983215332,47.14500045776367,11710800,V
2013-07-24,47.4474983215332,47.462501525878906,46.415000915527344,46.6875,13993600,V
2013-07-25,47.75,49.0,47.75,48.65250015258789,21923200,V
2013-07-26,48.5,48.650001525878906,47.95750045776367,48.29999923706055,8709200,V
2013-07-29,48.21500015258789,48.372501373291016,47.8125,47.99250030517578,5776400,V
2013-07-30,48.17499923706055,48.29999923706055,47.787498474121094,47.86000061035156,13911200,V
2013-07-31,48.4375,48.724998474121094,42.747501373291016,44.252498626708984,90073600,V
2013-08-01,45.439998626708984,45.439998626708984,43.31999969482422,44.79249954223633,74287200,V
2013-08-02,45.404998779296875,46.022499084472656,45.209999084472656,46.0,21698400,V
2013-08-05,46.0,46.28499984741211,45.70000076293945,46.1349983215332,11479600,V
2013-08-06,46.0525016784668,46.07749938964844,45.212501525878906,45.72249984741211,19986800,V
2013-08-07,45.352500915527344,45.5,44.974998474121094,45.34749984741211,15556400,V
2013-08-08,45.602500915527344,45.63999938964844,44.98249816894531,45.19499969482422,9626800,V
2013-08-09,45.20000076293945,45.337501525878906,44.88999938964844,44.95249938964844,10028400,V
2013-08-12,44.849998474121094,44.994998931884766,44.599998474121094,44.939998626708984,13622400,V
2013-08-13,45.125,45.15999984741211,44.66999816894531,44.807498931884766,11407200,V
2013-08-14,44.877498626708984,45.372501373291016,44.587501525878906,44.587501525878906,15338800,V
2013-08-15,44.36249923706055,44.372501373291016,43.36249923706055,43.48249816894531,17288400,V
2013-08-16,43.43000030517578,43.682498931884766,43.09000015258789,43.282501220703125,12612400,V
2013-08-19,43.08250045776367,44.22249984741211,43.0525016784668,43.744998931884766,11982000,V
2013-08-20,43.65250015258789,43.817501068115234,43.224998474121094,43.30500030517578,14135200,V
2013-08-21,43.314998626708984,45.375,43.130001068115234,44.59749984741211,30930800,V
2013-08-22,44.90999984741211,45.35749816894531,44.255001068115234,44.72999954223633,10586400,V
2013-08-23,45.099998474121094,45.147499084472656,44.404998779296875,44.775001525878906,9807200,V
2013-08-26,44.8650016784668,44.8650016784668,43.74250030517578,43.75,13789200,V
2013-08-27,43.244998931884766,43.77000045776367,43.14250183105469,43.54249954223633,12762400,V
2013-08-28,43.342498779296875,43.9474983215332,43.342498779296875,43.8025016784668,15672000,V
2013-08-29,43.77750015258789,44.31999969482422,43.6974983215332,43.842498779296875,9404800,V
2013-08-30,43.852500915527344,43.875,43.45249938964844,43.60499954223633,9886400,V
2013-09-03,44.00749969482422,44.599998474121094,43.8125,44.255001068115234,12550400,V
2013-09-04,44.224998474121094,44.470001220703125,43.8125,44.04750061035156,9753200,V
2013-09-05,44.032501220703125,44.17499923706055,43.807498931884766,44.0525016784668,7406800,V
2013-09-06,44.08000183105469,44.47249984741211,43.76250076293945,44.16749954223633,6697200,V
2013-09-09,44.31999969482422,44.662498474121094,44.31999969482422,44.63750076293945,10801600,V
2013-09-10,45.602500915527344,46.162498474121094,45.33250045776367,46.147499084472656,19507200,V
2013-09-11,46.25,46.63249969482422,45.727500915527344,46.57749938964844,11006000,V
2013-09-12,46.60749816894531,46.95249938964844,46.26499938964844,46.26499938964844,14212000,V
2013-09-13,46.372501373291016,47.32500076293945,46.29999923706055,47.25,16403600,V
2013-09-16,47.7400016784668,47.77000045776367,47.220001220703125,47.345001220703125,11380800,V
2013-09-17,47.33000183105469,47.974998474121094,47.13999938964844,47.900001525878906,10400800,V
2013-09-18,47.60499954223633,48.5,47.54249954223633,48.412498474121094,10474800,V
2013-09-19,48.63249969482422,49.5,48.502498626708984,48.6775016784668,14966400,V
2013-09-20,48.82500076293945,49.70750045776367,48.467498779296875,49.70750045776367,57707200,V
2013-09-23,49.4900016784668,50.21500015258789,49.0,49.060001373291016,19551600,V
2013-09-24,49.060001373291016,49.20000076293945,48.154998779296875,48.334999084472656,15296400,V
2013-09-25,48.317501068115234,48.5,47.66999816894531,47.88999938964844,10594800,V
2013-09-26,48.11249923706055,48.625,47.915000915527344,48.38999938964844,9326400,V
2013-09-27,47.997501373291016,48.4275016784668,47.95249938964844,48.26250076293945,7258400,V
2013-09-30,47.70000076293945,47.9900016784668,47.5625,47.775001525878906,9561600,V
2013-10-01,47.8224983215332,48.40250015258789,47.51750183105469,48.30500030517578,9384800,V
2013-10-02,47.974998474121094,48.25,47.75,47.95500183105469,8712400,V
2013-10-03,47.997501373291016,48.02750015258789,46.935001373291016,47.162498474121094,19646000,V
2013-10-04,47.15999984741211,47.787498474121094,47.002498626708984,47.619998931884766,9365600,V
2013-10-07,46.98749923706055,46.98749923706055,46.58000183105469,46.58250045776367,11785200,V
2013-10-08,46.560001373291016,47.095001220703125,45.627498626708984,45.63249969482422,16039600,V
2013-10-09,45.849998474121094,46.17499923706055,45.02750015258789,45.962501525878906,13448000,V
2013-10-10,46.48500061035156,47.279998779296875,46.38750076293945,47.25749969482422,10865600,V
2013-10-11,47.20000076293945,48.04999923706055,46.875,48.04999923706055,11915200,V
2013-10-14,47.592498779296875,48.4474983215332,47.505001068115234,48.36000061035156,8922400,V
2013-10-15,48.25749969482422,48.60499954223633,47.842498779296875,47.842498779296875,10567600,V
2013-10-16,48.10499954223633,48.95249938964844,47.959999084472656,48.907501220703125,10382800,V
2013-10-17,48.91749954223633,49.6875,48.86750030517578,49.56999969482422,12605200,V
2013-10-18,49.68000030517578,50.247501373291016,49.23749923706055,50.11249923706055,14387200,V
2013-10-21,50.26250076293945,50.41999816894531,49.814998626708984,50.0099983215332,11526000,V
2013-10-22,50.01250076293945,50.66999816894531,49.877498626708984,49.994998931884766,12202800,V
2013-10-23,49.66999816894531,49.77750015258789,49.29499816894531,49.72249984741211,7476400,V
2013-10-24,49.967498779296875,50.845001220703125,49.90250015258789,50.727500915527344,8885600,V
2013-10-25,50.935001373291016,50.974998474121094,50.380001068115234,50.76499938964844,11014400,V
2013-10-28,50.89250183105469,51.125,50.61249923706055,50.77000045776367,6854400,V
2013-10-29,50.869998931884766,51.3125,50.869998931884766,51.060001373291016,8599600,V
2013-10-30,51.21500015258789,51.224998474121094,50.40999984741211,50.95500183105469,11946400,V
2013-10-31,49.26250076293945,49.724998474121094,48.564998626708984,49.16749954223633,24035200,V
2013-11-01,49.73749923706055,50.24250030517578,49.630001068115234,49.790000915527344,13233600,V
2013-11-04,49.91999816894531,50.0,49.04750061035156,49.10499954223633,11089200,V
2013-11-05,48.845001220703125,49.49250030517578,48.75,49.342498779296875,11058000,V
2013-11-06,49.685001373291016,50.04750061035156,49.34749984741211,49.755001068115234,8878800,V
2013-11-07,49.99250030517578,50.09000015258789,49.025001525878906,49.025001525878906,10832400,V
2013-11-08,48.942501068115234,49.6150016784668,48.942501068115234,49.5724983215332,11462400,V
2013-11-11,49.65999984741211,49.92499923706055,49.55500030517578,49.817501068115234,8385200,V
2013-11-12,49.70249938964844,49.79499816894531,49.212501525878906,49.567501068115234,9016400,V
2013-11-13,49.162498474121094,49.94499969482422,49.125,49.94499969482422,8181600,V
2013-11-14,49.98249816894531,50.057498931884766,49.692501068115234,50.037498474121094,10909600,V
2013-11-15,49.939998626708984,50.6349983215332,49.935001373291016,50.5,12391600,V
2013-11-18,50.5,50.6775016784668,49.817501068115234,49.974998474121094,16380800,V
2013-11-19,50.087501525878906,50.099998474121094,49.20500183105469,49.34749984741211,14462800,V
2013-11-20,49.44499969482422,50.04999923706055,49.41749954223633,49.529998779296875,10197200,V
2013-11-21,49.81999969482422,50.5,49.36249923706055,50.40250015258789,12776400,V
2013-11-22,50.42499923706055,50.584999084472656,49.959999084472656,50.529998779296875,8150800,V
2013-11-25,50.630001068115234,50.662498474121094,50.32749938964844,50.48249816894531,6742000,V
2013-11-26,50.665000915527344,50.900001525878906,50.404998779296875,50.880001068115234,11246000,V
2013-11-27,50.875,51.20750045776367,50.75749969482422,50.997501373291016,5939600,V
2013-11-29,51.127498626708984,51.26750183105469,50.8650016784668,50.8650016784668,4139200,V
2013-12-02,51.025001525878906,51.622501373291016,51.025001525878906,51.282501220703125,8762000,V
2013-12-03,49.98249816894531,50.650001525878906,49.98249816894531,50.4375,17032800,V
2013-12-04,50.44499969482422,50.83250045776367,50.27000045776367,50.685001373291016,11739200,V
2013-12-05,50.54750061035156,50.73500061035156,50.380001068115234,50.4275016784668,13260000,V
2013-12-06,50.92499923706055,50.959999084472656,50.25,50.467498779296875,9106800,V
2013-12-09,50.44499969482422,50.67499923706055,50.34000015258789,50.397499084472656,12667200,V
2013-12-10,50.227500915527344,50.42250061035156,49.85749816894531,49.85749816894531,15647200,V
2013-12-11,50.25,51.977500915527344,50.25,51.415000915527344,40328000,V
2013-12-12,51.24250030517578,51.412498474121094,50.625,50.86000061035156,11469200,V
2013-12-13,51.127498626708984,52.0,50.97999954223633,51.84000015258789,17674400,V
2013-12-16,52.0099983215332,52.64250183105469,51.8224983215332,51.9375,14779600,V
2013-12-17,52.154998779296875,53.45249938964844,51.959999084472656,53.3125,20647200,V
2013-12-18,53.275001525878906,53.869998931884766,52.5,53.837501525878906,16142000,V
2013-12-19,53.73249816894531,54.467498779296875,53.6349983215332,54.02000045776367,13394800,V
2013-12-20,54.18000030517578,54.54999923706055,53.974998474121094,53.99250030517578,23263600,V
2013-12-23,54.247501373291016,54.70750045776367,54.13750076293945,54.50749969482422,7994800,V
2013-12-24,54.61750030517578,54.897499084472656,54.255001068115234,54.682498931884766,5207600,V
2013-12-26,54.747501373291016,55.0625,54.747501373291016,55.04999923706055,4898800,V
2013-12-27,55.25,55.349998474121094,54.787498474121094,54.91749954223633,5242000,V
2013-12-30,55.147499084472656,55.404998779296875,54.92499923706055,55.227500915527344,5940000,V
2013-12-31,55.380001068115234,55.68000030517578,55.25749969482422,55.66999816894531,6448400,V
2014-01-02,55.3849983215332,55.50749969482422,54.875,55.252498626708984,10654000,V
2014-01-03,55.4375,55.622501373291016,55.057498931884766,55.290000915527344,7809600,V
2014-01-06,55.29499816894531,55.57749938964844,54.897499084472656,54.95750045776367,8577600,V
2014-01-07,55.1875,55.52750015258789,55.1150016784668,55.377498626708984,8178000,V
2014-01-08,55.35499954223633,55.75,55.15999984741211,55.55500030517578,8487200,V
2014-01-09,55.88750076293945,56.130001068115234,55.415000915527344,55.477500915527344,8386400,V
2014-01-10,55.459999084472656,55.685001373291016,55.002498626708984,55.282501220703125,6429600,V
2014-01-13,55.505001068115234,56.04750061035156,54.65250015258789,54.724998474121094,13554400,V
2014-01-14,54.685001373291016,55.662498474121094,54.58250045776367,55.662498474121094,10851600,V
2014-01-15,55.712501525878906,56.224998474121094,55.45750045776367,55.939998626708984,11288000,V
2014-01-16,55.79750061035156,55.939998626708984,55.3224983215332,55.442501068115234,13514000,V
2014-01-17,55.51250076293945,58.064998626708984,55.5099983215332,58.04499816894531,38344400,V
2014-01-21,58.59749984741211,58.875,57.70500183105469,57.98249816894531,19752400,V
2014-01-22,58.099998474121094,58.45500183105469,57.91999816894531,58.247501373291016,7254400,V
2014-01-23,57.915000915527344,58.08250045776367,56.915000915527344,57.0625,13662400,V
2014-01-24,56.599998474121094,56.7400016784668,55.3125,55.3125,16043200,V
2014-01-27,55.51750183105469,55.51750183105469,53.779998779296875,54.05500030517578,19470800,V
2014-01-28,54.404998779296875,55.59000015258789,54.349998474121094,55.2400016784668,17852400,V
2014-01-29,54.775001525878906,55.185001373291016,54.125,54.279998779296875,16800000,V
2014-01-30,56.4375,56.5,54.07749938964844,55.220001220703125,20040400,V
2014-01-31,54.032501220703125,54.724998474121094,53.77750015258789,53.85749816894531,24457200,V
2014-02-03,54.127498626708984,54.459999084472656,53.01750183105469,53.36750030517578,21662400,V
2014-02-04,53.540000915527344,53.970001220703125,52.845001220703125,53.6349983215332,14913600,V
2014-02-05,53.310001373291016,54.185001373291016,53.279998779296875,53.90250015258789,13520800,V
2014-02-06,54.02000045776367,54.752498626708984,53.94499969482422,54.752498626708984,12721600,V
2014-02-07,55.04750061035156,55.5,54.6150016784668,55.44499969482422,12537200,V
2014-02-10,55.47249984741211,55.532501220703125,54.997501373291016,55.13750076293945,10316800,V
2014-02-11,55.282501220703125,55.72249984741211,55.01250076293945,55.58250045776367,9809600,V
2014-02-12,55.86000061035156,56.224998474121094,55.72249984741211,56.04249954223633,14650800,V
2014-02-13,55.712501525878906,56.1875,55.6150016784668,56.01250076293945,13158800,V
2014-02-14,56.067501068115234,56.560001373291016,55.877498626708984,56.5,12682000,V
2014-02-18,56.619998931884766,57.119998931884766,56.404998779296875,56.51499938964844,13427200,V
2014-02-19,56.467498779296875,56.9474983215332,55.91999816894531,55.970001220703125,9322000,V
2014-02-20,56.040000915527344,56.24250030517578,55.647499084472656,55.8650016784668,8810000,V
2014-02-21,55.932498931884766,56.16749954223633,55.744998931884766,55.84000015258789,9136000,V
2014-02-24,55.932498931884766,56.85749816894531,55.86750030517578,56.54750061035156,10817200,V
2014-02-25,56.54750061035156,57.10749816894531,56.372501373291016,56.77750015258789,11339600,V
2014-02-26,56.807498931884766,56.974998474121094,56.314998626708984,56.52750015258789,10413600,V
2014-02-27,56.54750061035156,56.95000076293945,56.400001525878906,56.56999969482422,8097600,V
2014-02-28,56.61750030517578,56.997501373291016,55.17499923706055,56.48500061035156,14004000,V
2014-03-03,55.810001373291016,56.0099983215332,54.897499084472656,55.36000061035156,16422800,V
2014-03-04,56.287498474121094,56.49250030517578,55.64500045776367,56.375,14884800,V
2014-03-05,56.404998779296875,56.45000076293945,55.57500076293945,55.70249938964844,11328400,V
2014-03-06,55.939998626708984,56.51750183105469,55.83000183105469,55.96500015258789,9120400,V
2014-03-07,56.23749923706055,56.432498931884766,55.8849983215332,56.38999938964844,8971200,V
2014-03-10,56.377498626708984,56.592498779296875,56.18000030517578,56.375,7350400,V
2014-03-11,56.48749923706055,57.09749984741211,56.157501220703125,56.79499816894531,11062800,V
2014-03-12,56.529998779296875,56.91999816894531,56.3224983215332,56.525001525878906,9394800,V
2014-03-13,56.665000915527344,56.872501373291016,55.10749816894531,55.19499969482422,11996400,V
2014-03-14,55.154998779296875,55.47999954223633,54.63999938964844,55.192501068115234,13692000,V
2014-03-17,55.497501373291016,55.970001220703125,55.345001220703125,55.94499969482422,8800000,V
2014-03-18,56.150001525878906,56.692501068115234,55.8125,56.602500915527344,8304800,V
2014-03-19,56.65250015258789,56.772499084472656,55.5,55.95500183105469,7888800,V
2014-03-20,56.029998779296875,56.029998779296875,55.227500915527344,55.45500183105469,11890000,V
2014-03-21,55.74250030517578,58.16749954223633,54.92499923706055,55.842498779296875,38092400,V
2014-03-24,56.34749984741211,56.557498931884766,54.775001525878906,55.1875,18228400,V
2014-03-25,55.54750061035156,55.7599983215332,54.599998474121094,54.599998474121094,11675200,V
2014-03-26,54.98749923706055,55.04750061035156,53.91999816894531,53.91999816894531,10657200,V
2014-03-27,53.72249984741211,54.04249954223633,53.26250076293945,53.942501068115234,10489600,V
2014-03-28,53.619998931884766,54.084999084472656,52.630001068115234,53.022499084472656,14950000,V
2014-03-31,53.1974983215332,53.96500015258789,52.91749954223633,53.96500015258789,11639200,V
2014-04-01,54.27000045776367,54.540000915527344,53.63750076293945,53.67499923706055,9090400,V
2014-04-02,53.69499969482422,54.125,53.342498779296875,53.665000915527344,9344800,V
2014-04-03,53.9474983215332,54.06999969482422,53.345001220703125,53.752498626708984,14210400,V
2014-04-04,53.89250183105469,53.9275016784668,51.4375,51.92499923706055,24449200,V
2014-04-07,51.69499969482422,51.86000061035156,50.255001068115234,50.852500915527344,40124000,V
2014-04-08,50.70500183105469,51.47999954223633,50.5,50.647499084472656,21745600,V
2014-04-09,51.14500045776367,51.94499969482422,50.654998779296875,51.8849983215332,19142800,V
2014-04-10,52.064998626708984,52.26750183105469,50.037498474121094,50.38750076293945,20403600,V
2014-04-11,49.807498931884766,50.0,48.709999084472656,49.157501220703125,29939600,V
2014-04-14,49.95000076293945,50.48749923706055,49.502498626708984,50.252498626708984,20925600,V
2014-04-15,50.959999084472656,51.23500061035156,49.79249954223633,51.01250076293945,19214000,V
2014-04-16,51.75,52.38999938964844,51.369998931884766,52.34000015258789,15832800,V
2014-04-17,52.584999084472656,52.8849983215332,51.98749923706055,51.98749923706055,13364000,V
2014-04-21,52.244998931884766,52.375,52.09749984741211,52.282501220703125,10012400,V
2014-04-22,52.334999084472656,52.64500045776367,52.13249969482422,52.49250030517578,9840000,V
2014-04-23,52.57500076293945,52.57500076293945,52.0,52.20500183105469,8819600,V
2014-04-24,52.45000076293945,52.625,51.897499084472656,52.349998474121094,13547200,V
2014-04-25,50.0,50.95000076293945,49.63999938964844,49.73249816894531,38239200,V
2014-04-28,49.875,50.48249816894531,49.752498626708984,50.35499954223633,24263200,V
2014-04-29,50.47249984741211,51.01250076293945,50.4474983215332,50.66749954223633,12760000,V
2014-04-30,50.564998626708984,50.90999984741211,50.474998474121094,50.65250015258789,12145600,V
2014-05-01,51.025001525878906,51.82749938964844,50.84000015258789,51.522499084472656,14273200,V
2014-05-02,51.435001373291016,51.775001525878906,51.0,51.10499954223633,10908800,V
2014-05-05,50.9375,51.970001220703125,50.75,51.782501220703125,13792800,V
2014-05-06,51.67499923706055,51.755001068115234,51.29999923706055,51.34000015258789,10873200,V
2014-05-07,51.752498626708984,52.25,51.11000061035156,52.17499923706055,14732000,V
2014-05-08,52.23249816894531,53.025001525878906,52.15250015258789,52.724998474121094,14613600,V
2014-05-09,52.54499816894531,52.717498779296875,52.037498474121094,52.70249938964844,11795600,V
2014-05-12,52.77000045776367,53.119998931884766,52.75749969482422,52.92499923706055,8732800,V
2014-05-13,52.997501373291016,53.17250061035156,52.849998474121094,53.01499938964844,7137600,V
2014-05-14,52.79999923706055,52.970001220703125,52.46500015258789,52.46500015258789,6838000,V
2014-05-15,52.25,52.42250061035156,51.60499954223633,51.86249923706055,12685200,V
2014-05-16,51.897499084472656,52.522499084472656,51.897499084472656,52.45249938964844,12279600,V
2014-05-19,52.345001220703125,52.744998931884766,52.212501525878906,52.59000015258789,7039600,V
2014-05-20,52.58000183105469,52.58000183105469,51.849998474121094,51.97999954223633,8740000,V
2014-05-21,52.212501525878906,52.66749954223633,52.147499084472656,52.525001525878906,9096400,V
2014-05-22,52.532501220703125,52.56999969482422,52.17499923706055,52.342498779296875,16870000,V
2014-05-23,52.497501373291016,53.067501068115234,52.4275016784668,53.01750183105469,11117600,V
2014-05-27,53.247501373291016,53.630001068115234,53.20500183105469,53.625,9676800,V
2014-05-28,53.625,53.625,53.252498626708984,53.45000076293945,7223200,V
2014-05-29,53.5,53.67250061035156,53.375,53.66749954223633,5260400,V
2014-05-30,53.970001220703125,53.98749923706055,53.33250045776367,53.70750045776367,6136400,V
2014-06-02,53.842498779296875,53.92250061035156,53.209999084472656,53.380001068115234,6364000,V
2014-06-03,53.25749969482422,53.307498931884766,52.70000076293945,52.83000183105469,9011600,V
2014-06-04,52.790000915527344,52.85749816894531,52.36249923706055,52.85749816894531,12589600,V
2014-06-05,53.029998779296875,53.125,52.654998779296875,53.05500030517578,6597600,V
2014-06-06,53.13249969482422,53.349998474121094,52.90250015258789,53.25,10002400,V
2014-06-09,53.372501373291016,53.497501373291016,52.907501220703125,53.14500045776367,5516400,V
2014-06-10,53.25,53.69499969482422,53.1875,53.5625,6835600,V
2014-06-11,53.247501373291016,53.477500915527344,53.029998779296875,53.16999816894531,6758000,V
2014-06-12,53.09749984741211,53.29249954223633,52.807498931884766,52.942501068115234,6218000,V
2014-06-13,52.967498779296875,53.01750183105469,52.712501525878906,52.8224983215332,7085200,V
2014-06-16,52.720001220703125,52.747501373291016,52.49250030517578,52.560001373291016,7899200,V
2014-06-17,52.53499984741211,52.97999954223633,52.474998474121094,52.70249938964844,5722400,V
2014-06-18,52.61249923706055,52.8125,52.25749969482422,52.8125,10326000,V
2014-06-19,52.86750030517578,53.040000915527344,52.005001068115234,52.58000183105469,15331200,V
2014-06-20,52.880001068115234,53.029998779296875,52.275001525878906,52.372501373291016,18358800,V
2014-06-23,52.25,52.45249938964844,52.04499816894531,52.36750030517578,14765200,V
2014-06-24,52.317501068115234,52.647499084472656,51.845001220703125,51.9474983215332,13089600,V
2014-06-25,51.82749938964844,52.622501373291016,51.82749938964844,52.26499938964844,8244800,V
2014-06-26,52.45750045776367,52.46500015258789,51.88999938964844,52.2400016784668,8580400,V
2014-06-27,52.025001525878906,52.474998474121094,51.96500015258789,52.31999969482422,12961200,V
2014-06-30,52.165000915527344,52.935001373291016,52.125,52.6775016784668,9961600,V
2014-07-01,52.98749923706055,53.837501525878906,52.95750045776367,53.5625,10993600,V
2014-07-02,53.720001220703125,53.872501373291016,53.5625,53.709999084472656,5768800,V
2014-07-03,53.82749938964844,54.25,53.775001525878906,54.127498626708984,5571600,V
2014-07-07,54.10749816894531,54.38750076293945,53.90999984741211,54.185001373291016,6612400,V
2014-07-08,54.192501068115234,54.22249984741211,53.287498474121094,53.814998626708984,12149200,V
2014-07-09,53.875,54.06999969482422,53.627498626708984,54.040000915527344,5177200,V
2014-07-10,53.45000076293945,54.22249984741211,53.16999816894531,53.8849983215332,8536800,V
2014-07-11,53.98749923706055,54.2599983215332,53.592498779296875,54.25,5696800,V
2014-07-14,54.6875,55.59000015258789,54.412498474121094,55.25749969482422,13716400,V
2014-07-15,55.41749954223633,56.1875,55.224998474121094,55.44499969482422,10900800,V
2014-07-16,55.73500061035156,55.790000915527344,55.27000045776367,55.66749954223633,8853200,V
2014-07-17,55.48500061035156,55.5,54.45750045776367,54.470001220703125,9806000,V
2014-07-18,54.79499816894531,55.47249984741211,54.72999954223633,55.04999923706055,11068000,V
2014-07-21,54.88249969482422,55.032501220703125,54.627498626708984,54.80500030517578,6168400,V
2014-07-22,55.22999954223633,55.647499084472656,55.15250015258789,55.314998626708984,7699200,V
2014-07-23,55.372501373291016,55.6349983215332,55.16999816894531,55.29999923706055,8189200,V
2014-07-24,55.84749984741211,55.962501525878906,55.45750045776367,55.685001373291016,11947600,V
2014-07-25,53.525001525878906,54.17499923706055,52.834999084472656,53.692501068115234,27530400,V
2014-07-28,53.60499954223633,53.7400016784668,53.279998779296875,53.55500030517578,10401600,V
2014-07-29,53.599998474121094,53.9275016784668,53.33250045776367,53.375,10577200,V
2014-07-30,53.372501373291016,53.6974983215332,53.36249923706055,53.51499938964844,10422800,V
2014-07-31,53.317501068115234,53.34000015258789,52.752498626708984,52.752498626708984,13874000,V
2014-08-01,52.467498779296875,53.26499938964844,52.44499969482422,52.95249938964844,14100000,V
2014-08-04,53.212501525878906,53.29249954223633,52.880001068115234,53.040000915527344,8079600,V
2014-08-05,52.875,53.09749984741211,52.29249954223633,52.6349983215332,11151200,V
2014-08-06,52.494998931884766,52.845001220703125,52.45249938964844,52.67250061035156,7528400,V
2014-08-07,52.79499816894531,52.86249923706055,52.150001525878906,52.2599983215332,9568000,V
2014-08-08,52.220001220703125,52.63750076293945,52.0525016784668,52.6150016784668,9256800,V
2014-08-11,52.7599983215332,52.80500030517578,52.50749969482422,52.64500045776367,9018400,V
2014-08-12,52.522499084472656,52.79999923706055,52.36249923706055,52.57500076293945,6442000,V
2014-08-13,52.73749923706055,53.025001525878906,52.6150016784668,52.85749816894531,6451200,V
2014-08-14,53.022499084472656,53.147499084472656,52.82749938964844,53.130001068115234,7136800,V
2014-08-15,53.22249984741211,53.33000183105469,52.48249816894531,52.54750061035156,8999600,V
2014-08-18,52.872501373291016,53.60749816894531,52.817501068115234,53.58000183105469,8352400,V
2014-08-19,53.6875,53.92250061035156,53.532501220703125,53.75,8212400,V
2014-08-20,53.64500045776367,54.11000061035156,53.60749816894531,54.04999923706055,7296800,V
2014-08-21,54.125,54.24250030517578,53.9275016784668,53.9375,5544000,V
2014-08-22,54.04999923706055,54.23749923706055,53.82500076293945,54.022499084472656,7145600,V
2014-08-25,54.29999923706055,54.33000183105469,53.962501525878906,54.005001068115234,4962400,V
2014-08-26,54.122501373291016,54.5,54.04499816894531,54.182498931884766,6944000,V
2014-08-27,54.279998779296875,54.38249969482422,53.8224983215332,54.282501220703125,8035600,V
2014-08-28,53.75,53.935001373291016,53.442501068115234,53.650001525878906,11083600,V
2014-08-29,53.63999938964844,53.75,53.025001525878906,53.130001068115234,14646000,V
2014-09-02,53.352500915527344,53.74250030517578,53.1775016784668,53.682498931884766,8066400,V
2014-09-03,53.76750183105469,54.040000915527344,53.57749938964844,53.724998474121094,7788400,V
2014-09-04,53.86000061035156,54.029998779296875,53.5,53.564998626708984,9492400,V
2014-09-05,53.59000015258789,53.592498779296875,53.275001525878906,53.5525016784668,8202800,V
2014-09-08,53.502498626708984,54.05500030517578,53.375,53.942501068115234,10266400,V
2014-09-09,53.8224983215332,53.86750030517578,53.5,53.56999969482422,7328800,V
2014-09-10,53.51750183105469,54.662498474121094,53.5099983215332,54.220001220703125,12646800,V
2014-09-11,54.17499923706055,54.1875,53.61249923706055,53.73749923706055,8861200,V
2014-09-12,53.720001220703125,53.9375,53.1875,53.5099983215332,8710800,V
2014-09-15,53.462501525878906,53.90250015258789,53.462501525878906,53.65999984741211,7036800,V
2014-09-16,53.727500915527344,54.44499969482422,53.412498474121094,54.32500076293945,9211600,V
2014-09-17,54.25,54.372501373291016,53.42499923706055,53.88249969482422,12321200,V
2014-09-18,53.98249816894531,54.16999816894531,53.787498474121094,54.11000061035156,9215200,V
2014-09-19,54.42250061035156,54.537498474121094,53.872501373291016,54.0625,20475200,V
2014-09-22,54.244998931884766,54.244998931884766,53.4375,53.470001220703125,9074000,V
2014-09-23,53.474998474121094,53.474998474121094,53.1150016784668,53.1150016784668,7959600,V
2014-09-24,53.19499969482422,53.75,53.0625,53.602500915527344,8336000,V
2014-09-25,53.5099983215332,53.567501068115234,52.60499954223633,52.6775016784668,11729600,V
2014-09-26,52.86249923706055,53.05500030517578,52.63999938964844,52.98500061035156,7178800,V
2014-09-29,52.5525016784668,52.8650016784668,52.279998779296875,52.73249816894531,8788800,V
2014-09-30,52.79249954223633,53.505001068115234,52.755001068115234,53.342498779296875,11456000,V
2014-10-01,53.212501525878906,53.45249938964844,52.4375,52.502498626708984,11686000,V
2014-10-02,52.25,52.5,51.95000076293945,52.43000030517578,11411600,V
2014-10-03,52.75749969482422,53.07500076293945,52.54499816894531,52.997501373291016,9960800,V
2014-10-06,53.147499084472656,53.287498474121094,52.915000915527344,52.9474983215332,8937200,V
2014-10-07,52.70249938964844,52.772499084472656,51.962501525878906,52.01250076293945,8949600,V
2014-10-08,52.00749969482422,53.1349983215332,51.92499923706055,53.09000015258789,14038800,V
2014-10-09,53.0525016784668,53.0525016784668,51.89500045776367,51.9275016784668,10996800,V
2014-10-10,51.97249984741211,52.39250183105469,51.244998931884766,51.244998931884766,11744400,V
2014-10-13,51.125,51.9375,50.93000030517578,51.06999969482422,12188800,V
2014-10-14,51.102500915527344,51.474998474121094,50.61000061035156,50.68000030517578,14018000,V
2014-10-15,50.21500015258789,50.49250030517578,49.23749923706055,50.0625,19668000,V
2014-10-16,49.272499084472656,50.8025016784668,48.79750061035156,50.75,15625600,V
2014-10-17,51.209999084472656,51.64250183105469,50.89250183105469,51.5,12731600,V
2014-10-20,51.38249969482422,52.04999923706055,51.28499984741211,51.962501525878906,7628000,V
2014-10-21,52.44499969482422,53.345001220703125,51.974998474121094,53.32749938964844,12986000,V
2014-10-22,53.3224983215332,53.48749923706055,52.692501068115234,52.72999954223633,11042000,V
2014-10-23,53.467498779296875,53.974998474121094,53.16999816894531,53.56999969482422,9729600,V
2014-10-24,53.407501220703125,53.537498474121094,52.96500015258789,53.369998931884766,10896000,V
2014-10-27,53.26499938964844,53.682498931884766,53.0525016784668,53.352500915527344,6658800,V
2014-10-28,53.65250015258789,54.21500015258789,53.51499938964844,54.1775016784668,10497600,V
2014-10-29,54.07749938964844,54.599998474121094,53.4375,53.665000915527344,16095200,V
2014-10-30,57.13249969482422,59.81999969482422,57.005001068115234,59.162498474121094,50857600,V
2014-10-31,59.3224983215332,60.625,59.3224983215332,60.35749816894531,24956000,V
2014-11-03,60.244998931884766,60.79999923706055,59.75,60.3849983215332,12716000,V
2014-11-04,59.912498474121094,60.752498626708984,59.775001525878906,60.74250030517578,16644400,V
2014-11-05,61.040000915527344,63.084999084472656,61.0,62.38249969482422,21939600,V
2014-11-06,62.377498626708984,62.724998474121094,61.8849983215332,62.522499084472656,13212000,V
2014-11-07,62.529998779296875,63.10749816894531,62.2599983215332,63.10749816894531,9507600,V
2014-11-10,62.994998931884766,63.099998474121094,62.13249969482422,62.5525016784668,13145200,V
2014-11-11,62.29499816894531,62.470001220703125,62.040000915527344,62.432498931884766,8467600,V
2014-11-12,62.212501525878906,63.040000915527344,62.084999084472656,62.98749923706055,10897200,V
2014-11-13,63.099998474121094,63.099998474121094,62.397499084472656,62.72999954223633,12473200,V
2014-11-14,62.78499984741211,62.790000915527344,62.182498931884766,62.209999084472656,8532800,V
2014-11-17,62.14500045776367,62.85749816894531,62.040000915527344,62.45000076293945,9876800,V
2014-11-18,62.4474983215332,62.932498931884766,62.26750183105469,62.432498931884766,7647200,V
2014-11-19,62.557498931884766,62.70750045776367,61.79750061035156,62.46500015258789,6642800,V
2014-11-20,61.88249969482422,62.97249984741211,61.877498626708984,62.91749954223633,6704000,V
2014-11-21,63.78499984741211,64.13999938964844,63.20500183105469,63.55500030517578,11886800,V
2014-11-24,63.75,63.8125,63.400001525878906,63.654998779296875,10724800,V
2014-11-25,63.84000015258789,64.5,63.70500183105469,64.31500244140625,12966400,V
2014-11-26,64.37000274658203,64.73750305175781,63.900001525878906,64.31500244140625,7977200,V
2014-11-28,64.6449966430664,64.875,64.4749984741211,64.54750061035156,5186800,V
2014-12-01,64.06749725341797,65.1624984741211,64.06749725341797,64.5374984741211,10925600,V
2014-12-02,64.7925033569336,65.0625,64.55750274658203,65.00250244140625,8535200,V
2014-12-03,64.91000366210938,65.47000122070312,64.67250061035156,65.4000015258789,9382000,V
2014-12-04,65.5199966430664,65.5625,65.01249694824219,65.28500366210938,7362400,V
2014-12-05,65.41000366210938,65.87249755859375,65.25,65.8375015258789,7838000,V
2014-12-08,65.875,66.40750122070312,65.62999725341797,65.7750015258789,12342000,V
2014-12-09,64.875,66.18250274658203,64.875,66.03500366210938,10454000,V
2014-12-10,65.94499969482422,66.20999908447266,65.25,65.43000030517578,8528000,V
2014-12-11,65.73750305175781,66.3949966430664,65.62750244140625,65.77999877929688,13383600,V
2014-12-12,65.13249969482422,66.11250305175781,64.19499969482422,64.19499969482422,15325600,V
2014-12-15,64.5425033569336,64.7125015258789,63.272499084472656,64.17500305175781,12825200,V
2014-12-16,63.22999954223633,64.61250305175781,63.087501525878906,63.352500915527344,12050400,V
2014-12-17,63.529998779296875,64.88999938964844,63.42499923706055,64.7699966430664,9714400,V
2014-12-18,65.45999908447266,66.11250305175781,65.28500366210938,66.04000091552734,10318000,V
2014-12-19,65.83999633789062,66.1449966430664,65.34500122070312,65.4175033569336,15563600,V
2014-12-22,65.6050033569336,66.07749938964844,65.50749969482422,66.05249786376953,5680000,V
2014-12-23,66.25250244140625,66.6050033569336,66.01499938964844,66.31500244140625,5537600,V
2014-12-24,66.37249755859375,67.2125015258789,66.34500122070312,66.90750122070312,5236800,V
2014-12-26,66.90750122070312,67.33000183105469,66.65499877929688,66.65499877929688,4768800,V
2014-12-29,66.62000274658203,66.92500305175781,66.26249694824219,66.35749816894531,5262400,V
2014-12-30,66.2750015258789,66.34500122070312,65.7699966430664,66.13749694824219,4781600,V
2014-12-31,66.37000274658203,66.8125,65.54499816894531,65.55000305175781,5904800,V
2015-01-02,65.84500122070312,66.6875,65.62249755859375,66.25499725341797,8389600,V
2015-01-05,65.87249755859375,65.875,64.71749877929688,64.7925033569336,12751200,V
2015-01-06,64.94750213623047,65.19499969482422,63.71500015258789,64.375,11070000,V
2015-01-07,64.61000061035156,65.28500366210938,64.36250305175781,65.23750305175781,9346800,V
2015-01-08,65.80000305175781,66.27999877929688,65.65750122070312,66.11250305175781,10443200,V
2015-01-09,65.90249633789062,66.11750030517578,64.94249725341797,65.13249969482422,10523600,V
2015-01-12,65.26000213623047,65.5,64.78500366210938,65.00499725341797,6425600,V
2015-01-13,65.50499725341797,66.45249938964844,64.77749633789062,65.19499969482422,10284000,V
2015-01-14,64.16000366210938,64.6500015258789,63.529998779296875,63.88999938964844,12225200,V
2015-01-15,64.17749786376953,64.36750030517578,63.09000015258789,63.282501220703125,10569200,V
2015-01-16,62.974998474121094,63.775001525878906,62.875,63.73749923706055,11137200,V
2015-01-20,64.05500030517578,64.92250061035156,63.564998626708984,64.20999908447266,14933200,V
2015-01-21,64.04000091552734,64.90750122070312,63.625,64.31999969482422,9784000,V
2015-01-22,63.86249923706055,64.75,63.342498779296875,64.4000015258789,11566000,V
2015-01-23,64.62999725341797,65.1624984741211,64.54499816894531,64.57250213623047,6166800,V
2015-01-26,64.23500061035156,64.32250213623047,63.45000076293945,64.13249969482422,8552400,V
2015-01-27,63.4474983215332,63.4474983215332,62.14500045776367,62.747501373291016,11027600,V
2015-01-28,63.13249969482422,63.252498626708984,61.57500076293945,61.59000015258789,11430800,V
2015-01-29,61.88249969482422,62.20000076293945,61.29249954223633,62.0,15668400,V
2015-01-30,65.0999984741211,65.90499877929688,63.727500915527344,63.727500915527344,22151600,V
2015-02-02,64.07749938964844,64.07749938964844,62.42499923706055,63.834999084472656,13665200,V
2015-02-03,64.17749786376953,65.11250305175781,63.685001373291016,64.94750213623047,15075600,V
2015-02-04,64.89749908447266,66.68250274658203,64.7750015258789,66.22250366210938,22170800,V
2015-02-05,66.8125,67.94999694824219,66.4749984741211,67.94999694824219,16565600,V
2015-02-06,67.9375,68.11250305175781,66.51000213623047,66.8550033569336,11242000,V
2015-02-09,66.85250091552734,67.08499908447266,66.31999969482422,66.36499786376953,7834400,V
2015-02-10,66.6875,66.96749877929688,65.90750122070312,66.13749694824219,9396800,V
2015-02-11,66.24500274658203,66.57499694824219,66.0625,66.49749755859375,8795600,V
2015-02-12,66.90499877929688,67.72750091552734,66.76499938964844,67.72750091552734,11641600,V
2015-02-13,68.1875,68.1875,67.19499969482422,67.40750122070312,8476000,V
2015-02-17,67.87000274658203,67.99749755859375,67.46749877929688,67.71749877929688,6810400,V
2015-02-18,67.71749877929688,67.75,67.0374984741211,67.27999877929688,6429200,V
2015-02-19,67.51750183105469,67.51750183105469,67.0,67.2750015258789,5654800,V
2015-02-20,67.26000213623047,68.25,66.76499938964844,68.25,9034800,V
2015-02-23,68.23999786376953,68.33000183105469,67.5625,68.25250244140625,6654800,V
2015-02-24,68.45249938964844,68.45249938964844,67.7925033569336,68.11750030517578,9045200,V
2015-02-25,67.81500244140625,68.55750274658203,67.81500244140625,68.25250244140625,6842800,V
2015-02-26,68.30000305175781,68.625,68.00499725341797,68.4375,13459600,V
2015-02-27,68.36750030517578,68.54750061035156,67.82749938964844,67.82749938964844,7965200,V
2015-03-02,69.17749786376953,69.57250213623047,68.61000061035156,69.57250213623047,11653600,V
2015-03-03,69.6624984741211,69.6624984741211,68.375,68.82499694824219,8807200,V
2015-03-04,68.7874984741211,68.7874984741211,68.0625,68.4375,8021200,V
2015-03-05,68.75,68.78500366210938,68.4375,68.53250122070312,6756000,V
2015-03-06,68.3499984741211,68.62000274658203,67.3125,67.33499908447266,11590800,V
2015-03-09,67.62999725341797,68.05249786376953,67.2699966430664,67.8550033569336,8902000,V
2015-03-10,67.41000366210938,67.46499633789062,66.30000305175781,66.30000305175781,11125600,V
2015-03-11,66.40750122070312,66.84500122070312,65.76249694824219,66.1875,12105200,V
2015-03-12,66.5999984741211,67.5,66.57499694824219,67.3949966430664,9530800,V
2015-03-13,67.20999908447266,67.20999908447266,66.125,66.25749969482422,12578800,V
2015-03-16,66.72250366210938,67.51249694824219,66.65750122070312,67.25499725341797,9849600,V
2015-03-17,67.01499938964844,67.08999633789062,66.03500366210938,66.125,14290800,V
2015-03-18,66.02249908447266,66.99500274658203,64.75250244140625,66.9175033569336,50658000,V
2015-03-19,66.83000183105469,67.19000244140625,65.75,66.80999755859375,15407500,V
2015-03-20,67.25,67.69999694824219,66.77999877929688,67.41000366210938,15372000,V
2015-03-23,68.02999877929688,68.20999908447266,67.06999969482422,67.08000183105469,8128000,V
2015-03-24,67.0999984741211,67.69000244140625,66.83999633789062,67.0999984741211,6534800,V
2015-03-25,67.0999984741211,67.43000030517578,65.7300033569336,65.7300033569336,13054300,V
2015-03-26,65.25,66.30000305175781,65.0199966430664,65.58999633789062,9487200,V
2015-03-27,65.5199966430664,65.80999755859375,65.1500015258789,65.54000091552734,6521100,V
2015-03-30,66.0199966430664,66.31999969482422,65.5,65.66000366210938,11237100,V
2015-03-31,65.47000122070312,66.20999908447266,65.38999938964844,65.41000366210938,7400500,V
2015-04-01,65.44999694824219,65.5199966430664,64.44999694824219,65.18000030517578,7633000,V
2015-04-02,64.98999786376953,65.62000274658203,64.80999755859375,65.29000091552734,5083000,V
2015-04-06,64.7300033569336,65.63999938964844,64.41000366210938,65.19999694824219,8351200,V
2015-04-07,65.37999725341797,66.19000244140625,65.30999755859375,65.80000305175781,6660800,V
2015-04-08,65.88999938964844,66.83999633789062,65.80000305175781,66.5,6604200,V
2015-04-09,66.56999969482422,66.81999969482422,65.76000213623047,66.44000244140625,5408500,V
2015-04-10,66.69000244140625,66.69000244140625,65.93000030517578,66.33999633789062,4628500,V
2015-04-13,66.22000122070312,66.80000305175781,65.51000213623047,65.61000061035156,5059800,V
2015-04-14,65.5199966430664,65.94000244140625,64.87999725341797,65.52999877929688,5621800,V
2015-04-15,65.5999984741211,65.91000366210938,65.30000305175781,65.68000030517578,5347100,V
2015-04-16,65.52999877929688,66.01000213623047,65.3499984741211,65.6500015258789,4121300,V
2015-04-17,65.0999984741211,65.5,64.3499984741211,64.5199966430664,11212900,V
2015-04-20,65.0,65.20999908447266,64.58000183105469,64.72000122070312,5948900,V
2015-04-21,65.02999877929688,65.83000183105469,64.98999786376953,65.3499984741211,9619700,V
2015-04-22,65.81999969482422,69.9800033569336,65.79000091552734,68.01000213623047,20912400,V
2015-04-23,68.19999694824219,68.22000122070312,67.5199966430664,67.72000122070312,7193400,V
2015-04-24,68.12999725341797,68.18000030517578,67.30999755859375,67.4800033569336,6219900,V
2015-04-27,68.38999938964844,68.61000061035156,66.93000030517578,67.0999984741211,7122400,V
2015-04-28,67.30999755859375,67.5,66.41000366210938,66.7699966430664,6297500,V
2015-04-29,66.86000061035156,68.45999908447266,66.77999877929688,67.33999633789062,9812400,V
2015-04-30,67.18000030517578,67.5,65.41999816894531,66.05000305175781,11780600,V
2015-05-01,65.22000122070312,66.66000366210938,65.1500015258789,65.7699966430664,10142800,V
2015-05-04,66.05000305175781,66.13999938964844,65.47000122070312,65.58000183105469,7426400,V
2015-05-05,65.7699966430664,66.38999938964844,65.5999984741211,65.95999908447266,8099800,V
2015-05-06,66.1500015258789,66.6500015258789,65.2300033569336,65.66999816894531,7084600,V
2015-05-07,65.58000183105469,66.77999877929688,65.54000091552734,66.58000183105469,6660300,V
2015-05-08,67.13999938964844,70.16000366210938,67.01000213623047,69.47000122070312,18359000,V
2015-05-11,69.30000305175781,69.69999694824219,68.79000091552734,69.0199966430664,10998500,V
2015-05-12,68.55000305175781,69.0,67.97000122070312,68.69000244140625,7438200,V
2015-05-13,68.75,68.87999725341797,68.19000244140625,68.6500015258789,5129800,V
2015-05-14,68.95999908447266,70.02999877929688,68.8499984741211,70.0,6491100,V
2015-05-15,70.0999984741211,70.69000244140625,69.30999755859375,69.56999969482422,7121000,V
2015-05-18,69.73999786376953,70.23999786376953,69.12999725341797,70.0,5553800,V
2015-05-19,70.13999938964844,70.55999755859375,70.0,70.16000366210938,4351000,V
2015-05-20,70.25,70.31999969482422,69.4800033569336,69.77999877929688,4870100,V
2015-05-21,69.55000305175781,69.87000274658203,69.27999877929688,69.37000274658203,6483800,V
2015-05-22,69.30000305175781,69.8499984741211,69.30000305175781,69.62000274658203,4511700,V
2015-05-26,69.30999755859375,69.5,68.30999755859375,68.54000091552734,6228100,V
2015-05-27,68.8499984741211,69.73999786376953,68.5,69.48999786376953,7064800,V
2015-05-28,69.4800033569336,69.77999877929688,68.80000305175781,69.55999755859375,3893900,V
2015-05-29,69.33000183105469,69.5999984741211,68.5199966430664,68.68000030517578,6678100,V
2015-06-01,69.12999725341797,69.44999694824219,68.43000030517578,69.11000061035156,6309400,V
2015-06-02,68.7300033569336,69.45999908447266,68.01000213623047,69.04000091552734,4457400,V
2015-06-03,69.26000213623047,69.5,68.88999938964844,68.94999694824219,4906400,V
2015-06-04,68.62999725341797,69.1500015258789,68.02999877929688,68.20999908447266,6460000,V
2015-06-05,68.29000091552734,68.69999694824219,68.0,68.37000274658203,4413100,V
2015-06-08,68.19000244140625,68.29000091552734,67.62000274658203,67.68000030517578,4864300,V
2015-06-09,67.66999816894531,68.08999633789062,67.52999877929688,67.94999694824219,4439700,V
2015-06-10,68.22000122070312,69.66999816894531,68.11000061035156,69.62999725341797,6807800,V
2015-06-11,69.69999694824219,70.0199966430664,69.41999816894531,69.63999938964844,5238700,V
2015-06-12,69.43000030517578,69.73999786376953,69.0199966430664,69.33000183105469,4900700,V
2015-06-15,68.72000122070312,68.98999786376953,68.16999816894531,68.56999969482422,5995100,V
2015-06-16,68.44999694824219,69.16999816894531,68.29000091552734,69.01000213623047,5937400,V
2015-06-17,69.11000061035156,69.41000366210938,68.51000213623047,68.75,7818300,V
2015-06-18,68.9000015258789,69.83999633789062,68.87999725341797,69.5,7596800,V
2015-06-19,69.2699966430664,69.33000183105469,68.4800033569336,68.69000244140625,8728800,V
2015-06-22,69.31999969482422,69.44000244140625,68.9000015258789,69.08999633789062,5511700,V
2015-06-23,69.0999984741211,69.58999633789062,69.08999633789062,69.41999816894531,3888700,V
2015-06-24,69.11000061035156,69.4000015258789,68.76000213623047,68.86000061035156,4670600,V
2015-06-25,69.37999725341797,69.37999725341797,68.51000213623047,68.62000274658203,4705100,V
2015-06-26,68.69999694824219,69.20999908447266,68.41000366210938,68.75,7025600,V
2015-06-29,67.98999786376953,68.48999786376953,66.69000244140625,66.72000122070312,9706700,V
2015-06-30,67.33999633789062,67.4800033569336,66.76000213623047,67.1500015258789,6811000,V
2015-07-01,67.94000244140625,68.30000305175781,67.52999877929688,67.8499984741211,6260800,V
2015-07-02,68.1500015258789,68.31999969482422,67.62000274658203,68.23999786376953,5053000,V
2015-07-06,67.55000305175781,68.12000274658203,67.36000061035156,68.12000274658203,5270600,V
2015-07-07,68.11000061035156,68.19999694824219,66.52999877929688,67.7699966430664,6500700,V
2015-07-08,67.01000213623047,67.31999969482422,66.6500015258789,66.7300033569336,5973500,V
2015-07-09,67.6500015258789,67.94000244140625,67.0199966430664,67.05000305175781,4837800,V
2015-07-10,67.9800033569336,68.54000091552734,67.91000366210938,68.41999816894531,5110200,V
2015-07-13,69.05000305175781,69.5999984741211,68.83000183105469,69.5199966430664,6832300,V
2015-07-14,69.97000122070312,70.30000305175781,69.47000122070312,70.0999984741211,5635400,V
2015-07-15,70.12999725341797,70.27999877929688,69.69000244140625,70.0199966430664,4506200,V
2015-07-16,70.43000030517578,70.58999633789062,69.97000122070312,70.56999969482422,6512500,V
2015-07-17,70.4000015258789,70.95999908447266,70.27999877929688,70.87999725341797,6287600,V
2015-07-20,71.29000091552734,73.0,71.2300033569336,72.69999694824219,10198500,V
2015-07-21,72.83999633789062,72.87999725341797,71.76000213623047,72.0199966430664,10919600,V
2015-07-22,71.94000244140625,72.1500015258789,71.62000274658203,71.97000122070312,6303200,V
2015-07-23,72.19999694824219,72.25,71.19999694824219,71.75,10755700,V
2015-07-24,76.77999877929688,76.91999816894531,74.4000015258789,74.80000305175781,21196100,V
2015-07-27,74.27999877929688,74.70999908447266,73.58000183105469,73.86000061035156,10293800,V
2015-07-28,74.30000305175781,75.18000030517578,73.8499984741211,74.73999786376953,10054300,V
2015-07-29,74.94999694824219,76.43000030517578,74.66999816894531,76.01000213623047,13746900,V
2015-07-30,75.88999938964844,76.76000213623047,75.23999786376953,76.37999725341797,6507000,V
2015-07-31,76.44999694824219,76.51000213623047,75.31999969482422,75.33999633789062,8526300,V
2015-08-03,75.58999633789062,76.04000091552734,75.01000213623047,75.7699966430664,5810800,V
2015-08-04,75.52999877929688,76.08000183105469,75.02999877929688,75.2699966430664,6957900,V
2015-08-05,76.05000305175781,76.16999816894531,74.91999816894531,74.9800033569336,6976400,V
2015-08-06,75.30000305175781,75.41999816894531,73.55000305175781,73.58000183105469,7767800,V
2015-08-07,73.68000030517578,74.30999755859375,73.31999969482422,74.20999908447266,6484600,V
2015-08-10,74.88999938964844,75.18000030517578,73.8499984741211,74.37999725341797,6183500,V
2015-08-11,73.80999755859375,74.2699966430664,73.22000122070312,73.36000061035156,6476000,V
2015-08-12,72.87000274658203,73.83000183105469,72.38999938964844,73.54000091552734,7625100,V
2015-08-13,73.43000030517578,74.43000030517578,73.37999725341797,73.93000030517578,5992000,V
2015-08-14,73.8499984741211,74.4000015258789,73.44999694824219,74.22000122070312,3861500,V
2015-08-17,74.0,74.44000244140625,73.5,74.41000366210938,3473500,V
2015-08-18,74.26000213623047,74.7300033569336,74.01000213623047,74.47000122070312,6325500,V
2015-08-19,74.19999694824219,74.95999908447266,73.66999816894531,74.4000015258789,5886900,V
2015-08-20,73.55999755859375,74.52999877929688,72.80999755859375,73.94999694824219,12082300,V
2015-08-21,72.5,73.62000274658203,70.95999908447266,71.19000244140625,15752200,V
2015-08-24,64.16000366210938,69.36000061035156,60.0,68.36000061035156,20950600,V
2015-08-25,71.69000244140625,71.80000305175781,66.5999984741211,66.97000122070312,14485000,V
2015-08-26,69.37000274658203,70.98999786376953,67.9000015258789,70.69000244140625,12220000,V
2015-08-27,71.94000244140625,72.48999786376953,70.80000305175781,72.4000015258789,9122200,V
2015-08-28,72.0999984741211,72.66999816894531,71.5999984741211,72.45999908447266,6411400,V
2015-08-31,71.91000366210938,72.08000183105469,70.81999969482422,71.30000305175781,8313300,V
2015-09-01,69.41000366210938,70.38999938964844,68.5,68.95999908447266,11491500,V
2015-09-02,69.94000244140625,69.94999694824219,68.69999694824219,69.62000274658203,9218000,V
2015-09-03,70.44999694824219,71.08000183105469,69.98999786376953,70.4000015258789,9035200,V
2015-09-04,69.29000091552734,69.91000366210938,68.63999938964844,69.16000366210938,9469400,V
2015-09-08,70.75,71.01000213623047,69.55000305175781,70.52999877929688,7984900,V
2015-09-09,70.75,71.37999725341797,69.43000030517578,69.5999984741211,9022200,V
2015-09-10,69.5,70.6500015258789,69.45999908447266,70.2300033569336,7244200,V
2015-09-11,69.86000061035156,70.80999755859375,69.45999908447266,70.76000213623047,6452100,V
2015-09-14,70.72000122070312,70.80000305175781,69.61000061035156,70.01000213623047,7059300,V
2015-09-15,70.4800033569336,70.75,69.51000213623047,70.51000213623047,6962600,V
2015-09-16,70.44999694824219,71.11000061035156,70.05000305175781,70.98999786376953,8207600,V
2015-09-17,71.30000305175781,72.31999969482422,70.5,70.95999908447266,7663300,V
2015-09-18,69.81999969482422,70.80999755859375,69.70999908447266,69.79000091552734,14508100,V
2015-09-21,70.62000274658203,71.31999969482422,70.22000122070312,70.77999877929688,12756500,V
2015-09-22,70.0,70.38999938964844,69.30999755859375,70.25,11394000,V
2015-09-23,70.16000366210938,71.1500015258789,69.9000015258789,70.94999694824219,10655800,V
2015-09-24,70.3499984741211,70.62999725341797,69.63999938964844,70.23999786376953,8406700,V
2015-09-25,71.19000244140625,71.45999908447266,70.20999908447266,70.69000244140625,7756600,V
2015-09-28,70.19000244140625,70.27999877929688,67.02999877929688,67.19999694824219,15261200,V
2015-09-29,67.5199966430664,68.69999694824219,67.19999694824219,68.52999877929688,11326700,V
2015-09-30,69.31999969482422,69.66000366210938,68.26000213623047,69.66000366210938,9309200,V
2015-10-01,70.08999633789062,70.7699966430664,68.9800033569336,69.98999786376953,8679900,V
2015-10-02,68.80000305175781,70.7300033569336,68.36000061035156,70.66999816894531,7460400,V
2015-10-05,71.05999755859375,72.33999633789062,70.91999816894531,72.2300033569336,7286800,V
2015-10-06,72.22000122070312,72.54000091552734,71.83000183105469,72.08000183105469,5782500,V
2015-10-07,72.68000030517578,73.2300033569336,72.44999694824219,73.22000122070312,6208900,V
2015-10-08,73.0,73.93000030517578,72.83000183105469,73.9000015258789,5713100,V
2015-10-09,74.04000091552734,74.08999633789062,73.4000015258789,73.9800033569336,5947800,V
2015-10-12,73.73999786376953,75.43000030517578,73.66999816894531,74.98999786376953,5586300,V
2015-10-13,74.45999908447266,75.25,74.1500015258789,75.0,7439400,V
2015-10-14,74.83999633789062,75.26000213623047,73.72000122070312,74.19999694824219,7568300,V
2015-10-15,74.95999908447266,75.41000366210938,74.58000183105469,75.33999633789062,6856200,V
2015-10-16,75.33000183105469,76.54000091552734,74.79000091552734,76.0,9117400,V
2015-10-19,75.93000030517578,77.33000183105469,75.93000030517578,76.98999786376953,9952600,V
2015-10-20,76.63999938964844,76.88999938964844,75.93000030517578,76.27999877929688,8148800,V
2015-10-21,76.94000244140625,76.94000244140625,75.30999755859375,75.45999908447266,7277900,V
2015-10-22,75.88999938964844,76.8499984741211,75.63999938964844,76.41999816894531,9093400,V
2015-10-23,77.45999908447266,77.62999725341797,74.94999694824219,77.06999969482422,11971300,V
2015-10-26,78.08000183105469,78.30999755859375,77.08999633789062,78.18000030517578,8019400,V
2015-10-27,78.02999877929688,78.18000030517578,77.05999755859375,77.5199966430664,9527400,V
2015-10-28,77.81999969482422,78.88999938964844,77.44000244140625,78.87000274658203,10850200,V
2015-10-29,78.58999633789062,78.70999908447266,77.93000030517578,78.51000213623047,7648600,V
2015-10-30,78.72000122070312,78.80999755859375,77.55999755859375,77.58000183105469,11186500,V
2015-11-02,75.19000244140625,76.20999908447266,74.52999877929688,75.22000122070312,29966000,V
2015-11-03,75.12999725341797,78.58000183105469,74.80999755859375,77.9000015258789,18899900,V
2015-11-04,78.37000274658203,78.83000183105469,77.9000015258789,78.3499984741211,8640800,V
2015-11-05,78.41999816894531,79.70999908447266,78.41999816894531,79.26000213623047,9392600,V
2015-11-06,79.56999969482422,79.56999969482422,78.31999969482422,78.75,8221600,V
2015-11-09,78.4000015258789,78.4000015258789,77.29000091552734,78.04000091552734,10157300,V
2015-11-10,77.6500015258789,79.52999877929688,77.61000061035156,79.4800033569336,8440300,V
2015-11-11,79.8499984741211,80.25,79.16999816894531,79.18000030517578,8024400,V
2015-11-12,78.86000061035156,79.1500015258789,78.13999938964844,78.30999755859375,8939800,V
2015-11-13,78.0199966430664,78.97000122070312,77.7699966430664,78.11000061035156,9913200,V
2015-11-16,77.79000091552734,78.91000366210938,77.58000183105469,78.9000015258789,7805000,V
2015-11-17,78.94000244140625,79.27999877929688,78.47000122070312,78.83000183105469,6942600,V
2015-11-18,78.95999908447266,80.5,78.73999786376953,80.45999908447266,7212400,V
2015-11-19,80.5999984741211,81.01000213623047,79.8499984741211,80.1500015258789,6082200,V
2015-11-20,80.58999633789062,81.0,79.9800033569336,80.19000244140625,6764300,V
2015-11-23,80.58999633789062,80.77999877929688,79.55999755859375,80.11000061035156,5910600,V
2015-11-24,79.2300033569336,80.19999694824219,79.20999908447266,79.79000091552734,6040800,V
2015-11-25,79.77999877929688,80.08999633789062,79.55999755859375,79.55999755859375,4268700,V
2015-11-27,79.63999938964844,80.1500015258789,79.61000061035156,79.83999633789062,3139500,V
2015-11-30,80.05999755859375,80.12999725341797,78.95999908447266,79.01000213623047,8874600,V
2015-12-01,79.52999877929688,79.93000030517578,78.7699966430664,79.91000366210938,6702100,V
2015-12-02,79.83000183105469,80.1500015258789,78.97000122070312,79.04000091552734,7310000,V
2015-12-03,79.36000061035156,79.7699966430664,78.08000183105469,78.29000091552734,8689600,V
2015-12-04,78.58000183105469,80.4000015258789,78.44999694824219,80.4000015258789,9944600,V
2015-12-07,80.12999725341797,80.48999786376953,79.06999969482422,79.55000305175781,15262400,V
2015-12-08,78.9800033569336,79.66999816894531,78.36000061035156,79.06999969482422,11344000,V
2015-12-09,78.83000183105469,79.75,77.4000015258789,77.87999725341797,15361500,V
2015-12-10,77.91000366210938,79.11000061035156,77.62999725341797,78.12000274658203,8717100,V
2015-12-11,77.13999938964844,77.13999938964844,75.5199966430664,76.11000061035156,15625800,V
2015-12-14,76.19999694824219,77.33000183105469,75.58000183105469,76.87000274658203,10361000,V
2015-12-15,78.37000274658203,79.44999694824219,78.20999908447266,78.62000274658203,11355300,V
2015-12-16,79.44999694824219,79.9800033569336,78.1500015258789,79.86000061035156,10497500,V
2015-12-17,79.9800033569336,80.27999877929688,78.62999725341797,78.69000244140625,7555300,V
2015-12-18,78.04000091552734,78.19000244140625,76.27999877929688,76.31999969482422,16271200,V
2015-12-21,76.9000015258789,77.36000061035156,76.4000015258789,77.16999816894531,8442100,V
2015-12-22,77.43000030517578,77.48999786376953,76.66000366210938,77.37999725341797,5699100,V
2015-12-23,78.08000183105469,78.66000366210938,77.55999755859375,78.55999755859375,6335900,V
2015-12-24,78.3499984741211,78.70999908447266,78.18000030517578,78.26000213623047,2188800,V
2015-12-28,78.04000091552734,78.6500015258789,77.81999969482422,78.52999877929688,3680900,V
2015-12-29,79.0,79.38999938964844,78.9000015258789,79.20999908447266,4627100,V
2015-12-30,79.06999969482422,79.19000244140625,78.26000213623047,78.3499984741211,4230400,V
2015-12-31,78.23999786376953,78.80000305175781,77.55000305175781,77.55000305175781,6538300,V
2016-01-04,76.05999755859375,76.37999725341797,75.01000213623047,75.69999694824219,13476800,V
2016-01-05,76.25,76.51000213623047,75.54000091552734,76.2699966430664,8972700,V
2016-01-06,75.0,75.8499984741211,74.8499984741211,75.2699966430664,16092000,V
2016-01-07,73.76000213623047,75.08999633789062,73.3499984741211,73.79000091552734,12470800,V
2016-01-08,74.05999755859375,74.51000213623047,72.75,72.87999725341797,9977600,V
2016-01-11,73.11000061035156,74.08000183105469,72.66000366210938,73.91999816894531,13069500,V
2016-01-12,74.5199966430664,75.0,74.0199966430664,74.76000213623047,10236900,V
2016-01-13,75.2699966430664,75.38999938964844,72.98999786376953,73.0999984741211,12659600,V
2016-01-14,73.1500015258789,74.5199966430664,72.66000366210938,73.80000305175781,10426200,V
2016-01-15,71.94000244140625,72.94999694824219,70.66000366210938,71.83000183105469,18470500,V
2016-01-19,72.94000244140625,73.0199966430664,70.66000366210938,71.38999938964844,16009600,V
2016-01-20,69.95999908447266,71.41000366210938,69.04000091552734,70.68000030517578,16586000,V
2016-01-21,70.72000122070312,72.33000183105469,70.0999984741211,71.55999755859375,11931200,V
2016-01-22,72.66999816894531,73.18000030517578,72.12999725341797,72.69999694824219,8652600,V
2016-01-25,72.76000213623047,72.91000366210938,71.58000183105469,71.73999786376953,9126200,V
2016-01-26,72.18000030517578,72.2699966430664,71.55000305175781,71.87999725341797,7500200,V
2016-01-27,71.9800033569336,72.4800033569336,70.58000183105469,70.91000366210938,9020500,V
2016-01-28,71.41999816894531,71.8499984741211,69.33000183105469,69.33000183105469,15295600,V
2016-01-29,70.43000030517578,74.5,68.76000213623047,74.48999786376953,40427800,V
2016-02-01,74.08000183105469,74.77999877929688,73.25,74.37999725341797,12623500,V
2016-02-02,73.5,74.20999908447266,73.12999725341797,73.4000015258789,9572700,V
2016-02-03,73.76000213623047,74.62999725341797,72.43000030517578,74.37999725341797,9941900,V
2016-02-04,74.0999984741211,74.62999725341797,72.76000213623047,73.68000030517578,14735700,V
2016-02-05,73.55999755859375,73.61000061035156,70.55000305175781,71.54000091552734,12939400,V
2016-02-08,69.94999694824219,70.04000091552734,66.30000305175781,67.7699966430664,30542600,V
2016-02-09,66.38999938964844,69.4800033569336,66.12000274658203,68.33000183105469,14882800,V
2016-02-10,69.13999938964844,71.02999877929688,69.06999969482422,70.1500015258789,11369500,V
2016-02-11,67.79000091552734,69.06999969482422,67.43000030517578,68.47000122070312,13962100,V
2016-02-12,69.44000244140625,70.47000122070312,69.12000274658203,70.41999816894531,8710200,V
2016-02-16,71.41000366210938,71.75,70.4000015258789,71.0999984741211,8780700,V
2016-02-17,71.7300033569336,72.12000274658203,71.30000305175781,72.02999877929688,8494100,V
2016-02-18,71.88999938964844,72.25,71.0199966430664,71.23999786376953,6938100,V
2016-02-19,71.02999877929688,71.72000122070312,70.30000305175781,71.52999877929688,7750900,V
2016-02-22,72.27999877929688,73.19000244140625,72.0999984741211,73.05999755859375,7481500,V
2016-02-23,72.94999694824219,73.12000274658203,71.98999786376953,72.1500015258789,6177000,V
2016-02-24,71.25,72.19000244140625,70.37999725341797,71.8499984741211,7728600,V
2016-02-25,71.95999908447266,73.33999633789062,71.94000244140625,73.2699966430664,6840900,V
2016-02-26,73.73999786376953,73.91000366210938,72.69000244140625,72.7300033569336,6714100,V
2016-02-29,72.86000061035156,73.9000015258789,72.38999938964844,72.38999938964844,7786100,V
2016-03-01,72.98999786376953,74.63999938964844,72.9000015258789,74.63999938964844,8705300,V
2016-03-02,74.5,74.5999984741211,73.66000366210938,74.30000305175781,5739100,V
2016-03-03,74.4800033569336,74.5,73.36000061035156,73.91000366210938,6588300,V
2016-03-04,74.22000122070312,74.25,73.61000061035156,73.9000015258789,9475300,V
2016-03-07,73.38999938964844,73.44999694824219,71.3499984741211,71.94000244140625,16671900,V
2016-03-08,71.5,71.5199966430664,70.51000213623047,70.62000274658203,12394400,V
2016-03-09,71.0,71.08000183105469,69.9000015258789,70.68000030517578,9291600,V
2016-03-10,71.13999938964844,71.4000015258789,69.58000183105469,70.22000122070312,10135100,V
2016-03-11,71.1500015258789,72.01000213623047,70.68000030517578,71.62999725341797,9466400,V
2016-03-14,71.5999984741211,71.72000122070312,70.94999694824219,71.48999786376953,7916500,V
2016-03-15,71.18000030517578,71.91000366210938,70.66000366210938,71.91000366210938,6442800,V
2016-03-16,71.68000030517578,72.83000183105469,71.51000213623047,72.37000274658203,7561800,V
2016-03-17,72.27999877929688,73.66999816894531,72.16999816894531,73.13999938964844,7411700,V
2016-03-18,73.5,74.0999984741211,73.12999725341797,73.77999877929688,15026200,V
2016-03-21,73.58000183105469,73.94000244140625,73.1500015258789,73.7699966430664,7397400,V
2016-03-22,73.23999786376953,73.6500015258789,72.93000030517578,72.95999908447266,6796800,V
2016-03-23,72.94999694824219,74.16999816894531,72.7699966430664,73.91000366210938,7287100,V
2016-03-24,73.6500015258789,74.16000366210938,73.41000366210938,74.13999938964844,6303900,V
2016-03-28,74.13999938964844,74.2699966430664,73.72000122070312,74.08000183105469,7283300,V
2016-03-29,74.0199966430664,75.58999633789062,73.91999816894531,75.37999725341797,10541500,V
2016-03-30,75.9000015258789,77.0,75.83999633789062,76.77999877929688,9691900,V
2016-03-31,76.62000274658203,76.91999816894531,75.94999694824219,76.4800033569336,7490800,V
2016-04-01,76.25,78.25,75.80000305175781,77.58999633789062,10183400,V
2016-04-04,77.97000122070312,78.30999755859375,77.52999877929688,77.83000183105469,6905800,V
2016-04-05,77.13999938964844,77.47000122070312,76.58000183105469,76.97000122070312,6012000,V
2016-04-06,77.08000183105469,78.27999877929688,77.0,78.20999908447266,6220400,V
2016-04-07,77.70999908447266,77.9800033569336,77.19000244140625,77.58000183105469,7542100,V
2016-04-08,78.08000183105469,78.62000274658203,77.80999755859375,78.02999877929688,5327500,V
2016-04-11,78.36000061035156,78.77999877929688,77.7699966430664,77.81999969482422,5957200,V
2016-04-12,77.72000122070312,78.55000305175781,77.6500015258789,78.5199966430664,5962900,V
2016-04-13,79.02999877929688,79.93000030517578,78.91000366210938,79.70999908447266,9187300,V
2016-04-14,79.76000213623047,80.66999816894531,79.30999755859375,80.33000183105469,11470300,V
2016-04-15,80.25,80.69000244140625,79.9000015258789,80.08000183105469,7186700,V
2016-04-18,80.19999694824219,81.55000305175781,79.83000183105469,81.44999694824219,7761200,V
2016-04-19,81.5,81.7300033569336,80.37000274658203,80.75,8324700,V
2016-04-20,80.87999725341797,81.63999938964844,80.55000305175781,81.1500015258789,8521300,V
2016-04-21,81.5,81.66999816894531,80.68000030517578,80.79000091552734,9536900,V
2016-04-22,78.0,79.36000061035156,77.27999877929688,79.11000061035156,18216000,V
2016-04-25,78.69000244140625,78.83999633789062,77.81999969482422,78.13999938964844,11184600,V
2016-04-26,78.44999694824219,78.69999694824219,78.11000061035156,78.52999877929688,6071800,V
2016-04-27,78.41000366210938,79.0,78.16999816894531,78.76000213623047,6319400,V
2016-04-28,78.3499984741211,79.2699966430664,77.5999984741211,77.68000030517578,8322600,V
2016-04-29,77.5199966430664,78.01000213623047,76.86000061035156,77.23999786376953,8092700,V
2016-05-02,77.80999755859375,78.47000122070312,77.16000366210938,78.45999908447266,7636800,V
2016-05-03,77.43000030517578,78.36000061035156,76.93000030517578,77.19000244140625,7666300,V
2016-05-04,76.55999755859375,77.37999725341797,76.3499984741211,77.06999969482422,8854000,V
2016-05-05,77.13999938964844,77.69999694824219,77.01000213623047,77.36000061035156,6002300,V
2016-05-06,77.2300033569336,77.80000305175781,76.77999877929688,77.72000122070312,6172600,V
2016-05-09,77.69000244140625,78.36000061035156,77.58000183105469,78.22000122070312,9242300,V
2016-05-10,78.41999816894531,79.33000183105469,78.41000366210938,79.19999694824219,6802600,V
2016-05-11,79.13999938964844,79.33000183105469,77.29000091552734,77.30000305175781,8432500,V
2016-05-12,77.80000305175781,78.19000244140625,77.06999969482422,77.88999938964844,7512800,V
2016-05-13,77.70999908447266,78.27999877929688,76.83000183105469,76.83000183105469,7562700,V
2016-05-16,77.0199966430664,78.05999755859375,76.95999908447266,77.80000305175781,8597900,V
2016-05-17,77.56999969482422,77.91999816894531,76.5199966430664,76.79000091552734,7169900,V
2016-05-18,76.70999908447266,77.87999725341797,76.4000015258789,77.43000030517578,6288500,V
2016-05-19,76.87000274658203,77.25,76.22000122070312,76.87999725341797,5552200,V
2016-05-20,77.33999633789062,78.04000091552734,77.18000030517578,77.66999816894531,6302100,V
2016-05-23,77.76000213623047,77.98999786376953,77.13999938964844,77.20999908447266,5934300,V
2016-05-24,77.66000366210938,79.5,77.66000366210938,79.37999725341797,7582300,V
2016-05-25,79.5,79.66999816894531,78.94999694824219,79.05999755859375,5846700,V
2016-05-26,79.4000015258789,79.4000015258789,78.87000274658203,79.0,4284000,V
2016-05-27,78.83999633789062,79.66000366210938,78.83999633789062,79.66000366210938,4374600,V
2016-05-31,79.86000061035156,79.87000274658203,78.76000213623047,78.94000244140625,8639600,V
2016-06-01,78.69000244140625,79.31999969482422,78.56999969482422,79.22000122070312,4507000,V
2016-06-02,79.2699966430664,79.94999694824219,78.93000030517578,79.94999694824219,5627500,V
2016-06-03,79.55000305175781,80.19999694824219,79.16000366210938,79.94000244140625,7628000,V
2016-06-06,80.29000091552734,80.9000015258789,80.16999816894531,80.54000091552734,7620100,V
2016-06-07,80.69999694824219,81.0,80.54000091552734,80.5999984741211,5515700,V
2016-06-08,80.5999984741211,81.70999908447266,80.47000122070312,81.6500015258789,8860900,V
2016-06-09,81.2300033569336,81.54000091552734,80.9800033569336,81.26000213623047,6670900,V
2016-06-10,80.75,80.75,79.83999633789062,80.18000030517578,7859900,V
2016-06-13,79.0,80.18000030517578,78.37999725341797,78.4000015258789,10424600,V
2016-06-14,78.12000274658203,78.75,77.95999908447266,78.56999969482422,7891700,V
2016-06-15,78.56999969482422,78.83999633789062,78.05000305175781,78.16999816894531,7424000,V
2016-06-16,77.88999938964844,78.5199966430664,77.13999938964844,78.3499984741211,9650800,V
2016-06-17,78.31999969482422,78.33000183105469,76.83000183105469,76.98999786376953,14602200,V
2016-06-20,78.30000305175781,78.37999725341797,77.31999969482422,77.33999633789062,9957500,V
2016-06-21,77.80999755859375,78.01000213623047,77.1500015258789,77.33000183105469,9201000,V
2016-06-22,77.58000183105469,77.76000213623047,76.52999877929688,76.52999877929688,9626700,V
2016-06-23,77.76000213623047,78.23999786376953,76.87000274658203,78.2300033569336,13566200,V
2016-06-24,74.80000305175781,76.04000091552734,74.44999694824219,75.05000305175781,18375000,V
2016-06-27,74.18000030517578,74.58000183105469,73.25,73.33999633789062,16318400,V
2016-06-28,75.04000091552734,75.5,74.48999786376953,75.16000366210938,14815200,V
2016-06-29,75.9800033569336,76.76000213623047,75.70999908447266,76.73999786376953,12178100,V
2016-06-30,76.98999786376953,77.13999938964844,73.80000305175781,74.16999816894531,24877300,V
2016-07-01,74.5,75.94000244140625,74.0999984741211,74.4800033569336,13821400,V
2016-07-05,74.25,74.97000122070312,73.83000183105469,74.66999816894531,11081000,V
2016-07-06,74.12000274658203,74.75,73.83000183105469,74.05999755859375,11263800,V
2016-07-07,74.31999969482422,75.29000091552734,74.2699966430664,74.51000213623047,8806700,V
2016-07-08,75.30000305175781,76.55000305175781,74.79000091552734,76.41999816894531,10975000,V
2016-07-11,76.80999755859375,77.19000244140625,76.38999938964844,76.5199966430664,8185900,V
2016-07-12,76.68000030517578,77.56999969482422,76.55000305175781,77.4800033569336,10245500,V
2016-07-13,77.68000030517578,77.77999877929688,77.19999694824219,77.45999908447266,6559200,V
2016-07-14,78.05999755859375,78.54000091552734,77.69000244140625,78.13999938964844,6607400,V
2016-07-15,78.6500015258789,78.75,78.05000305175781,78.30000305175781,8153400,V
2016-07-18,78.3499984741211,78.69999694824219,78.2300033569336,78.30999755859375,4864200,V
2016-07-19,77.75,78.88999938964844,77.62999725341797,78.72000122070312,9395500,V
2016-07-20,78.75,79.75,78.75,79.36000061035156,7922100,V
2016-07-21,79.44000244140625,79.7300033569336,78.4000015258789,78.79000091552734,9018000,V
2016-07-22,79.9800033569336,80.08000183105469,78.33000183105469,79.91000366210938,12532400,V
2016-07-25,80.16999816894531,80.16999816894531,78.7300033569336,78.94000244140625,7979900,V
2016-07-26,78.9800033569336,79.05999755859375,77.94000244140625,78.48999786376953,9673200,V
2016-07-27,78.45999908447266,78.79000091552734,77.52999877929688,78.52999877929688,10194400,V
2016-07-28,78.69000244140625,80.0,78.55000305175781,79.19000244140625,8709700,V
2016-07-29,79.23999786376953,79.3499984741211,78.0,78.05000305175781,7777700,V
2016-08-01,78.30999755859375,78.52999877929688,77.7300033569336,78.26000213623047,8908800,V
2016-08-02,78.06999969482422,78.47000122070312,77.75,78.27999877929688,7910000,V
2016-08-03,78.27999877929688,78.70999908447266,78.20999908447266,78.70999908447266,7272700,V
2016-08-04,78.83000183105469,79.6500015258789,78.75,79.4800033569336,5954400,V
2016-08-05,79.7300033569336,80.23999786376953,79.66000366210938,80.13999938964844,6662500,V
2016-08-08,80.2300033569336,80.33999633789062,79.80000305175781,79.94999694824219,5119700,V
2016-08-09,79.95999908447266,80.4800033569336,79.94999694824219,80.05999755859375,4455700,V
2016-08-10,79.97000122070312,80.22000122070312,79.51000213623047,79.68000030517578,5945500,V
2016-08-11,80.0,80.27999877929688,79.83999633789062,80.12000274658203,6577700,V
2016-08-12,79.80000305175781,80.08000183105469,79.6500015258789,80.0199966430664,4420400,V
2016-08-15,80.12999725341797,81.1500015258789,80.0199966430664,80.91000366210938,6290300,V
2016-08-16,80.41999816894531,80.91000366210938,80.22000122070312,80.80999755859375,6182600,V
2016-08-17,80.70999908447266,80.86000061035156,80.4000015258789,80.83999633789062,4655400,V
2016-08-18,80.01000213623047,80.58999633789062,79.91000366210938,80.2699966430664,7453900,V
2016-08-19,80.01000213623047,80.47000122070312,79.73999786376953,80.47000122070312,8480900,V
2016-08-22,80.33999633789062,81.08000183105469,79.95999908447266,81.05999755859375,7954500,V
2016-08-23,81.37000274658203,81.76000213623047,80.80000305175781,80.80000305175781,10007800,V
2016-08-24,80.80000305175781,80.9800033569336,80.19000244140625,80.29000091552734,5028000,V
2016-08-25,80.29000091552734,80.5199966430664,80.0,80.31999969482422,5773700,V
2016-08-26,80.62000274658203,81.13999938964844,80.16999816894531,80.56999969482422,7932200,V
2016-08-29,80.54000091552734,80.98999786376953,80.54000091552734,80.87000274658203,4766700,V
2016-08-30,81.0,81.19000244140625,80.72000122070312,81.16999816894531,4128700,V
2016-08-31,80.94999694824219,81.19999694824219,80.70999908447266,80.9000015258789,7386100,V
2016-09-01,81.13999938964844,81.55000305175781,80.97000122070312,81.30000305175781,6240600,V
2016-09-02,81.56999969482422,82.1500015258789,81.5,82.0,6408900,V
2016-09-06,82.0,82.52999877929688,81.80999755859375,82.52999877929688,8140400,V
2016-09-07,82.4800033569336,83.26000213623047,82.36000061035156,83.23999786376953,9304700,V
2016-09-08,83.0199966430664,83.62999725341797,82.58999633789062,82.97000122070312,7961100,V
2016-09-09,82.4000015258789,82.80999755859375,81.33000183105469,81.33000183105469,11563000,V
2016-09-12,81.33999633789062,83.12999725341797,81.18000030517578,82.97000122070312,9882700,V
2016-09-13,82.41000366210938,82.44000244140625,81.62000274658203,81.88999938964844,8834300,V
2016-09-14,81.45999908447266,82.22000122070312,81.44999694824219,81.48999786376953,10999500,V
2016-09-15,81.41999816894531,82.12999725341797,81.19000244140625,82.01000213623047,10580300,V
2016-09-16,81.73999786376953,82.26000213623047,81.41999816894531,82.06999969482422,11702000,V
2016-09-19,82.43000030517578,83.04000091552734,82.2300033569336,82.51000213623047,8361700,V
2016-09-20,82.97000122070312,83.2300033569336,82.31999969482422,82.4800033569336,6473300,V
2016-09-21,82.91999816894531,83.25,82.2699966430664,83.22000122070312,7536200,V
2016-09-22,83.41999816894531,83.79000091552734,83.19999694824219,83.36000061035156,6599400,V
2016-09-23,83.33000183105469,83.44999694824219,82.5199966430664,82.54000091552734,8283700,V
2016-09-26,82.1500015258789,82.26000213623047,81.69000244140625,81.80999755859375,8486800,V
2016-09-27,81.79000091552734,82.37999725341797,81.5,82.16000366210938,7969500,V
2016-09-28,82.37999725341797,83.01000213623047,81.94000244140625,82.97000122070312,7974300,V
2016-09-29,82.72000122070312,83.05999755859375,81.79000091552734,81.91999816894531,5885400,V
2016-09-30,82.16000366210938,83.04000091552734,81.68000030517578,82.69999694824219,9776800,V
2016-10-03,82.41999816894531,83.11000061035156,82.30000305175781,82.86000061035156,8155400,V
2016-10-04,83.27999877929688,83.52999877929688,82.58000183105469,82.7300033569336,5772000,V
2016-10-05,82.95999908447266,83.44999694824219,82.9000015258789,83.3499984741211,6163400,V
2016-10-06,83.12000274658203,83.4800033569336,82.87999725341797,83.36000061035156,7687100,V
2016-10-07,83.48999786376953,83.69999694824219,82.63999938964844,82.87999725341797,8238100,V
2016-10-10,83.12999725341797,83.54000091552734,82.94000244140625,83.12000274658203,7371500,V
2016-10-11,82.68000030517578,82.79000091552734,81.56999969482422,82.04000091552734,6227400,V
2016-10-12,81.83999633789062,82.54000091552734,81.81999969482422,82.25,3923600,V
2016-10-13,81.6500015258789,82.12999725341797,81.11000061035156,81.87000274658203,6810900,V
2016-10-14,82.04000091552734,83.19000244140625,82.04000091552734,82.44999694824219,6698100,V
2016-10-17,82.58000183105469,82.69000244140625,82.04000091552734,82.1500015258789,8473700,V
2016-10-18,81.5,82.37000274658203,81.3499984741211,81.58000183105469,11680400,V
2016-10-19,81.6500015258789,82.87000274658203,81.6500015258789,82.80999755859375,8440900,V
2016-10-20,83.05000305175781,83.0999984741211,82.16999816894531,82.5,6945200,V
2016-10-21,82.0199966430664,82.54000091552734,81.58000183105469,82.3499984741211,8043200,V
2016-10-24,83.2699966430664,83.58999633789062,82.70999908447266,83.16999816894531,16267000,V
2016-10-25,83.16999816894531,83.16999816894531,81.69999694824219,82.02999877929688,15085900,V
2016-10-26,81.62000274658203,82.26000213623047,81.41000366210938,81.75,8748400,V
2016-10-27,81.95999908447266,82.2699966430664,81.61000061035156,81.91999816894531,7039200,V
2016-10-28,82.5199966430664,83.36000061035156,82.11000061035156,82.22000122070312,10919600,V
2016-10-31,82.44000244140625,82.9000015258789,82.36000061035156,82.51000213623047,10024000,V
2016-11-01,82.63999938964844,82.69000244140625,81.33000183105469,81.62000274658203,10881500,V
2016-11-02,80.88999938964844,81.37999725341797,80.5199966430664,80.58000183105469,9170900,V
2016-11-03,80.75,81.12999725341797,80.54000091552734,80.6500015258789,7563100,V
2016-11-04,80.6500015258789,81.23999786376953,80.33000183105469,80.36000061035156,7588100,V
2016-11-07,81.63999938964844,82.52999877929688,81.44999694824219,82.51000213623047,7277900,V
2016-11-08,82.38999938964844,83.16000366210938,82.1500015258789,82.87999725341797,7152000,V
2016-11-09,81.80999755859375,83.30000305175781,81.22000122070312,83.23999786376953,12158500,V
2016-11-10,83.30000305175781,83.95999908447266,81.41999816894531,81.87000274658203,17171600,V
2016-11-11,81.58999633789062,82.62999725341797,81.5199966430664,81.87999725341797,7368000,V
2016-11-14,82.0199966430664,82.22000122070312,77.30000305175781,78.37999725341797,21773500,V
2016-11-15,78.2300033569336,79.54000091552734,77.80000305175781,78.56999969482422,18523400,V
2016-11-16,78.79000091552734,80.19000244140625,78.76000213623047,80.08000183105469,9997700,V
2016-11-17,80.31999969482422,81.19999694824219,80.18000030517578,81.06999969482422,8081800,V
2016-11-18,81.1500015258789,81.5,80.52999877929688,80.81999969482422,7920800,V
2016-11-21,81.2300033569336,81.77999877929688,80.9000015258789,81.69000244140625,8942100,V
2016-11-22,81.69000244140625,81.69000244140625,79.26000213623047,79.93000030517578,18133900,V
2016-11-23,79.9800033569336,79.98999786376953,78.94999694824219,79.56999969482422,12802600,V
2016-11-25,79.98999786376953,80.37000274658203,79.73999786376953,80.12999725341797,6495700,V
2016-11-28,79.66000366210938,80.01000213623047,79.05000305175781,79.08000183105469,11793100,V
2016-11-29,79.12000274658203,79.58000183105469,78.94999694824219,79.1500015258789,8575200,V
2016-11-30,79.44999694824219,79.44999694824219,77.27999877929688,77.31999969482422,15353900,V
2016-12-01,77.56999969482422,77.62000274658203,75.25,75.43000030517578,21053000,V
2016-12-02,75.4000015258789,76.25,75.16999816894531,75.72000122070312,13629600,V
2016-12-05,76.62999725341797,77.5999984741211,76.55000305175781,77.30999755859375,12119200,V
2016-12-06,77.94000244140625,77.97000122070312,76.70999908447266,77.11000061035156,13896600,V
2016-12-07,77.2699966430664,79.48999786376953,77.25,79.30999755859375,13919800,V
2016-12-08,79.68000030517578,79.87000274658203,78.97000122070312,79.27999877929688,13320100,V
2016-12-09,79.1500015258789,79.93000030517578,78.83000183105469,79.13999938964844,10728300,V
2016-12-12,78.98999786376953,79.02999877929688,77.91999816894531,78.5,11942300,V
2016-12-13,78.80999755859375,79.5,78.25,79.19999694824219,12995100,V
2016-12-14,79.27999877929688,79.9800033569336,79.12000274658203,79.12999725341797,20146200,V
2016-12-15,79.37000274658203,80.38999938964844,79.12999725341797,79.5,14070900,V
2016-12-16,79.22000122070312,79.45999908447266,78.16999816894531,78.3499984741211,19141700,V
2016-12-19,78.04000091552734,78.5999984741211,78.0199966430664,78.0999984741211,8699100,V
2016-12-20,78.41000366210938,78.58000183105469,77.69000244140625,78.36000061035156,6917400,V
2016-12-21,78.4800033569336,78.55000305175781,77.9800033569336,78.13999938964844,9343600,V
2016-12-22,78.0199966430664,78.05999755859375,77.19000244140625,77.9000015258789,12074000,V
2016-12-23,78.08000183105469,78.4800033569336,77.9000015258789,78.1500015258789,6192900,V
2016-12-27,78.2699966430664,78.8499984741211,78.2300033569336,78.3499984741211,3776000,V
2016-12-28,78.4000015258789,78.6500015258789,77.97000122070312,78.30000305175781,7587100,V
2016-12-29,78.48999786376953,78.83999633789062,78.30000305175781,78.33000183105469,6241100,V
2016-12-30,78.43000030517578,78.54000091552734,77.94000244140625,78.0199966430664,7127300,V
2017-01-03,78.76000213623047,79.91000366210938,78.48999786376953,79.5,13785200,V
2017-01-04,79.44000244140625,80.26000213623047,79.36000061035156,80.1500015258789,8033100,V
2017-01-05,80.33999633789062,81.52999877929688,80.22000122070312,81.08999633789062,7805100,V
2017-01-06,81.30000305175781,82.48999786376953,80.94000244140625,82.20999908447266,8898300,V
2017-01-09,82.27999877929688,82.44999694824219,81.6500015258789,81.75,7305300,V
2017-01-10,81.69999694824219,81.9000015258789,81.12999725341797,81.30999755859375,6017500,V
2017-01-11,81.25,81.80000305175781,80.91000366210938,81.80000305175781,7499200,V
2017-01-12,81.05000305175781,81.47000122070312,80.51000213623047,81.37000274658203,6884000,V
2017-01-13,81.0199966430664,81.8499984741211,80.79000091552734,81.16999816894531,7291200,V
2017-01-17,80.76000213623047,81.48999786376953,80.76000213623047,81.26000213623047,6326500,V
2017-01-18,81.2699966430664,81.83000183105469,80.9800033569336,81.58999633789062,8512300,V
2017-01-19,81.79000091552734,81.8499984741211,81.41000366210938,81.7300033569336,6479400,V
2017-01-20,82.08999633789062,82.27999877929688,81.61000061035156,81.83999633789062,9048500,V
2017-01-23,81.69999694824219,82.30000305175781,81.5,82.1500015258789,7414200,V
2017-01-24,82.4000015258789,83.48999786376953,81.8499984741211,83.2300033569336,8397500,V
2017-01-25,83.79000091552734,84.2699966430664,83.44999694824219,83.9000015258789,9360900,V
2017-01-26,83.91999816894531,83.91999816894531,83.08000183105469,83.23999786376953,8428200,V
2017-01-27,83.31999969482422,83.80000305175781,82.91999816894531,83.7699966430664,5445900,V
2017-01-30,83.47000122070312,83.73999786376953,82.66000366210938,83.69999694824219,8792800,V
2017-01-31,82.12999725341797,83.27999877929688,82.0999984741211,82.70999908447266,7479400,V
2017-02-01,82.9000015258789,83.08999633789062,82.05000305175781,82.44000244140625,7534400,V
2017-02-02,82.13999938964844,82.69999694824219,81.56999969482422,82.30000305175781,11142300,V
2017-02-03,85.73999786376953,86.81999969482422,85.11000061035156,86.08000183105469,28079600,V
2017-02-06,86.06999969482422,86.0999984741211,85.51000213623047,85.83000183105469,9665300,V
2017-02-07,85.95999908447266,86.3499984741211,85.66999816894531,85.77999877929688,8600300,V
2017-02-08,85.80000305175781,85.83999633789062,85.08000183105469,85.08999633789062,7587700,V
2017-02-09,85.37000274658203,85.7699966430664,84.87999725341797,85.58000183105469,6554700,V
2017-02-10,85.80000305175781,86.13999938964844,85.2300033569336,85.9000015258789,10432000,V
2017-02-13,86.19999694824219,86.69999694824219,86.0,86.44000244140625,6046300,V
2017-02-14,86.5199966430664,86.97000122070312,86.26000213623047,86.8499984741211,5952000,V
2017-02-15,87.0199966430664,87.54000091552734,86.69999694824219,87.54000091552734,8049700,V
2017-02-16,87.55000305175781,87.68000030517578,86.79000091552734,87.41000366210938,8680600,V
2017-02-17,87.2699966430664,87.68000030517578,86.9800033569336,87.45999908447266,5887200,V
2017-02-21,87.51000213623047,88.04000091552734,87.16999816894531,87.91999816894531,9301300,V
2017-02-22,87.61000061035156,88.1500015258789,87.51000213623047,87.80000305175781,8389900,V
2017-02-23,88.2300033569336,88.48999786376953,87.87000274658203,88.18000030517578,6040500,V
2017-02-24,87.36000061035156,88.43000030517578,87.30000305175781,88.43000030517578,5151300,V
2017-02-27,88.31999969482422,88.37999725341797,87.91000366210938,88.0,6131600,V
2017-02-28,88.16000366210938,88.37999725341797,87.76000213623047,87.94000244140625,8521900,V
2017-03-01,88.73999786376953,89.13999938964844,88.41999816894531,88.98999786376953,11131400,V
2017-03-02,89.0,89.12999725341797,88.0999984741211,88.52999877929688,10544200,V
2017-03-03,88.30999755859375,88.91000366210938,88.18000030517578,88.79000091552734,5700600,V
2017-03-06,88.52999877929688,89.2699966430664,88.2699966430664,88.94000244140625,7347600,V
2017-03-07,88.98999786376953,89.30000305175781,88.8499984741211,89.05999755859375,5688400,V
2017-03-08,89.16999816894531,89.30000305175781,88.87000274658203,88.95999908447266,5866800,V
2017-03-09,89.0199966430664,89.5,88.70999908447266,89.11000061035156,5953900,V
2017-03-10,89.5,89.86000061035156,89.0999984741211,89.7300033569336,12246700,V
2017-03-13,89.80000305175781,90.30999755859375,89.61000061035156,90.11000061035156,8944100,V
2017-03-14,89.93000030517578,90.02999877929688,89.23999786376953,89.55000305175781,6009400,V
2017-03-15,89.75,90.0999984741211,89.41000366210938,89.91999816894531,6350700,V
2017-03-16,90.30999755859375,90.33000183105469,89.47000122070312,90.04000091552734,9174400,V
2017-03-17,90.25,90.62999725341797,90.16999816894531,90.23999786376953,8613400,V
2017-03-20,90.29000091552734,92.05000305175781,88.97000122070312,89.18000030517578,9438000,V
2017-03-21,89.48999786376953,89.70999908447266,88.0,88.05999755859375,11092100,V
2017-03-22,87.8499984741211,89.04000091552734,87.8499984741211,88.5199966430664,7828600,V
2017-03-23,88.47000122070312,89.38999938964844,88.41999816894531,88.86000061035156,7710700,V
2017-03-24,89.05999755859375,89.61000061035156,88.97000122070312,89.19000244140625,7597600,V
2017-03-27,88.30999755859375,88.98999786376953,88.06999969482422,88.94999694824219,5230000,V
2017-03-28,89.12000274658203,89.41999816894531,88.48999786376953,89.12000274658203,7045500,V
2017-03-29,88.98999786376953,89.38999938964844,88.55999755859375,89.18000030517578,4738000,V
2017-03-30,89.08000183105469,89.0999984741211,88.5999984741211,89.01000213623047,6227100,V
2017-03-31,88.9800033569336,89.3499984741211,88.87000274658203,88.87000274658203,6429800,V
2017-04-03,89.13999938964844,89.45999908447266,88.4000015258789,89.36000061035156,9125800,V
2017-04-04,89.01000213623047,89.33000183105469,88.66000366210938,88.77999877929688,4859900,V
2017-04-05,89.12999725341797,90.19999694824219,88.94999694824219,89.02999877929688,7251600,V
2017-04-06,89.0,89.26000213623047,88.77999877929688,89.08999633789062,8473900,V
2017-04-07,88.97000122070312,89.23999786376953,88.5199966430664,88.73999786376953,5439500,V
2017-04-10,88.62000274658203,89.25,88.5199966430664,88.86000061035156,5999400,V
2017-04-11,88.5999984741211,88.8499984741211,88.12999725341797,88.8499984741211,7058500,V
2017-04-12,88.69999694824219,89.20999908447266,88.55999755859375,88.68000030517578,5912500,V
2017-04-13,88.47000122070312,89.77999877929688,88.43000030517578,88.87000274658203,7242700,V
2017-04-17,89.08999633789062,89.9000015258789,88.75,89.80999755859375,6122800,V
2017-04-18,89.63999938964844,89.91999816894531,89.23999786376953,89.7300033569336,6823500,V
2017-04-19,90.08999633789062,90.62000274658203,89.5999984741211,89.75,7301300,V
2017-04-20,90.13999938964844,91.5,89.9000015258789,91.1500015258789,12178300,V
2017-04-21,92.7699966430664,92.80000305175781,91.0199966430664,91.1500015258789,19442600,V
2017-04-24,92.1500015258789,92.5,91.01000213623047,91.8499984741211,11705400,V
2017-04-25,91.98999786376953,92.3499984741211,91.58000183105469,92.11000061035156,7769200,V
2017-04-26,92.0199966430664,92.4800033569336,91.75,91.81999969482422,11295200,V
2017-04-27,91.94999694824219,92.0,91.27999877929688,91.5999984741211,5856800,V
2017-04-28,91.38999938964844,91.55000305175781,90.9800033569336,91.22000122070312,6888500,V
2017-05-01,91.29000091552734,91.66999816894531,91.13999938964844,91.26000213623047,9042100,V
2017-05-02,91.62000274658203,92.75,91.52999877929688,92.54000091552734,11627700,V
2017-05-03,92.4000015258789,92.55000305175781,91.9800033569336,92.44000244140625,4909000,V
2017-05-04,92.69999694824219,92.8499984741211,92.25,92.62000274658203,5257000,V
2017-05-05,92.9000015258789,92.9800033569336,91.76000213623047,92.08999633789062,8844500,V
2017-05-08,92.05000305175781,92.16000366210938,91.5199966430664,91.91999816894531,5223600,V
2017-05-09,91.9000015258789,92.13999938964844,91.83000183105469,92.0,3969500,V
2017-05-10,91.69999694824219,92.41000366210938,91.68000030517578,92.25,6747600,V
2017-05-11,92.12000274658203,92.30999755859375,91.62000274658203,92.0999984741211,7052200,V
2017-05-12,92.19000244140625,92.77999877929688,91.9800033569336,92.7300033569336,5898800,V
2017-05-15,92.7300033569336,93.41999816894531,92.72000122070312,93.2300033569336,7040100,V
2017-05-16,93.3499984741211,93.72000122070312,92.97000122070312,93.1500015258789,5497400,V
2017-05-17,92.4800033569336,92.76000213623047,91.70999908447266,91.76000213623047,8240200,V
2017-05-18,91.36000061035156,92.4800033569336,91.36000061035156,91.70999908447266,8239800,V
2017-05-19,91.9800033569336,92.80999755859375,91.70999908447266,92.4800033569336,9361300,V
2017-05-22,92.52999877929688,93.5999984741211,92.43000030517578,93.30999755859375,9186200,V
2017-05-23,93.55999755859375,94.06999969482422,93.47000122070312,93.86000061035156,7616100,V
2017-05-24,94.0199966430664,94.98999786376953,94.0199966430664,94.80999755859375,6825300,V
2017-05-25,95.08999633789062,95.37999725341797,94.88999938964844,95.04000091552734,7262400,V
2017-05-26,95.0,95.12000274658203,94.38999938964844,94.66999816894531,4133900,V
2017-05-30,94.66000366210938,94.87999725341797,94.33999633789062,94.72000122070312,6292700,V
2017-05-31,95.08000183105469,95.52999877929688,94.45999908447266,95.2300033569336,9866000,V
2017-06-01,95.4000015258789,95.44999694824219,94.61000061035156,95.4000015258789,8911900,V
2017-06-02,95.41000366210938,96.19000244140625,95.41000366210938,96.1500015258789,8570200,V
2017-06-05,96.31999969482422,96.58999633789062,96.11000061035156,96.55000305175781,14510500,V
2017-06-06,96.2699966430664,96.5999984741211,95.55999755859375,95.79000091552734,7030300,V
2017-06-07,96.02999877929688,96.22000122070312,95.76000213623047,96.08999633789062,6720300,V
2017-06-08,95.87000274658203,96.12000274658203,95.29000091552734,96.08999633789062,7720300,V
2017-06-09,96.08999633789062,96.25,93.70999908447266,94.55999755859375,16887100,V
2017-06-12,93.69000244140625,94.04000091552734,92.80000305175781,93.5,15610000,V
2017-06-13,94.0,95.33999633789062,93.97000122070312,95.08000183105469,8700100,V
2017-06-14,95.31999969482422,96.0,94.94999694824219,95.31999969482422,6347000,V
2017-06-15,94.44000244140625,94.52999877929688,93.52999877929688,94.16999816894531,12793900,V
2017-06-16,94.30999755859375,94.44000244140625,93.73999786376953,94.16999816894531,14705100,V
2017-06-19,94.75,94.8499984741211,94.25,94.79000091552734,5984300,V
2017-06-20,94.79000091552734,94.95999908447266,94.33000183105469,94.37999725341797,5626700,V
2017-06-21,94.61000061035156,94.7699966430664,94.06999969482422,94.54000091552734,5611400,V
2017-06-22,94.48999786376953,94.51000213623047,93.87000274658203,93.94999694824219,5846500,V
2017-06-23,94.16000366210938,95.6500015258789,93.88999938964844,95.58000183105469,11637300,V
2017-06-26,95.80000305175781,96.2699966430664,95.0999984741211,95.22000122070312,6970800,V
2017-06-27,95.1500015258789,95.33999633789062,94.62999725341797,94.9000015258789,6283600,V
2017-06-28,95.1500015258789,96.4000015258789,94.66000366210938,96.2300033569336,5571300,V
2017-06-29,95.79000091552734,95.79000091552734,94.01000213623047,94.41999816894531,8872500,V
2017-06-30,94.37999725341797,94.62000274658203,93.77999877929688,93.77999877929688,9036600,V
2017-07-03,94.37999725341797,94.41000366210938,93.3499984741211,93.3499984741211,6197700,V
2017-07-05,93.75,94.4000015258789,93.72000122070312,94.01000213623047,9339600,V
2017-07-06,93.44999694824219,93.97000122070312,93.19000244140625,93.25,8215700,V
2017-07-07,93.5,94.41000366210938,93.5,93.91999816894531,6175800,V
2017-07-10,94.1500015258789,95.37000274658203,94.1500015258789,95.08999633789062,8851800,V
2017-07-11,95.08000183105469,95.62999725341797,94.93000030517578,95.41000366210938,5554100,V
2017-07-12,95.9800033569336,96.44999694824219,95.62999725341797,96.18000030517578,5974800,V
2017-07-13,96.41999816894531,96.6500015258789,95.7699966430664,95.94000244140625,6721700,V
2017-07-14,96.13999938964844,97.37000274658203,96.12000274658203,96.93000030517578,6195800,V
2017-07-17,97.11000061035156,97.29000091552734,96.58999633789062,96.83000183105469,5914900,V
2017-07-18,96.8499984741211,97.75,96.61000061035156,97.58000183105469,7435000,V
2017-07-19,97.63999938964844,98.33000183105469,97.55000305175781,98.25,6390400,V
2017-07-20,99.11000061035156,99.13999938964844,97.93000030517578,98.11000061035156,8572900,V
2017-07-21,99.5999984741211,100.48999786376953,99.08999633789062,99.5999984741211,17400200,V
2017-07-24,99.55000305175781,100.41999816894531,99.13999938964844,100.37000274658203,9186000,V
2017-07-25,100.6500015258789,100.8499984741211,99.80000305175781,99.98999786376953,6774900,V
2017-07-26,100.01000213623047,100.98999786376953,99.86000061035156,100.8499984741211,7205400,V
2017-07-27,100.97000122070312,101.18000030517578,98.55000305175781,99.56999969482422,10543900,V
2017-07-28,99.12000274658203,99.58999633789062,98.51000213623047,99.1500015258789,6558800,V
2017-07-31,99.5,100.0,99.13999938964844,99.55999755859375,7576600,V
2017-08-01,100.36000061035156,101.06999969482422,99.95999908447266,100.87000274658203,6018100,V
2017-08-02,101.02999877929688,101.27999877929688,100.23999786376953,101.27999877929688,5955600,V
2017-08-03,100.94000244140625,101.0999984741211,100.33000183105469,100.58999633789062,5697500,V
2017-08-04,100.95999908447266,101.33999633789062,100.61000061035156,100.88999938964844,4618000,V
2017-08-07,100.91999816894531,101.54000091552734,100.58999633789062,101.48999786376953,7047100,V
2017-08-08,101.5,101.72000122070312,100.93000030517578,101.27999877929688,6283700,V
2017-08-09,100.76000213623047,101.30000305175781,100.5999984741211,100.97000122070312,6902100,V
2017-08-10,100.54000091552734,100.87999725341797,99.43000030517578,99.48999786376953,8560800,V
2017-08-11,99.55000305175781,100.30000305175781,99.52999877929688,100.08999633789062,5268200,V
2017-08-14,100.9800033569336,102.11000061035156,100.75,101.87000274658203,5657600,V
2017-08-15,102.36000061035156,102.77999877929688,101.97000122070312,102.62999725341797,5386000,V
2017-08-16,102.76000213623047,103.93000030517578,102.63999938964844,103.31999969482422,13408300,V
2017-08-17,103.33000183105469,103.52999877929688,102.16000366210938,102.16000366210938,7381600,V
2017-08-18,102.08000183105469,103.08999633789062,101.94000244140625,102.51000213623047,5670900,V
2017-08-21,102.62000274658203,103.3499984741211,102.33000183105469,103.22000122070312,5395000,V
2017-08-22,103.44000244140625,104.19999694824219,103.13999938964844,104.06999969482422,5481000,V
2017-08-23,103.7699966430664,103.97000122070312,102.98999786376953,103.18000030517578,5057200,V
2017-08-24,103.31999969482422,103.5,102.63999938964844,103.22000122070312,4082300,V
2017-08-25,103.6500015258789,103.87999725341797,103.16000366210938,103.3499984741211,4467400,V
2017-08-28,103.6500015258789,103.83000183105469,103.26000213623047,103.77999877929688,3919900,V
2017-08-29,102.91999816894531,104.06999969482422,102.63999938964844,103.7699966430664,7135300,V
2017-08-30,103.69999694824219,104.0,103.5199966430664,103.7300033569336,8712700,V
2017-08-31,104.05999755859375,104.19000244140625,103.02999877929688,103.5199966430664,13766000,V
2017-09-01,104.04000091552734,104.08000183105469,103.44000244140625,103.9000015258789,4466800,V
2017-09-05,103.4000015258789,103.45999908447266,102.26000213623047,103.01000213623047,6337500,V
2017-09-06,103.33999633789062,103.75,103.0999984741211,103.18000030517578,6372200,V
2017-09-07,103.70999908447266,105.44000244140625,103.61000061035156,104.55999755859375,6508600,V
2017-09-08,104.33000183105469,104.7699966430664,104.05999755859375,104.43000030517578,5787200,V
2017-09-11,105.4800033569336,106.1500015258789,105.1500015258789,106.1500015258789,6956000,V
2017-09-12,106.63999938964844,106.63999938964844,105.76000213623047,106.20999908447266,5212400,V
2017-09-13,106.26000213623047,106.26000213623047,105.23999786376953,105.83000183105469,6215700,V
2017-09-14,105.5,106.83999633789062,105.5,106.08000183105469,8154000,V
2017-09-15,105.73999786376953,106.13999938964844,104.94999694824219,105.30000305175781,12622900,V
2017-09-18,105.3499984741211,105.5199966430664,104.62000274658203,104.83000183105469,7330300,V
2017-09-19,105.12999725341797,105.93000030517578,104.83000183105469,105.41000366210938,9754400,V
2017-09-20,105.5,105.7699966430664,104.45999908447266,104.97000122070312,8198600,V
2017-09-21,105.0,105.61000061035156,104.6500015258789,105.30999755859375,4777600,V
2017-09-22,105.20999908447266,105.68000030517578,105.05999755859375,105.55999755859375,4959400,V
2017-09-25,105.5,105.6500015258789,102.75,103.0199966430664,9395300,V
2017-09-26,103.11000061035156,104.0199966430664,102.87999725341797,102.94000244140625,6263600,V
2017-09-27,103.06999969482422,104.12000274658203,102.9000015258789,103.88999938964844,8337400,V
2017-09-28,103.75,104.9800033569336,103.73999786376953,104.58000183105469,5947800,V
2017-09-29,104.75,105.43000030517578,104.69000244140625,105.23999786376953,7676300,V
2017-10-02,105.54000091552734,105.98999786376953,105.0999984741211,105.44000244140625,4885600,V
2017-10-03,105.6500015258789,105.9000015258789,105.29000091552734,105.58999633789062,4411100,V
2017-10-04,105.70999908447266,105.73999786376953,104.9000015258789,105.30999755859375,4146800,V
2017-10-05,105.5999984741211,106.25,105.1500015258789,106.23999786376953,4396100,V
2017-10-06,106.29000091552734,106.95999908447266,105.87000274658203,106.7300033569336,4587000,V
2017-10-09,106.5999984741211,107.6500015258789,106.54000091552734,107.01000213623047,4787000,V
2017-10-10,107.58000183105469,107.5999984741211,106.81999969482422,107.30999755859375,4015600,V
2017-10-11,107.69999694824219,108.58999633789062,107.5999984741211,108.44000244140625,6473100,V
2017-10-12,108.5,108.70999908447266,107.9000015258789,108.11000061035156,6496100,V
2017-10-13,108.5,109.26000213623047,108.4000015258789,108.66000366210938,5154600,V
2017-10-16,108.79000091552734,109.05000305175781,107.16000366210938,108.30000305175781,5552200,V
2017-10-17,108.25,108.41999816894531,107.30000305175781,107.54000091552734,5979400,V
2017-10-18,107.62000274658203,108.0,107.45999908447266,107.80000305175781,4817300,V
2017-10-19,107.2699966430664,107.77999877929688,106.9000015258789,107.0199966430664,10840200,V
2017-10-20,107.69999694824219,107.69999694824219,106.97000122070312,107.55000305175781,7848900,V
2017-10-23,108.05000305175781,108.2300033569336,107.0999984741211,107.52999877929688,6316700,V
2017-10-24,107.55999755859375,108.63999938964844,107.18000030517578,108.41000366210938,10511200,V
2017-10-25,109.41000366210938,110.61000061035156,108.0,109.48999786376953,13261300,V
2017-10-26,110.37999725341797,110.73999786376953,109.66999816894531,109.80000305175781,7380100,V
2017-10-27,110.06999969482422,110.12999725341797,108.69000244140625,109.70999908447266,7862700,V
2017-10-30,109.66999816894531,110.23999786376953,108.91999816894531,110.04000091552734,5148600,V
2017-10-31,110.58000183105469,110.69000244140625,108.66000366210938,109.9800033569336,8002500,V
2017-11-01,110.5,111.4000015258789,110.41999816894531,111.06999969482422,6167300,V
2017-11-02,111.0199966430664,111.37000274658203,110.19999694824219,110.9800033569336,5506600,V
2017-11-03,110.94000244140625,111.41999816894531,110.51000213623047,111.36000061035156,3757600,V
2017-11-06,111.36000061035156,112.1500015258789,111.19999694824219,111.91999816894531,4094700,V
2017-11-07,112.25,112.47000122070312,111.55999755859375,112.08999633789062,3697900,V
2017-11-08,112.01000213623047,112.91000366210938,111.81999969482422,112.47000122070312,4417800,V
2017-11-09,111.80000305175781,112.22000122070312,110.93000030517578,112.13999938964844,4334700,V
2017-11-10,111.70999908447266,111.9800033569336,111.27999877929688,111.87999725341797,4198900,V
2017-11-13,111.55000305175781,111.86000061035156,111.33999633789062,111.4000015258789,7185600,V
2017-11-14,111.08000183105469,112.04000091552734,110.80999755859375,111.9800033569336,5679600,V
2017-11-15,111.33999633789062,111.87000274658203,110.13999938964844,110.25,6895100,V
2017-11-16,110.75,111.44000244140625,110.56999969482422,111.0199966430664,5655100,V
2017-11-17,110.69000244140625,110.91000366210938,109.69999694824219,109.81999969482422,8812400,V
2017-11-20,109.94999694824219,110.68000030517578,109.69000244140625,109.94999694824219,6873200,V
2017-11-21,110.44999694824219,111.48999786376953,110.30000305175781,111.44999694824219,6456500,V
2017-11-22,111.5,111.66000366210938,110.69999694824219,110.81999969482422,4067600,V
2017-11-24,111.30999755859375,112.16000366210938,111.13999938964844,111.97000122070312,3045600,V
2017-11-27,112.0,112.54000091552734,111.91000366210938,112.37999725341797,6620500,V
2017-11-28,112.5999984741211,113.62000274658203,112.55999755859375,113.36000061035156,6671300,V
2017-11-29,113.62000274658203,113.62000274658203,106.9000015258789,109.86000061035156,14505400,V
2017-11-30,110.5,112.58999633789062,110.02999877929688,112.58999633789062,18533300,V
2017-12-01,112.37999725341797,112.44000244140625,109.76000213623047,110.7300033569336,13101800,V
2017-12-04,111.33000183105469,111.44999694824219,106.97000122070312,107.43000030517578,18909100,V
2017-12-05,108.88999938964844,109.23999786376953,106.5999984741211,108.58000183105469,12081500,V
2017-12-06,108.48999786376953,110.16999816894531,108.26000213623047,109.73999786376953,7532100,V
2017-12-07,109.7699966430664,111.41000366210938,109.44999694824219,111.4000015258789,7384900,V
2017-12-08,112.12999725341797,112.61000061035156,111.81999969482422,112.5999984741211,7594900,V
2017-12-11,112.5,113.3499984741211,112.16000366210938,112.37000274658203,7538600,V
2017-12-12,112.37000274658203,113.7300033569336,112.0,113.45999908447266,8754400,V
2017-12-13,113.75,114.37000274658203,113.19000244140625,113.30999755859375,8088900,V
2017-12-14,113.55000305175781,114.08999633789062,112.91999816894531,112.91999816894531,9815600,V
2017-12-15,113.97000122070312,114.19999694824219,112.38999938964844,113.81999969482422,16388000,V
2017-12-18,114.69000244140625,114.75,113.25,113.55000305175781,8961800,V
2017-12-19,113.27999877929688,113.27999877929688,112.08000183105469,112.13999938964844,7899400,V
2017-12-20,112.72000122070312,113.0999984741211,111.98999786376953,112.12000274658203,6201900,V
2017-12-21,112.5999984741211,113.0999984741211,112.31999969482422,112.41000366210938,8866400,V
2017-12-22,112.38999938964844,113.11000061035156,112.25,112.69000244140625,6190100,V
2017-12-26,112.06999969482422,113.44000244140625,112.06999969482422,112.98999786376953,3948900,V
2017-12-27,112.69000244140625,114.06999969482422,112.6500015258789,114.0199966430664,7073100,V
2017-12-28,114.30000305175781,114.91999816894531,113.98999786376953,114.3499984741211,6937100,V
2017-12-29,114.75,114.88999938964844,114.0199966430664,114.0199966430664,5249000,V
2018-01-02,114.56999969482422,115.08000183105469,113.94999694824219,114.51000213623047,6080900,V
2018-01-03,114.94999694824219,115.79000091552734,114.66000366210938,115.6500015258789,6946100,V
2018-01-04,116.25,117.36000061035156,116.02999877929688,116.08000183105469,7805300,V
2018-01-05,116.98999786376953,119.0,116.41999816894531,118.86000061035156,8590500,V
2018-01-08,118.61000061035156,120.4800033569336,118.06999969482422,119.33999633789062,6660700,V
2018-01-09,119.97000122070312,119.97000122070312,118.66000366210938,119.11000061035156,6562400,V
2018-01-10,118.69000244140625,119.05000305175781,117.45999908447266,118.9800033569336,7490300,V
2018-01-11,118.80000305175781,119.9800033569336,118.68000030517578,119.83999633789062,5982100,V
2018-01-12,120.12000274658203,120.3499984741211,119.70999908447266,120.08999633789062,5585800,V
2018-01-16,121.18000030517578,121.94000244140625,119.91000366210938,120.38999938964844,8803800,V
2018-01-17,121.19999694824219,122.16000366210938,120.7300033569336,121.9800033569336,7991500,V
2018-01-18,122.5199966430664,123.19999694824219,122.02999877929688,123.11000061035156,8661000,V
2018-01-19,123.05000305175781,123.6500015258789,121.91999816894531,122.69999694824219,8250700,V
2018-01-22,122.87000274658203,124.33000183105469,122.4000015258789,124.33000183105469,9355000,V
2018-01-23,124.5999984741211,125.51000213623047,124.20999908447266,124.6500015258789,5683300,V
2018-01-24,125.05000305175781,125.44999694824219,123.70999908447266,124.55000305175781,6425200,V
2018-01-25,125.0,125.47000122070312,124.62999725341797,125.22000122070312,7166400,V
2018-01-26,125.7699966430664,126.37999725341797,124.76000213623047,126.31999969482422,5604900,V
2018-01-29,126.73999786376953,126.87999725341797,124.69000244140625,124.83999633789062,6257900,V
2018-01-30,123.81999969482422,124.29000091552734,122.83999633789062,123.55000305175781,8154400,V
2018-01-31,123.77999877929688,124.4800033569336,123.04000091552734,124.2300033569336,7338200,V
2018-02-01,124.73999786376953,126.26000213623047,124.0999984741211,125.72000122070312,11169700,V
2018-02-02,123.72000122070312,123.72000122070312,120.69999694824219,120.91000366210938,13937700,V
2018-02-05,118.69999694824219,121.12999725341797,115.01000213623047,116.2699966430664,16623900,V
2018-02-06,115.19999694824219,120.30000305175781,113.25,119.97000122070312,19053300,V
2018-02-07,120.08999633789062,122.45999908447266,119.20999908447266,119.6500015258789,9294000,V
2018-02-08,119.52999877929688,119.81999969482422,113.54000091552734,113.86000061035156,12673400,V
2018-02-09,114.55000305175781,117.20999908447266,111.0199966430664,116.31999969482422,17695500,V
2018-02-12,117.79000091552734,118.83999633789062,116.87999725341797,118.47000122070312,11526300,V
2018-02-13,117.8499984741211,118.80000305175781,117.12999725341797,118.3499984741211,7803900,V
2018-02-14,117.62000274658203,120.94999694824219,117.5,120.83000183105469,9206400,V
2018-02-15,121.69999694824219,122.30999755859375,119.97000122070312,122.27999877929688,6921300,V
2018-02-16,121.62999725341797,122.98999786376953,121.56999969482422,121.8499984741211,6371400,V
2018-02-20,121.3499984741211,123.05000305175781,121.0199966430664,122.01000213623047,6182800,V
2018-02-21,122.05000305175781,122.83000183105469,120.41000366210938,120.43000030517578,7676100,V
2018-02-22,120.66999816894531,121.37999725341797,119.62000274658203,120.37999725341797,4994000,V
2018-02-23,121.56999969482422,122.95999908447266,121.22000122070312,122.93000030517578,5036900,V
2018-02-26,123.58000183105469,124.5999984741211,123.31999969482422,124.58999633789062,6270500,V
2018-02-27,124.69999694824219,125.30000305175781,123.3499984741211,123.37000274658203,7287200,V
2018-02-28,123.6500015258789,124.9800033569336,122.87999725341797,122.94000244140625,6780900,V
2018-03-01,123.26000213623047,124.0,119.62000274658203,120.4000015258789,8819600,V
2018-03-02,119.08999633789062,120.9800033569336,117.86000061035156,120.7699966430664,7581900,V
2018-03-05,120.44999694824219,122.30999755859375,119.44000244140625,121.87999725341797,5810200,V
2018-03-06,122.83000183105469,123.23999786376953,120.66999816894531,121.05999755859375,7464400,V
2018-03-07,120.02999877929688,122.23999786376953,119.69999694824219,121.8499984741211,7254100,V
2018-03-08,121.95999908447266,122.81999969482422,121.16999816894531,122.22000122070312,6948900,V
2018-03-09,123.25,124.79000091552734,122.87000274658203,124.51000213623047,6397700,V
2018-03-12,124.75,124.9800033569336,123.4800033569336,124.23999786376953,8636000,V
2018-03-13,124.25,125.0,122.9000015258789,123.19999694824219,9479500,V
2018-03-14,124.04000091552734,124.04000091552734,121.9000015258789,122.58000183105469,7855000,V
2018-03-15,123.12999725341797,124.41999816894531,122.69999694824219,123.41000366210938,5861900,V
2018-03-16,123.8499984741211,125.05000305175781,123.33000183105469,124.52999877929688,9447100,V
2018-03-19,123.94000244140625,124.30999755859375,122.27999877929688,123.20999908447266,17387800,V
2018-03-20,123.37999725341797,125.16999816894531,123.30000305175781,124.91000366210938,7779700,V
2018-03-21,124.9000015258789,125.44000244140625,123.06999969482422,123.22000122070312,7359500,V
2018-03-22,122.19999694824219,122.68000030517578,119.69999694824219,119.98999786376953,10501500,V
2018-03-23,119.88999938964844,120.33000183105469,116.76000213623047,117.0,10024300,V
2018-03-26,119.08999633789062,120.73999786376953,117.80000305175781,120.63999938964844,8735400,V
2018-03-27,121.5199966430664,121.5999984741211,116.73999786376953,117.4000015258789,9008600,V
2018-03-28,116.93000030517578,118.06999969482422,116.02999877929688,116.98999786376953,9420400,V
2018-03-29,117.68000030517578,120.58999633789062,117.04000091552734,119.62000274658203,12918100,V
2018-04-02,119.2699966430664,119.83000183105469,116.76000213623047,118.38999938964844,9877100,V
2018-04-03,118.88999938964844,119.98999786376953,117.48999786376953,119.19999694824219,7084800,V
2018-04-04,116.9000015258789,120.12000274658203,116.70999908447266,119.80999755859375,8425700,V
2018-04-05,121.0,122.01000213623047,120.37000274658203,121.19000244140625,6816000,V
2018-04-06,120.18000030517578,120.55999755859375,117.12000274658203,117.69999694824219,8383800,V
2018-04-09,118.62999725341797,120.66999816894531,118.62999725341797,118.79000091552734,7024800,V
2018-04-10,120.55999755859375,121.16000366210938,119.63999938964844,120.72000122070312,8947200,V
2018-04-11,119.98999786376953,121.66000366210938,119.62000274658203,119.77999877929688,5874900,V
2018-04-12,120.4000015258789,121.9800033569336,120.38999938964844,121.06999969482422,5666000,V
2018-04-13,121.7300033569336,122.47000122070312,120.6500015258789,120.75,9174300,V
2018-04-16,122.11000061035156,122.87000274658203,121.51000213623047,121.87999725341797,6903200,V
2018-04-17,122.91000366210938,124.26000213623047,122.5199966430664,123.80000305175781,5979600,V
2018-04-18,124.05999755859375,124.87000274658203,123.37999725341797,124.4800033569336,5171000,V
2018-04-19,124.30999755859375,124.72000122070312,123.1500015258789,123.95999908447266,7294100,V
2018-04-20,124.05999755859375,124.81999969482422,123.30999755859375,124.19999694824219,7479400,V
2018-04-23,124.30000305175781,124.97000122070312,123.9000015258789,124.45999908447266,8004300,V
2018-04-24,124.87000274658203,125.04000091552734,120.55000305175781,121.2699966430664,9434400,V
2018-04-25,121.13999938964844,121.3499984741211,119.37000274658203,121.20999908447266,8001200,V
2018-04-26,125.13999938964844,127.58999633789062,123.77999877929688,127.08000183105469,14345800,V
2018-04-27,126.44000244140625,127.05999755859375,125.38999938964844,126.01000213623047,6842700,V
2018-04-30,126.73999786376953,127.9000015258789,126.66000366210938,126.87999725341797,8449200,V
2018-05-01,126.86000061035156,127.56999969482422,125.51000213623047,127.51000213623047,6407300,V
2018-05-02,127.87999725341797,128.10000610351562,126.0,126.37999725341797,8515300,V
2018-05-03,125.80999755859375,127.45999908447266,125.31999969482422,127.18000030517578,6778600,V
2018-05-04,126.33000183105469,128.36000061035156,126.06999969482422,128.16000366210938,5798400,V
2018-05-07,128.39999389648438,129.52000427246094,128.25,129.25999450683594,5737300,V
2018-05-08,129.13999938964844,129.97000122070312,128.30999755859375,129.89999389648438,5044700,V
2018-05-09,130.00999450683594,131.0,129.58999633789062,130.83999633789062,6119400,V
2018-05-10,131.2899932861328,131.75,130.72000122070312,131.0,6585800,V
2018-05-11,131.0,132.08999633789062,130.22999572753906,131.82000732421875,5437100,V
2018-05-14,132.42999267578125,132.5,130.6699981689453,131.2100067138672,5017000,V
2018-05-15,130.55999755859375,131.39999389648438,129.89999389648438,131.10000610351562,5532300,V
2018-05-16,131.08999633789062,131.39999389648438,130.5399932861328,130.88999938964844,5124200,V
2018-05-17,130.5800018310547,130.8000030517578,129.61000061035156,129.92999267578125,4911700,V
2018-05-18,129.6199951171875,130.33999633789062,129.07000732421875,129.92999267578125,6082700,V
2018-05-21,130.9499969482422,131.50999450683594,129.99000549316406,130.66000366210938,5591800,V
2018-05-22,131.0,131.77999877929688,130.5,130.7100067138672,6645500,V
2018-05-23,130.05999755859375,131.91000366210938,129.8000030517578,131.8800048828125,6569100,V
2018-05-24,131.82000732421875,132.2100067138672,130.5,131.88999938964844,6035200,V
2018-05-25,131.8800048828125,132.10000610351562,130.92999267578125,131.27999877929688,7509600,V
2018-05-29,130.38999938964844,131.0500030517578,129.05999755859375,129.69000244140625,10401900,V
2018-05-30,130.1999969482422,131.10000610351562,129.8699951171875,130.63999938964844,10631300,V
2018-05-31,130.64999389648438,131.5800018310547,129.97999572753906,130.72000122070312,11086000,V
2018-06-01,131.83999633789062,132.50999450683594,130.36000061035156,130.85000610351562,8323400,V
2018-06-04,131.94000244140625,133.57000732421875,131.42999267578125,133.07000732421875,7178000,V
2018-06-05,133.3800048828125,133.6199951171875,132.6999969482422,133.55999755859375,6198200,V
2018-06-06,134.0,136.30999755859375,133.61000061035156,136.27999877929688,8065800,V
2018-06-07,136.36000061035156,136.5800018310547,133.0500030517578,133.83999633789062,8309200,V
2018-06-08,133.44000244140625,134.9199981689453,133.22999572753906,134.74000549316406,5261000,V
2018-06-11,134.89999389648438,135.19000244140625,133.80999755859375,133.91000366210938,7988700,V
2018-06-12,134.0399932861328,135.1300048828125,133.5399932861328,134.86000061035156,5743300,V
2018-06-13,135.17999267578125,135.77000427246094,134.30999755859375,134.39999389648438,4881600,V
2018-06-14,134.9600067138672,135.6999969482422,134.75,135.0,6464100,V
2018-06-15,135.10000610351562,135.72999572753906,134.0,135.10000610351562,10044500,V
2018-06-18,134.3699951171875,136.30999755859375,134.1199951171875,136.1999969482422,8713300,V
2018-06-19,134.55999755859375,135.24000549316406,133.57000732421875,135.11000061035156,6557600,V
2018-06-20,135.52000427246094,136.69000244140625,135.5,135.5,7192000,V
2018-06-21,135.27000427246094,136.1199951171875,134.25999450683594,134.52999877929688,8689800,V
2018-06-22,135.60000610351562,135.85000610351562,134.25999450683594,135.3300018310547,6031900,V
2018-06-25,134.91000366210938,134.91000366210938,129.52999877929688,130.92999267578125,10086200,V
2018-06-26,132.11000061035156,133.7899932861328,131.61000061035156,132.5500030517578,7733900,V
2018-06-27,133.00999450683594,133.66000366210938,131.00999450683594,131.02000427246094,7282100,V
2018-06-28,131.0,133.1199951171875,130.64999389648438,132.74000549316406,6576500,V
2018-06-29,133.27999877929688,134.19000244140625,132.4499969482422,132.4499969482422,7259000,V
2018-07-02,131.9600067138672,133.0500030517578,131.14999389648438,132.5,7554400,V
2018-07-03,133.00999450683594,133.41000366210938,131.4199981689453,131.4499969482422,3621600,V
2018-07-05,132.1300048828125,133.3300018310547,131.8300018310547,133.2899932861328,4729300,V
2018-07-06,133.5800018310547,134.27999877929688,132.5,134.08999633789062,4839800,V
2018-07-09,134.94000244140625,135.97000122070312,134.7899932861328,135.52000427246094,8960700,V
2018-07-10,135.57000732421875,137.3300018310547,135.33999633789062,136.69000244140625,6561900,V
2018-07-11,136.6300048828125,138.80999755859375,136.60000610351562,138.14999389648438,10648700,V
2018-07-12,139.00999450683594,139.9499969482422,138.66000366210938,139.89999389648438,11816100,V
2018-07-13,139.7899932861328,140.02999877929688,137.5399932861328,139.4199981689453,7865700,V
2018-07-16,139.4199981689453,139.5500030517578,138.16000366210938,138.4600067138672,4969900,V
2018-07-17,138.17999267578125,139.91000366210938,137.4199981689453,139.63999938964844,5412600,V
2018-07-18,139.91000366210938,141.1699981689453,139.3699951171875,140.89999389648438,7008600,V
2018-07-19,140.9499969482422,140.99000549316406,139.92999267578125,140.1300048828125,7937000,V
2018-07-20,140.0,141.47000122070312,139.9199981689453,140.99000549316406,7153600,V
2018-07-23,140.66000366210938,140.97000122070312,139.63999938964844,140.02999877929688,7723600,V
2018-07-24,140.99000549316406,141.47000122070312,139.50999450683594,140.02999877929688,8336700,V
2018-07-25,140.33999633789062,142.77000427246094,139.89999389648438,142.63999938964844,8376000,V
2018-07-26,141.61000061035156,142.7899932861328,139.52999877929688,142.5,10520800,V
2018-07-27,143.0800018310547,143.13999938964844,139.2100067138672,140.7100067138672,7014900,V
2018-07-30,140.1300048828125,140.4199981689453,135.30999755859375,136.47999572753906,12812400,V
2018-07-31,137.1300048828125,138.02000427246094,135.6300048828125,136.74000549316406,7683300,V
2018-08-01,137.74000549316406,138.74000549316406,137.41000366210938,138.25,7087700,V
2018-08-02,137.4499969482422,139.19000244140625,137.0,138.9199981689453,12300000,V
2018-08-03,139.2899932861328,139.86000061035156,137.94000244140625,139.82000732421875,4617500,V
2018-08-06,139.64999389648438,140.25999450683594,139.0500030517578,139.7100067138672,5143000,V
2018-08-07,139.97999572753906,140.69000244140625,139.8699951171875,140.27999877929688,10034500,V
2018-08-08,139.97999572753906,140.99000549316406,139.8300018310547,140.67999267578125,5389500,V
2018-08-09,140.72999572753906,141.24000549316406,139.89999389648438,140.00999450683594,5679300,V
2018-08-10,139.8800048828125,140.74000549316406,139.25,139.72999572753906,6523500,V
2018-08-13,140.52999877929688,141.24000549316406,139.8300018310547,140.2100067138672,4817500,V
2018-08-14,140.3000030517578,140.99000549316406,139.8800048828125,140.75999450683594,5888700,V
2018-08-15,140.35000610351562,140.69000244140625,138.83999633789062,139.9199981689453,5288400,V
2018-08-16,141.07000732421875,141.49000549316406,140.4199981689453,140.64999389648438,5931700,V
2018-08-17,140.77999877929688,141.7100067138672,140.57000732421875,141.3300018310547,7699600,V
2018-08-20,141.5399932861328,141.60000610351562,140.6999969482422,140.94000244140625,4662200,V
2018-08-21,141.0,141.4600067138672,139.8000030517578,140.0399932861328,6854300,V
2018-08-22,139.85000610351562,141.52999877929688,139.85000610351562,141.13999938964844,4191700,V
2018-08-23,141.00999450683594,142.4499969482422,140.77000427246094,142.10000610351562,4426800,V
2018-08-24,142.32000732421875,144.3800048828125,142.32000732421875,144.1999969482422,5714000,V
2018-08-27,144.99000549316406,145.60000610351562,144.7100067138672,145.39999389648438,7194900,V
2018-08-28,145.6300048828125,146.1699981689453,144.8699951171875,145.1999969482422,4925700,V
2018-08-29,145.4600067138672,147.3000030517578,145.4199981689453,147.02999877929688,5192900,V
2018-08-30,146.82000732421875,147.7100067138672,146.36000061035156,146.74000549316406,7804600,V
2018-08-31,146.74000549316406,147.63999938964844,146.5,146.88999938964844,5786600,V
2018-09-04,146.92999267578125,147.86000061035156,146.6699981689453,147.8000030517578,7638100,V
2018-09-05,147.0,147.82000732421875,142.5500030517578,142.6699981689453,11363400,V
2018-09-06,143.2899932861328,144.6999969482422,142.5399932861328,144.5,9589200,V
2018-09-07,143.99000549316406,144.44000244140625,142.75,143.1999969482422,13626200,V
2018-09-10,144.1300048828125,144.44000244140625,143.2100067138672,144.0800018310547,5362700,V
2018-09-11,143.4600067138672,145.52000427246094,143.25,145.49000549316406,9895900,V
2018-09-12,145.85000610351562,146.8000030517578,145.07000732421875,146.57000732421875,6964100,V
2018-09-13,147.14999389648438,148.07000732421875,147.08999633789062,147.6300048828125,5803400,V
2018-09-14,147.91000366210938,148.3699951171875,147.35000610351562,147.83999633789062,4928300,V
2018-09-17,147.8300018310547,147.89999389648438,145.8300018310547,146.17999267578125,7708600,V
2018-09-18,146.1999969482422,148.08999633789062,145.9499969482422,147.6300048828125,5692100,V
2018-09-19,148.27999877929688,148.82000732421875,147.25,147.4199981689453,7432300,V
2018-09-20,147.99000549316406,149.49000549316406,147.1999969482422,149.24000549316406,7172700,V
2018-09-21,149.9499969482422,150.25999450683594,149.35000610351562,150.0500030517578,15628100,V
2018-09-24,149.16000366210938,149.64999389648438,147.27000427246094,149.11000061035156,6706700,V
2018-09-25,149.7100067138672,149.9600067138672,149.10000610351562,149.5800018310547,4230700,V
2018-09-26,150.0,150.4199981689453,149.0399932861328,149.27000427246094,5852400,V
2018-09-27,149.89999389648438,150.63999938964844,149.55999755859375,150.02000427246094,5868500,V
2018-09-28,149.80999755859375,150.3699951171875,149.5500030517578,150.08999633789062,6035900,V
2018-10-01,150.88999938964844,151.55999755859375,150.61000061035156,150.7899932861328,9802100,V
2018-10-02,150.83999633789062,150.83999633789062,149.1699981689453,149.6699981689453,8047500,V
2018-10-03,150.7100067138672,150.7100067138672,149.19000244140625,149.3699951171875,7521100,V
2018-10-04,149.17999267578125,149.27999877929688,146.10000610351562,146.75999450683594,9208900,V
2018-10-05,146.63999938964844,147.41000366210938,144.39999389648438,145.36000061035156,7085700,V
2018-10-08,145.00999450683594,145.00999450683594,140.17999267578125,141.88999938964844,11637300,V
2018-10-09,141.4600067138672,143.2899932861328,141.1199951171875,142.30999755859375,10798000,V
2018-10-10,142.57000732421875,142.69000244140625,135.2100067138672,135.52000427246094,15450100,V
2018-10-11,134.08999633789062,137.24000549316406,132.25999450683594,133.72999572753906,15657200,V
2018-10-12,138.47999572753906,140.97999572753906,137.42999267578125,140.05999755859375,12993300,V
2018-10-15,139.89999389648438,140.05999755859375,137.22000122070312,137.22999572753906,7953000,V
2018-10-16,138.7100067138672,142.13999938964844,138.67999267578125,141.74000549316406,11059500,V
2018-10-17,142.33999633789062,142.86000061035156,140.72999572753906,142.4499969482422,9170600,V
2018-10-18,142.4600067138672,142.4600067138672,137.9499969482422,139.2899932861328,10222600,V
2018-10-19,139.89999389648438,142.19000244140625,139.3800048828125,140.0800018310547,8696900,V
2018-10-22,140.97000122070312,141.5399932861328,139.50999450683594,140.63999938964844,6099500,V
2018-10-23,136.88999938964844,140.0399932861328,135.58999633789062,139.1199951171875,10736100,V
2018-10-24,139.6999969482422,140.17999267578125,134.0,134.25999450683594,13849600,V
2018-10-25,135.4499969482422,140.89999389648438,132.5,140.52000427246094,14985900,V
2018-10-26,137.97999572753906,139.8699951171875,136.05999755859375,137.74000549316406,12034900,V
2018-10-29,139.61000061035156,141.50999450683594,132.27000427246094,134.3300018310547,12768200,V
2018-10-30,133.0800018310547,134.86000061035156,129.7899932861328,132.75999450683594,15107600,V
2018-10-31,134.99000549316406,139.1199951171875,134.99000549316406,137.85000610351562,13205300,V
2018-11-01,139.0,140.8699951171875,137.49000549316406,140.8300018310547,16024000,V
2018-11-02,141.11000061035156,141.4499969482422,137.85000610351562,139.77999877929688,17063100,V
2018-11-05,139.8000030517578,140.2100067138672,138.07000732421875,139.8000030517578,6280000,V
2018-11-06,139.8000030517578,140.91000366210938,139.72000122070312,140.7899932861328,4732700,V
2018-11-07,142.33999633789062,144.89999389648438,142.32000732421875,144.77999877929688,20502100,V
2018-11-08,144.60000610351562,145.4600067138672,143.64999389648438,145.22999572753906,5927400,V
2018-11-09,144.1999969482422,144.57000732421875,142.36000061035156,143.92999267578125,8339800,V
2018-11-12,143.4199981689453,143.63999938964844,139.1699981689453,139.72000122070312,11335100,V
2018-11-13,140.35000610351562,141.89999389648438,139.00999450683594,139.72000122070312,6287000,V
2018-11-14,142.02000427246094,142.60000610351562,138.41000366210938,139.49000549316406,6613900,V
2018-11-15,138.85000610351562,141.91000366210938,137.92999267578125,141.83999633789062,8565000,V
2018-11-16,140.4199981689453,141.83999633789062,139.9199981689453,140.17999267578125,8628000,V
2018-11-19,140.47000122070312,140.57000732421875,134.25,134.75999450683594,16253000,V
2018-11-20,130.30999755859375,134.52999877929688,129.5399932861328,133.3699951171875,12720200,V
2018-11-21,134.36000061035156,135.77999877929688,133.6300048828125,134.4199981689453,7416300,V
2018-11-23,132.58999633789062,134.25,132.49000549316406,132.8699951171875,3676000,V
2018-11-26,134.60000610351562,136.52000427246094,134.25,135.94000244140625,9144600,V
2018-11-27,135.27999877929688,136.30999755859375,134.1199951171875,135.91000366210938,7877900,V
2018-11-28,137.07000732421875,141.5399932861328,136.8699951171875,141.3800048828125,11265100,V
2018-11-29,140.69000244140625,140.6999969482422,138.7100067138672,139.10000610351562,8751500,V
2018-11-30,139.00999450683594,142.25999450683594,138.6300048828125,141.7100067138672,11362800,V
2018-12-03,145.0,145.72000122070312,143.85000610351562,145.0,11285600,V
2018-12-04,143.1300048828125,144.35000610351562,138.5,138.63999938964844,13988900,V
2018-12-06,135.0399932861328,141.11000061035156,133.47999572753906,141.0500030517578,16391900,V
2018-12-07,140.82000732421875,142.1300048828125,135.99000549316406,137.11000061035156,14007700,V
2018-12-10,136.25,138.27000427246094,134.86000061035156,137.8800048828125,15744300,V
2018-12-11,139.94000244140625,140.0500030517578,135.9199981689453,136.80999755859375,12466300,V
2018-12-12,139.3000030517578,140.8800048828125,137.75,137.8000030517578,10387200,V
2018-12-13,138.3000030517578,139.1300048828125,136.14999389648438,137.5399932861328,8780900,V
2018-12-14,135.69000244140625,136.72000122070312,134.5500030517578,135.08999633789062,9351200,V
2018-12-17,134.2100067138672,134.42999267578125,130.69000244140625,131.39999389648438,11796200,V
2018-12-18,132.2899932861328,134.1699981689453,131.8000030517578,132.66000366210938,12761900,V
2018-12-19,132.92999267578125,135.8699951171875,129.52000427246094,131.25999450683594,13819000,V
2018-12-20,130.16000366210938,132.00999450683594,127.1500015258789,128.75999450683594,18091700,V
2018-12-21,127.18000030517578,130.3300018310547,122.94999694824219,124.26000213623047,25448600,V
2018-12-24,122.08000183105469,125.20999908447266,121.5999984741211,121.7300033569336,8617700,V
2018-12-26,123.0199966430664,130.24000549316406,123.0,130.22999572753906,13499500,V
2018-12-27,127.98999786376953,132.00999450683594,126.5199966430664,132.00999450683594,10883000,V
2018-12-28,133.0800018310547,133.6199951171875,129.66000366210938,130.94000244140625,7381300,V
2018-12-31,131.67999267578125,132.44000244140625,130.22999572753906,131.94000244140625,7976000,V
2019-01-02,130.0,133.74000549316406,129.60000610351562,132.9199981689453,8788000,V
2019-01-03,131.2100067138672,131.27999877929688,127.87999725341797,128.1300048828125,9428300,V
2019-01-04,130.44000244140625,134.58999633789062,130.1300048828125,133.64999389648438,11065800,V
2019-01-07,134.4499969482422,137.1699981689453,134.0399932861328,136.05999755859375,12928000,V
2019-01-08,137.97000122070312,138.19000244140625,135.9600067138672,136.8000030517578,9243000,V
2019-01-09,138.3000030517578,139.47999572753906,137.6199951171875,138.41000366210938,9987600,V
2019-01-10,136.80999755859375,138.82000732421875,136.36000061035156,138.6699981689453,12514900,V
2019-01-11,137.75,138.60000610351562,137.41000366210938,138.05999755859375,5860100,V
2019-01-14,136.99000549316406,138.1300048828125,136.64999389648438,137.10000610351562,8666700,V
2019-01-15,136.9600067138672,137.72000122070312,135.25,137.33999633789062,7594900,V
2019-01-16,138.39999389648438,138.8699951171875,137.07000732421875,137.33999633789062,7258000,V
2019-01-17,136.97000122070312,137.91000366210938,136.58999633789062,137.27999877929688,5864900,V
2019-01-18,138.30999755859375,138.60000610351562,136.63999938964844,138.5,10263500,V
2019-01-22,137.89999389648438,139.52000427246094,136.97999572753906,138.0500030517578,8102300,V
2019-01-23,138.77000427246094,138.97999572753906,136.14999389648438,137.00999450683594,5465800,V
2019-01-24,137.11000061035156,138.32000732421875,136.52000427246094,137.6999969482422,4924800,V
2019-01-25,139.0,139.89999389648438,137.6999969482422,138.6699981689453,9756300,V
2019-01-28,137.50999450683594,137.50999450683594,134.80999755859375,135.99000549316406,9857200,V
2019-01-29,136.58999633789062,136.69000244140625,134.11000061035156,135.0,7457700,V
2019-01-30,136.10000610351562,137.89999389648438,135.50999450683594,137.60000610351562,8078100,V
2019-01-31,134.38999938964844,135.72999572753906,133.3000030517578,135.00999450683594,20095700,V
2019-02-01,135.38999938964844,140.35000610351562,135.25999450683594,140.14999389648438,13248300,V
2019-02-04,139.7899932861328,141.52000427246094,139.17999267578125,141.5,11882700,V
2019-02-05,142.0,142.9499969482422,141.8300018310547,142.52999877929688,8455700,V
2019-02-06,141.9600067138672,142.4199981689453,141.0500030517578,141.49000549316406,6146900,V
2019-02-07,139.9199981689453,141.05999755859375,139.2100067138672,140.1699981689453,10675300,V
2019-02-08,138.69000244140625,140.39999389648438,138.52000427246094,140.3800048828125,5950700,V
2019-02-11,141.25999450683594,142.2899932861328,140.4499969482422,140.8000030517578,7600100,V
2019-02-12,141.7899932861328,142.8000030517578,141.25,141.99000549316406,6090000,V
2019-02-13,142.88999938964844,144.6999969482422,142.8699951171875,143.49000549316406,6885600,V
2019-02-14,142.97999572753906,143.47999572753906,142.39999389648438,143.16000366210938,6314000,V
2019-02-15,144.5500030517578,144.91000366210938,143.82000732421875,144.91000366210938,6536000,V
2019-02-19,144.4199981689453,144.8800048828125,144.02000427246094,144.44000244140625,8406700,V
2019-02-20,144.35000610351562,144.83999633789062,143.52000427246094,144.72999572753906,5283100,V
2019-02-21,144.35000610351562,145.02999877929688,143.17999267578125,144.0,8573400,V
2019-02-22,144.4199981689453,146.27999877929688,144.4199981689453,145.8699951171875,9680800,V
2019-02-25,146.91000366210938,147.1999969482422,145.80999755859375,146.05999755859375,9731200,V
2019-02-26,145.1999969482422,147.39999389648438,145.02000427246094,147.0399932861328,7332500,V
2019-02-27,146.5,147.49000549316406,145.9199981689453,147.22000122070312,9731200,V
2019-02-28,147.25999450683594,148.82000732421875,147.22999572753906,148.1199951171875,6250200,V
2019-03-01,149.4600067138672,149.92999267578125,148.3800048828125,149.47000122070312,7016800,V
2019-03-04,150.07000732421875,150.19000244140625,146.9499969482422,147.9600067138672,6979700,V
2019-03-05,148.0,149.2899932861328,147.8300018310547,147.9499969482422,9678600,V
2019-03-06,148.0,148.52000427246094,147.4199981689453,147.80999755859375,8186400,V
2019-03-07,147.25999450683594,147.80999755859375,146.0399932861328,146.8300018310547,8761700,V
2019-03-08,145.44000244140625,147.47999572753906,144.5,147.35000610351562,5168100,V
2019-03-11,148.11000061035156,150.97000122070312,148.02000427246094,150.6699981689453,9361500,V
2019-03-12,151.0,153.13999938964844,150.8699951171875,151.72999572753906,9465100,V
2019-03-13,152.3000030517578,154.0399932861328,152.0399932861328,152.47000122070312,8308900,V
2019-03-14,152.55999755859375,154.69000244140625,152.3000030517578,154.1999969482422,9364900,V
2019-03-15,153.72000122070312,156.82000732421875,153.36000061035156,155.4600067138672,20162000,V
2019-03-18,155.9199981689453,156.41000366210938,154.4199981689453,154.9600067138672,9689400,V
2019-03-19,155.9499969482422,155.9499969482422,154.13999938964844,154.58999633789062,9236100,V
2019-03-20,154.33999633789062,154.8699951171875,152.7100067138672,153.75,6391400,V
2019-03-21,153.32000732421875,156.67999267578125,153.30999755859375,155.8000030517578,7027100,V
2019-03-22,154.99000549316406,155.67999267578125,152.85000610351562,153.07000732421875,8119800,V
2019-03-25,152.36000061035156,154.05999755859375,151.5399932861328,153.02999877929688,7568000,V
2019-03-26,153.77000427246094,155.60000610351562,153.77000427246094,155.3000030517578,15594400,V
2019-03-27,155.47000122070312,155.86000061035156,153.36000061035156,154.22000122070312,12253800,V
2019-03-28,154.92999267578125,155.0800018310547,153.61000061035156,154.6699981689453,16902200,V
2019-03-29,155.72999572753906,156.2899932861328,154.92999267578125,156.19000244140625,12164400,V
2019-04-01,157.52999877929688,157.72999572753906,156.5500030517578,157.25999450683594,6420100,V
2019-04-02,157.66000366210938,158.14999389648438,156.75,157.77999877929688,6215100,V
2019-04-03,158.5500030517578,159.11000061035156,157.85000610351562,158.4600067138672,8209300,V
2019-04-04,158.52999877929688,158.69000244140625,156.52999877929688,157.63999938964844,5100200,V
2019-04-05,158.0,158.6300048828125,157.22999572753906,157.64999389648438,4178300,V
2019-04-08,157.5500030517578,157.85000610351562,156.32000732421875,157.75,5604700,V
2019-04-09,156.55999755859375,157.99000549316406,156.47000122070312,157.49000549316406,6364100,V
2019-04-10,157.99000549316406,158.77999877929688,157.52000427246094,158.55999755859375,3918600,V
2019-04-11,159.11000061035156,159.3000030517578,157.44000244140625,157.86000061035156,5771400,V
2019-04-12,158.7100067138672,159.63999938964844,157.86000061035156,159.63999938964844,6745100,V
2019-04-15,159.8300018310547,160.47999572753906,159.19000244140625,160.44000244140625,8142800,V
2019-04-16,161.0399932861328,161.10000610351562,159.5500030517578,160.22999572753906,6021400,V
2019-04-17,160.8699951171875,161.07000732421875,160.30999755859375,160.44000244140625,4609100,V
2019-04-18,160.92999267578125,161.10000610351562,159.0,160.16000366210938,7859400,V
2019-04-22,159.1999969482422,160.47999572753906,159.07000732421875,160.39999389648438,4602600,V
2019-04-23,161.0,161.8800048828125,159.8699951171875,161.66000366210938,6522900,V
2019-04-24,161.75,162.02999877929688,160.64999389648438,161.49000549316406,7376500,V
2019-04-25,160.52000427246094,161.60000610351562,158.5500030517578,161.02000427246094,8862500,V
2019-04-26,161.25999450683594,163.02999877929688,160.39999389648438,162.92999267578125,7525400,V
2019-04-29,163.2100067138672,164.5,163.10000610351562,164.14999389648438,10003600,V
2019-04-30,164.97999572753906,165.6999969482422,163.9199981689453,164.42999267578125,6432700,V
2019-05-01,165.5399932861328,165.74000549316406,162.75,162.7899932861328,5248100,V
2019-05-02,162.10000610351562,163.0800018310547,160.42999267578125,161.1199951171875,6054900,V
2019-05-03,162.3000030517578,162.74000549316406,161.17999267578125,162.0399932861328,4317500,V
2019-05-06,158.2100067138672,162.64999389648438,158.1999969482422,162.27999877929688,10442400,V
2019-05-07,160.9499969482422,161.77999877929688,158.67999267578125,160.2100067138672,6413600,V
2019-05-08,159.77000427246094,161.6999969482422,159.52000427246094,160.75999450683594,5445900,V
2019-05-09,158.86000061035156,159.85000610351562,157.1699981689453,159.80999755859375,6813700,V
2019-05-10,158.86000061035156,161.39999389648438,157.27000427246094,160.7100067138672,5192500,V
2019-05-13,157.19000244140625,158.72000122070312,156.4199981689453,157.3300018310547,9730000,V
2019-05-14,158.10000610351562,161.52000427246094,157.94000244140625,160.2100067138672,9756700,V
2019-05-15,159.32000732421875,163.16000366210938,159.10000610351562,162.7899932861328,7547000,V
2019-05-16,163.4499969482422,165.60000610351562,162.86000061035156,164.8699951171875,9745500,V
2019-05-17,163.2899932861328,165.1999969482422,163.1999969482422,164.08999633789062,4582500,V
2019-05-20,163.35000610351562,164.74000549316406,162.3300018310547,163.47000122070312,4747400,V
2019-05-21,164.5800018310547,164.86000061035156,163.19000244140625,163.86000061035156,9095700,V
2019-05-22,163.60000610351562,165.6300048828125,163.4499969482422,164.24000549316406,5416400,V
2019-05-23,163.5,164.25,160.82000732421875,161.50999450683594,6138000,V
2019-05-24,162.75,163.41000366210938,161.72000122070312,162.63999938964844,4105600,V
2019-05-28,163.39999389648438,165.77000427246094,163.3300018310547,163.7100067138672,10202300,V
2019-05-29,163.3000030517578,163.5,161.47999572753906,162.72999572753906,6456000,V
2019-05-30,162.8000030517578,163.5,161.94000244140625,162.75999450683594,4750600,V
2019-05-31,160.91000366210938,162.1300048828125,160.55999755859375,161.3300018310547,5079000,V
2019-06-03,161.5399932861328,162.8300018310547,156.75,158.60000610351562,8034600,V
2019-06-04,160.2899932861328,162.3699951171875,158.64999389648438,162.3300018310547,6684800,V
2019-06-05,163.5,165.39999389648438,162.69000244140625,165.38999938964844,7769300,V
2019-06-06,165.8800048828125,167.39999389648438,164.94000244140625,166.9199981689453,13738500,V
2019-06-07,168.0,171.61000061035156,167.8000030517578,170.0500030517578,10528800,V
2019-06-10,171.83999633789062,172.02000427246094,170.50999450683594,170.82000732421875,7565900,V
2019-06-11,171.9499969482422,172.17999267578125,168.4199981689453,170.30999755859375,6082900,V
2019-06-12,170.3800048828125,171.6199951171875,169.6999969482422,171.58999633789062,6772000,V
2019-06-13,172.13999938964844,172.1999969482422,168.72000122070312,169.35000610351562,6901400,V
2019-06-14,169.77000427246094,170.63999938964844,168.83999633789062,169.66000366210938,4999900,V
2019-06-17,169.72999572753906,170.4199981689453,169.02999877929688,169.55999755859375,6410200,V
2019-06-18,170.64999389648438,170.6699981689453,167.5500030517578,169.27999877929688,6969300,V
2019-06-19,169.38999938964844,171.1999969482422,169.2100067138672,170.69000244140625,6323900,V
2019-06-20,172.50999450683594,173.94000244140625,171.75,173.74000549316406,11474100,V
2019-06-21,173.27000427246094,174.80999755859375,173.16000366210938,173.44000244140625,11728200,V
2019-06-24,174.60000610351562,174.72999572753906,172.72000122070312,173.85000610351562,5554900,V
2019-06-25,174.80999755859375,174.94000244140625,170.58999633789062,171.27999877929688,9899900,V
2019-06-26,171.38999938964844,172.38999938964844,170.82000732421875,171.05999755859375,7129900,V
2019-06-27,172.1199951171875,172.39999389648438,170.32000732421875,171.22999572753906,5873400,V
2019-06-28,171.9600067138672,173.5500030517578,170.52000427246094,173.5500030517578,8442700,V
2019-07-01,175.3300018310547,175.5399932861328,172.74000549316406,173.94000244140625,6103200,V
2019-07-02,174.10000610351562,175.32000732421875,173.3000030517578,175.27999877929688,5238100,V
2019-07-03,176.0,176.99000549316406,175.72000122070312,176.8699951171875,4066600,V
2019-07-05,175.86000061035156,177.02999877929688,174.50999450683594,176.66000366210938,5840400,V
2019-07-08,176.3000030517578,176.61000061035156,175.39999389648438,176.19000244140625,6720300,V
2019-07-09,175.42999267578125,177.88999938964844,175.3000030517578,177.72999572753906,4894300,V
2019-07-10,178.5800018310547,180.25999450683594,178.5800018310547,179.30999755859375,5110600,V
2019-07-11,180.1199951171875,180.94000244140625,179.4600067138672,180.74000549316406,6986600,V
2019-07-12,181.35000610351562,181.35000610351562,178.9199981689453,180.3300018310547,7196700,V
2019-07-15,180.55999755859375,181.07000732421875,179.94000244140625,180.57000732421875,4490400,V
2019-07-16,180.3699951171875,180.8800048828125,178.72999572753906,179.30999755859375,6800200,V
2019-07-17,179.55999755859375,180.2100067138672,179.00999450683594,179.14999389648438,3994200,V
2019-07-18,178.6300048828125,180.6199951171875,178.5800018310547,180.52999877929688,4736300,V
2019-07-19,181.83999633789062,181.83999633789062,179.13999938964844,179.24000549316406,5327100,V
2019-07-22,179.63999938964844,180.97999572753906,179.13999938964844,180.57000732421875,4862100,V
2019-07-23,180.88999938964844,181.27000427246094,179.05999755859375,180.89999389648438,7193000,V
2019-07-24,180.7899932861328,183.42999267578125,179.25,183.3300018310547,8169300,V
2019-07-25,183.8699951171875,183.99000549316406,181.3000030517578,181.58999633789062,6085800,V
2019-07-26,182.41000366210938,183.82000732421875,182.2100067138672,183.69000244140625,5056300,V
2019-07-29,183.88999938964844,184.07000732421875,182.72999572753906,183.2100067138672,4621800,V
2019-07-30,182.5399932861328,183.3800048828125,181.27000427246094,181.52999877929688,5236600,V
2019-07-31,181.7899932861328,182.0500030517578,176.05999755859375,178.0,7981200,V
2019-08-01,179.19000244140625,182.39999389648438,178.1699981689453,179.1699981689453,8417300,V
2019-08-02,178.0,178.27000427246094,174.69000244140625,177.4199981689453,8264600,V
2019-08-05,172.00999450683594,173.5,166.97999572753906,168.86000061035156,16858300,V
2019-08-06,171.7899932861328,172.9499969482422,170.1300048828125,172.47999572753906,10281300,V
2019-08-07,171.5,175.72999572753906,170.33999633789062,175.32000732421875,8292800,V
2019-08-08,177.4600067138672,179.9499969482422,176.57000732421875,179.89999389648438,7602800,V
2019-08-09,179.6699981689453,180.10000610351562,177.85000610351562,179.0500030517578,5373700,V
2019-08-12,177.44000244140625,178.64999389648438,175.60000610351562,176.33999633789062,7394400,V
2019-08-13,174.38999938964844,178.9199981689453,174.2100067138672,178.61000061035156,6667700,V
2019-08-14,176.24000549316406,177.25,173.16000366210938,173.50999450683594,7293500,V
2019-08-15,174.25999450683594,177.02000427246094,173.52000427246094,176.27000427246094,6698000,V
2019-08-16,178.0,178.75,177.1999969482422,178.22999572753906,8312200,V
2019-08-19,180.4199981689453,180.4199981689453,178.1199951171875,179.74000549316406,5285000,V
2019-08-20,179.42999267578125,180.6300048828125,178.49000549316406,179.24000549316406,3793600,V
2019-08-21,180.69000244140625,181.69000244140625,180.24000549316406,180.94000244140625,3695900,V
2019-08-22,181.9499969482422,182.3300018310547,178.61000061035156,180.08999633789062,6659900,V
2019-08-23,179.5500030517578,180.5,174.24000549316406,175.22999572753906,7051900,V
2019-08-26,176.41000366210938,177.6699981689453,175.35000610351562,177.58999633789062,7754400,V
2019-08-27,178.32000732421875,179.19000244140625,176.94000244140625,178.3800048828125,4022100,V
2019-08-28,176.99000549316406,178.99000549316406,176.02999877929688,178.6699981689453,4401900,V
2019-08-29,180.39999389648438,181.38999938964844,179.30999755859375,181.1699981689453,4679200,V
2019-08-30,181.99000549316406,182.17999267578125,179.6699981689453,180.82000732421875,4061200,V
2019-09-03,180.52000427246094,181.25,179.10000610351562,179.1999969482422,4644000,V
2019-09-04,180.89999389648438,182.1999969482422,180.0500030517578,181.77000427246094,4154800,V
2019-09-05,183.72999572753906,185.67999267578125,183.3800048828125,184.72999572753906,6386800,V
2019-09-06,184.74000549316406,186.7100067138672,184.5500030517578,185.74000549316406,7990900,V
2019-09-09,186.9199981689453,187.0500030517578,179.50999450683594,181.5500030517578,7290500,V
2019-09-10,179.41000366210938,179.6999969482422,173.80999755859375,176.35000610351562,15255200,V
2019-09-11,177.39999389648438,177.92999267578125,174.4499969482422,174.97999572753906,9113600,V
2019-09-12,176.85000610351562,179.41000366210938,176.67999267578125,177.97999572753906,7748800,V
2019-09-13,178.64999389648438,178.77000427246094,176.02000427246094,177.27000427246094,6103200,V
2019-09-16,176.1699981689453,177.1999969482422,175.50999450683594,176.11000061035156,4253600,V
2019-09-17,176.8300018310547,178.25999450683594,175.0399932861328,176.4499969482422,5924700,V
2019-09-18,177.08999633789062,177.17999267578125,172.8300018310547,175.2899932861328,9542500,V
2019-09-19,176.1999969482422,177.41000366210938,175.61000061035156,175.9600067138672,6964500,V
2019-09-20,177.39999389648438,177.6300048828125,173.9499969482422,174.05999755859375,12820400,V
2019-09-23,172.89999389648438,175.25,172.7899932861328,174.91000366210938,8803500,V
2019-09-24,176.11000061035156,177.1999969482422,173.39999389648438,174.47999572753906,10039900,V
2019-09-25,173.8000030517578,175.6699981689453,172.38999938964844,175.27999877929688,7797300,V
2019-09-26,175.64999389648438,176.4499969482422,174.61000061035156,175.64999389648438,10419000,V
2019-09-27,176.6999969482422,176.8300018310547,172.36000061035156,174.0,9212600,V
2019-09-30,174.1699981689453,175.4499969482422,172.00999450683594,172.00999450683594,16464000,V
2019-10-01,173.02000427246094,174.82000732421875,172.82000732421875,174.2899932861328,8146200,V
2019-10-02,172.63999938964844,172.94000244140625,168.58999633789062,169.8300018310547,10596200,V
2019-10-03,169.91000366210938,173.13999938964844,168.6300048828125,172.8699951171875,7242800,V
2019-10-04,174.67999267578125,176.52000427246094,174.44000244140625,175.97999572753906,6027600,V
2019-10-07,174.66000366210938,175.69000244140625,173.8000030517578,174.89999389648438,5248300,V
2019-10-08,173.57000732421875,174.63999938964844,171.8800048828125,172.4199981689453,5336500,V
2019-10-09,174.11000061035156,175.99000549316406,173.63999938964844,174.8800048828125,6277300,V
2019-10-10,173.88999938964844,175.89999389648438,173.58999633789062,174.8800048828125,4762400,V
2019-10-11,176.8699951171875,179.1999969482422,176.85000610351562,177.05999755859375,8754400,V
2019-10-14,177.3800048828125,178.41000366210938,177.11000061035156,177.36000061035156,7240900,V
2019-10-15,178.1300048828125,179.42999267578125,177.5500030517578,178.75,4400200,V
2019-10-16,177.9199981689453,178.25999450683594,176.27000427246094,177.8699951171875,6509000,V
2019-10-17,178.88999938964844,179.19000244140625,177.5,177.94000244140625,4887900,V
2019-10-18,177.89999389648438,178.1999969482422,174.5500030517578,175.7100067138672,6311900,V
2019-10-21,176.0,176.72999572753906,174.61000061035156,176.42999267578125,4898200,V
2019-10-22,177.0,177.7899932861328,170.77999877929688,170.86000061035156,10094700,V
2019-10-23,170.99000549316406,172.1699981689453,170.17999267578125,171.32000732421875,7122300,V
2019-10-24,173.4199981689453,176.8699951171875,173.39999389648438,176.16000366210938,7872600,V
2019-10-25,174.92999267578125,179.14999389648438,173.5,177.85000610351562,10130100,V
2019-10-28,178.92999267578125,180.17999267578125,178.35000610351562,179.83999633789062,10086500,V
2019-10-29,179.8000030517578,180.0,177.3699951171875,177.6300048828125,7572800,V
2019-10-30,177.7899932861328,179.4199981689453,176.38999938964844,179.25,5374800,V
2019-10-31,179.25,179.6999969482422,178.00999450683594,178.86000061035156,6830800,V
2019-11-01,180.1300048828125,181.32000732421875,179.55999755859375,180.92999267578125,7000200,V
2019-11-04,182.0800018310547,182.39999389648438,178.80999755859375,178.9499969482422,7154800,V
2019-11-05,179.07000732421875,179.55999755859375,175.17999267578125,176.3699951171875,7447500,V
2019-11-06,176.3699951171875,178.19000244140625,176.13999938964844,176.77000427246094,6992500,V
2019-11-07,177.35000610351562,180.64999389648438,176.85000610351562,178.42999267578125,7227200,V
2019-11-08,178.3800048828125,179.4499969482422,177.8000030517578,178.97000122070312,3894100,V
2019-11-11,178.5,180.36000061035156,178.1999969482422,179.5399932861328,3617300,V
2019-11-12,179.94000244140625,181.05999755859375,178.8800048828125,179.74000549316406,6118700,V
2019-11-13,179.39999389648438,180.8800048828125,177.89999389648438,179.41000366210938,6138300,V
2019-11-14,179.0,179.77000427246094,178.05999755859375,179.75,9811000,V
2019-11-15,180.02999877929688,180.67999267578125,179.0800018310547,179.77000427246094,7808800,V
2019-11-18,179.57000732421875,180.32000732421875,178.97999572753906,179.66000366210938,7173700,V
2019-11-19,180.38999938964844,182.97999572753906,180.1999969482422,182.77000427246094,8549900,V
2019-11-20,182.30999755859375,183.22000122070312,180.35000610351562,181.66000366210938,6040500,V
2019-11-21,181.1699981689453,181.80999755859375,179.32000732421875,179.88999938964844,5112200,V
2019-11-22,180.1300048828125,180.47000122070312,178.35000610351562,179.47000122070312,6865600,V
2019-11-25,180.39999389648438,181.35000610351562,180.11000061035156,180.97000122070312,5457800,V
2019-11-26,181.4600067138672,182.9199981689453,181.2100067138672,182.5500030517578,7079000,V
2019-11-27,183.0,184.5399932861328,182.25999450683594,184.3699951171875,11452700,V
2019-11-29,183.92999267578125,184.85000610351562,183.36000061035156,184.50999450683594,3139100,V
2019-12-02,184.24000549316406,184.3699951171875,179.8699951171875,181.7899932861328,6883200,V
2019-12-03,179.89999389648438,182.13999938964844,179.66000366210938,181.89999389648438,4543300,V
2019-12-04,182.66000366210938,182.66000366210938,180.47000122070312,180.60000610351562,10650400,V
2019-12-05,181.25,182.02999877929688,180.07000732421875,181.88999938964844,4638600,V
2019-12-06,182.74000549316406,183.27999877929688,181.33999633789062,182.1699981689453,14526700,V
2019-12-09,181.89999389648438,183.25999450683594,181.3000030517578,182.9199981689453,10233100,V
2019-12-10,182.5500030517578,183.14999389648438,181.89999389648438,182.25999450683594,8625700,V
2019-12-11,183.07000732421875,183.0800018310547,181.19000244140625,182.00999450683594,7138800,V
2019-12-12,181.66000366210938,183.3300018310547,180.8300018310547,182.63999938964844,11192100,V
2019-12-13,182.5,185.52000427246094,182.0399932861328,185.13999938964844,8558100,V
2019-12-16,186.3300018310547,186.82000732421875,185.77000427246094,186.24000549316406,8249900,V
2019-12-17,186.5,186.77999877929688,184.10000610351562,185.52000427246094,10208700,V
2019-12-18,185.52000427246094,186.44000244140625,184.89999389648438,184.89999389648438,8968500,V
2019-12-19,184.5,186.5800018310547,184.5,186.5399932861328,5854200,V
2019-12-20,187.60000610351562,188.1699981689453,186.3000030517578,188.0,11259500,V
2019-12-23,188.14999389648438,188.41000366210938,187.0,187.0800018310547,5831700,V
2019-12-24,187.10000610351562,188.02000427246094,186.91000366210938,187.57000732421875,2420900,V
2019-12-26,187.88999938964844,189.17999267578125,187.6999969482422,189.16000366210938,5237000,V
2019-12-27,189.74000549316406,189.88999938964844,188.47000122070312,189.38999938964844,5448600,V
2019-12-30,189.30999755859375,189.47999572753906,187.1199951171875,187.8300018310547,4833600,V
2019-12-31,187.05999755859375,188.0,186.5399932861328,187.89999389648438,5273000,V
2020-01-02,189.0,191.13999938964844,188.72000122070312,191.1199951171875,8733000,V
2020-01-03,188.41000366210938,190.9600067138672,187.9199981689453,189.60000610351562,4899700,V
2020-01-06,188.0,189.2100067138672,187.16000366210938,189.19000244140625,10109500,V
2020-01-07,189.58999633789062,190.10000610351562,188.60000610351562,188.69000244140625,4392300,V
2020-01-08,189.49000549316406,192.5,188.8000030517578,191.9199981689453,5712000,V
2020-01-09,193.0,193.9199981689453,192.52000427246094,193.25,6748000,V
2020-01-10,193.5,194.57000732421875,193.11000061035156,193.77000427246094,6586400,V
2020-01-13,194.44000244140625,195.60000610351562,194.27999877929688,195.3300018310547,11290500,V
2020-01-14,196.74000549316406,196.9499969482422,195.13999938964844,196.0500030517578,6236500,V
2020-01-15,197.0,200.14999389648438,196.32000732421875,199.8000030517578,10831100,V
2020-01-16,201.0,201.5,199.77999877929688,200.9499969482422,9983700,V
2020-01-17,201.75999450683594,204.75,199.97999572753906,204.6999969482422,12518900,V
2020-01-21,204.1300048828125,208.38999938964844,203.8000030517578,207.2899932861328,14861700,V
2020-01-22,207.50999450683594,210.1300048828125,207.2899932861328,207.89999389648438,8065000,V
2020-01-23,207.89999389648438,208.39999389648438,205.3000030517578,206.52000427246094,8520800,V
2020-01-24,207.4199981689453,207.99000549316406,204.2100067138672,205.0,7812900,V
2020-01-27,200.0,203.3300018310547,199.10000610351562,201.69000244140625,7198900,V
2020-01-28,202.38999938964844,203.83999633789062,201.77999877929688,202.85000610351562,7215700,V
2020-01-29,204.3000030517578,205.9199981689453,202.50999450683594,204.86000061035156,7041700,V
2020-01-30,204.0,208.5,203.32000732421875,208.2100067138672,8571900,V
2020-01-31,201.49000549316406,203.97999572753906,198.25999450683594,198.97000122070312,16699600,V
2020-02-03,199.94000244140625,202.25999450683594,199.85000610351562,200.80999755859375,10885900,V
2020-02-04,203.5,204.9199981689453,202.22999572753906,203.55999755859375,10205900,V
2020-02-05,205.5,205.60000610351562,199.9499969482422,202.80999755859375,8672400,V
2020-02-06,203.0500030517578,204.6300048828125,202.47999572753906,203.0399932861328,7001200,V
2020-02-07,201.97999572753906,203.8300018310547,201.08999633789062,202.74000549316406,5691100,V
2020-02-10,201.97000122070312,206.1300048828125,201.86000061035156,205.99000549316406,6239500,V
2020-02-11,207.5,207.6699981689453,203.63999938964844,203.94000244140625,10231900,V
2020-02-12,205.0,208.14999389648438,205.0,207.44000244140625,7355800,V
2020-02-13,206.6199951171875,208.47000122070312,206.0500030517578,207.39999389648438,9495300,V
2020-02-14,208.2899932861328,210.77999877929688,208.00999450683594,210.2899932861328,6548800,V
2020-02-18,210.0,211.5,209.36000061035156,211.1999969482422,7651500,V
2020-02-19,212.52000427246094,214.1699981689453,211.72000122070312,213.30999755859375,5927500,V
2020-02-20,212.1300048828125,213.69000244140625,208.27999877929688,211.4499969482422,8531900,V
2020-02-21,209.89999389648438,210.22000122070312,207.4199981689453,208.80999755859375,9231500,V
2020-02-24,197.88999938964844,203.77000427246094,194.00999450683594,198.7899932861328,13316800,V
2020-02-25,198.7899932861328,199.88999938964844,187.72000122070312,188.39999389648438,18539000,V
2020-02-26,190.0,193.50999450683594,187.02999877929688,187.2100067138672,14214700,V
2020-02-27,182.1199951171875,186.33999633789062,180.0,180.00999450683594,17536600,V
2020-02-28,173.7899932861328,182.3300018310547,172.97999572753906,181.75999450683594,22659000,V
2020-03-02,186.32000732421875,192.44000244140625,183.10000610351562,192.3300018310547,17434500,V
2020-03-03,193.1999969482422,194.0399932861328,184.5,185.72999572753906,15226400,V
2020-03-04,190.36000061035156,194.49000549316406,186.1699981689453,194.2899932861328,10789100,V
2020-03-05,191.24000549316406,191.9199981689453,185.63999938964844,186.9600067138672,10106900,V
2020-03-06,183.5399932861328,185.99000549316406,179.97999572753906,184.36000061035156,15183200,V
2020-03-09,171.2100067138672,179.57000732421875,168.30999755859375,171.1300048828125,20486400,V
2020-03-10,179.47000122070312,182.61000061035156,171.8800048828125,182.60000610351562,16119400,V
2020-03-11,177.64999389648438,178.72999572753906,170.1999969482422,172.9499969482422,14598200,V
2020-03-12,158.5,172.0,156.99000549316406,160.0800018310547,27467700,V
2020-03-13,168.72000122070312,176.32000732421875,162.2100067138672,175.8300018310547,19948900,V
2020-03-16,151.13999938964844,165.30999755859375,147.97999572753906,152.00999450683594,23692000,V
2020-03-17,155.75,163.6999969482422,149.25,157.88999938964844,22298000,V
2020-03-18,148.4600067138672,150.67999267578125,139.8000030517578,148.47999572753906,22787500,V
2020-03-19,146.9199981689453,157.25,141.47000122070312,152.25,19362800,V
2020-03-20,154.82000732421875,158.25999450683594,145.6699981689453,146.8300018310547,18692100,V
2020-03-23,141.3300018310547,143.35000610351562,133.92999267578125,135.74000549316406,30344100,V
2020-03-24,144.83999633789062,155.25,143.5800018310547,154.52999877929688,24488300,V
2020-03-25,159.32000732421875,168.17999267578125,153.5800018310547,161.77999877929688,20619600,V
2020-03-26,162.0800018310547,169.52999877929688,161.7899932861328,168.8800048828125,17062900,V
2020-03-27,161.0800018310547,167.10000610351562,158.14999389648438,161.55999755859375,14950700,V
2020-03-30,161.0399932861328,165.8699951171875,160.69000244140625,165.57000732421875,15714500,V
2020-03-31,166.42999267578125,168.19000244140625,160.5399932861328,161.1199951171875,20613100,V
2020-04-01,156.32000732421875,158.07000732421875,151.4199981689453,153.11000061035156,12595200,V
2020-04-02,152.52999877929688,158.35000610351562,151.2899932861328,157.38999938964844,14051100,V
2020-04-03,155.55999755859375,157.72000122070312,150.60000610351562,151.85000610351562,11994700,V
2020-04-06,160.02000427246094,170.72999572753906,158.25,169.44000244140625,16479100,V
2020-04-07,177.75999450683594,178.8000030517578,168.10000610351562,168.58999633789062,15379000,V
2020-04-08,171.00999450683594,176.0,167.92999267578125,174.94000244140625,11146500,V
2020-04-09,176.27000427246094,177.19000244140625,172.85000610351562,173.69000244140625,12231800,V
2020-04-13,172.25999450683594,172.32000732421875,166.14999389648438,168.99000549316406,14043700,V
2020-04-14,173.08999633789062,175.42999267578125,170.8300018310547,174.6199951171875,9980500,V
2020-04-15,168.6999969482422,169.36000061035156,164.9499969482422,165.9600067138672,12118700,V
2020-04-16,167.11000061035156,168.0,159.8000030517578,162.4199981689453,20308200,V
2020-04-17,169.64999389648438,170.99000549316406,164.9499969482422,169.5399932861328,15375800,V
2020-04-20,167.3300018310547,167.42999267578125,163.1999969482422,164.22000122070312,10505200,V
2020-04-21,162.0,162.57000732421875,159.14999389648438,160.52999877929688,10562100,V
2020-04-22,164.66000366210938,167.6999969482422,162.9199981689453,166.58999633789062,14502500,V
2020-04-23,167.8800048828125,170.41000366210938,166.2100067138672,166.3800048828125,11411300,V
2020-04-24,168.44000244140625,168.75,164.00999450683594,167.32000732421875,8391400,V
2020-04-27,168.64999389648438,172.35000610351562,168.5500030517578,171.75999450683594,9903300,V
2020-04-28,175.0,175.00999450683594,170.3800048828125,171.25,8614400,V
2020-04-29,176.85000610351562,182.25,176.10000610351562,181.7899932861328,12862800,V
2020-04-30,181.77999877929688,181.8300018310547,177.66000366210938,178.72000122070312,11331600,V
2020-05-01,174.4499969482422,179.63999938964844,174.27000427246094,175.57000732421875,10109600,V
2020-05-04,172.9499969482422,176.94000244140625,171.72000122070312,176.14999389648438,9386200,V
2020-05-05,179.08999633789062,181.10000610351562,178.25999450683594,178.44000244140625,13513000,V
2020-05-06,179.72000122070312,180.50999450683594,177.8800048828125,178.77999877929688,8540500,V
2020-05-07,181.75,184.97999572753906,181.7100067138672,182.72000122070312,9262200,V
2020-05-08,185.02999877929688,185.75,183.6199951171875,185.08999633789062,6470100,V
2020-05-11,183.8699951171875,184.6199951171875,181.42999267578125,183.55999755859375,8683100,V
2020-05-12,183.55999755859375,183.99000549316406,179.3699951171875,179.47000122070312,8219700,V
2020-05-13,178.5,181.08999633789062,175.0399932861328,177.08999633789062,13377100,V
2020-05-14,175.94000244140625,181.0500030517578,173.82000732421875,180.89999389648438,9695100,V
2020-05-15,179.97999572753906,184.13999938964844,178.8699951171875,183.49000549316406,10785900,V
2020-05-18,188.0,192.8300018310547,187.47000122070312,191.3800048828125,11802200,V
2020-05-19,191.13999938964844,194.5,189.22999572753906,189.36000061035156,7446800,V
2020-05-20,193.0,194.99000549316406,192.41000366210938,193.86000061035156,9545600,V
2020-05-21,193.5,193.6199951171875,190.02000427246094,190.6199951171875,11338100,V
2020-05-22,191.0,191.3699951171875,189.22999572753906,190.86000061035156,5807600,V
2020-05-26,195.8000030517578,196.27000427246094,192.75999450683594,193.22000122070312,9662200,V
2020-05-27,194.30999755859375,194.30999755859375,188.52000427246094,192.82000732421875,7650300,V
2020-05-28,193.5399932861328,198.2899932861328,192.7100067138672,194.25999450683594,8352200,V
2020-05-29,194.5,196.74000549316406,193.27999877929688,195.24000549316406,10211900,V
2020-06-01,194.7100067138672,195.8800048828125,193.52000427246094,194.35000610351562,6011300,V
2020-06-02,195.94000244140625,197.52000427246094,194.9199981689453,196.36000061035156,8462100,V
2020-06-03,198.0,198.13999938964844,195.57000732421875,196.8699951171875,8879400,V
2020-06-04,195.97999572753906,196.4600067138672,193.1199951171875,193.63999938964844,7829800,V
2020-06-05,196.1999969482422,199.77000427246094,195.47999572753906,199.61000061035156,8561200,V
2020-06-08,199.5800018310547,199.9600067138672,197.1300048828125,199.60000610351562,7628100,V
2020-06-09,198.36000061035156,201.6699981689453,198.24000549316406,199.0800018310547,6892300,V
2020-06-10,199.89999389648438,202.17999267578125,198.9499969482422,200.47999572753906,8405300,V
2020-06-11,195.13999938964844,196.36000061035156,188.75,188.8800048828125,11974600,V
2020-06-12,194.2100067138672,195.0,187.85000610351562,192.25999450683594,11706300,V
2020-06-15,187.0,192.47999572753906,186.2100067138672,191.75999450683594,6752700,V
2020-06-16,196.86000061035156,198.3800048828125,191.8000030517578,192.8800048828125,11057200,V
2020-06-17,193.66000366210938,195.3699951171875,193.05999755859375,193.55999755859375,5968900,V
2020-06-18,192.60000610351562,194.25,192.11000061035156,193.91000366210938,5803200,V
2020-06-19,196.88999938964844,197.10000610351562,191.3699951171875,192.1999969482422,11483300,V
2020-06-22,191.99000549316406,196.36000061035156,191.2899932861328,194.9600067138672,6674500,V
2020-06-23,196.25,200.14999389648438,195.82000732421875,197.97000122070312,9866800,V
2020-06-24,197.02000427246094,197.47999572753906,190.69000244140625,191.41000366210938,9453100,V
2020-06-25,191.10000610351562,194.24000549316406,189.89999389648438,193.97999572753906,9936600,V
2020-06-26,193.10000610351562,194.1300048828125,189.0800018310547,189.27000427246094,11836000,V
2020-06-29,189.91000366210938,191.4499969482422,187.3000030517578,191.3800048828125,8020400,V
2020-06-30,191.49000549316406,193.75,190.16000366210938,193.1699981689453,9040100,V
2020-07-01,193.85000610351562,195.35000610351562,192.66000366210938,193.77999877929688,6394100,V
2020-07-02,196.0,197.9199981689453,195.0,195.6699981689453,6299300,V
2020-07-06,198.72999572753906,199.17999267578125,195.67999267578125,197.75999450683594,7292200,V
2020-07-07,196.80999755859375,198.89999389648438,193.80999755859375,194.1999969482422,7660100,V
2020-07-08,195.0800018310547,195.52000427246094,193.1199951171875,195.07000732421875,8368000,V
2020-07-09,195.0,195.49000549316406,189.9499969482422,192.2100067138672,8548200,V
2020-07-10,191.64999389648438,192.82000732421875,189.44000244140625,192.5500030517578,7674200,V
2020-07-13,193.61000061035156,195.19000244140625,188.6999969482422,189.02000427246094,8564100,V
2020-07-14,189.5,193.47000122070312,187.17999267578125,193.3300018310547,8003900,V
2020-07-15,195.22999572753906,197.77000427246094,194.5,196.5500030517578,7681100,V
2020-07-16,195.3300018310547,195.7100067138672,192.52000427246094,193.5,5064000,V
2020-07-17,194.8300018310547,195.57000732421875,193.1199951171875,195.08999633789062,6395000,V
2020-07-20,194.74000549316406,199.47999572753906,193.6699981689453,198.47000122070312,6985300,V
2020-07-21,200.0,200.1699981689453,195.67999267578125,196.47999572753906,7218700,V
2020-07-22,196.47999572753906,199.0,196.25,198.86000061035156,6823400,V
2020-07-23,198.44000244140625,200.9499969482422,196.42999267578125,197.42999267578125,6106700,V
2020-07-24,195.6699981689453,197.47999572753906,194.02999877929688,195.14999389648438,7160300,V
2020-07-27,195.16000366210938,197.80999755859375,194.1999969482422,196.91000366210938,5604700,V
2020-07-28,197.69000244140625,199.3699951171875,196.7100067138672,196.74000549316406,6897300,V
2020-07-29,193.08999633789062,198.88999938964844,193.0500030517578,198.5800018310547,9471300,V
2020-07-30,195.1999969482422,196.55999755859375,192.1199951171875,194.05999755859375,10499400,V
2020-07-31,194.4199981689453,194.69000244140625,189.44000244140625,190.39999389648438,14180800,V
2020-08-03,191.8000030517578,193.33999633789062,190.2100067138672,190.69000244140625,11405200,V
2020-08-04,191.1300048828125,192.94000244140625,190.0800018310547,192.2899932861328,8204000,V
2020-08-05,193.55999755859375,198.17999267578125,193.10000610351562,196.10000610351562,8876800,V
2020-08-06,195.97999572753906,198.9199981689453,194.7899932861328,198.77000427246094,7480300,V
2020-08-07,197.58999633789062,197.97999572753906,195.3000030517578,196.36000061035156,5654000,V
2020-08-10,196.36000061035156,198.30999755859375,195.3300018310547,196.7899932861328,5525400,V
2020-08-11,197.82000732421875,202.88999938964844,196.33999633789062,197.77000427246094,11549600,V
2020-08-12,199.0,200.22999572753906,198.24000549316406,198.74000549316406,5432500,V
2020-08-13,197.1300048828125,199.94000244140625,197.02999877929688,197.5800018310547,7014800,V
2020-08-14,197.00999450683594,198.07000732421875,195.77000427246094,196.63999938964844,5014400,V
2020-08-17,197.3000030517578,200.4600067138672,196.7100067138672,199.42999267578125,6256200,V
2020-08-18,199.97999572753906,200.10000610351562,196.82000732421875,199.00999450683594,6519900,V
2020-08-19,198.9199981689453,202.83999633789062,198.89999389648438,200.99000549316406,9467600,V
2020-08-20,199.89999389648438,204.44000244140625,199.60000610351562,204.14999389648438,8849200,V
2020-08-21,204.5,205.13999938964844,203.33999633789062,204.1300048828125,9998300,V
2020-08-24,205.00999450683594,206.4499969482422,204.6699981689453,206.41000366210938,6159600,V
2020-08-25,207.19000244140625,208.1999969482422,205.5399932861328,208.10000610351562,5828300,V
2020-08-26,208.10000610351562,210.8000030517578,207.3000030517578,210.25999450683594,7035200,V
2020-08-27,211.2100067138672,212.17999267578125,209.0500030517578,211.02999877929688,8619600,V
2020-08-28,212.0,216.16000366210938,211.22000122070312,215.7100067138672,7349800,V
2020-08-31,215.5399932861328,215.9600067138672,211.55999755859375,211.99000549316406,9326900,V
2020-09-01,212.2100067138672,213.88999938964844,211.1199951171875,213.35000610351562,5642900,V
2020-09-02,214.1300048828125,217.35000610351562,213.77000427246094,216.47999572753906,9863800,V
2020-09-03,214.92999267578125,214.92999267578125,207.08999633789062,208.9600067138672,11310200,V
2020-09-04,208.49000549316406,210.5,200.14999389648438,204.66000366210938,13243600,V
2020-09-08,200.77999877929688,202.25,199.2100067138672,200.1199951171875,14186900,V
2020-09-09,204.35000610351562,206.2899932861328,201.9499969482422,204.05999755859375,7532600,V
2020-09-10,204.86000061035156,207.0,200.4499969482422,201.5399932861328,7243000,V
2020-09-11,201.5800018310547,202.41000366210938,198.91000366210938,200.67999267578125,7439000,V
2020-09-14,203.35000610351562,206.41000366210938,203.13999938964844,204.97999572753906,11730500,V
2020-09-15,206.75,208.2100067138672,204.77000427246094,205.38999938964844,6328600,V
2020-09-16,206.74000549316406,207.75,204.9499969482422,205.1300048828125,6135000,V
2020-09-17,202.85000610351562,205.5800018310547,202.0,205.27000427246094,7474900,V
2020-09-18,205.47000122070312,205.72000122070312,201.72000122070312,202.61000061035156,9084100,V
2020-09-21,199.91000366210938,201.25,194.6999969482422,197.4499969482422,9656000,V
2020-09-22,198.08999633789062,200.7100067138672,196.8000030517578,200.55999755859375,7543100,V
2020-09-23,200.8000030517578,201.08999633789062,194.57000732421875,195.3699951171875,6310600,V
2020-09-24,195.14999389648438,197.6699981689453,193.1300048828125,195.52000427246094,9865300,V
2020-09-25,195.02000427246094,198.13999938964844,193.50999450683594,197.25,5496100,V
2020-09-28,200.6300048828125,201.72000122070312,199.8300018310547,200.32000732421875,5565300,V
2020-09-29,200.5800018310547,202.3800048828125,199.3699951171875,199.44000244140625,5513500,V
2020-09-30,200.85000610351562,202.5399932861328,198.88999938964844,199.97000122070312,9157600,V
2020-10-01,202.2100067138672,205.1999969482422,201.63999938964844,203.35000610351562,7234600,V
2020-10-02,200.0,202.8300018310547,199.39999389648438,201.4600067138672,6019700,V
2020-10-05,202.7100067138672,203.64999389648438,201.0500030517578,203.5399932861328,6090500,V
2020-10-06,204.11000061035156,205.10000610351562,199.7100067138672,200.4499969482422,5841100,V
2020-10-07,202.0,202.7899932861328,199.99000549316406,202.47000122070312,6713400,V
2020-10-08,204.0,204.3000030517578,202.22999572753906,202.97999572753906,3955600,V
2020-10-09,204.0,207.0800018310547,203.67999267578125,206.63999938964844,5562900,V
2020-10-12,206.94000244140625,207.97000122070312,205.72999572753906,206.39999389648438,6622700,V
2020-10-13,203.3800048828125,205.2100067138672,203.02999877929688,204.32000732421875,5621700,V
2020-10-14,204.7100067138672,204.97000122070312,201.1300048828125,202.1999969482422,5320000,V
2020-10-15,201.00999450683594,204.6999969482422,197.60000610351562,199.5500030517578,8885500,V
2020-10-16,199.99000549316406,202.64999389648438,199.41000366210938,200.25999450683594,6385900,V
2020-10-19,200.85000610351562,201.07000732421875,196.5,196.97000122070312,7449600,V
2020-10-20,197.5500030517578,199.66000366210938,196.7100067138672,197.6999969482422,7427000,V
2020-10-21,197.8300018310547,200.4199981689453,197.8300018310547,198.42999267578125,6067200,V
2020-10-22,199.33999633789062,199.77000427246094,195.75999450683594,197.99000549316406,4908200,V
2020-10-23,199.75,199.8800048828125,196.02000427246094,198.00999450683594,5877200,V
2020-10-26,196.0,196.4199981689453,190.72000122070312,193.07000732421875,12608700,V
2020-10-27,193.0,193.6999969482422,189.22000122070312,190.05999755859375,8690400,V
2020-10-28,183.97999572753906,184.6999969482422,179.33999633789062,180.8699951171875,17809500,V
2020-10-29,183.0,187.0,179.33999633789062,184.8699951171875,16820900,V
2020-10-30,182.66000366210938,184.22000122070312,179.22999572753906,181.7100067138672,10252900,V
2020-11-02,184.50999450683594,186.9199981689453,183.88999938964844,184.74000549316406,8057100,V
2020-11-03,186.8300018310547,189.52999877929688,185.16000366210938,188.33999633789062,6467900,V
2020-11-04,192.88999938964844,196.8800048828125,191.52999877929688,193.97000122070312,8102700,V
2020-11-05,198.36000061035156,200.99000549316406,197.2899932861328,197.63999938964844,7132100,V
2020-11-06,197.35000610351562,199.67999267578125,195.42999267578125,198.47000122070312,6180500,V
2020-11-09,214.69000244140625,217.64999389648438,212.27999877929688,212.67999267578125,17916900,V
2020-11-10,211.94000244140625,214.05999755859375,210.5500030517578,213.30999755859375,7943600,V
2020-11-11,212.1699981689453,214.27999877929688,211.6699981689453,212.6999969482422,5337200,V
2020-11-12,211.42999267578125,212.5399932861328,207.13999938964844,208.25999450683594,7302500,V
2020-11-13,209.91000366210938,211.27999877929688,207.3000030517578,210.47999572753906,6377500,V
2020-11-16,214.57000732421875,215.08999633789062,211.8300018310547,212.6999969482422,12083200,V
2020-11-17,210.55999755859375,212.08999633789062,209.5,210.7100067138672,7268800,V
2020-11-18,209.72000122070312,211.14999389648438,207.6699981689453,207.8300018310547,6977900,V
2020-11-19,207.24000549316406,208.72999572753906,205.52999877929688,207.57000732421875,5657200,V
2020-11-20,207.1300048828125,208.11000061035156,203.80999755859375,203.8800048828125,9653500,V
2020-11-23,204.6999969482422,209.0,204.6999969482422,208.16000366210938,6101900,V
2020-11-24,210.85000610351562,213.82000732421875,209.39999389648438,209.67999267578125,10110800,V
2020-11-25,209.6699981689453,211.9499969482422,208.8699951171875,210.88999938964844,6772900,V
2020-11-27,212.0,212.02999877929688,208.80999755859375,211.0,3512900,V
2020-11-30,209.5399932861328,210.5399932861328,206.60000610351562,210.35000610351562,7725500,V
2020-12-01,212.1300048828125,213.6699981689453,211.0399932861328,211.1999969482422,8047900,V
2020-12-02,211.0,211.39999389648438,208.47999572753906,210.17999267578125,9728900,V
2020-12-03,209.77999877929688,211.11000061035156,207.61000061035156,208.0500030517578,9203300,V
2020-12-04,209.74000549316406,212.72000122070312,208.50999450683594,212.67999267578125,5720100,V
2020-12-07,211.97000122070312,214.5,211.8000030517578,212.64999389648438,10624500,V
2020-12-08,209.9499969482422,213.1300048828125,209.88999938964844,212.77000427246094,8646200,V
2020-12-09,213.22999572753906,213.5,208.9499969482422,209.5800018310547,6251100,V
2020-12-10,208.50999450683594,209.3000030517578,207.25,207.61000061035156,10492000,V
2020-12-11,205.36000061035156,206.88999938964844,204.5,206.24000549316406,9227600,V
2020-12-14,207.85000610351562,211.3000030517578,206.97000122070312,207.25,11967700,V
2020-12-15,208.5399932861328,209.44000244140625,206.16000366210938,208.36000061035156,9796100,V
2020-12-16,208.47999572753906,209.1300048828125,207.13999938964844,208.27000427246094,7504400,V
2020-12-17,209.0,211.77999877929688,208.85000610351562,211.17999267578125,6517200,V
2020-12-18,211.02000427246094,211.97999572753906,209.8699951171875,211.30999755859375,13298200,V
2020-12-21,208.27000427246094,209.8000030517578,204.7899932861328,209.00999450683594,7576700,V
2020-12-22,208.38999938964844,208.39999389648438,205.60000610351562,205.83999633789062,7396200,V
2020-12-23,207.3300018310547,207.3300018310547,205.11000061035156,205.3000030517578,6523100,V
2020-12-24,206.63999938964844,208.82000732421875,206.60000610351562,208.6999969482422,3367900,V
2020-12-28,209.85000610351562,213.4600067138672,208.9499969482422,212.6300048828125,5816200,V
2020-12-29,214.61000061035156,215.24000549316406,213.5399932861328,214.3699951171875,6093400,V
2020-12-30,216.0,220.38999938964844,215.64999389648438,218.36000061035156,8875100,V
2020-12-31,218.39999389648438,219.82000732421875,216.1999969482422,218.72999572753906,5922200,V
2021-01-04,220.25,220.25,214.24000549316406,217.75999450683594,10318300,V
2021-01-05,216.30999755859375,218.4600067138672,213.63999938964844,214.50999450683594,6869700,V
2021-01-06,213.8000030517578,216.1699981689453,212.07000732421875,212.6199951171875,7206200,V
2021-01-07,212.1999969482422,215.22000122070312,212.1999969482422,213.80999755859375,10967900,V
2021-01-08,214.1699981689453,216.1199951171875,212.75,215.4499969482422,6513000,V
2021-01-11,213.9600067138672,214.86000061035156,212.47999572753906,212.88999938964844,7353100,V
2021-01-12,212.33999633789062,212.7899932861328,207.47000122070312,208.86000061035156,9331600,V
2021-01-13,209.41000366210938,211.0,208.6300048828125,209.35000610351562,6688500,V
2021-01-14,210.57000732421875,211.2100067138672,201.72999572753906,201.86000061035156,12887500,V
2021-01-15,201.5399932861328,203.25999450683594,200.42999267578125,201.58999633789062,8755000,V
2021-01-19,203.0500030517578,204.1699981689453,200.07000732421875,201.66000366210938,9772000,V
2021-01-20,203.02999877929688,207.19000244140625,202.22999572753906,206.00999450683594,12675700,V
2021-01-21,206.0500030517578,207.1699981689453,204.75,205.13999938964844,6513500,V
2021-01-22,203.99000549316406,205.3300018310547,201.8000030517578,202.02000427246094,7316200,V
2021-01-25,200.33999633789062,201.63999938964844,195.75,200.97999572753906,19282400,V
2021-01-26,201.75999450683594,203.49000549316406,200.97000122070312,202.00999450683594,9605300,V
2021-01-27,197.63999938964844,199.6999969482422,193.9600067138672,194.97000122070312,13772400,V
2021-01-28,200.0,202.0,198.1699981689453,198.22000122070312,11041300,V
2021-01-29,197.82000732421875,203.0500030517578,192.80999755859375,193.25,21503000,V
2021-02-01,195.13999938964844,199.2100067138672,195.02000427246094,198.36000061035156,12970700,V
2021-02-02,200.85000610351562,204.35000610351562,200.0,202.61000061035156,11305100,V
2021-02-03,203.07000732421875,203.50999450683594,200.97999572753906,201.36000061035156,13458600,V
2021-02-04,203.24000549316406,209.67999267578125,203.10000610351562,209.25,14534800,V
2021-02-05,209.97999572753906,210.1300048828125,208.66000366210938,208.77000427246094,10284000,V
2021-02-08,210.0,210.64999389648438,205.91000366210938,206.88999938964844,8637100,V
2021-02-09,205.75999450683594,207.6300048828125,203.6999969482422,206.52000427246094,7619400,V
2021-02-10,207.97000122070312,207.97000122070312,205.94000244140625,206.44000244140625,8467600,V
2021-02-11,207.3300018310547,211.58999633789062,207.19000244140625,210.66000366210938,8411100,V
2021-02-12,209.36000061035156,211.1300048828125,207.67999267578125,209.9600067138672,6911000,V
2021-02-16,210.66000366210938,211.0500030517578,207.35000610351562,207.89999389648438,9652700,V
2021-02-17,205.25999450683594,208.27999877929688,205.05999755859375,207.50999450683594,8373200,V
2021-02-18,205.8800048828125,209.6999969482422,204.9600067138672,209.35000610351562,7328600,V
2021-02-19,209.33999633789062,209.52999877929688,203.75999450683594,204.72999572753906,15011500,V
2021-02-22,203.5500030517578,210.64999389648438,203.11000061035156,208.32000732421875,8337700,V
2021-02-23,207.39999389648438,213.91000366210938,206.5500030517578,212.11000061035156,10571700,V
2021-02-24,212.36000061035156,220.52999877929688,211.2899932861328,219.42999267578125,12039000,V
2021-02-25,219.2899932861328,220.4499969482422,212.5800018310547,213.75,11404300,V
2021-02-26,214.0500030517578,215.2100067138672,210.74000549316406,212.38999938964844,11730000,V
2021-03-01,214.97000122070312,217.8000030517578,214.7899932861328,216.6300048828125,6982000,V
2021-03-02,216.9600067138672,217.92999267578125,214.82000732421875,215.77000427246094,6155200,V
2021-03-03,215.14999389648438,217.19000244140625,212.86000061035156,214.85000610351562,6484600,V
2021-03-04,215.97000122070312,217.02000427246094,208.6699981689453,211.5,10658900,V
2021-03-05,213.72999572753906,216.10000610351562,209.6300048828125,215.41000366210938,7582000,V
2021-03-08,216.97999572753906,226.1300048828125,215.80999755859375,220.27000427246094,14750400,V
2021-03-09,222.05999755859375,225.0,220.19000244140625,220.36000061035156,9228600,V
2021-03-10,220.72000122070312,224.19000244140625,219.39999389648438,223.1699981689453,7822900,V
2021-03-11,224.52999877929688,228.22999572753906,223.80999755859375,226.14999389648438,10053400,V
2021-03-12,225.27999877929688,226.5399932861328,223.4199981689453,224.36000061035156,8172400,V
2021-03-15,224.22999572753906,227.08999633789062,221.74000549316406,223.27000427246094,9306100,V
2021-03-16,223.7100067138672,225.5800018310547,222.3000030517578,224.6999969482422,8949300,V
2021-03-17,225.0500030517578,226.24000549316406,221.75999450683594,223.02000427246094,8675600,V
2021-03-18,221.42999267578125,222.52000427246094,219.5800018310547,220.66000366210938,9321800,V
2021-03-19,219.1199951171875,220.1699981689453,206.8800048828125,206.89999389648438,32209700,V
2021-03-22,206.5500030517578,212.2899932861328,206.22999572753906,208.0,11371600,V
2021-03-23,209.0500030517578,209.9600067138672,207.5,208.14999389648438,8820700,V
2021-03-24,208.75,211.13999938964844,207.92999267578125,208.07000732421875,10101600,V
2021-03-25,207.6699981689453,208.82000732421875,205.77999877929688,207.97000122070312,8390800,V
2021-03-26,208.25,213.6999969482422,207.6999969482422,213.52999877929688,7399900,V
2021-03-29,212.4499969482422,215.2899932861328,211.1199951171875,214.50999450683594,7792300,V
2021-03-30,213.00999450683594,214.14999389648438,211.41000366210938,211.89999389648438,5498000,V
2021-03-31,212.5500030517578,214.11000061035156,211.5500030517578,211.72999572753906,13180000,V
2021-04-01,213.77999877929688,217.74000549316406,212.3000030517578,216.86000061035156,6138400,V
2021-04-05,218.60000610351562,220.50999450683594,217.30999755859375,219.0399932861328,10440500,V
2021-04-06,217.6199951171875,219.39999389648438,215.33999633789062,218.64999389648438,7828100,V
2021-04-07,219.1199951171875,221.0399932861328,218.63999938964844,219.27000427246094,5614300,V
2021-04-08,219.97000122070312,222.82000732421875,218.11000061035156,220.6999969482422,11042000,V
2021-04-09,221.0,222.60000610351562,219.50999450683594,222.52000427246094,5724900,V
2021-04-12,220.24000549316406,221.91000366210938,219.22000122070312,221.47000122070312,6315200,V
2021-04-13,221.0,221.6199951171875,220.22000122070312,221.02000427246094,4764000,V
2021-04-14,221.0,223.10000610351562,220.07000732421875,221.97999572753906,4972600,V
2021-04-15,223.88999938964844,227.6300048828125,223.86000061035156,226.27999877929688,8698100,V
2021-04-16,227.1699981689453,227.8000030517578,225.75999450683594,226.41000366210938,6829400,V
2021-04-19,225.75,227.5800018310547,225.0800018310547,225.7899932861328,6541600,V
2021-04-20,224.77999877929688,225.3800048828125,221.82000732421875,223.27999877929688,5799100,V
2021-04-21,223.30999755859375,227.8699951171875,222.8699951171875,227.4499969482422,9490600,V
2021-04-22,227.3000030517578,230.92999267578125,226.88999938964844,227.57000732421875,7303000,V
2021-04-23,228.61000061035156,231.82000732421875,227.7100067138672,230.0,5345200,V
2021-04-26,230.77000427246094,232.9499969482422,229.52000427246094,230.33999633789062,5650000,V
2021-04-27,231.02999877929688,231.16000366210938,228.99000549316406,229.91000366210938,6642100,V
2021-04-28,230.9499969482422,236.27000427246094,230.6699981689453,233.4499969482422,10111400,V
2021-04-29,235.22999572753906,237.5,233.14999389648438,236.86000061035156,7411400,V
2021-04-30,235.32000732421875,235.92999267578125,232.2899932861328,233.55999755859375,10260200,V
2021-05-03,234.0500030517578,235.74000549316406,231.38999938964844,232.61000061035156,8174400,V
2021-05-04,231.60000610351562,232.38999938964844,230.22999572753906,232.02999877929688,5884500,V
2021-05-05,233.85000610351562,233.85000610351562,228.66000366210938,229.2100067138672,6523200,V
2021-05-06,229.6300048828125,231.5800018310547,228.66000366210938,231.32000732421875,6124100,V
2021-05-07,232.33999633789062,233.22000122070312,230.7100067138672,232.1199951171875,4528700,V
2021-05-10,231.60000610351562,232.0,225.16000366210938,225.97000122070312,9627400,V
2021-05-11,223.74000549316406,226.4199981689453,222.0399932861328,225.47999572753906,7633300,V
2021-05-12,223.6300048828125,225.0,220.30999755859375,220.6300048828125,7721300,V
2021-05-13,221.50999450683594,224.89999389648438,220.88999938964844,223.74000549316406,6650100,V
2021-05-14,225.82000732421875,227.50999450683594,224.9199981689453,226.94000244140625,4777200,V
2021-05-17,226.17999267578125,227.16000366210938,225.32000732421875,226.44000244140625,5534200,V
2021-05-18,228.38999938964844,229.17999267578125,225.42999267578125,225.57000732421875,6900000,V
2021-05-19,222.75999450683594,224.85000610351562,221.7899932861328,224.58999633789062,9311900,V
2021-05-20,225.44000244140625,227.60000610351562,225.24000549316406,226.44000244140625,7478600,V
2021-05-21,226.8800048828125,229.30999755859375,226.5500030517578,226.77000427246094,5603900,V
2021-05-24,227.9499969482422,230.11000061035156,227.6300048828125,229.32000732421875,4040100,V
2021-05-25,229.89999389648438,230.19000244140625,228.4199981689453,229.02000427246094,4689100,V
2021-05-26,228.0500030517578,229.35000610351562,226.3800048828125,227.07000732421875,4295600,V
2021-05-27,227.75999450683594,228.4199981689453,226.3699951171875,226.86000061035156,5969600,V
2021-05-28,227.58999633789062,229.42999267578125,227.14999389648438,227.3000030517578,5779700,V
2021-06-01,229.44000244140625,230.0800018310547,226.27999877929688,226.6300048828125,5091500,V
2021-06-02,229.22000122070312,233.11000061035156,228.77999877929688,229.66000366210938,9081100,V
2021-06-03,229.0,230.38999938964844,227.77000427246094,228.11000061035156,6382400,V
2021-06-04,229.35000610351562,230.6999969482422,228.72999572753906,230.13999938964844,5085700,V
2021-06-07,232.85000610351562,234.67999267578125,230.0800018310547,231.32000732421875,5421300,V
2021-06-08,232.14999389648438,232.85000610351562,230.16000366210938,232.0500030517578,4170600,V
2021-06-09,232.5,234.85000610351562,232.1199951171875,232.30999755859375,4659000,V
2021-06-10,233.10000610351562,234.25999450683594,232.1300048828125,233.9499969482422,4452500,V
2021-06-11,234.38999938964844,235.44000244140625,233.7100067138672,234.9600067138672,5378300,V
2021-06-14,234.6999969482422,235.22000122070312,231.57000732421875,234.0800018310547,5805800,V
2021-06-15,234.44000244140625,234.8000030517578,232.6199951171875,232.97999572753906,7093800,V
2021-06-16,233.6199951171875,234.17999267578125,228.0,229.60000610351562,8905400,V
2021-06-17,229.2100067138672,233.33999633789062,229.2100067138672,232.14999389648438,6876700,V
2021-06-18,230.4499969482422,232.17999267578125,229.22000122070312,230.41000366210938,8840000,V
2021-06-21,231.4499969482422,235.00999450683594,230.39999389648438,234.32000732421875,7298400,V
2021-06-22,234.3000030517578,236.08999633789062,233.24000549316406,235.92999267578125,8858400,V
2021-06-23,235.4499969482422,235.9199981689453,233.94000244140625,234.67999267578125,6814700,V
2021-06-24,237.0,238.25,235.41000366210938,236.24000549316406,4611500,V
2021-06-25,236.39999389648438,238.47999572753906,236.32000732421875,237.32000732421875,7825200,V
2021-06-28,238.0,238.3699951171875,231.86000061035156,234.08999633789062,9301700,V
2021-06-29,234.57000732421875,236.52000427246094,234.14999389648438,235.9499969482422,11897700,V
2021-06-30,235.11000061035156,236.39999389648438,233.82000732421875,233.82000732421875,7797100,V
2021-07-01,234.1999969482422,236.25,234.0500030517578,235.14999389648438,5329600,V
2021-07-02,235.8300018310547,238.77999877929688,235.82000732421875,238.6300048828125,4383700,V
2021-07-06,239.5,240.61000061035156,237.2100067138672,239.60000610351562,8048700,V
2021-07-07,240.25999450683594,241.0399932861328,238.3000030517578,240.0,4366100,V
2021-07-08,236.97000122070312,237.07000732421875,234.5500030517578,236.61000061035156,6388000,V
2021-07-09,238.75999450683594,239.4499969482422,237.4199981689453,238.47000122070312,5615900,V
2021-07-12,237.5800018310547,238.50999450683594,237.27000427246094,237.8699951171875,7010700,V
2021-07-13,238.25,242.47999572753906,238.25,242.35000610351562,8079200,V
2021-07-14,243.22000122070312,246.80999755859375,242.82000732421875,245.99000549316406,8693400,V
2021-07-15,245.30999755859375,248.8000030517578,245.30999755859375,248.5500030517578,10135100,V
2021-07-16,249.99000549316406,250.4600067138672,247.52000427246094,248.1199951171875,8674500,V
2021-07-19,243.99000549316406,244.4499969482422,238.89999389648438,240.41000366210938,11474600,V
2021-07-20,240.63999938964844,244.2100067138672,239.50999450683594,242.6999969482422,7072300,V
2021-07-21,243.2899932861328,246.89999389648438,242.3000030517578,243.66000366210938,11241400,V
2021-07-22,243.77999877929688,245.35000610351562,243.14999389648438,244.13999938964844,10293600,V
2021-07-23,246.75999450683594,250.00999450683594,246.75999450683594,249.02000427246094,6766000,V
2021-07-26,249.2100067138672,250.36000061035156,247.6999969482422,250.25,4879000,V
2021-07-27,249.19000244140625,252.6699981689453,248.22000122070312,250.92999267578125,7038300,V
2021-07-28,250.0500030517578,251.5,245.91000366210938,246.94000244140625,9036500,V
2021-07-29,248.11000061035156,250.3800048828125,247.10000610351562,247.9199981689453,7495300,V
2021-07-30,247.2100067138672,248.4600067138672,246.0,246.38999938964844,5804700,V
2021-08-02,246.24000549316406,247.8300018310547,238.3699951171875,239.77999877929688,9989500,V
2021-08-03,240.6300048828125,241.38999938964844,234.02999877929688,237.08999633789062,9839000,V
2021-08-04,237.0,237.5500030517578,235.0500030517578,236.6699981689453,8171800,V
2021-08-05,236.61000061035156,240.25,236.42999267578125,240.2100067138672,5337500,V
2021-08-06,240.0,242.60000610351562,239.86000061035156,241.39999389648438,4509700,V
2021-08-09,241.75,242.17999267578125,238.0500030517578,240.0,5226900,V
2021-08-10,240.50999450683594,241.33999633789062,235.55999755859375,238.07000732421875,7185700,V
2021-08-11,238.0800018310547,238.36000061035156,234.5800018310547,235.05999755859375,7375700,V
2021-08-12,233.88999938964844,234.11000061035156,231.02000427246094,231.7899932861328,9867000,V
2021-08-13,232.0,233.27000427246094,231.39999389648438,232.64999389648438,5445400,V
2021-08-16,232.2100067138672,235.47999572753906,230.1999969482422,235.36000061035156,7575900,V
2021-08-17,235.0,235.6699981689453,233.22000122070312,234.52999877929688,6850500,V
2021-08-18,233.9199981689453,234.35000610351562,231.47000122070312,231.6300048828125,4996500,V
2021-08-19,229.0399932861328,232.42999267578125,228.89999389648438,231.57000732421875,5761300,V
2021-08-20,231.8699951171875,232.16000366210938,230.3000030517578,231.36000061035156,5522200,V
2021-08-23,232.6999969482422,234.64999389648438,232.0,234.13999938964844,6342000,V
2021-08-24,235.0399932861328,236.19000244140625,233.9499969482422,234.24000549316406,5081800,V
2021-08-25,235.0,235.0,232.0800018310547,232.58999633789062,5277100,V
2021-08-26,232.1300048828125,232.6300048828125,230.14999389648438,230.52000427246094,5889100,V
2021-08-27,231.02000427246094,233.0500030517578,230.22999572753906,232.69000244140625,6369000,V
2021-08-30,232.69000244140625,233.6699981689453,229.9199981689453,231.22999572753906,6448000,V
2021-08-31,230.91000366210938,231.83999633789062,228.66000366210938,229.10000610351562,9405100,V
2021-09-01,229.10000610351562,230.77999877929688,228.77000427246094,230.1199951171875,8177600,V
2021-09-02,230.42999267578125,230.5500030517578,221.9600067138672,224.17999267578125,19708800,V
2021-09-03,224.0,227.3000030517578,223.35000610351562,225.11000061035156,11532000,V
2021-09-07,226.74000549316406,228.0,225.86000061035156,226.27000427246094,9662600,V
2021-09-08,227.3800048828125,230.22000122070312,227.0399932861328,229.08999633789062,10652600,V
2021-09-09,229.30999755859375,230.0,227.10000610351562,227.49000549316406,5853000,V
2021-09-10,229.85000610351562,230.0399932861328,224.82000732421875,224.91000366210938,6715400,V
2021-09-13,225.52999877929688,227.1999969482422,223.41000366210938,224.6300048828125,6808100,V
2021-09-14,225.0,225.80999755859375,222.27999877929688,223.02999877929688,6575700,V
2021-09-15,222.52000427246094,224.83999633789062,221.36000061035156,223.80999755859375,6535800,V
2021-09-16,223.86000061035156,225.1999969482422,222.75,224.3300018310547,5928500,V
2021-09-17,222.4499969482422,223.6999969482422,219.3000030517578,221.75,13787400,V
2021-09-20,216.9600067138672,220.5,216.30999755859375,220.0500030517578,8822600,V
2021-09-21,220.75,222.1699981689453,218.97999572753906,220.1699981689453,7033600,V
2021-09-22,221.39999389648438,224.10000610351562,221.10000610351562,222.75,6005900,V
2021-09-23,225.0,228.6999969482422,224.36000061035156,228.30999755859375,7952700,V
2021-09-24,228.92999267578125,231.9499969482422,228.6199951171875,231.58999633789062,6461200,V
2021-09-27,231.72000122070312,233.3300018310547,228.77000427246094,229.60000610351562,6881100,V
2021-09-28,228.8699951171875,228.8699951171875,224.0,225.55999755859375,6951400,V
2021-09-29,226.8000030517578,229.02000427246094,226.08999633789062,226.67999267578125,6432700,V
2021-09-30,227.5800018310547,228.7899932861328,222.6300048828125,222.75,7128500,V
2021-10-01,224.1699981689453,231.55999755859375,223.47000122070312,230.4600067138672,7925400,V
2021-10-04,230.0,230.3300018310547,220.80999755859375,224.72999572753906,10283400,V
2021-10-05,225.47999572753906,227.3800048828125,223.9199981689453,224.27999877929688,5814000,V
2021-10-06,222.0399932861328,226.6199951171875,221.25,226.50999450683594,5420900,V
2021-10-07,228.91000366210938,231.16000366210938,228.49000549316406,230.5500030517578,6561900,V
2021-10-08,231.0,232.72999572753906,230.17999267578125,230.27000427246094,3735200,V
2021-10-11,230.00999450683594,230.32000732421875,224.8699951171875,225.11000061035156,5620200,V
2021-10-12,225.55999755859375,226.22000122070312,222.9199981689453,224.0500030517578,5448200,V
2021-10-13,223.1300048828125,225.86000061035156,218.6300048828125,222.4600067138672,9076000,V
2021-10-14,224.1199951171875,225.64999389648438,223.05999755859375,225.17999267578125,5590500,V
2021-10-15,227.22000122070312,231.08999633789062,226.72999572753906,230.99000549316406,6355100,V
2021-10-18,230.17999267578125,232.75999450683594,228.13999938964844,230.64999389648438,5580200,V
2021-10-19,231.9499969482422,233.63999938964844,230.67999267578125,233.52000427246094,4409700,V
2021-10-20,233.4600067138672,233.8000030517578,231.30999755859375,231.4199981689453,5401800,V
2021-10-21,230.6999969482422,230.8300018310547,226.3000030517578,230.24000549316406,5982200,V
2021-10-22,230.2899932861328,232.82000732421875,228.7100067138672,231.22999572753906,3788000,V
2021-10-25,233.4499969482422,234.86000061035156,232.2899932861328,233.8800048828125,4938700,V
2021-10-26,235.52999877929688,236.9600067138672,231.3300018310547,231.82000732421875,7814500,V
2021-10-27,224.75,224.75,215.66000366210938,215.77999877929688,22958100,V
2021-10-28,219.25,219.99000549316406,209.00999450683594,209.83999633789062,23199400,V
2021-10-29,209.2100067138672,213.6699981689453,208.5399932861328,211.77000427246094,14329800,V
2021-11-01,213.49000549316406,215.25,211.4499969482422,212.4600067138672,13210300,V
2021-11-02,213.16000366210938,213.35000610351562,207.82000732421875,209.13999938964844,14688700,V
2021-11-03,209.69000244140625,210.14999389648438,206.72999572753906,208.10000610351562,11486700,V
2021-11-04,209.16000366210938,212.36000061035156,207.8699951171875,208.77999877929688,11368200,V
2021-11-05,211.9499969482422,217.6300048828125,211.36000061035156,216.6699981689453,14273600,V
2021-11-08,218.3699951171875,221.61000061035156,218.14999389648438,220.49000549316406,13500100,V
2021-11-09,219.69000244140625,220.41000366210938,212.9199981689453,213.38999938964844,11535000,V
2021-11-10,213.5500030517578,216.9499969482422,213.3300018310547,215.55999755859375,10063600,V
2021-11-11,216.47000122070312,216.77999877929688,210.16000366210938,210.4199981689453,13546900,V
2021-11-12,211.5,213.5800018310547,211.42999267578125,212.08999633789062,7660500,V
2021-11-15,213.6199951171875,216.39999389648438,211.80999755859375,212.3000030517578,9596900,V
2021-11-16,212.16000366210938,215.64999389648438,211.66000366210938,215.17999267578125,8719600,V
2021-11-17,205.9499969482422,207.30999755859375,199.4600067138672,205.05999755859375,38379600,V
2021-11-18,206.5,207.8699951171875,201.27000427246094,203.3300018310547,18292200,V
2021-11-19,202.0399932861328,203.5,199.85000610351562,200.86000061035156,18032600,V
2021-11-22,200.0,201.6999969482422,194.60000610351562,195.5800018310547,21185800,V
2021-11-23,196.97000122070312,198.9199981689453,194.3800048828125,198.49000549316406,14742700,V
2021-11-24,198.1699981689453,203.9499969482422,197.63999938964844,203.25,12026800,V
2021-11-26,193.32000732421875,199.19000244140625,192.5500030517578,197.64999389648438,10987600,V
2021-11-29,201.0,201.25,195.36000061035156,196.2899932861328,14633500,V
2021-11-30,195.27000427246094,197.66000366210938,192.55999755859375,193.77000427246094,16023000,V
2021-12-01,196.02999877929688,196.80999755859375,190.10000610351562,190.16000366210938,13204900,V
2021-12-02,192.0,199.44000244140625,191.85000610351562,198.2899932861328,13976300,V
2021-12-03,198.27000427246094,198.47000122070312,194.0399932861328,196.32000732421875,10660500,V
2021-12-06,198.77000427246094,204.22000122070312,197.74000549316406,202.67999267578125,10722100,V
2021-12-07,206.0,207.94000244140625,205.88999938964844,207.3699951171875,11897200,V
2021-12-08,207.66000366210938,209.47999572753906,205.7100067138672,208.99000549316406,11749200,V
2021-12-09,208.52000427246094,212.1999969482422,207.1699981689453,211.38999938964844,10176800,V
2021-12-10,211.89999389648438,214.25,210.86000061035156,213.39999389648438,8882700,V
2021-12-13,212.4499969482422,213.32000732421875,209.97999572753906,211.02000427246094,8844300,V
2021-12-14,210.72999572753906,213.3699951171875,208.4499969482422,209.97999572753906,9832300,V
2021-12-15,209.39999389648438,212.49000549316406,207.86000061035156,212.30999755859375,10892500,V
2021-12-16,215.2899932861328,216.27000427246094,211.61000061035156,214.3699951171875,8548400,V
2021-12-17,212.8000030517578,213.2100067138672,207.7899932861328,211.8800048828125,11578400,V
2021-12-20,209.08999633789062,209.77000427246094,206.86000061035156,208.74000549316406,9434400,V
2021-12-21,210.61000061035156,216.16000366210938,210.36000061035156,215.3800048828125,6993700,V
2021-12-22,213.85000610351562,218.94000244140625,213.85000610351562,217.9600067138672,6003400,V
2021-12-23,218.44000244140625,218.52000427246094,216.6199951171875,216.6199951171875,4798200,V
2021-12-27,217.67999267578125,218.1199951171875,214.8800048828125,217.6300048828125,4818400,V
2021-12-28,216.00999450683594,219.72999572753906,215.5800018310547,218.0500030517578,4279800,V
2021-12-29,217.75999450683594,218.94000244140625,217.3300018310547,218.1699981689453,3223100,V
2021-12-30,217.97000122070312,219.14999389648438,217.14999389648438,217.8699951171875,3812800,V
2021-12-31,216.80999755859375,217.97999572753906,215.49000549316406,216.7100067138672,4723300,V
2022-01-03,217.52000427246094,222.05999755859375,217.00999450683594,221.42999267578125,7694500,V
2022-01-04,222.0,226.7899932861328,221.80999755859375,222.4600067138672,10629300,V
2022-01-05,222.63999938964844,225.27000427246094,219.9199981689453,220.0,9594600,V
2022-01-06,217.8000030517578,221.91000366210938,217.5500030517578,219.75,7877500,V
2022-01-07,217.30999755859375,220.1999969482422,215.63999938964844,216.9600067138672,10702100,V
2022-01-10,213.97999572753906,214.1999969482422,206.5,211.97000122070312,11978600,V
2022-01-11,211.4199981689453,214.9499969482422,208.74000549316406,214.3800048828125,8803100,V
2022-01-12,214.47999572753906,217.5800018310547,213.80999755859375,215.7100067138672,6923300,V
2022-01-13,216.85000610351562,220.47999572753906,214.66000366210938,215.0,8867700,V
2022-01-14,214.1699981689453,218.25,213.7100067138672,214.6699981689453,8838100,V
2022-01-18,215.8800048828125,216.91000366210938,214.3300018310547,215.7100067138672,9099300,V
2022-01-19,213.0,218.22999572753906,212.11000061035156,214.67999267578125,9399800,V
2022-01-20,214.72000122070312,219.60000610351562,213.94000244140625,214.35000610351562,8532700,V
2022-01-21,215.4600067138672,215.60000610351562,205.82000732421875,205.92999267578125,16200200,V
2022-01-24,202.17999267578125,202.72000122070312,195.64999389648438,201.85000610351562,16054000,V
2022-01-25,199.6199951171875,205.3800048828125,196.99000549316406,202.0,12125500,V
2022-01-26,204.27999877929688,210.86000061035156,203.6699981689453,205.8699951171875,10817600,V
2022-01-27,209.5,210.9600067138672,205.85000610351562,206.14999389648438,12009800,V
2022-01-28,220.63999938964844,228.1199951171875,216.10000610351562,228.0,26425300,V
2022-01-31,225.5500030517578,226.3800048828125,222.0500030517578,226.1699981689453,12380600,V
2022-02-01,226.89999389648438,234.61000061035156,226.4199981689453,232.36000061035156,12247200,V
2022-02-02,231.3000030517578,235.85000610351562,230.00999450683594,235.4199981689453,10590500,V
2022-02-03,233.0399932861328,233.49000549316406,230.5500030517578,231.5399932861328,9968000,V
2022-02-04,228.5,230.22000122070312,224.9499969482422,228.38999938964844,10848100,V
2022-02-07,228.0,229.9199981689453,226.00999450683594,227.16000366210938,5984500,V
2022-02-08,226.25999450683594,228.5,224.75,227.94000244140625,7542000,V
2022-02-09,230.1300048828125,233.14999389648438,230.1199951171875,230.8699951171875,7772800,V
2022-02-10,228.02999877929688,229.9499969482422,224.8699951171875,225.58999633789062,6794600,V
2022-02-11,227.25,229.10000610351562,223.5399932861328,224.69000244140625,7535200,V
2022-02-14,223.2899932861328,227.25999450683594,222.80999755859375,225.33999633789062,8280800,V
2022-02-15,227.27000427246094,229.2899932861328,224.91000366210938,227.82000732421875,9461700,V
2022-02-16,227.5,229.8800048828125,225.60000610351562,228.82000732421875,9561300,V
2022-02-17,228.39999389648438,228.80999755859375,224.1699981689453,224.61000061035156,8131200,V
2022-02-18,224.60000610351562,225.74000549316406,221.83999633789062,222.69000244140625,8121200,V
2022-02-22,221.02000427246094,224.33999633789062,219.9199981689453,221.32000732421875,9928800,V
2022-02-23,222.83999633789062,224.27999877929688,215.4199981689453,215.9499969482422,8669900,V
2022-02-24,203.3699951171875,217.86000061035156,201.4499969482422,217.3000030517578,13463400,V
2022-02-25,217.2899932861328,220.67999267578125,214.25,219.27000427246094,8463600,V
2022-02-28,216.0,218.64999389648438,213.24000549316406,216.1199951171875,8409400,V
2022-03-01,214.47999572753906,215.14999389648438,207.27999877929688,208.97000122070312,9317800,V
2022-03-02,206.89999389648438,210.5399932861328,206.19000244140625,208.47999572753906,8865700,V
2022-03-03,210.5500030517578,211.5,206.55999755859375,207.22999572753906,8610000,V
2022-03-04,205.0,206.3699951171875,196.86000061035156,200.2899932861328,10912300,V
2022-03-07,199.83999633789062,200.17999267578125,190.0500030517578,190.6999969482422,13412400,V
2022-03-08,190.00999450683594,196.4199981689453,186.6699981689453,191.7100067138672,11070900,V
2022-03-09,196.5,200.5,195.24000549316406,199.75999450683594,8457600,V
2022-03-10,196.89999389648438,199.94000244140625,196.3000030517578,197.97000122070312,7061600,V
2022-03-11,200.75,200.83999633789062,196.4600067138672,196.7100067138672,5432100,V
2022-03-14,198.4199981689453,204.42999267578125,198.16000366210938,200.3300018310547,7994700,V
2022-03-15,202.08999633789062,206.41000366210938,201.39999389648438,206.13999938964844,8277700,V
2022-03-16,210.0,213.6699981689453,207.0,211.8699951171875,9232300,V
2022-03-17,209.92999267578125,213.5399932861328,208.72000122070312,213.4499969482422,6668500,V
2022-03-18,211.6999969482422,219.25999450683594,210.2899932861328,219.11000061035156,14620800,V
2022-03-21,216.33999633789062,218.05999755859375,214.5500030517578,217.0399932861328,6101500,V
2022-03-22,217.83999633789062,219.57000732421875,217.17999267578125,218.47000122070312,6259900,V
2022-03-23,215.3000030517578,217.2899932861328,214.1999969482422,214.67999267578125,6008000,V
2022-03-24,214.99000549316406,217.66000366210938,214.0,217.30999755859375,5487000,V
2022-03-25,218.4199981689453,218.92999267578125,215.69000244140625,218.42999267578125,5051400,V
2022-03-28,218.5,220.97999572753906,217.50999450683594,220.77000427246094,4316800,V
2022-03-29,224.83999633789062,228.80999755859375,223.77999877929688,228.1199951171875,8032500,V
2022-03-30,225.83999633789062,226.16000366210938,222.72999572753906,223.9499969482422,7084000,V
2022-03-31,223.91000366210938,225.9199981689453,220.44000244140625,221.77000427246094,10759500,V
2022-04-01,223.0800018310547,226.6300048828125,222.22999572753906,226.36000061035156,6559600,V
2022-04-04,225.75999450683594,229.24000549316406,224.9600067138672,227.74000549316406,8521200,V
2022-04-05,226.8300018310547,228.99000549316406,225.30999755859375,226.08999633789062,4658000,V
2022-04-06,222.77999877929688,222.8699951171875,218.6199951171875,219.00999450683594,7430000,V
2022-04-07,218.30999755859375,218.67999267578125,213.67999267578125,216.14999389648438,6995100,V
2022-04-08,214.80999755859375,219.41000366210938,213.0800018310547,216.97999572753906,5438600,V
2022-04-11,215.25,217.3000030517578,213.41000366210938,214.75,6942700,V
2022-04-12,216.5,216.99000549316406,210.6999969482422,211.39999389648438,7446600,V
2022-04-13,210.42999267578125,213.85000610351562,207.1699981689453,213.27000427246094,8052900,V
2022-04-14,214.27000427246094,215.9499969482422,212.52999877929688,212.7899932861328,8191600,V
2022-04-18,211.6699981689453,215.8300018310547,211.52000427246094,213.1699981689453,4744400,V
2022-04-19,213.10000610351562,216.50999450683594,212.44000244140625,215.6999969482422,5028800,V
2022-04-20,218.66000366210938,220.82000732421875,217.38999938964844,217.7899932861328,7178300,V
2022-04-21,219.50999450683594,223.9199981689453,215.35000610351562,216.4499969482422,8850300,V
2022-04-22,216.24000549316406,216.55999755859375,207.9499969482422,208.1699981689453,6201100,V
2022-04-25,206.35000610351562,210.52999877929688,205.3300018310547,209.9499969482422,6839400,V
2022-04-26,206.97999572753906,208.55999755859375,201.10000610351562,201.10000610351562,8155300,V
2022-04-27,217.3699951171875,221.8000030517578,213.0500030517578,214.11000061035156,15955800,V
2022-04-28,220.39999389648438,224.92999267578125,219.27000427246094,220.66000366210938,10799100,V
2022-04-29,218.6199951171875,221.1999969482422,212.35000610351562,213.1300048828125,7965000,V
2022-05-02,211.77000427246094,212.13999938964844,206.9600067138672,211.52999877929688,8803700,V
2022-05-03,213.61000061035156,213.61000061035156,206.27000427246094,208.55999755859375,6616900,V
2022-05-04,209.35000610351562,214.8000030517578,205.3300018310547,214.52000427246094,7191100,V
2022-05-05,212.27000427246094,214.5800018310547,203.07000732421875,205.24000549316406,7749600,V
2022-05-06,203.75,205.72000122070312,200.22000122070312,202.82000732421875,8825300,V
2022-05-09,200.0500030517578,200.75,192.0800018310547,193.0,10314100,V
2022-05-10,196.7100067138672,197.75,190.97000122070312,193.5800018310547,11016500,V
2022-05-11,193.49000549316406,198.32000732421875,191.39999389648438,196.72000122070312,9427300,V
2022-05-12,194.52999877929688,196.05999755859375,189.9499969482422,193.97000122070312,9308600,V
2022-05-13,197.0,200.5399932861328,196.5,199.22999572753906,6684500,V
2022-05-16,197.32000732421875,199.94000244140625,195.8800048828125,197.80999755859375,5161300,V
2022-05-17,202.85000610351562,204.8000030517578,200.14999389648438,204.0,7265600,V
2022-05-18,202.82000732421875,205.4600067138672,199.1300048828125,199.99000549316406,8748200,V
2022-05-19,196.35000610351562,200.4199981689453,193.30999755859375,197.3699951171875,9012400,V
2022-05-20,199.6699981689453,201.66000366210938,194.02000427246094,199.02999877929688,6966600,V
2022-05-23,200.8800048828125,207.9600067138672,200.77000427246094,207.55999755859375,12187400,V
2022-05-24,203.91000366210938,204.6699981689453,199.02999877929688,202.6300048828125,7458500,V
2022-05-25,200.58999633789062,204.9499969482422,200.47000122070312,203.83999633789062,5457200,V
2022-05-26,205.11000061035156,209.74000549316406,204.6699981689453,208.5500030517578,9212300,V
2022-05-27,210.0,213.22999572753906,209.63999938964844,212.8800048828125,4897200,V
2022-05-31,210.3800048828125,214.35000610351562,209.11000061035156,212.1699981689453,9586400,V
2022-06-01,212.0500030517578,214.11000061035156,208.82000732421875,209.92999267578125,5246100,V
2022-06-02,211.88999938964844,215.25,211.0800018310547,215.0500030517578,5337200,V
2022-06-03,212.9499969482422,214.2100067138672,211.27000427246094,212.64999389648438,4352500,V
2022-06-06,215.4499969482422,217.5800018310547,212.08999633789062,212.94000244140625,3965100,V
2022-06-07,211.1199951171875,214.97000122070312,210.72000122070312,214.5,4493300,V
2022-06-08,213.75999450683594,215.57000732421875,212.8300018310547,213.5,3646300,V
2022-06-09,212.58999633789062,213.7100067138672,206.02000427246094,206.11000061035156,5138600,V
2022-06-10,201.64999389648438,203.4199981689453,199.17999267578125,199.50999450683594,5162500,V
2022-06-13,192.99000549316406,195.88999938964844,191.0800018310547,192.25999450683594,7119200,V
2022-06-14,192.72000122070312,194.33999633789062,191.75,193.52000427246094,6441200,V
2022-06-15,195.97999572753906,198.8300018310547,192.22999572753906,196.16000366210938,6490000,V
2022-06-16,191.41000366210938,191.8699951171875,187.52999877929688,189.0500030517578,9887200,V
2022-06-17,186.92999267578125,191.30999755859375,185.91000366210938,190.00999450683594,15089300,V
2022-06-21,195.7100067138672,196.72999572753906,193.72999572753906,194.38999938964844,6241600,V
2022-06-22,191.25,196.38999938964844,191.02999877929688,193.82000732421875,5138500,V
2022-06-23,196.13999938964844,197.4600067138672,193.4499969482422,196.63999938964844,4752800,V
2022-06-24,197.72999572753906,205.63999938964844,197.50999450683594,205.50999450683594,7754800,V
2022-06-27,205.75,207.08999633789062,202.61000061035156,203.55999755859375,6121200,V
2022-06-28,204.0,206.7899932861328,197.5,198.1199951171875,4354200,V
2022-06-29,197.32000732421875,200.63999938964844,197.32000732421875,199.5,4324600,V
2022-06-30,195.3699951171875,198.85000610351562,192.85000610351562,196.88999938964844,7045200,V
2022-07-01,196.7899932861328,199.8000030517578,194.7100067138672,199.17999267578125,4131800,V
2022-07-05,196.22999572753906,200.57000732421875,194.13999938964844,200.5399932861328,4110200,V
2022-07-06,200.0,202.50999450683594,198.6699981689453,201.1199951171875,4111200,V
2022-07-07,202.5399932861328,203.42999267578125,200.0399932861328,202.8000030517578,4650700,V
2022-07-08,202.32000732421875,204.10000610351562,200.4600067138672,203.57000732421875,3621800,V
2022-07-11,202.0,206.74000549316406,202.0,205.05999755859375,5353600,V
2022-07-12,203.25,208.1199951171875,202.75999450683594,204.82000732421875,6779500,V
2022-07-13,200.42999267578125,205.57000732421875,199.5,204.14999389648438,7597300,V
2022-07-14,200.0,206.0800018310547,197.97999572753906,205.91000366210938,5605500,V
2022-07-15,209.3699951171875,211.7100067138672,207.17999267578125,210.0399932861328,7245700,V
2022-07-18,211.5,212.91000366210938,206.63999938964844,207.2100067138672,4648900,V
2022-07-19,208.22000122070312,214.11000061035156,207.89999389648438,213.66000366210938,4927100,V
2022-07-20,212.0,214.1300048828125,211.2100067138672,213.3699951171875,4460300,V
2022-07-21,213.14999389648438,216.89999389648438,212.72999572753906,216.19000244140625,4801300,V
2022-07-22,217.92999267578125,218.07000732421875,212.1199951171875,213.6999969482422,5071500,V
2022-07-25,214.5800018310547,214.8000030517578,211.6199951171875,214.27000427246094,4357200,V
2022-07-26,213.85000610351562,215.14999389648438,211.75,212.49000549316406,6141000,V
2022-07-27,210.77000427246094,216.85000610351562,201.1999969482422,210.47000122070312,17432200,V
2022-07-28,210.63999938964844,212.72000122070312,207.9199981689453,211.35000610351562,7477100,V
2022-07-29,212.0,214.16000366210938,209.8300018310547,212.11000061035156,6059700,V
2022-08-01,208.4499969482422,213.99000549316406,207.55999755859375,211.36000061035156,8028400,V
2022-08-02,207.8000030517578,208.83999633789062,203.92999267578125,206.25999450683594,9939400,V
2022-08-03,207.99000549316406,210.3300018310547,206.8800048828125,208.47999572753906,9520100,V
2022-08-04,210.52999877929688,214.8800048828125,208.5500030517578,213.47000122070312,6789700,V
2022-08-05,210.7100067138672,215.9499969482422,210.5,215.8699951171875,5553700,V
2022-08-08,215.22999572753906,216.6300048828125,212.0500030517578,213.32000732421875,4063400,V
2022-08-09,212.0,213.4499969482422,209.75,210.25999450683594,4596800,V
2022-08-10,214.8300018310547,214.83999633789062,211.30999755859375,212.10000610351562,5746400,V
2022-08-11,213.2899932861328,213.5,210.58999633789062,211.0800018310547,6639600,V
2022-08-12,213.0,213.22000122070312,210.10000610351562,211.3300018310547,6443700,V
2022-08-15,210.3699951171875,216.74000549316406,210.3699951171875,216.4199981689453,5290600,V
2022-08-16,214.5500030517578,217.61000061035156,212.1300048828125,217.13999938964844,6564400,V
2022-08-17,215.0,216.17999267578125,212.75,214.52000427246094,4902500,V
2022-08-18,213.8699951171875,216.0,212.42999267578125,215.25,4516400,V
2022-08-19,214.11000061035156,215.22999572753906,212.38999938964844,212.82000732421875,4178800,V
2022-08-22,209.94000244140625,211.25,208.1999969482422,208.61000061035156,5139500,V
2022-08-23,208.0,209.3000030517578,206.52999877929688,206.8000030517578,3525500,V
2022-08-24,206.6300048828125,208.35000610351562,205.67999267578125,206.6699981689453,4230800,V
2022-08-25,207.38999938964844,209.91000366210938,206.5,209.82000732421875,4495000,V
2022-08-26,209.77000427246094,210.25999450683594,202.6999969482422,202.88999938964844,5060200,V
2022-08-29,201.25,203.9600067138672,200.6199951171875,202.3300018310547,4476200,V
2022-08-30,203.9199981689453,204.41000366210938,200.2100067138672,201.3800048828125,3918200,V
2022-08-31,201.0,203.1699981689453,198.63999938964844,198.7100067138672,6559000,V
2022-09-01,198.72000122070312,200.42999267578125,196.66000366210938,200.1300048828125,5608300,V
2022-09-02,202.44000244140625,202.47999572753906,196.85000610351562,197.75999450683594,4508100,V
2022-09-06,197.89999389648438,200.0399932861328,196.39999389648438,198.63999938964844,4547800,V
2022-09-07,198.7100067138672,201.13999938964844,197.22000122070312,200.4199981689453,4098300,V
2022-09-08,197.39999389648438,201.11000061035156,196.9600067138672,200.7100067138672,4377600,V
2022-09-09,202.07000732421875,206.39999389648438,201.35000610351562,205.1999969482422,4885600,V
2022-09-12,206.5,207.19000244140625,204.9499969482422,206.6300048828125,3812300,V
2022-09-13,202.0500030517578,203.47000122070312,198.8699951171875,199.6699981689453,5217900,V
2022-09-14,200.0,200.8800048828125,198.05999755859375,199.41000366210938,4632800,V
2022-09-15,198.08999633789062,200.30999755859375,194.52999877929688,195.3699951171875,6099300,V
2022-09-16,190.22000122070312,193.82000732421875,188.22000122070312,193.3000030517578,9398200,V
2022-09-19,191.58999633789062,193.99000549316406,190.7100067138672,193.1300048828125,8133600,V
2022-09-20,191.10000610351562,193.02999877929688,190.2899932861328,192.07000732421875,5292500,V
2022-09-21,192.52999877929688,193.08999633789062,187.0,187.02000427246094,6705900,V
2022-09-22,186.35000610351562,187.2100067138672,184.66000366210938,185.7899932861328,6604700,V
2022-09-23,183.47000122070312,184.5800018310547,182.22999572753906,183.9600067138672,10755800,V
2022-09-26,183.0399932861328,184.5,179.89999389648438,180.58999633789062,9914600,V
2022-09-27,182.50999450683594,184.85000610351562,177.02000427246094,177.8699951171875,9799600,V
2022-09-28,177.25999450683594,180.10000610351562,174.8300018310547,179.17999267578125,9751000,V
2022-09-29,178.8300018310547,182.24000549316406,178.72999572753906,180.05999755859375,9105200,V
2022-09-30,180.05999755859375,182.9199981689453,177.60000610351562,177.64999389648438,9472300,V
2022-10-03,179.33999633789062,183.36000061035156,178.14999389648438,181.64999389648438,8842300,V
2022-10-04,185.0500030517578,186.2100067138672,183.07000732421875,185.64999389648438,7081400,V
2022-10-05,183.33999633789062,188.82000732421875,182.36000061035156,187.6699981689453,6119900,V
2022-10-06,186.64999389648438,188.0500030517578,185.25,185.58999633789062,5163000,V
2022-10-07,183.4499969482422,184.61000061035156,181.92999267578125,183.8300018310547,5610300,V
2022-10-10,184.1300048828125,184.77999877929688,180.89999389648438,182.17999267578125,4743800,V
2022-10-11,180.3699951171875,181.63999938964844,178.19000244140625,179.13999938964844,6294500,V
2022-10-12,179.08999633789062,180.58999633789062,178.22000122070312,178.24000549316406,4884300,V
2022-10-13,175.0,185.3699951171875,174.60000610351562,184.66000366210938,8426400,V
2022-10-14,186.7899932861328,187.1300048828125,182.07000732421875,182.6199951171875,6449400,V
2022-10-17,186.0,188.57000732421875,182.85000610351562,185.25,13952100,V
2022-10-18,189.49000549316406,190.19000244140625,185.74000549316406,187.1699981689453,5209200,V
2022-10-19,185.49000549316406,187.63999938964844,184.75999450683594,186.41000366210938,4927000,V
2022-10-20,186.4600067138672,190.97999572753906,186.42999267578125,187.22000122070312,5706700,V
2022-10-21,185.8000030517578,190.9499969482422,185.0500030517578,190.3699951171875,7582500,V
2022-10-24,191.41000366210938,193.1300048828125,189.10000610351562,190.7100067138672,7299200,V
2022-10-25,190.8699951171875,195.22999572753906,190.72000122070312,194.3800048828125,11907200,V
2022-10-26,196.5800018310547,206.3699951171875,196.5,203.3300018310547,15450000,V
2022-10-27,203.32000732421875,206.32000732421875,201.58999633789062,204.2899932861328,7946700,V
2022-10-28,205.0,211.52000427246094,203.30999755859375,209.33999633789062,8455600,V
2022-10-31,208.9199981689453,209.6199951171875,206.1999969482422,207.16000366210938,8674100,V
2022-11-01,208.91000366210938,209.97000122070312,205.3300018310547,206.92999267578125,5919500,V
2022-11-02,205.75999450683594,207.0,200.5800018310547,200.9499969482422,6985600,V
2022-11-03,198.27999877929688,198.85000610351562,194.17999267578125,194.75,8236200,V
2022-11-04,197.0,201.4499969482422,195.33999633789062,196.97999572753906,9680100,V
2022-11-07,198.32000732421875,200.44000244140625,197.1699981689453,200.10000610351562,7821300,V
2022-11-08,201.66000366210938,204.1199951171875,199.74000549316406,201.77999877929688,6943700,V
2022-11-09,200.6999969482422,201.3300018310547,193.3300018310547,193.92999267578125,7320200,V
2022-11-10,203.08999633789062,205.75999450683594,200.02000427246094,205.57000732421875,8048900,V
2022-11-11,206.0,206.42999267578125,202.14999389648438,205.0,9601000,V
2022-11-14,203.5,209.1699981689453,203.2100067138672,206.86000061035156,5796100,V
2022-11-15,209.99000549316406,213.72999572753906,207.50999450683594,209.99000549316406,7316100,V
2022-11-16,208.5800018310547,210.88999938964844,208.22000122070312,210.13999938964844,6125300,V
2022-11-17,207.9600067138672,211.27999877929688,207.32000732421875,210.99000549316406,5385600,V
2022-11-18,213.1699981689453,214.1699981689453,209.74000549316406,210.8000030517578,8028500,V
2022-11-21,210.3000030517578,210.5500030517578,205.88999938964844,206.32000732421875,10450900,V
2022-11-22,207.5399932861328,210.47999572753906,205.35000610351562,210.3300018310547,5273100,V
2022-11-23,210.0,212.8300018310547,209.9199981689453,211.72999572753906,3807300,V
2022-11-25,211.7100067138672,214.0,211.38999938964844,213.7899932861328,1993500,V
2022-11-28,212.25999450683594,214.47000122070312,210.64999389648438,211.25999450683594,10229400,V
2022-11-29,209.35000610351562,210.14999389648438,207.35000610351562,209.05999755859375,8986900,V
2022-11-30,208.22000122070312,217.0,208.00999450683594,217.0,13918100,V
2022-12-01,217.0,218.64999389648438,215.3000030517578,217.0,11261500,V
2022-12-02,215.72999572753906,218.47999572753906,214.24000549316406,217.66000366210938,5132800,V
2022-12-05,215.64999389648438,216.91000366210938,213.0500030517578,213.67999267578125,9006300,V
2022-12-06,212.0,212.1300048828125,207.63999938964844,209.0800018310547,5986000,V
2022-12-07,208.8000030517578,209.02000427246094,205.1300048828125,207.80999755859375,7923800,V
2022-12-08,209.50999450683594,210.3000030517578,207.75,209.10000610351562,4896500,V
2022-12-09,207.91000366210938,210.52000427246094,207.52000427246094,208.6999969482422,4928400,V
2022-12-12,210.0,214.82000732421875,209.47000122070312,214.58999633789062,5941700,V
2022-12-13,219.5399932861328,219.97999572753906,212.6199951171875,213.0399932861328,14585000,V
2022-12-14,212.85000610351562,216.27999877929688,211.6300048828125,213.32000732421875,7001700,V
2022-12-15,209.60000610351562,211.82000732421875,206.82000732421875,207.91000366210938,10831800,V
2022-12-16,207.49000549316406,208.39999389648438,205.3000030517578,206.88999938964844,12472900,V
2022-12-19,206.6300048828125,207.47000122070312,203.9499969482422,204.82000732421875,4893600,V
2022-12-20,203.8800048828125,206.52999877929688,203.5500030517578,205.36000061035156,5024900,V
2022-12-21,206.57000732421875,207.9600067138672,205.5800018310547,206.80999755859375,4086900,V
2022-12-22,205.75,206.64999389648438,202.1300048828125,205.05999755859375,5690300,V
2022-12-23,204.1300048828125,206.24000549316406,203.52000427246094,205.8300018310547,3246000,V
2022-12-27,205.9199981689453,206.8800048828125,204.60000610351562,206.2899932861328,2904900,V
2022-12-28,206.67999267578125,208.52999877929688,204.8000030517578,204.99000549316406,3139200,V
2022-12-29,205.9499969482422,208.52999877929688,205.5,208.05999755859375,3675500,V
2022-12-30,206.30999755859375,208.0399932861328,205.6999969482422,207.75999450683594,4159400,V
2023-01-03,209.27999877929688,212.3300018310547,206.16000366210938,207.38999938964844,4202800,V
2023-01-04,209.6199951171875,213.1999969482422,209.6199951171875,212.61000061035156,6606200,V
2023-01-05,213.8000030517578,214.16000366210938,210.4600067138672,211.11000061035156,5246000,V
2023-01-06,214.0,218.13999938964844,213.08999633789062,217.75,6829700,V
2023-01-09,219.07000732421875,222.2100067138672,218.35000610351562,218.60000610351562,6294500,V
2023-01-10,218.99000549316406,222.38999938964844,218.17999267578125,221.08999633789062,10857000,V
2023-01-11,221.2899932861328,222.17999267578125,219.6999969482422,222.10000610351562,5408200,V
2023-01-12,222.10000610351562,223.80999755859375,220.61000061035156,223.6199951171875,4264400,V
2023-01-13,221.91000366210938,223.75999450683594,220.13999938964844,223.05999755859375,4283200,V
2023-01-17,222.3800048828125,224.39999389648438,222.3699951171875,223.0,6101100,V
2023-01-18,224.0800018310547,224.99000549316406,219.44000244140625,219.4600067138672,6558000,V
2023-01-19,218.10000610351562,221.52000427246094,217.5,220.41000366210938,4853100,V
2023-01-20,221.13999938964844,224.42999267578125,220.41000366210938,224.30999755859375,5211000,V
2023-01-23,224.60000610351562,226.1999969482422,223.14999389648438,224.17999267578125,5501500,V
2023-01-24,222.02000427246094,230.0,216.6300048828125,223.88999938964844,5274900,V
2023-01-25,221.6199951171875,224.97000122070312,221.1699981689453,224.89999389648438,4729600,V
2023-01-26,226.0,227.0800018310547,223.6699981689453,224.7100067138672,7043400,V
2023-01-27,228.0,232.83999633789062,227.25,231.44000244140625,11382600,V
2023-01-30,230.1999969482422,230.4199981689453,227.92999267578125,229.10000610351562,5677400,V
2023-01-31,228.80999755859375,230.8000030517578,228.4499969482422,230.2100067138672,11294200,V
2023-02-01,229.3699951171875,232.66000366210938,227.8000030517578,230.89999389648438,5792700,V
2023-02-02,233.9600067138672,234.3000030517578,228.3699951171875,229.55999755859375,7190000,V
2023-02-03,228.69000244140625,230.86000061035156,227.63999938964844,230.1300048828125,5243600,V
2023-02-06,228.6999969482422,230.25999450683594,228.0399932861328,229.44000244140625,3402400,V
2023-02-07,228.02000427246094,232.1300048828125,227.9499969482422,231.32000732421875,4042600,V
2023-02-08,230.33999633789062,231.86000061035156,229.99000549316406,230.1999969482422,4978600,V
2023-02-09,232.41000366210938,232.47999572753906,229.1300048828125,229.35000610351562,5238400,V
2023-02-10,228.9600067138672,229.91000366210938,226.16000366210938,227.1999969482422,4509700,V
2023-02-13,226.8800048828125,229.8300018310547,226.27000427246094,228.8800048828125,4946700,V
2023-02-14,228.6699981689453,231.4199981689453,227.1699981689453,229.38999938964844,4829400,V
2023-02-15,227.58999633789062,229.07000732421875,226.8000030517578,228.9199981689453,4407300,V
2023-02-16,226.07000732421875,228.36000061035156,225.6699981689453,225.8300018310547,3865900,V
2023-02-17,224.17999267578125,224.77000427246094,221.74000549316406,223.55999755859375,4520200,V
2023-02-21,220.16000366210938,222.44000244140625,219.99000549316406,220.6199951171875,7276100,V
2023-02-22,220.41000366210938,221.75,219.4499969482422,220.02000427246094,4621800,V
2023-02-23,221.55999755859375,222.08999633789062,218.92999267578125,221.1300048828125,5533800,V
2023-02-24,218.47999572753906,220.24000549316406,217.4600067138672,219.5500030517578,4414400,V
2023-02-27,220.72999572753906,221.44000244140625,219.33999633789062,220.35000610351562,4255300,V
2023-02-28,220.0,221.77000427246094,219.5,219.94000244140625,5385400,V
2023-03-01,219.4600067138672,220.27000427246094,216.42999267578125,218.36000061035156,4792700,V
2023-03-02,217.88999938964844,219.60000610351562,217.08999633789062,219.05999755859375,5539300,V
2023-03-03,220.1999969482422,224.02000427246094,219.89999389648438,223.77000427246094,6055400,V
2023-03-06,223.92999267578125,227.4199981689453,223.69000244140625,226.75,5737600,V
2023-03-07,226.75,227.3800048828125,223.0800018310547,223.1699981689453,4386800,V
2023-03-08,221.9600067138672,222.92999267578125,221.17999267578125,222.19000244140625,4194900,V
2023-03-09,221.39999389648438,224.3699951171875,219.66000366210938,220.00999450683594,5066700,V
2023-03-10,219.02999877929688,219.1199951171875,215.47999572753906,216.13999938964844,6638900,V
2023-03-13,214.6300048828125,217.85000610351562,212.5,214.47000122070312,6810800,V
2023-03-14,218.0,219.8699951171875,216.0399932861328,218.66000366210938,7985600,V
2023-03-15,214.41000366210938,216.91000366210938,213.6699981689453,216.3699951171875,8372200,V
2023-03-16,215.1699981689453,217.5800018310547,208.75999450683594,217.4499969482422,13674600,V
2023-03-17,214.8699951171875,218.66000366210938,214.8699951171875,217.38999938964844,18801200,V
2023-03-20,217.0,220.5500030517578,216.83999633789062,218.14999389648438,9817400,V
2023-03-21,221.33999633789062,222.50999450683594,218.67999267578125,221.9499969482422,8971400,V
2023-03-22,222.5,224.89999389648438,219.9199981689453,220.0399932861328,6700600,V
2023-03-23,220.44000244140625,225.25,220.25999450683594,222.58999633789062,6427700,V
2023-03-24,220.6699981689453,221.3300018310547,218.25,221.0399932861328,4791500,V
2023-03-27,222.58999633789062,224.0800018310547,221.38999938964844,221.80999755859375,7210900,V
2023-03-28,222.82000732421875,223.3300018310547,218.64999389648438,220.3300018310547,6418400,V
2023-03-29,222.2899932861328,223.5500030517578,220.9199981689453,223.3000030517578,4483000,V
2023-03-30,223.9199981689453,224.24000549316406,221.2100067138672,222.36000061035156,5383900,V
2023-03-31,223.60000610351562,225.83999633789062,223.2899932861328,225.4600067138672,9509000,V
2023-04-03,225.22999572753906,229.16000366210938,224.1199951171875,229.0,6421500,V
2023-04-04,229.0,230.0500030517578,226.8300018310547,227.66000366210938,5254700,V
2023-04-05,226.77999877929688,228.47000122070312,226.5500030517578,228.1699981689453,4813600,V
2023-04-06,226.16000366210938,226.72999572753906,224.67999267578125,225.99000549316406,4285200,V
2023-04-10,225.55999755859375,226.47999572753906,224.32000732421875,226.42999267578125,4952200,V
2023-04-11,227.0,229.13999938964844,226.1999969482422,228.4499969482422,4513300,V
2023-04-12,229.92999267578125,231.58999633789062,227.3300018310547,227.80999755859375,4373000,V
2023-04-13,229.4600067138672,232.83999633789062,228.8000030517578,232.69000244140625,7615500,V
2023-04-14,232.99000549316406,234.99000549316406,232.24000549316406,234.02000427246094,9781300,V
2023-04-17,234.02000427246094,234.0500030517578,230.94000244140625,233.47999572753906,4865000,V
2023-04-18,233.75,234.3300018310547,231.69000244140625,233.60000610351562,4796200,V
2023-04-19,234.0,234.05999755859375,231.85000610351562,232.57000732421875,3833900,V
2023-04-20,232.4600067138672,234.6699981689453,231.5,234.60000610351562,4925700,V
2023-04-21,235.0,235.57000732421875,233.3800048828125,234.0500030517578,6771500,V
2023-04-24,234.22999572753906,235.14999389648438,231.50999450683594,232.75999450683594,9124100,V
2023-04-25,233.02000427246094,235.02000427246094,229.42999267578125,229.58999633789062,6076500,V
2023-04-26,231.22000122070312,232.77000427246094,226.72000122070312,228.14999389648438,8400400,V
2023-04-27,228.6699981689453,229.6300048828125,226.61000061035156,229.00999450683594,7128200,V
2023-04-28,228.64999389648438,233.57000732421875,228.05999755859375,232.72999572753906,11627900,V
2023-05-01,232.8699951171875,234.58999633789062,231.50999450683594,232.50999450683594,4571100,V
2023-05-02,231.9499969482422,232.3699951171875,226.2100067138672,226.97999572753906,5244000,V
2023-05-03,226.97999572753906,228.6699981689453,225.9199981689453,225.97999572753906,4093300,V
2023-05-04,224.83999633789062,226.05999755859375,223.47999572753906,225.60000610351562,5648700,V
2023-05-05,228.33999633789062,232.33999633789062,227.2899932861328,231.77999877929688,6237500,V
2023-05-08,231.25,233.4499969482422,231.25,232.22999572753906,2938400,V
2023-05-09,231.0800018310547,234.08999633789062,230.82000732421875,233.25999450683594,4352100,V
2023-05-10,234.3000030517578,234.80999755859375,228.89999389648438,231.27000427246094,5245000,V
2023-05-11,230.75,231.52000427246094,228.27000427246094,231.00999450683594,3818000,V
2023-05-12,232.0,232.72999572753906,229.82000732421875,231.3800048828125,3432700,V
2023-05-15,231.19000244140625,232.8300018310547,230.5500030517578,232.80999755859375,2843200,V
2023-05-16,232.55999755859375,233.10000610351562,229.6300048828125,230.47000122070312,4289700,V
2023-05-17,232.72999572753906,233.88999938964844,230.5500030517578,232.64999389648438,4990100,V
2023-05-18,232.39999389648438,234.14999389648438,231.1300048828125,233.60000610351562,6621900,V
2023-05-19,234.0,234.33999633789062,231.94000244140625,233.30999755859375,5399400,V
2023-05-22,233.30999755859375,233.8699951171875,231.17999267578125,231.27999877929688,3987800,V
2023-05-23,229.27000427246094,229.49000549316406,223.66000366210938,224.5800018310547,8537200,V
2023-05-24,222.5500030517578,223.10000610351562,220.02999877929688,222.25,6730800,V
2023-05-25,222.4499969482422,224.69000244140625,220.49000549316406,223.3800048828125,6827600,V
2023-05-26,223.82000732421875,226.2100067138672,223.33999633789062,225.00999450683594,5067300,V
2023-05-30,225.00999450683594,225.47000122070312,219.75,221.63999938964844,6916000,V
2023-05-31,219.9600067138672,221.52999877929688,216.13999938964844,221.02999877929688,20460600,V
2023-06-01,222.72999572753906,226.7100067138672,222.42999267578125,226.5,7003600,V
2023-06-02,228.80999755859375,230.27000427246094,227.4199981689453,228.7899932861328,5897100,V
2023-06-05,227.91000366210938,228.3300018310547,225.30999755859375,226.77000427246094,4858900,V
2023-06-06,226.69000244140625,229.25,226.16000366210938,228.22000122070312,6020100,V
2023-06-07,227.0,227.5500030517578,221.02000427246094,225.27000427246094,8517200,V
2023-06-08,225.08999633789062,225.13999938964844,222.41000366210938,223.0500030517578,6248200,V
2023-06-09,223.63999938964844,225.17999267578125,222.75999450683594,223.55999755859375,6385000,V
2023-06-12,224.41000366210938,226.4499969482422,223.6300048828125,226.1699981689453,8621100,V
2023-06-13,225.6199951171875,227.14999389648438,222.6300048828125,223.39999389648438,6868700,V
2023-06-14,223.74000549316406,225.47000122070312,222.5800018310547,223.44000244140625,9160700,V
2023-06-15,222.02000427246094,227.11000061035156,221.3699951171875,226.1699981689453,12534000,V
2023-06-16,226.4499969482422,229.8000030517578,226.0800018310547,228.91000366210938,13628900,V
2023-06-20,227.0,229.57000732421875,226.17999267578125,226.47000122070312,12312300,V
2023-06-21,226.1199951171875,228.6300048828125,224.97999572753906,227.25,7032100,V
2023-06-22,226.36000061035156,228.92999267578125,225.5,228.38999938964844,6275500,V
2023-06-23,227.22000122070312,229.97999572753906,226.38999938964844,229.5500030517578,5424400,V
2023-06-26,229.44000244140625,230.10000610351562,226.1999969482422,226.3000030517578,5165400,V
2023-06-27,227.47999572753906,228.61000061035156,226.52000427246094,227.33999633789062,4628500,V
2023-06-28,227.5,228.05999755859375,226.02000427246094,227.9600067138672,5324500,V
2023-06-29,228.7899932861328,234.6999969482422,228.60000610351562,234.32000732421875,7118900,V
2023-06-30,236.27000427246094,238.27999877929688,235.9499969482422,237.47999572753906,6879400,V
2023-07-03,237.0,238.39999389648438,235.41000366210938,237.97000122070312,3087400,V
2023-07-05,234.41000366210938,240.0,233.99000549316406,239.4499969482422,7601200,V
2023-07-06,238.27000427246094,239.60000610351562,236.69000244140625,238.8800048828125,6441800,V
2023-07-07,236.72999572753906,238.44000244140625,236.1300048828125,236.4499969482422,5729500,V
2023-07-10,237.00999450683594,239.10000610351562,236.5,238.16000366210938,4858900,V
2023-07-11,238.80999755859375,240.6999969482422,238.1199951171875,240.5500030517578,3856500,V
2023-07-12,241.5500030517578,243.9499969482422,241.22999572753906,242.2100067138672,6116000,V
2023-07-13,243.7899932861328,244.27000427246094,243.14999389648438,243.30999755859375,5819600,V
2023-07-14,244.72999572753906,244.74000549316406,241.9600067138672,243.16000366210938,4941200,V
2023-07-17,243.11000061035156,245.3699951171875,243.0,243.99000549316406,4328100,V
2023-07-18,243.10000610351562,243.17999267578125,237.67999267578125,240.77000427246094,7674000,V
2023-07-19,241.25,242.58999633789062,240.1199951171875,241.4199981689453,4835500,V
2023-07-20,241.16000366210938,241.61000061035156,239.07000732421875,239.6199951171875,4695000,V
2023-07-21,239.74000549316406,240.35000610351562,238.72999572753906,239.25,5427400,V
2023-07-24,239.67999267578125,241.27999877929688,238.19000244140625,240.74000549316406,6010000,V
2023-07-25,240.02000427246094,240.8000030517578,238.55999755859375,238.69000244140625,4997500,V
2023-07-26,231.4199981689453,238.85000610351562,227.67999267578125,237.10000610351562,7551400,V
2023-07-27,237.4199981689453,238.66000366210938,232.9600067138672,234.44000244140625,8160100,V
2023-07-28,234.5800018310547,235.8800048828125,233.7100067138672,235.75,6794800,V
2023-07-31,236.0,238.4199981689453,236.0,237.72999572753906,4799600,V
2023-08-01,237.13999938964844,240.72999572753906,237.0,239.77999877929688,4627300,V
2023-08-02,238.6300048828125,238.7899932861328,236.7899932861328,237.55999755859375,4868200,V
2023-08-03,236.0,239.0500030517578,235.25,238.75999450683594,5033800,V
2023-08-04,238.0,241.91000366210938,237.83999633789062,238.99000549316406,5169700,V
2023-08-07,239.22000122070312,242.17999267578125,239.2100067138672,241.50999450683594,5649800,V
2023-08-08,240.4199981689453,241.36000061035156,237.38999938964844,239.2899932861328,5080600,V
2023-08-09,240.5,241.97000122070312,239.49000549316406,239.75999450683594,4055000,V
2023-08-10,240.6199951171875,243.9499969482422,240.08999633789062,240.16000366210938,4778000,V
2023-08-11,240.0,240.72000122070312,238.4199981689453,240.0399932861328,3607100,V
2023-08-14,240.72000122070312,243.3300018310547,240.25999450683594,242.89999389648438,4351100,V
2023-08-15,242.00999450683594,242.6699981689453,239.35000610351562,239.8300018310547,3770100,V
2023-08-16,236.52999877929688,241.07000732421875,236.02000427246094,239.2899932861328,3218600,V
2023-08-17,240.0,240.3800048828125,236.49000549316406,237.3699951171875,4177600,V
2023-08-18,235.5800018310547,239.0500030517578,235.3000030517578,238.1699981689453,4344800,V
2023-08-21,239.3800048828125,240.52999877929688,237.75999450683594,239.4600067138672,3573600,V
2023-08-22,240.0,241.42999267578125,238.6699981689453,240.57000732421875,3848400,V
2023-08-23,241.32000732421875,242.5399932861328,240.72000122070312,242.3000030517578,4947700,V
2023-08-24,242.25,243.55999755859375,239.36000061035156,239.47000122070312,4570700,V
2023-08-25,241.3800048828125,243.41000366210938,240.2100067138672,242.57000732421875,3541500,V
2023-08-28,243.00999450683594,245.22999572753906,242.60000610351562,243.8300018310547,3741500,V
2023-08-29,243.5,245.8300018310547,243.39999389648438,245.33999633789062,3975600,V
2023-08-30,246.4199981689453,248.22999572753906,246.0500030517578,246.22999572753906,4573300,V
2023-08-31,245.58999633789062,248.02000427246094,245.4499969482422,245.67999267578125,5532600,V
2023-09-01,247.47000122070312,248.8699951171875,246.77000427246094,248.11000061035156,4112900,V
2023-09-05,248.35000610351562,248.69000244140625,245.1999969482422,245.33999633789062,4459600,V
2023-09-06,245.4199981689453,246.66000366210938,244.2100067138672,246.16000366210938,4520300,V
2023-09-07,245.5,247.39999389648438,245.11000061035156,247.13999938964844,4007900,V
2023-09-08,247.7899932861328,248.13999938964844,246.44000244140625,247.2899932861328,3309100,V
2023-09-11,247.3300018310547,248.36000061035156,246.27000427246094,247.22000122070312,2995800,V
2023-09-12,246.94000244140625,247.75999450683594,246.00999450683594,247.3000030517578,3499600,V
2023-09-13,247.14999389648438,250.05999755859375,246.61000061035156,247.8300018310547,5657000,V
2023-09-14,245.0,245.5399932861328,238.75,241.5,12000000,V
2023-09-15,241.89999389648438,244.10000610351562,240.02999877929688,241.07000732421875,13077900,V
2023-09-18,240.94000244140625,245.22999572753906,240.77000427246094,244.66000366210938,4771600,V
2023-09-19,245.0,245.1199951171875,241.4600067138672,243.55999755859375,4709000,V
2023-09-20,243.6300048828125,244.52999877929688,241.6699981689453,241.86000061035156,5756600,V
2023-09-21,240.77000427246094,240.77999877929688,236.27000427246094,236.61000061035156,6881500,V
2023-09-22,236.75,237.7899932861328,234.8800048828125,235.0800018310547,5935500,V
2023-09-25,235.3800048828125,235.47000122070312,232.2100067138672,233.36000061035156,5921600,V
2023-09-26,231.92999267578125,232.6699981689453,229.60000610351562,229.64999389648438,6193200,V
2023-09-27,230.25999450683594,230.67999267578125,227.9199981689453,229.5,6006700,V
2023-09-28,230.6699981689453,232.5399932861328,229.6699981689453,231.66000366210938,4203900,V
2023-09-29,232.83999633789062,233.02999877929688,229.64999389648438,230.00999450683594,6045200,V
2023-10-02,229.24000549316406,231.3699951171875,228.77000427246094,231.27000427246094,5175200,V
2023-10-03,230.47000122070312,231.75,227.77999877929688,228.80999755859375,5585700,V
2023-10-04,229.47999572753906,231.6999969482422,228.8800048828125,231.22000122070312,5430900,V
2023-10-05,230.41000366210938,234.19000244140625,230.22000122070312,233.47999572753906,6126200,V
2023-10-06,233.1699981689453,236.58999633789062,232.75,235.0399932861328,6401300,V
2023-10-09,232.8000030517578,235.1699981689453,231.6999969482422,234.44000244140625,5372200,V
2023-10-10,234.89999389648438,238.22000122070312,234.27999877929688,236.60000610351562,4644000,V
2023-10-11,237.5500030517578,238.50999450683594,234.88999938964844,235.67999267578125,4760900,V
2023-10-12,236.7100067138672,237.72999572753906,234.88999938964844,236.77999877929688,4472800,V
2023-10-13,236.38999938964844,238.64999389648438,236.22999572753906,237.6699981689453,4966800,V
2023-10-16,239.0,240.7100067138672,238.3300018310547,240.07000732421875,6227300,V
2023-10-17,239.6300048828125,241.47999572753906,238.2899932861328,241.1999969482422,4527600,V
2023-10-18,239.9600067138672,240.8300018310547,236.99000549316406,237.47000122070312,9528300,V
2023-10-19,237.47000122070312,237.9199981689453,233.41000366210938,233.80999755859375,5927400,V
2023-10-20,234.1300048828125,235.77000427246094,232.63999938964844,233.3800048828125,5748300,V
2023-10-23,231.36000061035156,234.4600067138672,231.27999877929688,231.52999877929688,5071700,V
2023-10-24,232.88999938964844,236.52999877929688,232.88999938964844,234.64999389648438,6844100,V
2023-10-25,232.25,238.47999572753906,231.2899932861328,236.85000610351562,10365300,V
2023-10-26,234.57000732421875,235.61000061035156,230.36000061035156,231.27999877929688,6414500,V
2023-10-27,231.1699981689453,231.38999938964844,228.02999877929688,229.27000427246094,5540900,V
2023-10-30,232.19000244140625,233.3800048828125,230.02999877929688,233.0800018310547,5170300,V
2023-10-31,233.57000732421875,235.72000122070312,232.99000549316406,235.10000610351562,4828400,V
2023-11-01,236.13999938964844,239.0399932861328,235.67999267578125,238.5800018310547,4996200,V
2023-11-02,239.91000366210938,243.25,239.1999969482422,243.25,6286700,V
2023-11-03,245.1199951171875,245.32000732421875,242.25999450683594,243.60000610351562,5029800,V
2023-11-06,244.0,244.77999877929688,242.61000061035156,243.49000549316406,5254100,V
2023-11-07,243.41000366210938,245.07000732421875,243.3800048828125,244.77000427246094,4219700,V
2023-11-08,243.49000549316406,244.75,242.8000030517578,243.91000366210938,5117500,V
2023-11-09,244.3300018310547,244.47999572753906,240.97000122070312,241.63999938964844,4866600,V
2023-11-10,243.97999572753906,245.27000427246094,241.97000122070312,245.25,4094400,V
2023-11-13,245.0,245.67999267578125,244.11000061035156,244.6699981689453,4088500,V
2023-11-14,246.1699981689453,247.92999267578125,245.5800018310547,246.94000244140625,14092000,V
2023-11-15,246.80999755859375,248.24000549316406,245.33999633789062,248.11000061035156,13258900,V
2023-11-16,248.58999633789062,249.4499969482422,247.27000427246094,248.57000732421875,7051600,V
2023-11-17,249.4499969482422,250.24000549316406,248.66000366210938,249.55999755859375,7238200,V
2023-11-20,249.61000061035156,250.92999267578125,245.60000610351562,249.97000122070312,8604200,V
2023-11-21,250.02999877929688,253.33999633789062,250.02999877929688,252.22999572753906,7213700,V
2023-11-22,253.0,254.5399932861328,252.66000366210938,253.72000122070312,5701400,V
2023-11-24,254.19000244140625,254.6999969482422,253.5,254.3000030517578,1640900,V
2023-11-27,254.3000030517578,254.97999572753906,252.52000427246094,254.13999938964844,5478900,V
2023-11-28,253.85000610351562,254.14999389648438,251.61000061035156,252.94000244140625,5234900,V
2023-11-29,253.9199981689453,256.07000732421875,253.52000427246094,254.22999572753906,4955100,V
2023-11-30,254.25,256.7699890136719,253.1699981689453,256.67999267578125,6874700,V
2023-12-01,255.7899932861328,256.9100036621094,253.89999389648438,256.45001220703125,3939400,V
2023-12-04,255.91000366210938,257.3900146484375,254.35000610351562,254.44000244140625,5247500,V
2023-12-05,254.19000244140625,254.82000732421875,252.13999938964844,254.61000061035156,4199100,V
2023-12-06,255.8000030517578,256.8299865722656,253.52999877929688,254.2899932861328,3874000,V
2023-12-07,254.88999938964844,256.1400146484375,253.5,255.82000732421875,3589300,V
2023-12-08,255.0,256.0400085449219,253.8699951171875,255.74000549316406,3732300,V
2023-12-11,255.0,257.6300048828125,255.0,256.5199890136719,6479300,V
2023-12-12,257.29998779296875,259.7200012207031,256.3999938964844,259.55999755859375,5946600,V
2023-12-13,259.1499938964844,262.4800109863281,258.69000244140625,262.3800048828125,4859900,V
2023-12-14,263.19000244140625,263.25,256.3999938964844,258.7300109863281,8168700,V
2023-12-15,254.50999450683594,258.3699951171875,254.4499969482422,258.0299987792969,13374000,V
2023-12-18,258.70001220703125,259.5899963378906,257.95001220703125,258.3699951171875,6041100,V
2023-12-19,258.6099853515625,260.3399963378906,257.20001220703125,259.989990234375,8731200,V
2023-12-20,260.5,260.82000732421875,257.0799865722656,257.1099853515625,7240900,V
2023-12-21,257.510009765625,259.989990234375,257.0400085449219,259.5400085449219,6246700,V
2023-12-22,260.0,261.2099914550781,258.2200012207031,258.42999267578125,5111500,V
2023-12-26,258.5299987792969,259.739990234375,258.5299987792969,259.1600036621094,2085100,V
2023-12-27,259.25,259.7699890136719,258.30999755859375,258.92999267578125,4034700,V
2023-12-28,258.5400085449219,260.9700012207031,258.5400085449219,260.3999938964844,3020500,V
2023-12-29,260.57000732421875,261.4599914550781,259.6700134277344,260.3500061035156,4074900,V
2024-01-02,259.6099853515625,260.0899963378906,257.6700134277344,258.8699951171875,5471000,V
2024-01-03,258.54998779296875,258.8599853515625,256.8599853515625,257.9800109863281,4148300,V
2024-01-04,258.07000732421875,261.0400085449219,258.0,259.6099853515625,3843000,V
2024-01-05,260.7799987792969,261.4599914550781,258.75,259.69000244140625,3748400,V
2024-01-08,260.94000244140625,262.6199951171875,259.95001220703125,262.5400085449219,4659000,V
2024-01-09,262.0,263.6199951171875,261.1400146484375,263.3299865722656,7055800,V
2024-01-10,264.9700012207031,265.3699951171875,262.8599853515625,264.55999755859375,4355800,V
2024-01-11,265.4599914550781,266.19000244140625,262.3999938964844,264.0299987792969,5599000,V
2024-01-12,265.1300048828125,265.54998779296875,263.7099914550781,264.1700134277344,4656100,V
2024-01-16,263.5199890136719,265.6600036621094,262.3500061035156,265.239990234375,6196400,V
2024-01-17,264.4200134277344,267.1000061035156,264.3900146484375,266.6300048828125,5118700,V
2024-01-18,267.8800048828125,268.7799987792969,266.4200134277344,268.1400146484375,6694300,V
2024-01-19,268.17999267578125,271.1499938964844,267.04998779296875,270.8999938964844,7226500,V
2024-01-22,272.239990234375,272.3500061035156,270.3599853515625,271.20001220703125,5984300,V
2024-01-23,271.54998779296875,271.8699951171875,269.9100036621094,271.260009765625,5883000,V
2024-01-24,272.57000732421875,272.8599853515625,271.0799865722656,271.6499938964844,5021700,V
2024-01-25,271.95001220703125,272.7799987792969,270.79998779296875,272.6099853515625,6894900,V
2024-01-26,265.94000244140625,270.8699951171875,265.6000061035156,267.94000244140625,8586500,V
2024-01-29,266.9700012207031,275.07000732421875,266.7099914550781,273.6600036621094,6574500,V
2024-01-30,274.5899963378906,278.6400146484375,274.19000244140625,277.1499938964844,6549000,V
2024-01-31,277.1199951171875,279.989990234375,273.17999267578125,273.260009765625,6139300,V
2024-02-01,273.3900146484375,277.19000244140625,273.3599853515625,277.04998779296875,7065000,V
2024-02-02,277.6099853515625,278.5,275.67999267578125,277.17999267578125,4848700,V
2024-02-05,277.3999938964844,278.0,275.1300048828125,275.5799865722656,4899100,V
2024-02-06,274.79998779296875,276.8800048828125,274.0299987792969,276.760009765625,4400000,V
2024-02-07,279.3800048828125,279.5400085449219,277.05999755859375,279.3900146484375,4785900,V
2024-02-08,279.5400085449219,279.6600036621094,275.2799987792969,275.7799987792969,5833400,V
2024-02-09,275.0,277.17999267578125,274.0899963378906,276.42999267578125,4618300,V
2024-02-12,276.42999267578125,276.6700134277344,274.239990234375,275.07000732421875,3676200,V
2024-02-13,273.75,278.0,272.760009765625,275.80999755859375,5493800,V
2024-02-14,276.4700012207031,277.6400146484375,274.7099914550781,277.55999755859375,4218400,V
2024-02-15,277.6499938964844,281.1199951171875,277.55999755859375,280.9800109863281,4834800,V
2024-02-16,280.9599914550781,281.1199951171875,277.8699951171875,278.55999755859375,6630700,V
2024-02-20,274.57000732421875,276.8399963378906,273.3399963378906,275.1499938964844,6157200,V
2024-02-21,274.6300048828125,276.9700012207031,273.5299987792969,276.760009765625,4770100,V
2024-02-22,279.17999267578125,284.05999755859375,278.9800109863281,283.75,5100200,V
2024-02-23,284.7200012207031,285.95001220703125,283.5,283.6000061035156,5107700,V
2024-02-26,283.0400085449219,285.3500061035156,282.6600036621094,284.1499938964844,3856900,V
2024-02-27,284.1700134277344,284.1700134277344,281.5400085449219,283.1700134277344,4145200,V
2024-02-28,282.1000061035156,286.1300048828125,282.0799865722656,285.6300048828125,4358800,V
2024-02-29,285.5,285.6600036621094,282.17999267578125,282.6400146484375,6633700,V
2024-03-01,283.20001220703125,284.9100036621094,282.1099853515625,283.1600036621094,3955700,V
2024-03-04,282.80999755859375,283.0,278.1300048828125,280.5299987792969,5920300,V
2024-03-05,280.2699890136719,280.989990234375,277.67999267578125,279.3800048828125,6227900,V
2024-03-06,280.0,282.0,279.30999755859375,280.42999267578125,4535200,V
2024-03-07,280.8800048828125,281.1700134277344,276.1600036621094,278.260009765625,5668500,V
2024-03-08,279.0,281.6700134277344,278.8299865722656,280.0400085449219,3928800,V
2024-03-11,279.45001220703125,280.7699890136719,277.989990234375,280.55999755859375,4614000,V
2024-03-12,281.30999755859375,284.4800109863281,280.2900085449219,283.9200134277344,7988700,V
2024-03-13,284.6600036621094,286.1000061035156,283.82000732421875,285.1400146484375,5783800,V
2024-03-14,288.9599914550781,289.0400085449219,284.54998779296875,286.4100036621094,5484500,V
2024-03-15,283.54998779296875,285.6300048828125,282.6400146484375,283.0400085449219,9845000,V
2024-03-18,283.8699951171875,286.2300109863281,283.25,285.04998779296875,4095600,V
2024-03-19,286.6600036621094,288.05999755859375,285.25,287.3500061035156,6595200,V
2024-03-20,287.6400146484375,289.8699951171875,286.7200012207031,289.2799987792969,6105000,V
2024-03-21,289.9700012207031,290.9599914550781,287.8999938964844,290.3699951171875,5057600,V
2024-03-22,290.0,290.489990234375,282.8900146484375,283.260009765625,8744100,V
2024-03-25,283.010009765625,283.5,280.0400085449219,281.2099914550781,8519200,V
2024-03-26,284.1300048828125,284.1300048828125,278.4100036621094,280.6000061035156,8752400,V
2024-03-27,280.25,281.25,276.9800109863281,279.0199890136719,5190700,V
2024-03-28,278.489990234375,279.79998779296875,277.1199951171875,279.0799865722656,5844400,V
2024-04-01,280.3599853515625,280.8900146484375,276.7900085449219,278.2799987792969,5084000,V
2024-04-02,278.0,279.3299865722656,276.9800109863281,278.44000244140625,6912300,V
2024-04-03,280.4800109863281,280.4800109863281,276.55999755859375,276.9599914550781,4536600,V
2024-04-04,278.3599853515625,279.0799865722656,273.55999755859375,274.0,4018600,V
2024-04-05,276.1000061035156,277.9599914550781,275.0299987792969,277.1400146484375,4392100,V
2024-04-08,276.25,277.9800109863281,275.1499938964844,277.760009765625,5542400,V
2024-04-09,277.6300048828125,278.0,273.32000732421875,276.7200012207031,7313900,V
2024-04-10,275.4200134277344,276.82000732421875,274.1199951171875,274.4800109863281,5276000,V
2024-04-11,274.0,276.4800109863281,272.17999267578125,275.67999267578125,8102300,V
2024-04-12,275.54998779296875,277.0,274.05999755859375,275.9599914550781,9038400,V
2024-04-15,277.8900146484375,277.9100036621094,270.3399963378906,271.2799987792969,10267500,V
2024-04-16,270.5400085449219,274.1300048828125,270.1700134277344,271.3500061035156,8237100,V
2024-04-17,273.29998779296875,274.0,271.5,272.69000244140625,5940900,V
2024-04-18,272.57000732421875,273.1499938964844,269.8599853515625,271.3699951171875,8231800,V
2024-04-19,271.4700012207031,272.0,268.2900085449219,269.7799987792969,7905400,V
2024-04-22,270.95001220703125,273.760009765625,269.3599853515625,272.3299865722656,6463700,V
2024-04-23,274.010009765625,274.8900146484375,272.7099914550781,274.1099853515625,6438000,V
2024-04-24,282.57000732421875,283.0,274.489990234375,275.0199890136719,8807200,V
2024-04-25,272.9700012207031,276.2200012207031,270.489990234375,275.1600036621094,8064600,V
2024-04-26,275.010009765625,276.7699890136719,273.8299865722656,274.5199890136719,6840600,V
2024-04-29,272.32000732421875,274.4700012207031,271.0899963378906,271.8399963378906,4128600,V
2024-04-30,270.5299987792969,272.0799865722656,268.5799865722656,268.6099853515625,6376400,V
2024-05-01,268.1499938964844,270.9100036621094,266.7099914550781,267.32000732421875,6119900,V
2024-05-02,269.3500061035156,269.4700012207031,266.6499938964844,267.6099853515625,5061700,V
2024-05-03,269.0,269.45001220703125,266.5,268.489990234375,3862000,V
2024-05-06,269.6499938964844,272.7799987792969,269.57000732421875,272.6700134277344,3958700,V
2024-05-07,273.7200012207031,277.8800048828125,272.8299865722656,276.4599914550781,6377100,V
2024-05-08,277.79998779296875,278.54998779296875,274.9200134277344,277.19000244140625,9029700,V
2024-05-09,276.79998779296875,278.7900085449219,276.3999938964844,278.5400085449219,8948800,V
2024-05-10,279.54998779296875,281.0299987792969,279.239990234375,280.739990234375,8986400,V
2024-05-13,281.4599914550781,282.1499938964844,279.1000061035156,279.3900146484375,10528400,V
2024-05-14,279.44000244140625,279.989990234375,274.2699890136719,277.739990234375,18526100,V
2024-05-15,277.1499938964844,281.7300109863281,277.07000732421875,281.5,21288400,V
2024-05-16,281.739990234375,282.3800048828125,279.260009765625,279.8399963378906,10341500,V
2024-05-17,280.04998779296875,280.9100036621094,278.1000061035156,280.1000061035156,6177800,V
2024-05-20,279.2200012207031,280.2699890136719,278.17999267578125,278.5400085449219,5460900,V
2024-05-21,278.0,278.42999267578125,274.8800048828125,275.95001220703125,6578200,V
2024-05-22,275.5299987792969,278.0799865722656,275.1199951171875,275.5799865722656,4202500,V
2024-05-23,275.239990234375,277.44000244140625,273.0299987792969,274.2300109863281,6115900,V
2024-05-24,275.010009765625,275.239990234375,273.3500061035156,274.489990234375,4339700,V
2024-05-28,274.2300109863281,274.4599914550781,270.2300109863281,270.9800109863281,6212100,V
2024-05-29,269.0,271.1400146484375,268.260009765625,268.8599853515625,5469700,V
2024-05-30,268.70001220703125,271.6400146484375,268.30999755859375,271.29998779296875,4901900,V
2024-05-31,271.44000244140625,272.760009765625,269.010009765625,272.4599914550781,8910000,V
2024-06-03,273.0899963378906,273.1300048828125,268.05999755859375,270.3800048828125,4838800,V
2024-06-04,269.6300048828125,272.989990234375,269.30999755859375,272.4200134277344,4188500,V
2024-06-05,273.5299987792969,274.92999267578125,272.0199890136719,274.5,5368700,V
2024-06-06,274.79998779296875,277.1499938964844,274.0799865722656,277.0400085449219,4862400,V
2024-06-07,277.7099914550781,280.3299865722656,276.8599853515625,278.6700134277344,4515600,V
2024-06-10,278.1400146484375,278.55999755859375,273.3800048828125,275.0400085449219,5213800,V
2024-06-11,274.5400085449219,274.8599853515625,272.2200012207031,274.6700134277344,6244600,V
2024-06-12,276.7699890136719,277.6000061035156,269.8999938964844,270.32000732421875,7536600,V
2024-06-13,270.32000732421875,271.8599853515625,269.32000732421875,271.19000244140625,7361200,V
2024-06-14,270.1000061035156,271.54998779296875,269.2699890136719,270.6600036621094,8537300,V
2024-06-17,269.0,271.8299865722656,269.0,271.1700134277344,9258200,V
2024-06-18,271.29998779296875,273.8999938964844,271.29998779296875,273.6199951171875,6707500,V
2024-06-20,273.19000244140625,278.0400085449219,273.1000061035156,276.82000732421875,10164400,V
2024-06-21,277.1700134277344,277.5400085449219,274.5799865722656,275.2200012207031,14594700,V
2024-06-24,275.32000732421875,280.3900146484375,275.2699890136719,276.29998779296875,24149600,V
2024-06-25,276.8500061035156,277.92999267578125,273.5299987792969,273.5299987792969,18325800,V
2024-06-26,272.9100036621094,274.4599914550781,271.75,273.6000061035156,12172000,V
2024-06-27,268.510009765625,270.5899963378906,266.5,266.5899963378906,10529100,V
2024-06-28,267.20001220703125,268.6000061035156,261.25,262.4700012207031,13957300,V
2024-07-01,263.7900085449219,265.7699890136719,261.29998779296875,263.239990234375,7955800,V
2024-07-02,263.239990234375,268.2300109863281,262.3999938964844,268.2300109863281,8697800,V
2024-07-03,269.07000732421875,269.75,268.1499938964844,268.989990234375,5017800,V
2024-07-05,269.0,270.54998779296875,268.239990234375,270.3599853515625,7986400,V
2024-07-08,270.25,271.44000244140625,265.9700012207031,266.3999938964844,8561100,V
2024-07-09,267.0,267.54998779296875,263.9200134277344,265.44000244140625,6431300,V
2024-07-10,259.1199951171875,263.4800109863281,258.510009765625,263.0,9635500,V
2024-07-11,262.1300048828125,263.6300048828125,260.760009765625,262.54998779296875,8803600,V
2024-07-12,264.3399963378906,267.3999938964844,263.6600036621094,265.739990234375,6627800,V
2024-07-15,265.6700134277344,269.239990234375,265.25,268.45001220703125,6845200,V
2024-07-16,268.5199890136719,270.2099914550781,267.3699951171875,269.25,7869900,V
2024-07-17,268.44000244140625,272.9100036621094,268.239990234375,272.70001220703125,5324700,V
2024-07-18,272.2900085449219,273.6199951171875,268.55999755859375,269.1499938964844,5550800,V
2024-07-19,270.32000732421875,270.95001220703125,264.30999755859375,265.4599914550781,6839900,V
2024-07-22,267.2300109863281,268.3999938964844,265.0199890136719,267.7099914550781,5313600,V
2024-07-23,267.5299987792969,267.70001220703125,263.8599853515625,264.7900085449219,8109200,V
2024-07-24,256.07000732421875,257.20001220703125,253.1300048828125,254.1699981689453,13065900,V
2024-07-25,255.38999938964844,258.2200012207031,252.6999969482422,253.74000549316406,8573300,V
2024-07-26,255.58999633789062,261.20001220703125,255.58999633789062,259.4599914550781,7062200,V
2024-07-29,260.32000732421875,262.7099914550781,258.5799865722656,261.6000061035156,6068100,V
2024-07-30,263.2300109863281,264.29998779296875,261.010009765625,263.1000061035156,5941800,V
2024-07-31,264.5400085449219,266.3599853515625,264.25,265.6700134277344,7642500,V
2024-08-01,266.3299865722656,267.0,264.17999267578125,265.92999267578125,7269700,V
2024-08-02,263.8299865722656,267.9599914550781,262.8800048828125,266.5799865722656,7017900,V
2024-08-05,261.45001220703125,262.9200134277344,254.50999450683594,256.44000244140625,9631300,V
2024-08-06,256.5,260.489990234375,255.77000427246094,258.260009765625,21586800,V
2024-08-07,259.6600036621094,262.0299987792969,256.30999755859375,256.5199890136719,12908600,V
2024-08-08,258.1300048828125,260.45001220703125,257.9200134277344,259.8299865722656,8223700,V
2024-08-09,259.1700134277344,261.5199890136719,259.010009765625,259.760009765625,7228100,V
2024-08-12,260.5,261.6000061035156,259.239990234375,259.8900146484375,26769400,V
2024-08-13,260.1300048828125,261.67999267578125,259.2699890136719,260.1300048828125,12005700,V
2024-08-14,260.8699951171875,261.5,258.739990234375,261.1400146484375,8552300,V
2024-08-15,262.8399963378906,267.3900146484375,262.8399963378906,266.79998779296875,7397800,V
2024-08-16,266.8500061035156,268.44000244140625,265.3900146484375,267.3800048828125,5111100,V
2024-08-19,267.4200134277344,268.30999755859375,265.2300109863281,266.4700012207031,6555900,V
2024-08-20,267.0,268.0400085449219,265.7799987792969,268.0400085449219,6803600,V
2024-08-21,268.55999755859375,269.2699890136719,267.3900146484375,268.20001220703125,6639700,V
2024-08-22,268.94000244140625,269.5,266.57000732421875,267.94000244140625,4425200,V
2024-08-23,268.70001220703125,269.2099914550781,265.30999755859375,267.44000244140625,3697400,V
2024-08-26,267.7200012207031,270.3699951171875,267.6700134277344,268.2099914550781,4612200,V
2024-08-27,268.5199890136719,270.95001220703125,267.8900146484375,270.7200012207031,6594100,V
2024-08-28,271.1600036621094,271.9800109863281,267.6700134277344,269.19000244140625,5455100,V
2024-08-29,270.9800109863281,275.989990234375,270.45001220703125,274.32000732421875,5565100,V
2024-08-30,275.0,276.989990234375,274.260009765625,276.3699951171875,6296100,V
2024-09-03,276.3699951171875,282.0899963378906,276.3699951171875,278.5400085449219,7278300,V
2024-09-04,278.7099914550781,281.6499938964844,278.70001220703125,280.489990234375,6107500,V
2024-09-05,281.0,281.5,277.4100036621094,278.6199951171875,6447400,V
2024-09-06,277.7699890136719,280.2799987792969,277.42999267578125,279.3699951171875,7187700,V
2024-09-09,282.0899963378906,286.9700012207031,281.6499938964844,285.6099853515625,10933900,V
2024-09-10,285.92999267578125,286.3999938964844,283.57000732421875,285.3399963378906,5314400,V
2024-09-11,285.0199890136719,285.1700134277344,278.29998779296875,283.9599914550781,6281800,V
2024-09-12,284.0,286.0,281.4700012207031,285.3699951171875,4160800,V
2024-09-13,286.489990234375,288.739990234375,285.54998779296875,287.3500061035156,4987600,V
2024-09-16,288.04998779296875,290.8999938964844,287.739990234375,290.4800109863281,4458900,V
2024-09-17,290.8999938964844,293.07000732421875,290.0799865722656,291.55999755859375,5135700,V
2024-09-18,291.8399963378906,292.0199890136719,288.1300048828125,288.4800109863281,5890000,V
2024-09-19,291.0899963378906,291.4800109863281,282.8699951171875,285.239990234375,10382100,V
2024-09-20,285.5,287.0,283.25,284.7699890136719,27810900,V
2024-09-23,284.8999938964844,288.8800048828125,284.6199951171875,288.6300048828125,6505600,V
2024-09-24,280.17999267578125,281.0,272.7099914550781,272.7799987792969,13690200,V
2024-09-25,274.19000244140625,274.25,268.2300109863281,269.6300048828125,11671300,V
2024-09-26,270.5,273.239990234375,270.0,271.69000244140625,9552500,V
2024-09-27,273.1600036621094,277.9800109863281,272.7799987792969,275.1700134277344,6509600,V
2024-09-30,275.0,275.69000244140625,273.20001220703125,274.95001220703125,5969900,V
2024-10-01,276.9700012207031,279.05999755859375,274.3599853515625,277.6000061035156,5781600,V
2024-10-02,276.57000732421875,277.6400146484375,275.3699951171875,277.0,4741600,V
2024-10-03,276.6700134277344,277.69000244140625,275.8399963378906,276.8599853515625,3036700,V
2024-10-04,277.3500061035156,278.44000244140625,275.1000061035156,277.92999267578125,4259300,V
2024-10-07,277.6000061035156,277.6199951171875,273.239990234375,273.7900085449219,4339300,V
2024-10-08,274.7099914550781,276.1000061035156,274.010009765625,274.9599914550781,4370900,V
2024-10-09,275.0,277.489990234375,274.4200134277344,276.92999267578125,4115800,V
2024-10-10,276.7799987792969,277.6700134277344,275.3500061035156,277.4700012207031,4063900,V
2024-10-11,276.0400085449219,278.79998779296875,275.3699951171875,277.8399963378906,4746300,V
2024-10-14,279.0799865722656,281.3699951171875,277.989990234375,280.67999267578125,3996600,V
2024-10-15,281.0,282.6400146484375,278.8299865722656,279.2900085449219,5807000,V
2024-10-16,278.6199951171875,287.6000061035156,278.3500061035156,287.5199890136719,9442700,V
2024-10-17,288.57000732421875,290.92999267578125,287.6099853515625,290.3900146484375,8815800,V
2024-10-18,289.9200134277344,291.0400085449219,288.0799865722656,290.6199951171875,5350900,V
2024-10-21,289.6000061035156,290.44000244140625,286.3299865722656,286.8500061035156,6313100,V
2024-10-22,285.04998779296875,286.5299987792969,283.5299987792969,284.7900085449219,5736500,V
2024-10-23,286.0400085449219,286.05999755859375,283.5299987792969,283.760009765625,5249300,V
2024-10-24,282.3900146484375,283.6199951171875,281.7300109863281,283.2200012207031,4679900,V
2024-10-25,284.0,285.0899963378906,280.7799987792969,281.7300109863281,4464600,V
2024-10-28,282.0400085449219,284.6400146484375,281.5299987792969,284.19000244140625,4306200,V
2024-10-29,284.2699890136719,285.70001220703125,281.3500061035156,281.8800048828125,7534800,V
2024-10-30,292.3399963378906,295.7799987792969,288.3299865722656,290.1600036621094,9606800,V
2024-10-31,292.0899963378906,296.3399963378906,289.6199951171875,289.8500061035156,7950200,V
2024-11-01,288.489990234375,292.6700134277344,287.19000244140625,290.739990234375,5470700,V
2024-11-04,291.54998779296875,293.1499938964844,290.760009765625,291.8500061035156,4281600,V
2024-11-05,291.7099914550781,294.7799987792969,291.5799865722656,293.2900085449219,3753700,V
2024-11-06,306.32000732421875,309.0,302.82000732421875,307.3999938964844,10320500,V
2024-11-07,307.5,307.6300048828125,304.4200134277344,305.79998779296875,6237300,V
2024-11-08,306.8900146484375,311.1499938964844,305.69000244140625,307.8699951171875,6240600,V
2024-11-11,310.0899963378906,312.44000244140625,309.29998779296875,310.9200134277344,4674100,V
2024-11-12,309.0400085449219,310.54998779296875,308.1099853515625,309.8500061035156,4616400,V
2024-11-13,309.489990234375,310.95001220703125,307.8399963378906,309.4800109863281,4046400,V
2024-11-14,309.29998779296875,311.2900085449219,307.8299865722656,308.25,4415800,V
2024-11-15,307.55999755859375,310.7200012207031,306.6600036621094,309.6400146484375,5106300,V
2024-11-18,309.4800109863281,312.4100036621094,308.70001220703125,312.1600036621094,4585600,V
2024-11-19,310.0,312.2300109863281,308.510009765625,311.8500061035156,4885500,V
2024-11-20,311.8599853515625,312.2900085449219,306.2200012207031,307.3900146484375,6349900,V
2024-11-21,307.29998779296875,310.9200134277344,306.6499938964844,309.8999938964844,5757100,V
2024-11-22,307.9700012207031,311.5899963378906,307.8999938964844,309.9200134277344,5919200,V
2024-11-25,311.8599853515625,313.6600036621094,309.8599853515625,313.19000244140625,14189300,V
2024-11-26,314.20001220703125,314.5,311.5400085449219,311.82000732421875,7071500,V
2024-11-27,310.7699890136719,316.3699951171875,309.489990234375,314.70001220703125,5204300,V
2024-11-29,314.2900085449219,316.25,313.70001220703125,315.0799865722656,3853300,V
2024-12-02,316.8999938964844,317.4200134277344,313.7099914550781,316.6499938964844,5597500,V
2024-12-03,317.1000061035156,317.32000732421875,312.7699890136719,313.010009765625,5009900,V
2024-12-04,312.4200134277344,312.8500061035156,308.79998779296875,309.8999938964844,5981800,V
2024-12-05,309.9800109863281,311.0899963378906,308.8299865722656,309.0799865722656,5200100,V
2024-12-06,308.8699951171875,312.55999755859375,308.79998779296875,311.010009765625,4302700,V
2024-12-09,311.8299865722656,313.010009765625,307.6400146484375,308.29998779296875,5785300,V
2024-12-10,307.3599853515625,312.9800109863281,306.6400146484375,312.3800048828125,4539500,V
2024-12-11,313.0400085449219,315.54998779296875,311.2099914550781,313.7900085449219,4321800,V
2024-12-12,314.82000732421875,315.54998779296875,313.42999267578125,314.2300109863281,3218500,V
2024-12-13,315.8299865722656,316.95001220703125,314.3399963378906,314.739990234375,4682200,V
2024-12-16,314.739990234375,317.55999755859375,314.1000061035156,315.8900146484375,6562500,V
2024-12-17,315.82000732421875,318.8399963378906,315.1400146484375,318.29998779296875,8843900,V
2024-12-18,318.5,321.6199951171875,309.55999755859375,309.7799987792969,10479200,V
2024-12-19,311.8299865722656,316.8699951171875,311.2300109863281,314.8800048828125,8317100,V
2024-12-20,313.57000732421875,320.0,312.2799987792969,317.7099914550781,24387000,V
2024-12-23,315.6499938964844,317.9700012207031,313.3500061035156,317.2200012207031,7984600,V
2024-12-24,318.1700134277344,321.5400085449219,317.2799987792969,320.6499938964844,2684100,V
2024-12-26,319.7699890136719,321.45001220703125,319.4599914550781,320.9100036621094,2856000,V
2024-12-27,319.2699890136719,321.5,317.55999755859375,318.6600036621094,3489200,V
2024-12-30,314.67999267578125,317.1099853515625,313.2300109863281,315.30999755859375,3478500,V
2024-12-31,316.1199951171875,317.6600036621094,315.19000244140625,316.0400085449219,3963800,V
2025-01-02,317.7799987792969,319.67999267578125,312.4100036621094,314.3999938964844,5369500,V
2025-01-03,314.17999267578125,315.9200134277344,312.010009765625,314.9100036621094,4271300,V
2025-01-06,315.010009765625,315.3900146484375,312.07000732421875,313.0400085449219,6567300,V
2025-01-07,312.8900146484375,315.19000244140625,311.32000732421875,311.6700134277344,4958600,V
2025-01-08,311.0,314.0400085449219,310.2099914550781,312.6000061035156,5161600,V
2025-01-10,311.20001220703125,311.8500061035156,305.989990234375,307.7099914550781,6660100,V
2025-01-13,305.0,306.9200134277344,303.8399963378906,306.9200134277344,9568400,V
2025-01-14,308.75,310.1600036621094,307.5199890136719,309.0899963378906,5107600,V
2025-01-15,313.67999267578125,317.19000244140625,313.1300048828125,316.2799987792969,5222000,V
2025-01-16,315.75,319.17999267578125,315.75,317.25,4606700,V
2025-01-17,317.5,320.5899963378906,316.7099914550781,319.6199951171875,5805800,V
2025-01-21,320.30999755859375,324.5799865722656,320.0,323.6300048828125,5653000,V
2025-01-22,324.7699890136719,325.739990234375,322.3800048828125,323.55999755859375,5026500,V
2025-01-23,323.760009765625,328.510009765625,323.57000732421875,328.2099914550781,5297100,V
2025-01-24,328.0199890136719,331.0899963378906,327.80999755859375,330.20001220703125,4327500,V
2025-01-27,330.0,335.489990234375,328.04998779296875,334.5400085449219,6636500,V
2025-01-28,334.6700134277344,337.8299865722656,332.8900146484375,334.4800109863281,5999600,V
2025-01-29,334.5,337.1099853515625,334.5,335.8800048828125,5087300,V
2025-01-30,339.510009765625,344.44000244140625,339.0,343.04998779296875,8081300,V
2025-01-31,346.4700012207031,351.25,341.7099914550781,341.79998779296875,8624100,V
2025-02-03,340.0,346.0,339.239990234375,345.82000732421875,8004500,V
2025-02-04,344.6000061035156,346.010009765625,342.5400085449219,345.1499938964844,5532600,V
2025-02-05,346.0,349.4800109863281,345.25,349.44000244140625,4939100,V
2025-02-06,349.7799987792969,350.6499938964844,346.6000061035156,347.4800109863281,4294500,V
2025-02-07,348.0,350.75,347.2099914550781,348.0199890136719,4261200,V
2025-02-10,348.70001220703125,351.8999938964844,347.70001220703125,351.2300109863281,6067000,V
2025-02-11,348.29998779296875,352.1199951171875,346.25,350.7200012207031,5154800,V
2025-02-12,349.1600036621094,351.8299865722656,347.489990234375,351.489990234375,6760100,V
2025-02-13,353.1199951171875,356.0799865722656,350.7300109863281,355.6300048828125,4279200,V
2025-02-14,354.42999267578125,355.42999267578125,353.2200012207031,353.80999755859375,5720300,V
2025-02-18,353.69000244140625,356.739990234375,352.3999938964844,356.7300109863281,5822000,V
2025-02-19,356.0199890136719,357.1499938964844,354.17999267578125,355.2300109863281,4152300,V
2025-02-20,355.2300109863281,356.1300048828125,349.05999755859375,350.489990234375,5697000,V
2025-02-21,350.489990234375,353.32000732421875,347.4800109863281,348.5299987792969,6924100,V
2025-02-24,348.760009765625,350.79998779296875,347.3599853515625,349.8599853515625,5055900,V
2025-02-25,351.3699951171875,352.5899963378906,346.0,352.0899963378906,6191900,V
2025-02-26,350.0,351.8299865722656,348.989990234375,350.6300048828125,5960600,V
2025-02-27,351.8999938964844,360.30999755859375,351.67999267578125,355.739990234375,7298100,V
2025-02-28,354.7099914550781,364.0,353.7099914550781,362.7099914550781,15857300,V
2025-03-03,363.0,366.5400085449219,359.5400085449219,361.82000732421875,9099600,V
2025-03-04,360.1099853515625,360.2699890136719,350.3999938964844,352.2300109863281,8955800,V
2025-03-05,350.8299865722656,354.1099853515625,348.94000244140625,352.67999267578125,8244200,V
2025-03-06,345.9599914550781,348.8699951171875,340.3900146484375,344.1600036621094,8611100,V
2025-03-07,340.8699951171875,346.3900146484375,339.1400146484375,345.32000732421875,6358700,V
2025-03-10,339.94000244140625,345.010009765625,337.6400146484375,341.4800109863281,8204300,V
2025-03-11,338.4100036621094,339.6099853515625,329.5799865722656,332.1400146484375,9776100,V
2025-03-12,335.9700012207031,336.1600036621094,329.1099853515625,332.8399963378906,6295400,V
2025-03-13,330.989990234375,336.20001220703125,327.70001220703125,328.54998779296875,7915300,V
2025-03-14,327.2099914550781,332.7699890136719,326.3800048828125,331.79998779296875,7810600,V
2025-03-17,330.0299987792969,336.1099853515625,329.760009765625,334.54998779296875,6149400,V
2025-03-18,335.2900085449219,335.79998779296875,332.29998779296875,334.7699890136719,7778300,V
2025-03-19,336.79998779296875,341.0299987792969,334.5,339.8699951171875,5614900,V
2025-03-20,339.0,342.239990234375,337.6600036621094,339.5,5432700,V
2025-03-21,337.3699951171875,339.42999267578125,335.5199890136719,335.6600036621094,17279700,V
2025-03-24,338.6499938964844,345.2200012207031,337.6499938964844,343.8699951171875,5675100,V
2025-03-25,344.55999755859375,345.5299987792969,340.6700134277344,344.6199951171875,3931200,V
2025-03-26,345.989990234375,347.3800048828125,343.0,344.17999267578125,6187100,V
2025-03-27,344.0,350.8399963378906,343.32000732421875,349.8599853515625,7254800,V
2025-03-28,349.19000244140625,351.6199951171875,341.6099853515625,342.8500061035156,5687600,V
2025-03-31,339.3500061035156,351.8599853515625,334.489990234375,350.4599914550781,9950800,V
2025-04-01,350.44000244140625,350.45001220703125,342.57000732421875,346.3500061035156,7473300,V
2025-04-02,343.44000244140625,348.20001220703125,343.04998779296875,346.3299865722656,5682500,V
2025-04-03,333.8999938964844,344.739990234375,331.0,339.3900146484375,8792900,V
2025-04-04,330.0,334.6499938964844,312.1199951171875,313.1300048828125,13201700,V
2025-04-07,302.07000732421875,322.17999267578125,299.0,312.32000732421875,12163400,V
2025-04-08,322.239990234375,326.2799987792969,303.92999267578125,308.2699890136719,9569300,V
2025-04-09,305.6400146484375,334.0299987792969,305.6400146484375,332.42999267578125,11361800,V
2025-04-10,328.0199890136719,330.1600036621094,313.2699890136719,324.6099853515625,8709800,V
2025-04-11,324.42999267578125,336.9800109863281,322.5400085449219,333.3999938964844,6804500,V
2025-04-14,336.4100036621094,339.6099853515625,333.1400146484375,335.17999267578125,5011800,V
2025-04-15,336.7200012207031,339.3900146484375,335.0,335.80999755859375,4386200,V
2025-04-16,335.0,337.2200012207031,328.8599853515625,331.3299865722656,5850600,V
2025-04-17,331.07000732421875,334.32000732421875,328.44000244140625,329.6099853515625,5655900,V
2025-04-21,329.0,329.1499938964844,316.6499938964844,320.1000061035156,6362300,V
2025-04-22,323.8599853515625,332.55999755859375,322.3900146484375,331.3999938964844,5435500,V
2025-04-23,337.239990234375,341.25,333.20001220703125,334.3699951171875,8906000,V
2025-04-24,333.2799987792969,336.7699890136719,331.25,335.7099914550781,8055200,V
2025-04-25,334.760009765625,336.3699951171875,332.1700134277344,335.1700134277344,4452800,V
2025-04-28,336.7799987792969,339.3399963378906,335.0199890136719,337.510009765625,5422900,V
2025-04-29,338.5,342.2699890136719,336.4599914550781,341.5199890136719,5519500,V
2025-04-30,334.44000244140625,346.5199890136719,333.239990234375,345.5,9526700,V
2025-05-01,345.5799865722656,345.7200012207031,340.1199951171875,342.45001220703125,5849900,V
2025-05-02,347.2200012207031,350.0899963378906,346.1199951171875,347.6000061035156,6113700,V
2025-05-05,347.0,351.04998779296875,346.1199951171875,348.6400146484375,3865300,V
2025-05-06,346.3999938964844,349.6499938964844,345.760009765625,347.70001220703125,3438500,V
2025-05-07,348.70001220703125,351.1499938964844,347.2099914550781,349.8500061035156,5454000,V
2025-05-08,352.0,355.3299865722656,350.95001220703125,351.2699890136719,4156400,V
2025-05-09,351.8299865722656,353.79998779296875,350.6700134277344,352.5400085449219,3086600,V
2025-05-12,359.1400146484375,361.8900146484375,351.1300048828125,355.8500061035156,7985400,V
2025-05-13,355.5199890136719,358.8699951171875,354.5799865722656,356.1400146484375,5406200,V
2025-05-14,356.6700134277344,358.4100036621094,355.2099914550781,356.4599914550781,6207600,V
2025-05-15,356.8900146484375,363.7300109863281,356.67999267578125,362.29998779296875,5826100,V
2025-05-16,362.95001220703125,366.19000244140625,360.8900146484375,365.1199951171875,5838100,V
2025-05-19,363.0199890136719,369.1499938964844,362.32000732421875,367.8999938964844,5081500,V
2025-05-20,367.7799987792969,368.25,364.69000244140625,366.8399963378906,5281400,V
2025-05-21,363.7200012207031,365.989990234375,358.0799865722656,358.29998779296875,6125500,V
2025-05-22,357.760009765625,360.0,356.55999755859375,357.9700012207031,4936600,V
2025-05-23,353.75,356.0,352.2200012207031,353.5400085449219,5345900,V
2025-05-27,355.4100036621094,360.0,354.4800109863281,359.29998779296875,6316000,V
2025-05-28,359.3399963378906,360.9100036621094,358.0400085449219,359.7300109863281,3299000,V
2025-05-29,360.3500061035156,363.0400085449219,358.7200012207031,362.3999938964844,4590400,V
2025-05-30,361.3500061035156,367.0400085449219,361.3500061035156,365.19000244140625,8726900,V
2025-06-02,362.7699890136719,365.4599914550781,359.9599914550781,365.32000732421875,3845700,V
2025-06-03,364.5799865722656,366.8800048828125,361.5,365.8599853515625,5221300,V
2025-06-04,366.7099914550781,369.6600036621094,366.30999755859375,368.0,4202300,V
2025-06-05,370.0,371.0,365.92999267578125,366.7699890136719,6881900,V
2025-06-06,369.010009765625,371.0,367.54998779296875,370.2200012207031,5008500,V
2025-06-09,369.7900085449219,369.7900085449219,362.04998779296875,366.6600036621094,4999900,V
2025-06-10,367.0,371.44000244140625,366.67999267578125,370.70001220703125,4109300,V
2025-06-11,370.0,375.510009765625,369.3800048828125,373.30999755859375,5562700,V
2025-06-12,372.2300109863281,374.1700134277344,369.54998779296875,371.3999938964844,4874000,V
2025-06-13,361.510009765625,363.010009765625,345.0,352.8500061035156,14181700,V
2025-06-16,356.489990234375,360.2200012207031,354.3299865722656,355.4800109863281,7234700,V
2025-06-17,353.489990234375,359.6000061035156,353.32000732421875,357.8399963378906,5559600,V
2025-06-18,357.8500061035156,358.4800109863281,338.0400085449219,340.3800048828125,15008600,V
2025-06-20,338.95001220703125,340.0,334.9200134277344,338.57000732421875,19332100,V
2025-06-23,337.5,344.29998779296875,335.6300048828125,343.75,7553300,V
2025-06-24,351.5199890136719,354.55999755859375,347.9200134277344,351.6300048828125,10172000,V
2025-06-25,350.45001220703125,351.2900085449219,345.260009765625,345.260009765625,6836300,V
2025-06-26,343.7799987792969,346.9100036621094,342.0299987792969,346.0299987792969,8829500,V
2025-06-27,346.5899963378906,352.010009765625,345.6600036621094,348.6099853515625,6601900,V
2025-06-30,349.3500061035156,355.6099853515625,349.05999755859375,355.04998779296875,7080100,V
2025-07-01,353.82000732421875,357.0,351.4200134277344,355.4700012207031,6653400,V
2025-07-02,354.6000061035156,356.3599853515625,350.0,354.2200012207031,5131400,V
2025-07-03,354.5899963378906,359.0,353.6099853515625,358.8599853515625,3702800,V
2025-07-07,358.9200134277344,359.6600036621094,354.489990234375,356.6400146484375,5138000,V
2025-07-08,356.67999267578125,358.2799987792969,353.25,354.54998779296875,6966800,V
2025-07-09,355.07000732421875,357.760009765625,353.75,357.760009765625,7297100,V
2025-07-10,356.8299865722656,357.6199951171875,353.45001220703125,355.8800048828125,6121300,V
2025-07-11,352.510009765625,353.80999755859375,344.3900146484375,347.92999267578125,7580200,V
2025-07-14,347.3900146484375,351.9700012207031,345.010009765625,350.5,5598900,V
2025-07-15,348.1199951171875,350.2099914550781,346.760009765625,347.0199890136719,4891700,V
2025-07-16,347.2900085449219,350.6700134277344,345.79998779296875,349.8999938964844,5544200,V
2025-07-17,350.0,351.3699951171875,348.4800109863281,349.80999755859375,4747100,V
2025-07-18,349.5,349.5,347.1600036621094,349.04998779296875,4927600,V
2025-07-21,349.05999755859375,353.6499938964844,348.3999938964844,350.94000244140625,5216300,V
2025-07-22,351.1000061035156,354.4800109863281,350.20001220703125,351.8599853515625,4614200,V
2025-07-23,353.0,355.7799987792969,351.2099914550781,355.2900085449219,4385600,V
2025-07-24,354.82000732421875,357.17999267578125,353.8599853515625,353.9700012207031,5887200,V
2025-07-25,354.0,357.6499938964844,353.010009765625,357.0400085449219,3915400,V
2025-07-28,356.3800048828125,358.32000732421875,354.7300109863281,355.4700012207031,3921000,V
2025-07-29,356.2900085449219,358.32000732421875,350.80999755859375,351.2900085449219,7402300,V
2025-07-30,351.70001220703125,356.6199951171875,347.2300109863281,350.9100036621094,12129700,V
2025-07-31,348.92999267578125,352.82000732421875,345.0899963378906,345.4700012207031,8641700,V
2025-08-01,344.1000061035156,346.1700134277344,338.1000061035156,339.3500061035156,8658700,V
2025-08-04,341.70001220703125,344.3800048828125,340.0,342.1499938964844,7335300,V
2025-08-05,342.1499938964844,342.4599914550781,335.54998779296875,337.42999267578125,7295600,V
2025-08-06,338.29998779296875,341.42999267578125,335.42999267578125,339.739990234375,5944100,V
2025-08-07,341.42999267578125,342.1499938964844,328.70001220703125,332.0899963378906,8797100,V
2025-08-08,333.67999267578125,337.3800048828125,332.7300109863281,336.7799987792969,6073900,V
2025-08-11,336.7300109863281,337.8599853515625,334.510009765625,335.8999938964844,5715800,V
2025-08-12,335.20001220703125,338.6499938964844,334.80999755859375,336.739990234375,5682800,V
2025-08-13,336.9800109863281,343.4800109863281,336.7799987792969,342.54998779296875,5693400,V
2025-08-14,342.94000244140625,346.0799865722656,341.6700134277344,345.489990234375,6224000,V
2025-08-15,346.25,348.3599853515625,342.8599853515625,344.4700012207031,4946600,V
2025-08-18,343.8399963378906,345.7300109863281,340.95001220703125,342.739990234375,3999600,V
2025-08-19,342.55999755859375,346.3399963378906,341.8900146484375,342.45001220703125,4457200,V
2025-08-20,343.3999938964844,347.44000244140625,342.8500061035156,343.92999267578125,5834400,V
2025-08-21,342.8900146484375,344.5199890136719,339.7200012207031,343.69000244140625,6073600,V
2025-08-22,345.2200012207031,351.20001220703125,345.2200012207031,350.0400085449219,4973200,V
2025-08-25,349.6099853515625,350.7200012207031,347.5,348.82000732421875,8019800,V
2025-08-26,348.69000244140625,353.3999938964844,347.45001220703125,351.17999267578125,5876200,V
2025-08-27,350.7099914550781,353.42999267578125,349.8399963378906,350.3500061035156,5531100,V
2025-08-28,350.6000061035156,351.0400085449219,348.6000061035156,349.8599853515625,4987100,V
2025-08-29,350.4599914550781,352.6300048828125,349.0,351.7799987792969,3671900,V
2025-09-02,349.30999755859375,350.1700134277344,346.0799865722656,350.07000732421875,4940300,V
2025-09-03,349.3399963378906,350.8900146484375,347.260009765625,350.8699951171875,4176400,V
2025-09-04,350.7300109863281,352.6300048828125,349.1499938964844,350.989990234375,4324000,V
2025-09-05,351.3800048828125,352.6199951171875,340.20001220703125,343.2200012207031,5448300,V
2025-09-08,342.3399963378906,344.3800048828125,341.0,342.29998779296875,4711600,V
2025-09-09,341.69000244140625,346.32000732421875,341.2900085449219,343.989990234375,4646200,V
2025-09-10,342.6099853515625,342.6099853515625,336.44000244140625,338.1199951171875,6557900,V
2025-09-11,338.7300109863281,343.5299987792969,337.8699951171875,343.489990234375,5157600,V
2025-09-12,341.2200012207031,343.19000244140625,339.1700134277344,339.42999267578125,3518300,V
2025-09-15,340.6099853515625,342.7099914550781,338.3900146484375,339.04998779296875,4367500,V
2025-09-16,336.239990234375,340.5400085449219,333.4700012207031,340.0299987792969,5527700,V
2025-09-17,339.94000244140625,346.20001220703125,339.5199890136719,346.20001220703125,5763500,V
2025-09-18,344.7300109863281,345.2699890136719,338.17999267578125,338.17999267578125,7526600,V
2025-09-19,340.45001220703125,342.69000244140625,338.25,341.6099853515625,13674300,V
2025-09-22,339.010009765625,344.8599853515625,338.6600036621094,344.3599853515625,5621800,V
2025-09-23,344.5899963378906,345.260009765625,337.6300048828125,338.70001220703125,10142700,V
2025-09-24,339.1300048828125,339.8999938964844,337.9200134277344,338.67999267578125,5207400,V
2025-09-25,338.3500061035156,340.20001220703125,334.510009765625,334.92999267578125,5398700,V
2025-09-26,337.2300109863281,339.5,336.2300109863281,337.3699951171875,9619200,V
2025-09-29,337.3800048828125,340.6400146484375,335.54998779296875,340.1600036621094,7217800,V
2025-09-30,339.82000732421875,345.6099853515625,338.510009765625,341.3800048828125,8164400,V
2025-10-01,340.30999755859375,349.3599853515625,340.30999755859375,347.8299865722656,8381000,V
2025-10-02,346.2200012207031,347.17999267578125,343.55999755859375,345.95001220703125,5198000,V
2025-10-03,346.1099853515625,353.1600036621094,346.0,349.8399963378906,5199700,V
2025-10-06,350.010009765625,351.1199951171875,344.3500061035156,349.2799987792969,4735600,V
2025-10-07,350.05999755859375,354.44000244140625,350.05999755859375,352.4200134277344,5044600,V
2025-10-08,353.7799987792969,355.0,351.1000061035156,351.3599853515625,3927500,V
2025-10-09,351.4700012207031,352.8699951171875,345.5799865722656,347.0400085449219,4434800,V
2025-10-10,347.6300048828125,350.3999938964844,343.25,343.6499938964844,6296200,V
2025-10-13,343.7200012207031,347.6600036621094,340.7300109863281,343.29998779296875,4030700,V
2025-10-14,341.0,350.010009765625,340.2200012207031,348.3800048828125,5731000,V
2025-10-15,348.3800048828125,350.0799865722656,344.0,345.69000244140625,3778200,V
2025-10-16,345.0,345.69000244140625,334.1700134277344,335.3999938964844,6241500,V
2025-10-17,337.7699890136719,343.45001220703125,337.0,341.8900146484375,6267100,V
2025-10-20,341.8999938964844,344.9599914550781,338.94000244140625,344.4100036621094,4665000,V
2025-10-21,343.1199951171875,349.6499938964844,343.0,347.2099914550781,4121800,V
2025-10-22,347.82000732421875,348.1700134277344,344.5,345.3599853515625,5074400,V
2025-10-23,346.20001220703125,347.1499938964844,344.4599914550781,345.9599914550781,7217200,V
2025-10-24,348.20001220703125,349.0799865722656,345.32000732421875,347.3800048828125,3576700,V
2025-10-27,349.0,349.5199890136719,345.010009765625,347.82000732421875,5400300,V
2025-10-28,348.5799865722656,349.8900146484375,346.5,346.8999938964844,7445400,V
2025-10-29,346.0,350.9800109863281,339.0,341.2799987792969,8361700,V
2025-10-30,342.2200012207031,349.7200012207031,341.7900085449219,345.0299987792969,6411800,V
2025-10-31,342.0799865722656,343.0,338.1700134277344,340.739990234375,7301600,V
2025-11-03,341.0,341.2099914550781,334.82000732421875,336.8999938964844,5538000,V
2025-11-04,336.4800109863281,340.32000732421875,334.25,340.29998779296875,5920200,V
2025-11-05,340.1300048828125,342.1099853515625,336.3599853515625,340.0400085449219,4984600,V
2025-11-06,338.5899963378906,338.6499938964844,333.7099914550781,336.9599914550781,8507900,V
2025-11-07,336.7300109863281,338.2900085449219,334.8500061035156,336.0199890136719,5318400,V
2025-11-10,336.6499938964844,338.67999267578125,334.32000732421875,334.8500061035156,5295800,V
2025-11-11,335.5,339.0899963378906,333.20001220703125,338.9200134277344,4453300,V
2025-11-12,338.25,344.260009765625,337.3999938964844,338.8800048828125,6389600,V
2025-11-13,339.0400085449219,341.4599914550781,335.6000061035156,336.0799865722656,4961700,V
2025-11-14,335.8900146484375,336.0799865722656,329.0299987792969,330.0199890136719,6422300,V
2025-11-17,331.1600036621094,333.3599853515625,324.92999267578125,325.75,6494800,V
2025-11-18,324.5,325.0,318.0,321.17999267578125,9170400,V
2025-11-19,321.5199890136719,324.57000732421875,319.8699951171875,324.1199951171875,7066700,V
2025-11-20,324.1199951171875,328.3999938964844,323.1400146484375,323.7699890136719,6510300,V
2025-11-21,325.3800048828125,331.0799865722656,324.2900085449219,327.9800109863281,8930000,V
2025-11-24,329.239990234375,330.7300109863281,326.0,329.29998779296875,9337100,V
2025-11-25,328.8999938964844,336.05999755859375,328.8999938964844,334.5299987792969,5854300,V
2025-11-26,334.5299987792969,335.7099914550781,333.05999755859375,333.7900085449219,4309900,V
2025-11-28,333.42999267578125,335.0199890136719,332.0,334.44000244140625,4586200,V
2025-12-01,332.94000244140625,333.29998779296875,330.1400146484375,330.3900146484375,7082300,V
2025-12-02,331.45001220703125,332.79998779296875,327.2099914550781,329.6199951171875,8201900,V
2025-12-03,329.6099853515625,332.3500061035156,329.3500061035156,329.6099853515625,6296700,V
2025-12-04,331.2799987792969,332.3800048828125,324.2799987792969,327.1000061035156,6277500,V
2025-12-05,326.8299865722656,334.1099853515625,326.3999938964844,331.239990234375,5266600,V
2025-12-08,329.8800048828125,331.3399963378906,324.7099914550781,326.8399963378906,6059400,V
2025-12-09,326.6099853515625,328.2300109863281,325.07000732421875,326.5,4325400,V
2025-12-10,326.6400146484375,328.760009765625,325.29998779296875,325.7300109863281,5467500,V
2025-12-11,332.6000061035156,347.32000732421875,330.05999755859375,345.6300048828125,12953600,V
2025-12-12,348.0,349.8399963378906,345.9700012207031,347.8299865722656,6942300,V
2025-12-15,347.8299865722656,348.45001220703125,343.8299865722656,346.8900146484375,7004600,V
2025-12-16,346.0,347.6199951171875,343.7200012207031,345.1099853515625,7269300,V
2025-12-17,345.54998779296875,347.7900085449219,343.67999267578125,344.4100036621094,7263500,V
2025-12-18,345.1700134277344,347.5299987792969,344.2699890136719,346.010009765625,6805000,V
2025-12-19,346.04998779296875,349.9100036621094,346.04998779296875,349.25,18623900,V
2025-12-22,350.0,353.44000244140625,349.5899963378906,352.0899963378906,5043500,V
2025-12-23,352.0,356.3800048828125,352.0,353.3800048828125,3703200,V
2025-12-24,353.3800048828125,355.989990234375,353.010009765625,355.1400146484375,2023600,V
2025-12-26,355.1000061035156,356.7300109863281,353.7099914550781,355.0,2017000,V
2025-12-29,355.489990234375,356.54998779296875,353.79998779296875,354.6099853515625,3989900,V
2025-12-30,354.0,354.8699951171875,352.6600036621094,353.6199951171875,3366500,V
2025-12-31,353.6499938964844,355.20001220703125,350.69000244140625,350.7099914550781,3503200,V
2026-01-02,349.8699951171875,350.04998779296875,343.4800109863281,346.4800109863281,5403800,V
2026-01-05,344.5,357.5400085449219,344.04998779296875,353.79998779296875,7592200,V
2026-01-06,353.67999267578125,358.6199951171875,352.0,357.55999755859375,6775400,V
2026-01-07,357.1499938964844,358.2799987792969,354.510009765625,355.8800048828125,6333900,V
2026-01-08,355.0,356.3500061035156,349.5,352.2300109863281,6357600,V
2026-01-09,352.1600036621094,354.70001220703125,349.1600036621094,349.7699890136719,4902900,V
2026-01-12,342.7799987792969,346.510009765625,337.32000732421875,343.20001220703125,13281300,V
2026-01-13,337.0,337.5199890136719,323.8299865722656,327.8800048828125,20383500,V
2026-01-14,328.6600036621094,329.8999938964844,323.94000244140625,329.1700134277344,9388400,V
2026-01-15,329.3299865722656,331.69000244140625,326.3699951171875,327.75,8587700,V
2026-01-16,326.7799987792969,329.25,325.3999938964844,328.29998779296875,8341600,V
2026-01-20,322.2300109863281,328.32000732421875,321.55999755859375,325.82000732421875,8279900,V
2026-01-21,326.42999267578125,328.6700134277344,323.0,325.2799987792969,8974600,V
2026-01-22,326.4599914550781,328.3900146484375,324.0,326.3599853515625,6938700,V
2026-01-23,325.8599853515625,327.79998779296875,324.6199951171875,326.17999267578125,5667900,V
2026-01-26,328.0,332.0,325.0299987792969,328.489990234375,7540200,V
2026-01-27,328.4800109863281,328.92999267578125,324.9100036621094,325.260009765625,6365800,V
2026-01-28,326.7300109863281,328.3900146484375,324.8800048828125,326.9800109863281,8106000,V
2026-01-29,330.0,333.3599853515625,323.510009765625,331.79998779296875,10214200,V
2026-01-30,332.2200012207031,333.0,321.6000061035156,321.8299865722656,11199100,V
2026-02-02,324.8299865722656,334.69000244140625,324.1099853515625,333.8399963378906,8502400,V
2026-02-03,331.6499938964844,335.7900085449219,328.8699951171875,328.92999267578125,9081200,V
2026-02-04,327.1099853515625,331.30999755859375,324.4200134277344,329.95001220703125,8472300,V
2026-02-05,333.0,337.5899963378906,328.82000732421875,329.1300048828125,8339000,V
2026-02-06,331.7799987792969,335.1300048828125,327.1000061035156,331.5799865722656,7798800,V
2026-02-09,330.760009765625,332.82000732421875,323.6199951171875,325.5799865722656,8513400,V
2026-02-10,324.7099914550781,329.8800048828125,324.54998779296875,328.1700134277344,5801800,V
2026-02-11,326.9200134277344,331.0400085449219,326.4200134277344,329.239990234375,8264300,V
2026-02-12,328.8900146484375,332.239990234375,324.0,324.17999267578125,9392600,V
2026-02-13,323.8299865722656,326.4800109863281,312.82000732421875,314.0799865722656,11653900,V
2026-02-17,314.4100036621094,321.3800048828125,314.4100036621094,319.5,8591700,V
2026-02-18,319.5,322.2799987792969,316.7200012207031,320.29998779296875,7091900,V
2026-02-19,317.489990234375,320.20001220703125,315.7300109863281,318.92999267578125,5967600,V
2026-02-20,318.1099853515625,322.3500061035156,317.82000732421875,320.95001220703125,6831100,V
2026-02-23,319.0400085449219,320.5199890136719,304.7099914550781,306.5199890136719,13048000,V
2026-02-24,305.5,309.2699890136719,303.0799865722656,307.2200012207031,9120200,V
2026-02-25,308.54998779296875,313.94000244140625,308.25,312.989990234375,7624200,V
2026-02-26,314.4800109863281,319.4200134277344,313.94000244140625,316.70001220703125,8725500,V
2026-02-27,314.4599914550781,320.2300109863281,311.95001220703125,320.1400146484375,12412900,V
2026-03-02,315.5,322.6000061035156,314.6000061035156,320.510009765625,6674900,V
2026-03-03,315.80999755859375,322.0400085449219,314.3500061035156,320.8299865722656,5474300,V
2026-03-04,321.44000244140625,325.7699890136719,319.79998779296875,320.4700012207031,5257900,V
2026-03-05,319.3299865722656,322.79998779296875,314.7699890136719,319.79998779296875,8267200,V
2026-03-06,316.04998779296875,317.69000244140625,312.29998779296875,317.3599853515625,6439700,V
2026-03-09,313.4599914550781,316.3999938964844,310.1499938964844,315.9700012207031,8381500,V
2026-03-10,315.42999267578125,317.1300048828125,311.45001220703125,314.42999267578125,5271300,V
2026-03-11,313.25,315.0799865722656,308.3900146484375,308.9599914550781,6376700,V
2026-03-12,308.1400146484375,310.95001220703125,306.0199890136719,306.5,7514900,V
2026-03-13,307.5899963378906,310.3500061035156,306.4200134277344,307.1400146484375,4814100,V
2026-03-16,307.8500061035156,311.1300048828125,307.3800048828125,310.1099853515625,6401200,V
2026-03-17,311.32000732421875,312.69000244140625,307.3800048828125,308.4599914550781,6872200,V
2026-03-18,307.4100036621094,307.94000244140625,298.5,299.0199890136719,7191700,V
2026-03-19,298.0400085449219,302.4700012207031,297.0299987792969,299.7099914550781,6826400,V
2026-03-20,299.8500061035156,302.9200134277344,299.010009765625,301.6199951171875,14398100,V
2026-03-23,305.20001220703125,307.8500061035156,302.8500061035156,304.44000244140625,7824500,V
2026-03-24,302.0,306.0400085449219,300.6199951171875,303.760009765625,5375900,V
2026-03-25,305.4800109863281,308.489990234375,302.1700134277344,304.9100036621094,6280900,V
2026-03-26,304.1600036621094,307.8699951171875,303.0,305.5299987792969,7652700,V
2026-03-27,304.32000732421875,304.5899963378906,294.32000732421875,295.5199890136719,9974400,V
2026-03-30,298.7300109863281,300.67999267578125,295.8900146484375,299.5400085449219,9330300,V
2026-03-31,301.6000061035156,303.3399963378906,296.5899963378906,302.239990234375,10246900,V
2026-04-01,305.04998779296875,305.04998779296875,293.8900146484375,298.510009765625,7707600,V
2026-04-02,297.79998779296875,302.4700012207031,295.8500061035156,300.79998779296875,4376000,V
2026-04-06,300.739990234375,304.4200134277344,299.4599914550781,303.3299865722656,5501000,V
2026-04-07,302.44000244140625,304.9800109863281,301.1199951171875,302.54998779296875,4413900,V
2026-04-08,307.7300109863281,311.0799865722656,307.70001220703125,308.9599914550781,6879300,V
2026-04-09,308.0,309.5799865722656,303.5899963378906,308.2900085449219,4811500,V
2026-04-10,308.7099914550781,309.0,303.510009765625,304.3599853515625,5190000,V
2026-04-13,303.92999267578125,309.75,302.3399963378906,309.3900146484375,6787200,V
2026-04-14,308.4700012207031,312.1199951171875,307.489990234375,311.3699951171875,5571000,V
2026-04-15,313.0,316.7300109863281,311.5199890136719,315.9100036621094,4831400,V
2026-04-16,316.3500061035156,318.0,314.57000732421875,315.1000061035156,5695800,V
2026-04-17,316.6000061035156,319.44000244140625,315.17999267578125,317.0199890136719,8082300,V
2026-04-20,316.3999938964844,317.54998779296875,312.3500061035156,313.94000244140625,5506800,V
2026-04-21,314.010009765625,316.8900146484375,308.82000732421875,309.94000244140625,6806900,V
2026-04-22,311.010009765625,311.3599853515625,308.05999755859375,311.2900085449219,5666600,V
2026-04-23,310.5,312.20001220703125,305.010009765625,308.8800048828125,7275000,V
2026-04-24,307.1000061035156,309.9800109863281,304.5,309.4200134277344,5616900,V
2026-04-27,307.510009765625,310.82000732421875,306.05999755859375,309.6499938964844,6261500,V
2026-04-28,312.20001220703125,313.9599914550781,308.739990234375,309.29998779296875,8839900,V
2026-04-29,336.3999938964844,341.9800109863281,333.7900085449219,334.8599853515625,16658600,V
2026-04-30,332.1199951171875,332.5,328.0799865722656,329.8399963378906,11241100,V
2026-05-01,332.8800048828125,335.8500061035156,327.92999267578125,328.0299987792969,6726100,V
2026-05-04,328.0,329.7900085449219,325.3999938964844,326.8500061035156,6712400,V
2026-05-05,325.1099853515625,325.5799865722656,319.6499938964844,322.0299987792969,5893200,V
2026-05-06,323.75,324.5799865722656,318.0,318.79998779296875,7808400,V
2026-05-07,319.5400085449219,323.69000244140625,319.5400085449219,321.2799987792969,7186100,V
2026-05-08,320.989990234375,321.07000732421875,316.1600036621094,318.7900085449219,5950200,V
2026-05-11,319.1000061035156,325.17999267578125,318.010009765625,323.8599853515625,9586200,V
2026-05-12,324.32000732421875,328.9100036621094,324.20001220703125,326.4200134277344,6235200,V
2026-05-13,323.7900085449219,325.4200134277344,319.79998779296875,320.30999755859375,7950400,V
2026-05-14,321.3699951171875,323.3299865722656,320.25,322.5199890136719,5277400,V
2026-05-15,324.0,329.010009765625,323.8399963378906,325.75,6054500,V
2026-05-18,324.42999267578125,333.42999267578125,323.7699890136719,332.6400146484375,5305800,V
2026-05-19,333.3299865722656,335.1700134277344,329.489990234375,329.9100036621094,12858100,V
2026-05-20,330.0899963378906,331.6600036621094,326.82000732421875,330.75,9422500,V
2026-05-21,329.8399963378906,332.5199890136719,327.239990234375,331.1199951171875,7034500,V
2026-05-22,330.5199890136719,333.42999267578125,328.82000732421875,328.8800048828125,7462100,V
2026-05-26,326.4599914550781,328.5,324.510009765625,326.4800109863281,8705100,V
2026-05-27,325.8299865722656,331.4599914550781,325.6600036621094,327.6099853515625,5917400,V
2026-05-28,326.010009765625,327.0799865722656,320.8999938964844,324.95001220703125,8105400,V
2026-05-29,325.5,331.6700134277344,325.3500061035156,326.3599853515625,14104500,V
2026-06-01,327.260009765625,327.8599853515625,318.67999267578125,322.7699890136719,10079300,V
2026-06-02,322.510009765625,323.5,313.3900146484375,317.32000732421875,10125300,V
2026-06-03,317.6499938964844,317.6499938964844,309.0,312.3999938964844,8992800,V
2026-06-04,316.7900085449219,324.760009765625,316.70001220703125,320.17999267578125,6981700,V
2026-06-05,322.3999938964844,325.9800109863281,320.9700012207031,323.57000732421875,7176300,V
2026-06-08,321.3500061035156,323.9200134277344,318.42999267578125,319.6700134277344,5582000,V
2026-06-09,318.6600036621094,325.489990234375,317.0,325.04998779296875,6340400,V
2026-06-10,326.6199951171875,326.8999938964844,320.17999267578125,322.9599914550781,5793100,V
2026-06-11,322.0,323.7099914550781,317.9599914550781,319.04998779296875,5958900,V
2026-06-12,321.760009765625,325.92999267578125,319.79998779296875,322.3900146484375,5543200,V
2026-06-15,323.3599853515625,326.44000244140625,322.75,323.82000732421875,6803000,V
2026-06-16,325.69000244140625,333.2900085449219,324.3800048828125,333.1199951171875,9248400,V
2026-06-17,333.5,336.82000732421875,329.9700012207031,330.3800048828125,6895200,V
2026-06-18,331.0,332.3299865722656,327.0,327.239990234375,14716700,V
2026-06-22,328.3299865722656,333.0,325.8599853515625,326.6000061035156,15132400,V
2026-06-23,328.82000732421875,331.2799987792969,328.0899963378906,328.4800109863281,11113400,V
2026-06-24,329.0,334.79998779296875,327.2200012207031,332.2300109863281,8197200,V
2026-06-25,332.55999755859375,339.94000244140625,330.07000732421875,330.5199890136719,7050200,V
2026-06-26,332.239990234375,339.7200012207031,331.44000244140625,336.2300109863281,16717400,V
2026-06-29,338.2699890136719,345.80999755859375,338.2699890136719,341.6499938964844,11710900,V
2026-06-30,341.760009765625,344.2900085449219,339.0799865722656,343.0899963378906,7957900,V
2026-07-01,344.55999755859375,353.3599853515625,340.9800109863281,351.0799865722656,13025900,V
2026-07-02,352.510009765625,362.1300048828125,352.510009765625,362.1300048828125,9814800,V
2026-07-06,363.0,365.0199890136719,348.8500061035156,357.25,11623800,V
2026-07-07,348.3900146484375,356.0799865722656,346.9200134277344,352.20001220703125,7332500,V
2026-07-08,350.29998779296875,351.6000061035156,345.69000244140625,347.5299987792969,10215200,V
2026-07-09,345.29998779296875,348.5,344.4200134277344,348.20001220703125,6606300,V
2026-07-10,350.6300048828125,351.1700134277344,345.3299865722656,348.9700012207031,4702800,V
2026-07-13,351.7300109863281,359.489990234375,351.04998779296875,357.75,9964600,V
2026-07-14,355.7699890136719,359.94000244140625,353.67999267578125,356.0199890136719,6632400,V
2026-07-15,354.0,360.42999267578125,349.1199951171875,355.1400146484375,8850000,V
2026-07-16,358.0400085449219,365.1400146484375,357.1099853515625,365.1400146484375,9073200,V
2026-07-17,363.57000732421875,364.6300048828125,357.0,358.55999755859375,7400400,V
2026-07-20,357.1000061035156,363.0,356.42999267578125,360.57000732421875,7616800,V
2026-07-21,356.989990234375,359.1199951171875,354.69000244140625,355.82000732421875,6027300,V
2026-07-22,356.57000732421875,357.5299987792969,352.2699890136719,353.4200134277344,4622200,V
2026-07-23,352.04998779296875,352.04998779296875,348.5,351.6000061035156,4183300,V
2026-07-24,353.4700012207031,355.8399963378906,351.04998779296875,355.739990234375,4482800,V
2026-07-27,359.3500061035156,363.6600036621094,358.25,362.5299987792969,6631100,V
2026-07-28,365.05999755859375,371.1600036621094,362.7300109863281,366.5899963378906,11061900,V
2026-07-29,357.0,373.9700012207031,355.4800109863281,368.7300109863281,11289900,V
2026-07-30,365.0,367.0,360.75,366.2699890136719,8391400,V
2026-07-31,363.760009765625,366.8800048828125,360.1000061035156,366.1300048828125,7828400,V
2026-08-03,368.5,371.9700012207031,364.3500061035156,365.6700134277344,5521300,V
2026-08-04,361.760009765625,371.1099853515625,360.0899963378906,369.5899963378906,7497500,V
2026-08-05,372.29998779296875,372.3999938964844,366.7200012207031,368.5400085449219,6065300,V
2026-08-06,369.57000732421875,371.1000061035156,365.25,370.4700012207031,5022300,V
2026-08-07,368.510009765625,370.25,361.5199890136719,362.5,5112500,V
2026-08-10,362.0,364.1700134277344,358.8699951171875,361.32000732421875,7552200,V
2026-08-11,360.9800109863281,364.54998779296875,359.9700012207031,362.82000732421875,4440900,V
2026-08-12,361.0,363.3500061035156,358.30999755859375,359.4200134277344,3794200,V
2026-08-13,363.70001220703125,365.45001220703125,358.7099914550781,365.45001220703125,8142600,V
2026-08-14,365.8900146484375,366.79998779296875,362.760009765625,364.1499938964844,8106900,V
2026-08-17,362.8399963378906,363.55999755859375,358.5199890136719,358.8399963378906,15543400,V
2026-08-18,359.6199951171875,365.9100036621094,358.04998779296875,364.25,6820300,V
2026-08-19,364.0899963378906,370.6400146484375,362.8999938964844,365.5400085449219,5866400,V
2026-08-20,365.1000061035156,368.92999267578125,363.6300048828125,365.7300109863281,6151500,V
2026-08-21,367.8699951171875,371.79998779296875,366.6600036621094,371.0400085449219,6667100,V
2026-08-24,373.260009765625,383.42999267578125,372.2099914550781,382.4100036621094,8477500,V
2026-08-25,381.2099914550781,384.20001220703125,380.2699890136719,384.1400146484375,6777600,V
2026-08-26,384.1400146484375,385.57000732421875,381.0799865722656,383.8999938964844,6075100,V
2026-08-27,381.1400146484375,381.7699890136719,378.5,379.6600036621094,6641500,V
2026-08-28,380.29998779296875,383.67999267578125,379.0299987792969,381.6000061035156,4643000,V
2026-08-31,381.3500061035156,382.4800109863281,378.79998779296875,379.3699951171875,6744800,V
2026-09-01,379.6499938964844,380.75,372.2200012207031,372.6700134277344,5857400,V
2026-09-02,374.010009765625,380.1700134277344,374.010009765625,378.3999938964844,5599900,V
2026-09-03,380.1700134277344,382.2099914550781,376.8599853515625,378.75,3869500,V
2026-09-04,374.8900146484375,377.5,373.6400146484375,375.07000732421875,4645100,V
2026-09-08,371.6000061035156,373.5,367.44000244140625,368.6400146484375,4929000,V
2026-09-09,368.45001220703125,369.4800109863281,365.8800048828125,367.3900146484375,4479800,V
2026-09-10,366.3999938964844,368.0,365.5199890136719,367.2099914550781,3800200,V
2026-09-11,368.9200134277344,371.80999755859375,367.9800109863281,370.45001220703125,3492700,V
2026-09-14,375.07000732421875,377.1700134277344,371.6700134277344,375.2799987792969,6198200,V
2026-09-15,374.82000732421875,376.3699951171875,372.82000732421875,375.6199951171875,5014000,V
2026-09-16,374.9599914550781,376.4700012207031,368.1199951171875,370.92999267578125,7202300,V
2026-09-17,371.3800048828125,372.4800109863281,368.3900146484375,369.92999267578125,4710000,V
2026-09-18,368.55999755859375,370.79998779296875,366.92999267578125,368.2900085449219,19583000,V
2026-09-21,369.5400085449219,370.8999938964844,366.0899963378906,369.95001220703125,7108400,V
2026-09-22,371.760009765625,372.0,359.79998779296875,362.0400085449219,8773500,V
2026-09-23,361.239990234375,366.3299865722656,360.0,361.5199890136719,5125600,V
2026-09-24,362.2699890136719,368.2099914550781,362.0,367.9800109863281,4415500,V
2026-09-25,366.0199890136719,368.3299865722656,363.7900085449219,367.3800048828125,4576700,V
2026-09-28,366.70001220703125,370.5,366.05999755859375,367.739990234375,6381000,V
2026-09-29,366.92999267578125,368.260009765625,365.0,365.8800048828125,5471000,V
2026-09-30,364.5,364.6000061035156,359.3299865722656,359.3299865722656,7414100,V
2026-10-01,358.3500061035156,363.239990234375,357.3599853515625,359.8500061035156,5270600,V
2026-10-02,360.2099914550781,361.3800048828125,356.75,360.6600036621094,4009200,V
